銀行番号,銀行名カナ,支店番号,支店名カナ
0001,ﾐｽﾞﾎ,001,ﾄｳｷﾖｳ
0001,ﾐｽﾞﾎ,004,ﾏﾙﾉｳﾁﾁﾕｳｵｳ
0001,ﾐｽﾞﾎ,005,ﾏﾙﾉｳﾁ
0001,ﾐｽﾞﾎ,009,ｶﾝﾀﾞｴｷﾏｴ
0001,ﾐｽﾞﾎ,013,ﾁﾖｳｿﾝｶｲｶﾝ
0001,ﾐｽﾞﾎ,015,ﾂｷﾁﾞ
0001,ﾐｽﾞﾎ,019,ｶｸﾃｲｷﾖｼﾕﾂﾈﾝｷﾝ
0001,ﾐｽﾞﾎ,020,ｵｼｱｹﾞ
0001,ﾐｽﾞﾎ,021,ｺｳｼﾞﾏﾁ
0001,ﾐｽﾞﾎ,022,ｱｻｸｻﾊﾞｼ
0001,ﾐｽﾞﾎ,024,ｷﾖｳﾊﾞｼ
0001,ﾐｽﾞﾎ,026,ﾔｴｽｸﾞﾁ
0001,ﾐｽﾞﾎ,027,ｶﾌﾞﾄﾁﾖｳ
0001,ﾐｽﾞﾎ,028,ｷﾞﾝｻﾞﾄﾞｵﾘ
0001,ﾐｽﾞﾎ,035,ｷﾞﾝｻﾞ
0001,ﾐｽﾞﾎ,036,ﾖﾂﾔ
0001,ﾐｽﾞﾎ,038,ﾆﾎﾝﾊﾞｼ
0001,ﾐｽﾞﾎ,040,ﾖｺﾔﾏﾁﾖｳ
0001,ﾐｽﾞﾎ,044,ｼﾛｶﾞﾈ
0001,ﾐｽﾞﾎ,046,ﾄﾗﾉﾓﾝ
0001,ﾐｽﾞﾎ,050,ﾎﾝｼﾞﾖ
0001,ﾐｽﾞﾎ,051,ｼﾝﾊﾞｼﾁﾕｳｵｳ
0001,ﾐｽﾞﾎ,053,ﾛﾂﾎﾟﾝｷﾞ
0001,ﾐｽﾞﾎ,054,ｼﾊﾞ
0001,ﾐｽﾞﾎ,057,ﾋﾛｵ
0001,ﾐｽﾞﾎ,061,ｲｲﾀﾞﾊﾞｼ
0001,ﾐｽﾞﾎ,064,ﾀｶﾀﾉﾊﾞﾊﾞ
0001,ﾐｽﾞﾎ,066,ｼﾝｼﾞﾕｸﾁﾕｳｵｳ
0001,ﾐｽﾞﾎ,068,ﾜｾﾀﾞ
0001,ﾐｽﾞﾎ,069,ｼﾝｼﾞﾕｸﾐﾅﾐｸﾞﾁ
0001,ﾐｽﾞﾎ,075,ﾎﾝｺﾞｳ
0001,ﾐｽﾞﾎ,078,ﾄｳｷﾖｳﾎｳｼﾞﾝ
0001,ﾐｽﾞﾎ,080,ｵｵｻｶﾎｳｼﾞﾝ
0001,ﾐｽﾞﾎ,081,ｺｳﾍﾞﾎｳｼﾞﾝ
0001,ﾐｽﾞﾎ,082,ﾅｺﾞﾔﾎｳｼﾞﾝ
0001,ﾐｽﾞﾎ,083,ﾌｸｵｶﾎｳｼﾞﾝ
0001,ﾐｽﾞﾎ,084,ｾﾝﾀﾞｲﾎｳｼﾞﾝ
0001,ﾐｽﾞﾎ,085,ﾄﾔﾏﾎｳｼﾞﾝ
0001,ﾐｽﾞﾎ,086,ﾋﾛｼﾏﾎｳｼﾞﾝ
0001,ﾐｽﾞﾎ,087,ｻﾂﾎﾟﾛﾎｳｼﾞﾝ
0001,ﾐｽﾞﾎ,088,ﾀｶﾏﾂﾎｳｼﾞﾝ
0001,ﾐｽﾞﾎ,090,ｲﾅﾘﾁﾖｳ
0001,ﾐｽﾞﾎ,091,ﾖｺﾊﾏﾎｳｼﾞﾝ
0001,ﾐｽﾞﾎ,092,ｷﾖｳﾄﾎｳｼﾞﾝ
0001,ﾐｽﾞﾎ,093,ｼﾝｼﾞﾕｸﾎｳｼﾞﾝ
0001,ﾐｽﾞﾎ,096,ﾊﾏﾏﾂﾎｳｼﾞﾝ
0001,ﾐｽﾞﾎ,100,ﾎﾝﾃﾝ
0001,ﾐｽﾞﾎ,105,ｺﾌﾞﾅﾁﾖｳ
0001,ﾐｽﾞﾎ,107,ｳｴﾉ
0001,ﾐｽﾞﾎ,108,ｶﾝﾀﾞ
0001,ﾐｽﾞﾎ,110,ﾄｳｷﾖｳﾁﾕｳｵｳ
0001,ﾐｽﾞﾎ,111,ｳﾁｻｲﾜｲﾁﾖｳ
0001,ﾐｽﾞﾎ,112,ｵｵﾃﾏﾁ
0001,ﾐｽﾞﾎ,113,ｶﾌﾞﾄﾁﾖｳｼﾖｳｹﾝ
0001,ﾐｽﾞﾎ,114,ｺｶﾞﾈｲ
0001,ﾐｽﾞﾎ,116,ﾏﾁﾀﾞ
0001,ﾐｽﾞﾎ,120,ｺﾞﾀﾝﾀﾞ
0001,ﾐｽﾞﾎ,121,ｵｵｲﾏﾁ
0001,ﾐｽﾞﾎ,123,ﾄｺﾞｼ
0001,ﾐｽﾞﾎ,125,ｷﾞﾝｻﾞﾁﾕｳｵｳ
0001,ﾐｽﾞﾎ,127,ｼﾝｶﾜ
0001,ﾐｽﾞﾎ,128,ﾌﾁﾕｳ
0001,ﾐｽﾞﾎ,130,ｼﾝﾊﾞｼ
0001,ﾐｽﾞﾎ,132,ﾅｶﾒｸﾞﾛ
0001,ﾐｽﾞﾎ,133,ﾄﾘﾂﾀﾞｲｶﾞｸｴｷﾏｴ
0001,ﾐｽﾞﾎ,143,ﾊﾈﾀﾞ
0001,ﾐｽﾞﾎ,145,ｵｵｵｶﾔﾏ
0001,ﾐｽﾞﾎ,146,ｶﾐﾔﾁﾖｳ
0001,ﾐｽﾞﾎ,148,ﾊﾏﾏﾂﾁﾖｳ
0001,ﾐｽﾞﾎ,151,ｼﾞﾕｳﾆｺﾞｳ
0001,ﾐｽﾞﾎ,152,ｼﾞﾕｳﾖﾝｺﾞｳ
0001,ﾐｽﾞﾎ,153,ｼﾞﾕｳｺﾞｺﾞｳ
0001,ﾐｽﾞﾎ,154,ﾆﾂｻﾝ
0001,ﾐｽﾞﾎ,156,ｻﾝｺﾞｳ
0001,ﾐｽﾞﾎ,157,ｺﾞｺﾞｳ
0001,ﾐｽﾞﾎ,159,ﾅﾅｺﾞｳ
0001,ﾐｽﾞﾎ,160,ﾐﾉﾜ
0001,ﾐｽﾞﾎ,161,ｻｻﾂﾞｶ
0001,ﾐｽﾞﾎ,162,ｼﾌﾞﾔﾁﾕｳｵｳ
0001,ﾐｽﾞﾎ,163,ﾊﾁｺﾞｳ
0001,ﾐｽﾞﾎ,165,ﾎｳｿｳｾﾝﾀ-
0001,ﾐｽﾞﾎ,166,ｲﾀﾊﾞｼ
0001,ﾐｽﾞﾎ,168,ｼﾞﾔﾂｸｽ
0001,ﾐｽﾞﾎ,169,ﾊｽﾈ
0001,ﾐｽﾞﾎ,170,ﾇﾏﾌﾞｸﾛ
0001,ﾐｽﾞﾎ,172,ｻｷﾞﾉﾐﾔ
0001,ﾐｽﾞﾎ,174,ﾅｶﾉｻｶｳｴ
0001,ﾐｽﾞﾎ,175,ｶﾒｲﾄﾞ
0001,ﾐｽﾞﾎ,176,ｶﾂｼｶ
0001,ﾐｽﾞﾎ,177,ｺﾏﾂｶﾞﾜ
0001,ﾐｽﾞﾎ,178,ｶﾒｱﾘ
0001,ﾐｽﾞﾎ,179,ｱﾔｾ
0001,ﾐｽﾞﾎ,181,ﾀｶｲﾄﾞ
0001,ﾐｽﾞﾎ,182,ｺｳｴﾝｼﾞ
0001,ﾐｽﾞﾎ,184,ﾊﾏﾀﾞﾔﾏ
0001,ﾐｽﾞﾎ,186,ｼﾅｶﾞﾜｴｷﾏｴ
0001,ﾐｽﾞﾎ,188,ｴﾋﾞｽ
0001,ﾐｽﾞﾎ,193,ｵｵﾂｶ
0001,ﾐｽﾞﾎ,194,ﾒｸﾞﾛ
0001,ﾐｽﾞﾎ,195,ｼﾅｶﾞﾜ
0001,ﾐｽﾞﾎ,196,ｵｵﾓﾘ
0001,ﾐｽﾞﾎ,197,ｶﾏﾀ
0001,ﾐｽﾞﾎ,198,ﾏｺﾞﾒ
0001,ﾐｽﾞﾎ,199,ﾀｶﾅﾜﾀﾞｲ
0001,ﾐｽﾞﾎ,200,ｼﾞﾕｳｼﾞﾖｳ
0001,ﾐｽﾞﾎ,203,ｱｶﾊﾞﾈ
0001,ﾐｽﾞﾎ,207,ｲﾁｶﾞﾔ
0001,ﾐｽﾞﾎ,209,ｼﾝｼﾞﾕｸｼﾝﾄｼﾝ
0001,ﾐｽﾞﾎ,210,ｼﾌﾞﾔ
0001,ﾐｽﾞﾎ,211,ｱｵﾔﾏ
0001,ﾐｽﾞﾎ,212,ｾﾀｶﾞﾔ
0001,ﾐｽﾞﾎ,213,ｷﾀｻﾞﾜ
0001,ﾐｽﾞﾎ,216,ｴﾊﾞﾗ
0001,ﾐｽﾞﾎ,217,ｼﾑﾗ
0001,ﾐｽﾞﾎ,220,ｶﾗｽﾔﾏ
0001,ﾐｽﾞﾎ,221,ｿｼｶﾞﾔ
0001,ﾐｽﾞﾎ,223,ｶｽｶﾍﾞ
0001,ﾐｽﾞﾎ,224,ﾕｳﾃﾝｼﾞ
0001,ﾐｽﾞﾎ,225,ｻｸﾗﾀﾞｲ
0001,ﾐｽﾞﾎ,226,ｼﾔｸｼﾞｲ
0001,ﾐｽﾞﾎ,228,ｵｵｲｽﾞﾐ
0001,ﾐｽﾞﾎ,229,ｲｹﾌﾞｸﾛﾆｼｸﾞﾁ
0001,ﾐｽﾞﾎ,230,ｲｹﾌﾞｸﾛ
0001,ﾐｽﾞﾎ,235,ﾈﾂﾞ
0001,ﾐｽﾞﾎ,236,ﾄﾞｳｻﾞｶ
0001,ﾐｽﾞﾎ,237,ﾈﾘﾏﾌｼﾞﾐﾀﾞｲ
0001,ﾐｽﾞﾎ,238,ﾄｳﾌﾞﾈﾘﾏ
0001,ﾐｽﾞﾎ,239,ﾅﾘﾏｽ
0001,ﾐｽﾞﾎ,240,ｼﾝｼﾞﾕｸ
0001,ﾐｽﾞﾎ,242,ｶﾅﾏﾁ
0001,ﾐｽﾞﾎ,243,ﾅｶﾉｷﾀｸﾞﾁ
0001,ﾐｽﾞﾎ,244,ｵｷﾞｸﾎﾞ
0001,ﾐｽﾞﾎ,245,ﾆｼｵｷﾞｸﾎﾞ
0001,ﾐｽﾞﾎ,246,ｷﾁｼﾞﾖｳｼﾞ
0001,ﾐｽﾞﾎ,247,ﾐﾀｶ
0001,ﾐｽﾞﾎ,248,ﾎｳﾅﾝﾁﾖｳ
0001,ﾐｽﾞﾎ,249,ﾅｶｲ
0001,ﾐｽﾞﾎ,250,ﾋﾗｲ
0001,ﾐｽﾞﾎ,251,ｺｳｴﾝｼﾞｷﾀｸﾞﾁ
0001,ﾐｽﾞﾎ,253,ﾄｳｷﾖｳﾌｱﾂｼﾖﾝﾀｳﾝ
0001,ﾐｽﾞﾎ,254,ﾅｶﾞﾌｻ
0001,ﾐｽﾞﾎ,255,ﾔｻｶ
0001,ﾐｽﾞﾎ,257,ﾀﾏｾﾝﾀ-
0001,ﾐｽﾞﾎ,258,ｺﾏｴ
0001,ﾐｽﾞﾎ,260,ﾊﾁｵｳｼﾞ
0001,ﾐｽﾞﾎ,261,ﾁﾖｳﾌ
0001,ﾐｽﾞﾎ,262,ﾋﾊﾞﾘｶﾞｵｶ
0001,ﾐｽﾞﾎ,270,ﾋﾉ
0001,ﾐｽﾞﾎ,271,ﾀﾅｼ
0001,ﾐｽﾞﾎ,272,ﾁﾖｳﾌｾﾝｶﾞﾜ
0001,ﾐｽﾞﾎ,273,ｶﾜｺﾞｴ
0001,ﾐｽﾞﾎ,275,ｺｸﾌﾞﾝｼﾞ
0001,ﾐｽﾞﾎ,276,ｸﾒｶﾞﾜ
0001,ﾐｽﾞﾎ,279,ｺｶﾞ
0001,ﾐｽﾞﾎ,280,ﾁﾊﾞ
0001,ﾐｽﾞﾎ,281,ｼﾖｳﾅﾝﾀﾞｲ
0001,ﾐｽﾞﾎ,282,ﾌﾅﾊﾞｼ
0001,ﾐｽﾞﾎ,284,ﾓﾄﾔﾜﾀ
0001,ﾐｽﾞﾎ,286,ﾏﾂﾄﾞ
0001,ﾐｽﾞﾎ,287,ｶﾂﾀﾀﾞｲ
0001,ﾐｽﾞﾎ,288,ｷﾞﾖｳﾄｸ
0001,ﾐｽﾞﾎ,290,ﾖｺﾊﾏﾁﾕｳｵｳ
0001,ﾐｽﾞﾎ,292,ﾖｺﾊﾏｴｷﾏｴ
0001,ﾐｽﾞﾎ,294,ｼﾝﾄｺﾛｻﾞﾜ
0001,ﾐｽﾞﾎ,297,ｱｹﾞｵ
0001,ﾐｽﾞﾎ,298,ｶﾜｺﾞｴｴｷﾏｴ
0001,ﾐｽﾞﾎ,299,ﾂﾙｾ
0001,ﾐｽﾞﾎ,300,ｶﾜｸﾞﾁ
0001,ﾐｽﾞﾎ,302,ｿｳｶ
0001,ﾐｽﾞﾎ,303,ﾊﾝﾉｳ
0001,ﾐｽﾞﾎ,305,ﾜﾗﾋﾞ
0001,ﾐｽﾞﾎ,306,ﾐﾅﾐｳﾗﾜ
0001,ﾐｽﾞﾎ,307,ｸｷ
0001,ﾐｽﾞﾎ,308,ｱｻｶ
0001,ﾐｽﾞﾎ,310,ﾏｴﾊﾞｼ
0001,ﾐｽﾞﾎ,311,ﾀｶｻｷ
0001,ﾐｽﾞﾎ,312,ｱﾀﾞﾁ
0001,ﾐｽﾞﾎ,316,ﾐﾄ
0001,ﾐｽﾞﾎ,318,ｶﾐｲｹｶﾞﾐ
0001,ﾐｽﾞﾎ,319,ｶﾞｲｴﾝﾏｴ
0001,ﾐｽﾞﾎ,320,ﾏﾂﾓﾄ
0001,ﾐｽﾞﾎ,322,ｷﾝｼﾁﾖｳ
0001,ﾐｽﾞﾎ,325,ｲﾁｶﾜ
0001,ﾐｽﾞﾎ,326,ｶﾏｶﾞﾔ
0001,ﾐｽﾞﾎ,327,ｷｻﾗﾂﾞ
0001,ﾐｽﾞﾎ,329,ｶｼﾜ
0001,ﾐｽﾞﾎ,332,ﾔﾁﾖ
0001,ﾐｽﾞﾎ,333,ｷﾀｺｶﾞﾈ
0001,ﾐｽﾞﾎ,334,ﾂﾀﾞﾇﾏ
0001,ﾐｽﾞﾎ,335,ﾅﾘﾀ
0001,ﾐｽﾞﾎ,336,ｲﾅｹﾞ
0001,ﾐｽﾞﾎ,338,ｺﾞｲ
0001,ﾐｽﾞﾎ,339,ｼﾝﾏﾂﾄﾞ
0001,ﾐｽﾞﾎ,340,ﾕ-ｶﾘｶﾞｵｶ
0001,ﾐｽﾞﾎ,341,ﾆｼﾌﾅﾊﾞｼ
0001,ﾐｽﾞﾎ,342,ｼﾝｳﾗﾔｽ
0001,ﾐｽﾞﾎ,343,ｺﾞｺｳ
0001,ﾐｽﾞﾎ,344,ｼﾝｽｷﾞﾀ
0001,ﾐｽﾞﾎ,347,ﾋﾉｴｷﾏｴ
0001,ﾐｽﾞﾎ,348,ｻｶﾞﾐﾊﾗ
0001,ﾐｽﾞﾎ,351,ﾅｶﾉ
0001,ﾐｽﾞﾎ,352,ﾀｶｻｺﾞ
0001,ﾐｽﾞﾎ,353,ｼﾝｼﾞﾕｸﾆｼｸﾞﾁ
0001,ﾐｽﾞﾎ,356,ｼﾝﾖｺﾊﾏ
0001,ﾐｽﾞﾎ,357,ﾖｺﾊﾏ
0001,ﾐｽﾞﾎ,359,ﾂﾅｼﾏ
0001,ﾐｽﾞﾎ,361,ﾖｺﾊﾏﾋｶﾞｼｸﾞﾁ
0001,ﾐｽﾞﾎ,362,ﾂﾙﾐ
0001,ﾐｽﾞﾎ,363,ﾄﾂｶ
0001,ﾐｽﾞﾎ,364,ｶﾐｵｵｵｶ
0001,ﾐｽﾞﾎ,365,ﾌﾀﾏﾀｶﾞﾜ
0001,ﾐｽﾞﾎ,366,ﾅｶﾞﾂﾀﾞ
0001,ﾐｽﾞﾎ,367,ﾐﾂｷﾖｳ
0001,ﾐｽﾞﾎ,370,ｶﾜｻｷ
0001,ﾐｽﾞﾎ,372,ﾋﾗﾂｶ
0001,ﾐｽﾞﾎ,373,ｵｵﾌﾅ
0001,ﾐｽﾞﾎ,374,ﾁｶﾞｻｷ
0001,ﾐｽﾞﾎ,376,ｵﾀﾞﾜﾗ
0001,ﾐｽﾞﾎ,377,ﾌｼﾞｻﾜ
0001,ﾐｽﾞﾎ,378,ﾑｻｼｺｽｷﾞ
0001,ﾐｽﾞﾎ,379,ｻｷﾞﾇﾏ
0001,ﾐｽﾞﾎ,380,ｻｶﾞﾐｵｵﾉ
0001,ﾐｽﾞﾎ,381,ｷﾇｶﾞｻ
0001,ﾐｽﾞﾎ,382,ｽﾞｼ
0001,ﾐｽﾞﾎ,383,ﾊﾀﾉ
0001,ﾐｽﾞﾎ,385,ﾔﾏﾄ
0001,ﾐｽﾞﾎ,387,ﾊｼﾓﾄ
0001,ﾐｽﾞﾎ,388,ﾐｿﾞﾉｸﾁ
0001,ﾐｽﾞﾎ,389,ﾂｼﾞﾄﾞｳ
0001,ﾐｽﾞﾎ,390,ﾖｺｽｶ
0001,ﾐｽﾞﾎ,391,ｸｹﾞﾇﾏ
0001,ﾐｽﾞﾎ,392,ｵﾂﾊﾟﾏ
0001,ﾐｽﾞﾎ,393,ｼﾝﾕﾘｶﾞｵｶ
0001,ﾐｽﾞﾎ,395,ｱｵﾊﾞﾀﾞｲ
0001,ﾐｽﾞﾎ,397,ｶﾓｲ
0001,ﾐｽﾞﾎ,398,ﾖｳｺｳﾀﾞｲ
0001,ﾐｽﾞﾎ,400,ﾆｲｶﾞﾀ
0001,ﾐｽﾞﾎ,402,ﾄﾔﾏ
0001,ﾐｽﾞﾎ,406,ﾌｸｲ
0001,ﾐｽﾞﾎ,408,ｺｳﾌ
0001,ﾐｽﾞﾎ,411,ﾅｺﾞﾔｴｷﾏｴ
0001,ﾐｽﾞﾎ,419,ｼﾐｽﾞ
0001,ﾐｽﾞﾎ,420,ｶﾅｻﾞﾜ
0001,ﾐｽﾞﾎ,421,ｼｽﾞｵｶ
0001,ﾐｽﾞﾎ,422,ﾐｼﾏ
0001,ﾐｽﾞﾎ,426,ﾅｶﾞﾉ
0001,ﾐｽﾞﾎ,428,ｷﾞﾌ
0001,ﾐｽﾞﾎ,430,ｷﾖｳﾄ
0001,ﾐｽﾞﾎ,431,ﾅｺﾞﾔ
0001,ﾐｽﾞﾎ,435,ｸｶﾞﾊﾗ
0001,ﾐｽﾞﾎ,438,ﾌｼﾐ
0001,ﾐｽﾞﾎ,440,ｵｵｻｶ
0001,ﾐｽﾞﾎ,444,ﾊﾝｷﾕｳｳﾒﾀﾞ
0001,ﾐｽﾞﾎ,445,ｾｲｼﾞﾖｳ
0001,ﾐｽﾞﾎ,446,ﾌｶｶﾞﾜ
0001,ﾐｽﾞﾎ,447,ｵｵﾐﾔ
0001,ﾐｽﾞﾎ,448,ｱｼﾔ
0001,ﾐｽﾞﾎ,453,ﾄﾖﾊｼ
0001,ﾐｽﾞﾎ,454,ｲﾁﾉﾐﾔ
0001,ﾐｽﾞﾎ,455,ｵｶｻﾞｷ
0001,ﾐｽﾞﾎ,458,ﾄﾖﾀ
0001,ﾐｽﾞﾎ,459,ｲｹﾀﾞ
0001,ﾐｽﾞﾎ,460,ｳﾒﾀﾞ
0001,ﾐｽﾞﾎ,462,ｺｳﾘ
0001,ﾐｽﾞﾎ,463,ﾃﾝﾏﾊﾞｼ
0001,ﾐｽﾞﾎ,464,ﾂ
0001,ﾐｽﾞﾎ,465,ﾖﾂｶｲﾁ
0001,ﾐｽﾞﾎ,466,ｲｾ
0001,ﾐｽﾞﾎ,467,ﾓﾘｸﾞﾁ
0001,ﾐｽﾞﾎ,468,ｲﾊﾞﾗｷ
0001,ﾐｽﾞﾎ,469,ｵｵﾂ
0001,ﾐｽﾞﾎ,470,ﾅﾝﾊﾞ
0001,ﾐｽﾞﾎ,471,ｽﾐﾖｼ
0001,ﾐｽﾞﾎ,473,ｷﾖｳﾄﾁﾕｳｵｳ
0001,ﾐｽﾞﾎ,475,ｼｼﾞﾖｳ
0001,ﾐｽﾞﾎ,479,ｲｽﾞﾐﾁﾕｳｵｳ
0001,ﾐｽﾞﾎ,480,ｲﾏｻﾞﾄ
0001,ﾐｽﾞﾎ,481,ﾋﾗﾉ
0001,ﾐｽﾞﾎ,483,ﾔｵ
0001,ﾐｽﾞﾎ,484,ﾋｶﾞｼｵｵｻｶ
0001,ﾐｽﾞﾎ,485,ﾋﾗｵｶ
0001,ﾐｽﾞﾎ,486,ｲｺﾏ
0001,ﾐｽﾞﾎ,487,ﾑｻｼｻｶｲ
0001,ﾐｽﾞﾎ,489,ﾆｼﾉﾐﾔｷﾀｸﾞﾁ
0001,ﾐｽﾞﾎ,490,ｺｳﾍﾞ
0001,ﾐｽﾞﾎ,491,ﾅﾀﾞ
0001,ﾐｽﾞﾎ,492,ﾅｺﾞﾔﾁﾕｳｵｳ
0001,ﾐｽﾞﾎ,493,ﾅｶﾞｵｶﾃﾝｼﾞﾝ
0001,ﾐｽﾞﾎ,495,ﾀﾙﾐ
0001,ﾐｽﾞﾎ,496,ｶﾜﾆｼ
0001,ﾐｽﾞﾎ,497,ｵｸﾞ
0001,ﾐｽﾞﾎ,498,ﾒｲｴｷ
0001,ﾐｽﾞﾎ,502,ｵｵｻｶﾁﾕｳｵｳ
0001,ﾐｽﾞﾎ,503,ﾐﾅﾐｾﾝﾊﾞ
0001,ﾐｽﾞﾎ,507,ﾄﾞｳｼﾞﾏ
0001,ﾐｽﾞﾎ,513,ｾﾝﾊﾞ
0001,ﾐｽﾞﾎ,516,ｱﾍﾞﾉﾊﾞｼ
0001,ﾐｽﾞﾎ,518,ﾆｼﾉﾀﾞ
0001,ﾐｽﾞﾎ,521,ｵｶﾔﾏ
0001,ﾐｽﾞﾎ,523,ｸﾗｼｷ
0001,ﾐｽﾞﾎ,525,ﾌｸﾔﾏ
0001,ﾐｽﾞﾎ,527,ｾﾝｼﾞﾕ
0001,ﾐｽﾞﾎ,529,ｱｻｶﾞﾔ
0001,ﾐｽﾞﾎ,530,ｵｹｶﾞﾜ
0001,ﾐｽﾞﾎ,531,ｱｻﾞﾌﾞ
0001,ﾐｽﾞﾎ,532,ｸﾀﾞﾝ
0001,ﾐｽﾞﾎ,533,ｼﾞﾕｳｶﾞｵｶ
0001,ﾐｽﾞﾎ,534,ｺｼｶﾞﾔ
0001,ﾐｽﾞﾎ,535,ｸﾏｶﾞﾔ
0001,ﾐｽﾞﾎ,537,ﾄﾖｽ
0001,ﾐｽﾞﾎ,538,ﾀﾏ
0001,ﾐｽﾞﾎ,539,ｱｶｻｶ
0001,ﾐｽﾞﾎ,540,ﾑｺｳｶﾞｵｶ
0001,ﾐｽﾞﾎ,541,ｳﾗﾜ
0001,ﾐｽﾞﾎ,542,ｵｵｻｷ
0001,ﾐｽﾞﾎ,544,ｺﾏｻﾞﾜ
0001,ﾐｽﾞﾎ,545,ｴﾄﾞｶﾞﾜﾊﾞｼ
0001,ﾐｽﾞﾎ,546,ﾀﾁｶﾜ
0001,ﾐｽﾞﾎ,547,ｵﾀﾞｷﾕｳｻｶﾞﾐﾊﾗ
0001,ﾐｽﾞﾎ,548,ﾊﾁｵｳｼﾞﾐﾅﾐｸﾞﾁ
0001,ﾐｽﾞﾎ,549,ﾀﾏｶﾞﾜｶﾞｸｴﾝﾏｴ
0001,ﾐｽﾞﾎ,550,ﾂﾙｶﾞﾐﾈ
0001,ﾐｽﾞﾎ,551,ｼﾗｶﾊﾞ
0001,ﾐｽﾞﾎ,552,ﾊﾅﾐｽﾞｷ
0001,ﾐｽﾞﾎ,553,ｻﾂｷ
0001,ﾐｽﾞﾎ,554,ﾖﾝｺﾞｳ
0001,ﾐｽﾞﾎ,555,ｻｻﾞﾝｶ
0001,ﾐｽﾞﾎ,556,ﾋﾖｼ
0001,ﾐｽﾞﾎ,557,ｵｳｼﾞ
0001,ﾐｽﾞﾎ,558,ﾄｺﾛｻﾞﾜ
0001,ﾐｽﾞﾎ,559,ｺﾏｺﾞﾒ
0001,ﾐｽﾞﾎ,560,ｲﾝﾀ-ﾈﾂﾄ
0001,ﾐｽﾞﾎ,561,ﾆｼｶｻｲ
0001,ﾐｽﾞﾎ,562,ﾀｶﾂｷ
0001,ﾐｽﾞﾎ,563,ﾖﾂﾊﾞｼ
0001,ﾐｽﾞﾎ,564,ｸｼﾞﾖｳ
0001,ﾐｽﾞﾎ,565,ﾂｶｸﾞﾁ
0001,ﾐｽﾞﾎ,568,ｶﾐﾉｹﾞ
0001,ﾐｽﾞﾎ,569,ｻｶｲ
0001,ﾐｽﾞﾎ,571,ｵｵｻｶﾋｶﾞｼ
0001,ﾐｽﾞﾎ,574,ﾔﾏﾓﾄ
0001,ﾐｽﾞﾎ,576,ﾋﾗｶﾀ
0001,ﾐｽﾞﾎ,578,ｽｲﾀｴｷﾏｴ
0001,ﾐｽﾞﾎ,582,ｴｻｶ
0001,ﾐｽﾞﾎ,583,ﾁﾄｾﾌﾅﾊﾞｼ
0001,ﾐｽﾞﾎ,586,ｼﾞﾕｳｿｳ
0001,ﾐｽﾞﾎ,587,ﾃﾞﾏﾁ
0001,ﾐｽﾞﾎ,589,ｾﾝｹﾞﾝﾀﾞｲ
0001,ﾐｽﾞﾎ,590,ﾊﾏﾏﾂ
0001,ﾐｽﾞﾎ,591,ｾﾝﾘﾁﾕｳｵｳ
0001,ﾐｽﾞﾎ,592,ﾂﾙﾐｴｷﾏｴ
0001,ﾐｽﾞﾎ,593,ｹｲﾊﾝｷﾖｳﾊﾞｼ
0001,ﾐｽﾞﾎ,594,ｺｲﾜ
0001,ﾐｽﾞﾎ,599,ｱｻﾞﾐﾉ
0001,ﾐｽﾞﾎ,600,ｱﾏｶﾞｻｷ
0001,ﾐｽﾞﾎ,604,ｲﾀﾐ
0001,ﾐｽﾞﾎ,608,ﾅｶﾞﾀ
0001,ﾐｽﾞﾎ,609,ｷﾝﾓｸｾｲ
0001,ﾐｽﾞﾎ,611,ｷﾀｷﾕｳｼﾕｳ
0001,ﾐｽﾞﾎ,612,ﾔﾊﾀ
0001,ﾐｽﾞﾎ,613,ﾀﾏｶﾞﾜ
0001,ﾐｽﾞﾎ,615,ﾋﾒｼﾞ
0001,ﾐｽﾞﾎ,616,ｱｶｼ
0001,ﾐｽﾞﾎ,618,ｱｻｸｻ
0001,ﾐｽﾞﾎ,619,ｵｵｼﾏ
0001,ﾐｽﾞﾎ,620,ﾅﾗ
0001,ﾐｽﾞﾎ,621,ｻｲﾀﾞｲｼﾞ
0001,ﾐｽﾞﾎ,622,ﾄｳｷﾖｳｲﾁﾊﾞ
0001,ﾐｽﾞﾎ,623,ｶｺﾞｼﾏ
0001,ﾐｽﾞﾎ,624,ﾜｶﾔﾏ
0001,ﾐｽﾞﾎ,625,ｴﾋﾞｽｶﾞ-ﾃﾞﾝ
0001,ﾐｽﾞﾎ,626,ﾌｼﾞﾐﾉ
0001,ﾐｽﾞﾎ,627,ﾄﾂﾄﾘ
0001,ﾐｽﾞﾎ,628,ｵｵﾔﾏ
0001,ﾐｽﾞﾎ,629,ｶﾐﾅﾘﾓﾝ
0001,ﾐｽﾞﾎ,630,ﾏﾂｴ
0001,ﾐｽﾞﾎ,631,ｾﾝｿﾞｸﾁﾖｳ
0001,ﾐｽﾞﾎ,632,ｲﾁｶﾞｵ
0001,ﾐｽﾞﾎ,635,ｶﾐﾅｶﾞﾔ
0001,ﾐｽﾞﾎ,636,ﾋﾛｼﾏ
0001,ﾐｽﾞﾎ,639,ﾓｸﾚﾝ
0001,ﾐｽﾞﾎ,640,ｸﾇｷﾞ
0001,ﾐｽﾞﾎ,641,ｼﾓﾉｾｷ
0001,ﾐｽﾞﾎ,642,ﾄｸﾔﾏ
0001,ﾐｽﾞﾎ,643,ﾔﾏｸﾞﾁ
0001,ﾐｽﾞﾎ,644,ﾄｳﾌﾞ
0001,ﾐｽﾞﾎ,645,ﾄｸｼﾏ
0001,ﾐｽﾞﾎ,646,ﾓﾐﾉｷ
0001,ﾐｽﾞﾎ,647,ﾀｶﾏﾂ
0001,ﾐｽﾞﾎ,649,ﾍﾟｲﾍﾟｲｶ-ﾄﾞ
0001,ﾐｽﾞﾎ,650,ｲﾏﾊﾞﾘ
0001,ﾐｽﾞﾎ,651,ﾏﾂﾔﾏ
0001,ﾐｽﾞﾎ,652,ﾆｼﾞﾕｳｻﾝｺﾞｳ
0001,ﾐｽﾞﾎ,653,ｺｳﾁ
0001,ﾐｽﾞﾎ,654,ﾕﾘﾉｷ
0001,ﾐｽﾞﾎ,659,ﾆｼﾞﾕｳﾖﾝｺﾞｳ
0001,ﾐｽﾞﾎ,660,ﾌｸｵｶ
0001,ﾐｽﾞﾎ,661,ｸﾙﾒ
0001,ﾐｽﾞﾎ,662,ｷｸﾅ
0001,ﾐｽﾞﾎ,663,ﾂﾂｼﾞ
0001,ﾐｽﾞﾎ,664,ﾓｼﾞ
0001,ﾐｽﾞﾎ,665,ﾐﾔﾏｴﾀﾞｲﾗ
0001,ﾐｽﾞﾎ,670,ﾄｳﾖｳﾁﾖｳ
0001,ﾐｽﾞﾎ,672,ﾘﾖｸｴﾝﾄｼ
0001,ﾐｽﾞﾎ,675,ｸﾏﾓﾄ
0001,ﾐｽﾞﾎ,676,ｻｶﾞ
0001,ﾐｽﾞﾎ,677,ﾓﾘﾔ
0001,ﾐｽﾞﾎ,678,ｴﾋﾞﾅ
0001,ﾐｽﾞﾎ,679,ﾅｶﾞｻｷ
0001,ﾐｽﾞﾎ,681,ﾆｼﾞﾕｳﾛｸｺﾞｳ
0001,ﾐｽﾞﾎ,685,ｵｵｲﾀ
0001,ﾐｽﾞﾎ,688,ﾐﾔｻﾞｷ
0001,ﾐｽﾞﾎ,689,ﾋｶﾘｶﾞｵｶ
0001,ﾐｽﾞﾎ,690,ﾆｼﾞﾕｳﾅﾅｺﾞｳ
0001,ﾐｽﾞﾎ,692,ﾍﾟｲﾍﾟｲｶ-ﾄﾞﾀﾞｲﾆ
0001,ﾐｽﾞﾎ,693,ﾅﾊ
0001,ﾐｽﾞﾎ,694,ﾌﾞﾅ
0001,ﾐｽﾞﾎ,697,ﾂｸﾊﾞ
0001,ﾐｽﾞﾎ,698,ｶﾞｸｴﾝﾏｴ
0001,ﾐｽﾞﾎ,699,ﾊﾈﾀﾞｸｳｺｳﾀﾞｲﾆ
0001,ﾐｽﾞﾎ,701,ﾀﾃﾊﾞﾔｼ
0001,ﾐｽﾞﾎ,705,ｳﾂﾉﾐﾔ
0001,ﾐｽﾞﾎ,706,ﾄﾁｷﾞ
0001,ﾐｽﾞﾎ,707,ｱｼｶｶﾞ
0001,ﾐｽﾞﾎ,708,ｵﾔﾏ
0001,ﾐｽﾞﾎ,710,ｲﾜｷ
0001,ﾐｽﾞﾎ,712,ﾄﾘﾃﾞ
0001,ﾐｽﾞﾎ,713,ﾋﾀﾁ
0001,ﾐｽﾞﾎ,715,ﾌｸｼﾏ
0001,ﾐｽﾞﾎ,720,ｱｷﾀ
0001,ﾐｽﾞﾎ,722,ｸｼﾛ
0001,ﾐｽﾞﾎ,723,ｾﾝﾀﾞｲ
0001,ﾐｽﾞﾎ,724,ｺｵﾘﾔﾏ
0001,ﾐｽﾞﾎ,725,ｱｲﾂﾞ
0001,ﾐｽﾞﾎ,728,ﾔﾏｶﾞﾀ
0001,ﾐｽﾞﾎ,729,ｴｺﾀﾞ
0001,ﾐｽﾞﾎ,730,ｱｵﾓﾘ
0001,ﾐｽﾞﾎ,731,ｷﾖｾ
0001,ﾐｽﾞﾎ,732,ﾓﾘｵｶ
0001,ﾐｽﾞﾎ,735,ﾊｺﾀﾞﾃ
0001,ﾐｽﾞﾎ,736,ｷﾖｳﾄﾞｳ
0001,ﾐｽﾞﾎ,738,ﾀﾏﾌﾟﾗ-ｻﾞ
0001,ﾐｽﾞﾎ,739,ｶﾐﾌｸｵｶ
0001,ﾐｽﾞﾎ,742,ﾄｵｶｲﾁﾊﾞ
0001,ﾐｽﾞﾎ,743,ｺｳﾎｸﾆﾕ-ﾀｳﾝ
0001,ﾐｽﾞﾎ,744,ｴｲﾌｸﾁﾖｳ
0001,ﾐｽﾞﾎ,745,ﾋｶﾞｼｵｳﾒ
0001,ﾐｽﾞﾎ,746,ｲﾅｹﾞｶｲｶﾞﾝ
0001,ﾐｽﾞﾎ,747,ﾋｶﾞｼｸﾙﾒ
0001,ﾐｽﾞﾎ,752,ﾐｻﾄ
0001,ﾐｽﾞﾎ,753,ｶﾏﾄﾘ
0001,ﾐｽﾞﾎ,754,ﾔﾁﾖﾐﾄﾞﾘｶﾞｵｶ
0001,ﾐｽﾞﾎ,755,ｵｵｼﾞﾏｴｷﾏｴ
0001,ﾐｽﾞﾎ,758,ｱﾂｷﾞ
0001,ﾐｽﾞﾎ,759,ｻｲﾀﾏｼﾝﾄｼﾝ
0001,ﾐｽﾞﾎ,760,ｶﾏｸﾗ
0001,ﾐｽﾞﾎ,764,ﾆｼｶﾜｸﾞﾁ
0001,ﾐｽﾞﾎ,768,ﾀｶﾊﾀﾌﾄﾞｳ
0001,ﾐｽﾞﾎ,769,ｲｹｼﾞﾘｵｵﾊｼ
0001,ﾐｽﾞﾎ,770,ｲﾅｷﾞﾁﾕｳｵｳ
0001,ﾐｽﾞﾎ,777,ﾄｳｷﾖｳﾄﾁﾖｳ
0001,ﾐｽﾞﾎ,782,ﾐﾅﾐｵｵｻﾜ
0001,ﾐｽﾞﾎ,784,ﾊﾈﾀﾞｸｳｺｳ
0001,ﾐｽﾞﾎ,785,ﾆﾎﾝﾊﾞｼﾊﾏﾁﾖｳ
0001,ﾐｽﾞﾎ,794,ﾀﾞｲﾆｼﾕｳﾁﾕｳ
0001,ﾐｽﾞﾎ,795,ﾀﾞｲｻﾝｼﾕｳﾁﾕｳ
0001,ﾐｽﾞﾎ,796,ﾀﾞｲﾖﾝｼﾕｳﾁﾕｳ
0001,ﾐｽﾞﾎ,797,ﾀﾞｲｺﾞｼﾕｳﾁﾕｳ
0001,ﾐｽﾞﾎ,798,ﾀﾞｲﾛｸｼﾕｳﾁﾕｳ
0001,ﾐｽﾞﾎ,799,ﾀﾞｲﾅﾅｼﾕｳﾁﾕｳ
0001,ﾐｽﾞﾎ,813,ｻﾂﾎﾟﾛ
0001,ﾐｽﾞﾎ,814,ｱｻﾋｶﾜ
0001,ﾐｽﾞﾎ,815,ｵﾋﾞﾋﾛ
0001,ﾐｽﾞﾎ,822,ｼﾕｳﾁﾕｳﾀﾞｲｲﾁ
0001,ﾐｽﾞﾎ,832,ﾀﾞｲﾊﾁｼﾕｳﾁﾕｳ
0001,ﾐｽﾞﾎ,833,ﾀﾞｲｷﾕｳｼﾕｳﾁﾕｳ
0001,ﾐｽﾞﾎ,834,ﾀﾞｲｼﾞﾕｳｼﾕｳﾁﾕｳ
0001,ﾐｽﾞﾎ,835,ﾀﾞｲｼﾞﾕｳｲﾁｼﾕｳﾁﾕｳ
0001,ﾐｽﾞﾎ,838,ﾋｶﾞｼﾄﾂｶ
0001,ﾐｽﾞﾎ,842,ﾑｻｼｳﾗﾜ
0001,ﾐｽﾞﾎ,846,ﾐｽﾞｴ
0001,ﾐｽﾞﾎ,890,ｴｲﾃｲ-ｴﾑﾄｳｶﾂ
0001,ﾐｽﾞﾎ,893,ｲﾁｶﾜﾐﾖｳﾃﾞﾝ
0001,ﾐｽﾞﾎ,895,ﾊﾁｼﾞﾖｳｼﾞﾏ
0001,ﾐｽﾞﾎ,899,ｶﾅｻﾞﾜﾌﾞﾝｺ
0001,ﾐｽﾞﾎ,980,ｱｶｼｱ
0001,ﾐｽﾞﾎ,981,ﾔﾅｾ
0001,ﾐｽﾞﾎ,982,ｼﾞﾕｳﾛｸｺﾞｳ
0001,ﾐｽﾞﾎ,983,ｼﾞﾕｳﾅﾅｺﾞｳ
0001,ﾐｽﾞﾎ,984,ｲﾌﾞｷ
0001,ﾐｽﾞﾎ,985,ﾐｽﾞﾎｼﾖｳｹﾝ
0001,ﾐｽﾞﾎ,986,ｼﾞﾕｳﾊﾁｺﾞｳ
0001,ﾐｽﾞﾎ,987,ｼﾞﾕｳｷﾕｳｺﾞｳ
0001,ﾐｽﾞﾎ,988,ｶｺﾞﾒ
0005,ﾐﾂﾋﾞｼﾕ-ｴﾌｼﾞｴｲ,001,ﾎﾝﾃﾝ
0005,ﾐﾂﾋﾞｼﾕ-ｴﾌｼﾞｴｲ,002,ﾏﾙﾉｳﾁ
0005,ﾐﾂﾋﾞｼﾕ-ｴﾌｼﾞｴｲ,003,ｶﾜﾗﾏﾁ
0005,ﾐﾂﾋﾞｼﾕ-ｴﾌｼﾞｴｲ,004,ｾﾝﾊﾞ
0005,ﾐﾂﾋﾞｼﾕ-ｴﾌｼﾞｴｲ,005,ｵｵｻｶ
0005,ﾐﾂﾋﾞｼﾕ-ｴﾌｼﾞｴｲ,006,ｳﾀｼﾞﾏﾊﾞｼ
0005,ﾐﾂﾋﾞｼﾕ-ｴﾌｼﾞｴｲ,007,ﾀﾏﾂｸﾘ
0005,ﾐﾂﾋﾞｼﾕ-ｴﾌｼﾞｴｲ,010,ｶﾝﾀﾞｴｷﾏｴ
0005,ﾐﾂﾋﾞｼﾕ-ｴﾌｼﾞｴｲ,011,ﾀﾞｲﾄｳ
0005,ﾐﾂﾋﾞｼﾕ-ｴﾌｼﾞｴｲ,012,ｲｾ
0005,ﾐﾂﾋﾞｼﾕ-ｴﾌｼﾞｴｲ,013,ｼﾞﾝﾎﾞｳﾁﾖｳ
0005,ﾐﾂﾋﾞｼﾕ-ｴﾌｼﾞｴｲ,014,ｲﾁｶﾞﾔ
0005,ﾐﾂﾋﾞｼﾕ-ｴﾌｼﾞｴｲ,015,ｺｳｼﾞﾏﾁﾁﾕｳｵｳ
0005,ﾐﾂﾋﾞｼﾕ-ｴﾌｼﾞｴｲ,016,ﾂﾙﾊｼ
0005,ﾐﾂﾋﾞｼﾕ-ｴﾌｼﾞｴｲ,017,ｲｸﾉ
0005,ﾐﾂﾋﾞｼﾕ-ｴﾌｼﾞｴｲ,018,ｺｳﾉｲｹｼﾝﾃﾞﾝ
0005,ﾐﾂﾋﾞｼﾕ-ｴﾌｼﾞｴｲ,019,ﾀﾆﾏﾁ
0005,ﾐﾂﾋﾞｼﾕ-ｴﾌｼﾞｴｲ,020,ﾆﾎﾝﾊﾞｼ
0005,ﾐﾂﾋﾞｼﾕ-ｴﾌｼﾞｴｲ,021,ﾃﾗﾀﾞﾁﾖｳ
0005,ﾐﾂﾋﾞｼﾕ-ｴﾌｼﾞｴｲ,022,ﾔｴｽﾄﾞｵﾘ
0005,ﾐﾂﾋﾞｼﾕ-ｴﾌｼﾞｴｲ,023,ｷﾖｳﾊﾞｼ
0005,ﾐﾂﾋﾞｼﾕ-ｴﾌｼﾞｴｲ,024,ｷﾞﾝｻﾞﾄﾞｵﾘ
0005,ﾐﾂﾋﾞｼﾕ-ｴﾌｼﾞｴｲ,025,ﾂｷﾁﾞ
0005,ﾐﾂﾋﾞｼﾕ-ｴﾌｼﾞｴｲ,026,ﾋﾗｵｶ
0005,ﾐﾂﾋﾞｼﾕ-ｴﾌｼﾞｴｲ,027,ｵｵﾃﾞﾝﾏﾁﾖｳ
0005,ﾐﾂﾋﾞｼﾕ-ｴﾌｼﾞｴｲ,028,ｱﾜｼﾞ
0005,ﾐﾂﾋﾞｼﾕ-ｴﾌｼﾞｴｲ,029,ﾓﾘｼﾖｳｼﾞ
0005,ﾐﾂﾋﾞｼﾕ-ｴﾌｼﾞｴｲ,030,ﾐﾔｺｼﾞﾏ
0005,ﾐﾂﾋﾞｼﾕ-ｴﾌｼﾞｴｲ,031,ｼﾝｻｲﾊﾞｼ
0005,ﾐﾂﾋﾞｼﾕ-ｴﾌｼﾞｴｲ,032,ｳｴﾏﾁ
0005,ﾐﾂﾋﾞｼﾕ-ｴﾌｼﾞｴｲ,033,ｵｵｻｶｴﾋﾞｽ
0005,ﾐﾂﾋﾞｼﾕ-ｴﾌｼﾞｴｲ,034,ﾆﾂﾎﾟﾝｲﾁ
0005,ﾐﾂﾋﾞｼﾕ-ｴﾌｼﾞｴｲ,035,ﾅﾝﾊﾞ
0005,ﾐﾂﾋﾞｼﾕ-ｴﾌｼﾞｴｲ,036,ｼﾅﾉﾊﾞｼ
0005,ﾐﾂﾋﾞｼﾕ-ｴﾌｼﾞｴｲ,037,ﾃﾝｼﾞﾝﾊﾞｼ
0005,ﾐﾂﾋﾞｼﾕ-ｴﾌｼﾞｴｲ,038,ﾐｽﾞｴ
0005,ﾐﾂﾋﾞｼﾕ-ｴﾌｼﾞｴｲ,039,ﾃﾝﾛｸ
0005,ﾐﾂﾋﾞｼﾕ-ｴﾌｼﾞｴｲ,040,ｳﾒﾀﾞｼﾝﾐﾁ
0005,ﾐﾂﾋﾞｼﾕ-ｴﾌｼﾞｴｲ,041,ﾄﾗﾉﾓﾝ
0005,ﾐﾂﾋﾞｼﾕ-ｴﾌｼﾞｴｲ,042,ｼﾐｽﾞ
0005,ﾐﾂﾋﾞｼﾕ-ｴﾌｼﾞｴｲ,043,ﾀﾏﾁ
0005,ﾐﾂﾋﾞｼﾕ-ｴﾌｼﾞｴｲ,044,ｳﾒﾀﾞ
0005,ﾐﾂﾋﾞｼﾕ-ｴﾌｼﾞｴｲ,045,ﾛﾂﾎﾟﾝｷﾞ
0005,ﾐﾂﾋﾞｼﾕ-ｴﾌｼﾞｴｲ,046,ｳｴﾎﾝﾏﾁ
0005,ﾐﾂﾋﾞｼﾕ-ｴﾌｼﾞｴｲ,047,ﾋﾛｵ
0005,ﾐﾂﾋﾞｼﾕ-ｴﾌｼﾞｴｲ,048,ﾊﾘﾅｶﾉ
0005,ﾐﾂﾋﾞｼﾕ-ｴﾌｼﾞｴｲ,049,ﾊｷﾞﾉﾁﾔﾔ
0005,ﾐﾂﾋﾞｼﾕ-ｴﾌｼﾞｴｲ,050,ｼﾝｼﾞﾕｸﾄﾞｵﾘ
0005,ﾐﾂﾋﾞｼﾕ-ｴﾌｼﾞｴｲ,051,ﾖﾂﾔ
0005,ﾐﾂﾋﾞｼﾕ-ｴﾌｼﾞｴｲ,052,ｶｸﾞﾗｻﾞｶ
0005,ﾐﾂﾋﾞｼﾕ-ｴﾌｼﾞｴｲ,053,ﾀｶﾀﾉﾊﾞﾊﾞ
0005,ﾐﾂﾋﾞｼﾕ-ｴﾌｼﾞｴｲ,054,ｸｼﾞﾖｳ
0005,ﾐﾂﾋﾞｼﾕ-ｴﾌｼﾞｴｲ,055,ｼﾝｼﾞﾕｸﾆｼ
0005,ﾐﾂﾋﾞｼﾕ-ｴﾌｼﾞｴｲ,056,ｱﾋﾞｺ
0005,ﾐﾂﾋﾞｼﾕ-ｴﾌｼﾞｴｲ,057,ﾁﾂｺｳ
0005,ﾐﾂﾋﾞｼﾕ-ｴﾌｼﾞｴｲ,058,ﾄﾞｳｼﾞﾏ
0005,ﾐﾂﾋﾞｼﾕ-ｴﾌｼﾞｴｲ,059,ﾉﾀﾞ
0005,ﾐﾂﾋﾞｼﾕ-ｴﾌｼﾞｴｲ,060,ｴﾄﾞｶﾞﾜﾊﾞｼ
0005,ﾐﾂﾋﾞｼﾕ-ｴﾌｼﾞｴｲ,061,ｺﾏｺﾞﾒ
0005,ﾐﾂﾋﾞｼﾕ-ｴﾌｼﾞｴｲ,062,ｶｽｶﾞﾁﾖｳ
0005,ﾐﾂﾋﾞｼﾕ-ｴﾌｼﾞｴｲ,063,ｾﾝﾀﾞｷﾞ
0005,ﾐﾂﾋﾞｼﾕ-ｴﾌｼﾞｴｲ,064,ｱｶｻｶﾐﾂｹ
0005,ﾐﾂﾋﾞｼﾕ-ｴﾌｼﾞｴｲ,065,ｳｴﾉﾁﾕｳｵｳ
0005,ﾐﾂﾋﾞｼﾕ-ｴﾌｼﾞｴｲ,066,ｼﾞﾖｳﾄｳ
0005,ﾐﾂﾋﾞｼﾕ-ｴﾌｼﾞｴｲ,067,ｵｵｻｶｴｷﾏｴ
0005,ﾐﾂﾋﾞｼﾕ-ｴﾌｼﾞｴｲ,068,ｼﾞﾕｳｿｳ
0005,ﾐﾂﾋﾞｼﾕ-ｴﾌｼﾞｴｲ,069,ｱｻｸｻﾊﾞｼ
0005,ﾐﾂﾋﾞｼﾕ-ｴﾌｼﾞｴｲ,070,ｲﾏｻﾞﾄ
0005,ﾐﾂﾋﾞｼﾕ-ｴﾌｼﾞｴｲ,071,ﾀﾏﾃﾞ
0005,ﾐﾂﾋﾞｼﾕ-ｴﾌｼﾞｴｲ,072,ｱﾍﾞﾉﾊﾞｼ
0005,ﾐﾂﾋﾞｼﾕ-ｴﾌｼﾞｴｲ,073,ﾊﾅﾃﾝ
0005,ﾐﾂﾋﾞｼﾕ-ｴﾌｼﾞｴｲ,074,ｴｻｶ
0005,ﾐﾂﾋﾞｼﾕ-ｴﾌｼﾞｴｲ,075,ｼﾝﾕﾘｶﾞｵｶ
0005,ﾐﾂﾋﾞｼﾕ-ｴﾌｼﾞｴｲ,076,ﾋﾗﾉﾐﾅﾐｸﾞﾁ
0005,ﾐﾂﾋﾞｼﾕ-ｴﾌｼﾞｴｲ,077,ｵｵｻｶﾎﾟ-ﾄﾀｳﾝ
0005,ﾐﾂﾋﾞｼﾕ-ｴﾌｼﾞｴｲ,078,ｶﾐｼﾝｼﾞﾖｳ
0005,ﾐﾂﾋﾞｼﾕ-ｴﾌｼﾞｴｲ,079,ﾑｻｼｺｽｷﾞｴｷﾏｴ
0005,ﾐﾂﾋﾞｼﾕ-ｴﾌｼﾞｴｲ,080,ﾎﾝｼﾞﾖﾁﾕｳｵｳ
0005,ﾐﾂﾋﾞｼﾕ-ｴﾌｼﾞｴｲ,081,ｵｼｱｹﾞ
0005,ﾐﾂﾋﾞｼﾕ-ｴﾌｼﾞｴｲ,082,ｷﾝｼﾁﾖｳ
0005,ﾐﾂﾋﾞｼﾕ-ｴﾌｼﾞｴｲ,083,ｼﾝｵｵｻｶｴｷﾏｴ
0005,ﾐﾂﾋﾞｼﾕ-ｴﾌｼﾞｴｲ,084,ｱｵﾔﾏﾄﾞｵﾘ
0005,ﾐﾂﾋﾞｼﾕ-ｴﾌｼﾞｴｲ,085,ｶﾒｲﾄﾞｷﾀｸﾞﾁ
0005,ﾐﾂﾋﾞｼﾕ-ｴﾌｼﾞｴｲ,086,ﾌｶｶﾞﾜ
0005,ﾐﾂﾋﾞｼﾕ-ｴﾌｼﾞｴｲ,087,ｲﾊﾞﾗｷﾆｼ
0005,ﾐﾂﾋﾞｼﾕ-ｴﾌｼﾞｴｲ,088,ﾈﾔｶﾞﾜ
0005,ﾐﾂﾋﾞｼﾕ-ｴﾌｼﾞｴｲ,089,ｱｵﾊﾞﾀﾞｲｴｷﾏｴ
0005,ﾐﾂﾋﾞｼﾕ-ｴﾌｼﾞｴｲ,091,ｷﾖｳﾄﾞｳ
0005,ﾐﾂﾋﾞｼﾕ-ｴﾌｼﾞｴｲ,092,ﾅｶﾉｼﾏ
0005,ﾐﾂﾋﾞｼﾕ-ｴﾌｼﾞｴｲ,095,ﾋﾗﾊﾞﾘ
0005,ﾐﾂﾋﾞｼﾕ-ｴﾌｼﾞｴｲ,097,ﾄﾞﾝｺ
0005,ﾐﾂﾋﾞｼﾕ-ｴﾌｼﾞｴｲ,098,ｼﾙﾀﾆ
0005,ﾐﾂﾋﾞｼﾕ-ｴﾌｼﾞｴｲ,099,ﾄｳｷﾖｳﾄﾁﾖｳ
0005,ﾐﾂﾋﾞｼﾕ-ｴﾌｼﾞｴｲ,100,ｵｵｻｶｺｳﾑﾌﾞ
0005,ﾐﾂﾋﾞｼﾕ-ｴﾌｼﾞｴｲ,102,ﾄｳｷﾖｳｶﾜｾｼﾕｳﾁﾕｳ
0005,ﾐﾂﾋﾞｼﾕ-ｴﾌｼﾞｴｲ,103,ﾁﾖﾀﾞ
0005,ﾐﾂﾋﾞｼﾕ-ｴﾌｼﾞｴｲ,104,ﾒｸﾞﾛｴｷﾏｴ
0005,ﾐﾂﾋﾞｼﾕ-ｴﾌｼﾞｴｲ,105,ｺﾔﾏ
0005,ﾐﾂﾋﾞｼﾕ-ｴﾌｼﾞｴｲ,108,ｵｵｻｶｶﾜｾｼﾕｳﾁﾕｳ
0005,ﾐﾂﾋﾞｼﾕ-ｴﾌｼﾞｴｲ,109,ﾐﾄﾞｳｽｼﾞ
0005,ﾐﾂﾋﾞｼﾕ-ｴﾌｼﾞｴｲ,110,ｼﾞﾕｳｶﾞｵｶｴｷﾏｴ
0005,ﾐﾂﾋﾞｼﾕ-ｴﾌｼﾞｴｲ,111,ﾄﾘﾂﾀﾞｲｶﾞｸｴｷﾏｴ
0005,ﾐﾂﾋﾞｼﾕ-ｴﾌｼﾞｴｲ,112,ｳｼﾞｵｵｸﾎﾞ
0005,ﾐﾂﾋﾞｼﾕ-ｴﾌｼﾞｴｲ,114,ﾋﾞｻｲ
0005,ﾐﾂﾋﾞｼﾕ-ｴﾌｼﾞｴｲ,115,ｵｵﾓﾘ
0005,ﾐﾂﾋﾞｼﾕ-ｴﾌｼﾞｴｲ,116,ｲｹｶﾞﾐ
0005,ﾐﾂﾋﾞｼﾕ-ｴﾌｼﾞｴｲ,117,ｶﾏﾀ
0005,ﾐﾂﾋﾞｼﾕ-ｴﾌｼﾞｴｲ,118,ﾊﾈﾀﾞ
0005,ﾐﾂﾋﾞｼﾕ-ｴﾌｼﾞｴｲ,119,ﾅｶﾞﾊﾗ
0005,ﾐﾂﾋﾞｼﾕ-ｴﾌｼﾞｴｲ,121,ﾐﾅﾐｳﾗﾜ
0005,ﾐﾂﾋﾞｼﾕ-ｴﾌｼﾞｴｲ,123,ﾖｺﾊﾏﾅｶﾔﾏ
0005,ﾐﾂﾋﾞｼﾕ-ｴﾌｼﾞｴｲ,124,ﾋｶﾞｼﾄﾂｶ
0005,ﾐﾂﾋﾞｼﾕ-ｴﾌｼﾞｴｲ,125,ﾈﾘﾏﾍｲﾜﾀﾞｲ
0005,ﾐﾂﾋﾞｼﾕ-ｴﾌｼﾞｴｲ,126,ｱｷｼﾏ
0005,ﾐﾂﾋﾞｼﾕ-ｴﾌｼﾞｴｲ,127,ｼﾓｷﾀｻﾞﾜ
0005,ﾐﾂﾋﾞｼﾕ-ｴﾌｼﾞｴｲ,128,ｸｶﾞﾔﾏｴｷﾏｴ
0005,ﾐﾂﾋﾞｼﾕ-ｴﾌｼﾞｴｲ,129,ﾃﾞﾝｴﾝﾁﾖｳﾌｴｷﾏｴ
0005,ﾐﾂﾋﾞｼﾕ-ｴﾌｼﾞｴｲ,130,ｾﾀｶﾞﾔ
0005,ﾐﾂﾋﾞｼﾕ-ｴﾌｼﾞｴｲ,131,ﾀﾏｶﾞﾜ
0005,ﾐﾂﾋﾞｼﾕ-ｴﾌｼﾞｴｲ,132,ｾｲｼﾞﾖｳ
0005,ﾐﾂﾋﾞｼﾕ-ｴﾌｼﾞｴｲ,133,ｵﾓﾃｻﾝﾄﾞｳ
0005,ﾐﾂﾋﾞｼﾕ-ｴﾌｼﾞｴｲ,134,ｶｼﾊﾗ
0005,ﾐﾂﾋﾞｼﾕ-ｴﾌｼﾞｴｲ,135,ｼﾌﾞﾔ
0005,ﾐﾂﾋﾞｼﾕ-ｴﾌｼﾞｴｲ,136,ｴﾋﾞｽ
0005,ﾐﾂﾋﾞｼﾕ-ｴﾌｼﾞｴｲ,137,ﾖﾖｷﾞｳｴﾊﾗ
0005,ﾐﾂﾋﾞｼﾕ-ｴﾌｼﾞｴｲ,138,ｻｻﾂﾞｶ
0005,ﾐﾂﾋﾞｼﾕ-ｴﾌｼﾞｴｲ,140,ｶﾞｸﾀﾞｲﾏｴ
0005,ﾐﾂﾋﾞｼﾕ-ｴﾌｼﾞｴｲ,142,ｵｵｲｽﾞﾐｶﾞｸｴﾝ
0005,ﾐﾂﾋﾞｼﾕ-ｴﾌｼﾞｴｲ,143,ｼｶﾝｼﾞﾏ
0005,ﾐﾂﾋﾞｼﾕ-ｴﾌｼﾞｴｲ,144,ｶﾝｻｲﾁﾕｳｵｳ
0005,ﾐﾂﾋﾞｼﾕ-ｴﾌｼﾞｴｲ,145,ﾊﾝｷﾕｳｳﾒﾀﾞｷﾀ
0005,ﾐﾂﾋﾞｼﾕ-ｴﾌｼﾞｴｲ,146,ｱｶﾈ
0005,ﾐﾂﾋﾞｼﾕ-ｴﾌｼﾞｴｲ,147,ｼﾝﾄｳｷﾖｳ
0005,ﾐﾂﾋﾞｼﾕ-ｴﾌｼﾞｴｲ,148,ﾀｹﾊﾞｼ
0005,ﾐﾂﾋﾞｼﾕ-ｴﾌｼﾞｴｲ,149,ｾﾝｶﾞﾜ
0005,ﾐﾂﾋﾞｼﾕ-ｴﾌｼﾞｴｲ,150,ﾅｺﾞﾔ
0005,ﾐﾂﾋﾞｼﾕ-ｴﾌｼﾞｴｲ,151,ﾅｶﾉ
0005,ﾐﾂﾋﾞｼﾕ-ｴﾌｼﾞｴｲ,152,ﾋｶﾞｼﾅｶﾉ
0005,ﾐﾂﾋﾞｼﾕ-ｴﾌｼﾞｴｲ,153,ﾉｶﾞﾀ
0005,ﾐﾂﾋﾞｼﾕ-ｴﾌｼﾞｴｲ,154,ｼﾛｶﾈ
0005,ﾐﾂﾋﾞｼﾕ-ｴﾌｼﾞｴｲ,155,ｺｳｴﾝｼﾞ
0005,ﾐﾂﾋﾞｼﾕ-ｴﾌｼﾞｴｲ,156,ｱｻｶﾞﾔ
0005,ﾐﾂﾋﾞｼﾕ-ｴﾌｼﾞｴｲ,157,ｵｷﾞｸﾎﾞ
0005,ﾐﾂﾋﾞｼﾕ-ｴﾌｼﾞｴｲ,158,ﾆｼｵｷﾞｸﾎﾞｴｷﾏｴ
0005,ﾐﾂﾋﾞｼﾕ-ｴﾌｼﾞｴｲ,160,ｶﾐｷﾀｻﾞﾜ
0005,ﾐﾂﾋﾞｼﾕ-ｴﾌｼﾞｴｲ,161,ﾊｼﾓﾄ
0005,ﾐﾂﾋﾞｼﾕ-ｴﾌｼﾞｴｲ,162,ﾊﾏﾀﾞﾔﾏ
0005,ﾐﾂﾋﾞｼﾕ-ｴﾌｼﾞｴｲ,166,ｾﾝｼﾞﾕ
0005,ﾐﾂﾋﾞｼﾕ-ｴﾌｼﾞｴｲ,167,ﾅﾙｾ
0005,ﾐﾂﾋﾞｼﾕ-ｴﾌｼﾞｴｲ,168,ﾀﾅｼ
0005,ﾐﾂﾋﾞｼﾕ-ｴﾌｼﾞｴｲ,169,ﾂｶﾓﾄ
0005,ﾐﾂﾋﾞｼﾕ-ｴﾌｼﾞｴｲ,170,ﾆｼｲｹﾌﾞｸﾛ
0005,ﾐﾂﾋﾞｼﾕ-ｴﾌｼﾞｴｲ,171,ｵｵﾂｶ
0005,ﾐﾂﾋﾞｼﾕ-ｴﾌｼﾞｴｲ,172,ﾋｶﾞｼﾅｶﾞｻｷ
0005,ﾐﾂﾋﾞｼﾕ-ｴﾌｼﾞｴｲ,173,ｲｹﾌﾞｸﾛﾋｶﾞｼｸﾞﾁ
0005,ﾐﾂﾋﾞｼﾕ-ｴﾌｼﾞｴｲ,174,ﾒｼﾞﾛｴｷﾏｴ
0005,ﾐﾂﾋﾞｼﾕ-ｴﾌｼﾞｴｲ,175,ｵｳｼﾞ
0005,ﾐﾂﾋﾞｼﾕ-ｴﾌｼﾞｴｲ,176,ﾀｷﾉｶﾞﾜ
0005,ﾐﾂﾋﾞｼﾕ-ｴﾌｼﾞｴｲ,177,ｱｶﾊﾞﾈｴｷﾏｴ
0005,ﾐﾂﾋﾞｼﾕ-ｴﾌｼﾞｴｲ,178,ｱｶﾊﾞﾈ
0005,ﾐﾂﾋﾞｼﾕ-ｴﾌｼﾞｴｲ,180,ﾆﾂﾎﾟﾘ
0005,ﾐﾂﾋﾞｼﾕ-ｴﾌｼﾞｴｲ,181,ﾌﾘｺﾐﾀﾞｲｻﾝ
0005,ﾐﾂﾋﾞｼﾕ-ｴﾌｼﾞｴｲ,182,ﾌﾘｺﾐﾀﾞｲﾖﾝ
0005,ﾐﾂﾋﾞｼﾕ-ｴﾌｼﾞｴｲ,183,ﾃｲｷﾖｳﾀﾞｲﾋﾞﾖｳｲﾝ
0005,ﾐﾂﾋﾞｼﾕ-ｴﾌｼﾞｴｲ,185,ｼﾝｲﾀﾊﾞｼ
0005,ﾐﾂﾋﾞｼﾕ-ｴﾌｼﾞｴｲ,186,ｼﾑﾗ
0005,ﾐﾂﾋﾞｼﾕ-ｴﾌｼﾞｴｲ,187,ｵｵﾔﾏ
0005,ﾐﾂﾋﾞｼﾕ-ｴﾌｼﾞｴｲ,188,ｼﾓｱｶﾂｶ
0005,ﾐﾂﾋﾞｼﾕ-ｴﾌｼﾞｴｲ,189,ﾄｳｶｲｺｳﾑﾌﾞ
0005,ﾐﾂﾋﾞｼﾕ-ｴﾌｼﾞｴｲ,190,ｴｺﾀﾞ
0005,ﾐﾂﾋﾞｼﾕ-ｴﾌｼﾞｴｲ,191,ｱｲﾁｹﾝﾁﾖｳ
0005,ﾐﾂﾋﾞｼﾕ-ｴﾌｼﾞｴｲ,192,ﾅｺﾞﾔｼﾔｸｼﾖ
0005,ﾐﾂﾋﾞｼﾕ-ｴﾌｼﾞｴｲ,193,ｺﾏｻﾞﾜﾀﾞｲｶﾞｸｴｷﾏｴ
0005,ﾐﾂﾋﾞｼﾕ-ｴﾌｼﾞｴｲ,194,ｻｶﾞﾐｵｵﾉｴｷﾏｴ
0005,ﾐﾂﾋﾞｼﾕ-ｴﾌｼﾞｴｲ,195,ｾﾝｼﾞﾕﾁﾕｳｵｳ
0005,ﾐﾂﾋﾞｼﾕ-ｴﾌｼﾞｴｲ,196,ﾌﾘｺﾐｼﾕｳﾁﾕｳﾆｼｷ
0005,ﾐﾂﾋﾞｼﾕ-ｴﾌｼﾞｴｲ,197,ｺﾊﾙ
0005,ﾐﾂﾋﾞｼﾕ-ｴﾌｼﾞｴｲ,201,ﾋｶﾞｼｵｵｻｶ
0005,ﾐﾂﾋﾞｼﾕ-ｴﾌｼﾞｴｲ,202,ｻｶｲ
0005,ﾐﾂﾋﾞｼﾕ-ｴﾌｼﾞｴｲ,203,ｵｵﾂﾏﾁ
0005,ﾐﾂﾋﾞｼﾕ-ｴﾌｼﾞｴｲ,204,ﾁﾕｳｵｳｲﾁﾊﾞ
0005,ﾐﾂﾋﾞｼﾕ-ｴﾌｼﾞｴｲ,205,ｻｶｲﾋｶﾞｼ
0005,ﾐﾂﾋﾞｼﾕ-ｴﾌｼﾞｴｲ,206,ｺｲﾜ
0005,ﾐﾂﾋﾞｼﾕ-ｴﾌｼﾞｴｲ,207,ﾔｵ
0005,ﾐﾂﾋﾞｼﾕ-ｴﾌｼﾞｴｲ,208,ﾋｶﾞｼ
0005,ﾐﾂﾋﾞｼﾕ-ｴﾌｼﾞｴｲ,209,ﾏﾂﾊﾞﾗ
0005,ﾐﾂﾋﾞｼﾕ-ｴﾌｼﾞｴｲ,210,ｲｽﾞﾐ
0005,ﾐﾂﾋﾞｼﾕ-ｴﾌｼﾞｴｲ,211,ﾌｼﾞｲﾃﾞﾗ
0005,ﾐﾂﾋﾞｼﾕ-ｴﾌｼﾞｴｲ,212,ｶﾁｶﾞﾜ
0005,ﾐﾂﾋﾞｼﾕ-ｴﾌｼﾞｴｲ,213,ｶｽｶﾞｲ
0005,ﾐﾂﾋﾞｼﾕ-ｴﾌｼﾞｴｲ,214,ｾﾄ
0005,ﾐﾂﾋﾞｼﾕ-ｴﾌｼﾞｴｲ,215,ｼﾝﾖｺﾊﾏ
0005,ﾐﾂﾋﾞｼﾕ-ｴﾌｼﾞｴｲ,216,ｸﾛｶﾜ
0005,ﾐﾂﾋﾞｼﾕ-ｴﾌｼﾞｴｲ,217,ｶﾐｲｲﾀﾞ
0005,ﾐﾂﾋﾞｼﾕ-ｴﾌｼﾞｴｲ,218,ｽｲﾀ
0005,ﾐﾂﾋﾞｼﾕ-ｴﾌｼﾞｴｲ,219,ｲﾊﾞﾗｷ
0005,ﾐﾂﾋﾞｼﾕ-ｴﾌｼﾞｴｲ,220,ｷﾁｼﾞﾖｳｼﾞ
0005,ﾐﾂﾋﾞｼﾕ-ｴﾌｼﾞｴｲ,221,ﾅｺﾞﾔｴｷﾏｴ
0005,ﾐﾂﾋﾞｼﾕ-ｴﾌｼﾞｴｲ,222,ﾐﾀｶ
0005,ﾐﾂﾋﾞｼﾕ-ｴﾌｼﾞｴｲ,223,ｺｶﾞﾈｲ
0005,ﾐﾂﾋﾞｼﾕ-ｴﾌｼﾞｴｲ,224,ﾔﾅｷﾞﾊﾞｼ
0005,ﾐﾂﾋﾞｼﾕ-ｴﾌｼﾞｴｲ,225,ﾌﾁﾕｳ
0005,ﾐﾂﾋﾞｼﾕ-ｴﾌｼﾞｴｲ,226,ﾊﾁｵｳｼﾞﾁﾕｳｵｳ
0005,ﾐﾂﾋﾞｼﾕ-ｴﾌｼﾞｴｲ,227,ﾀﾁｶﾜ
0005,ﾐﾂﾋﾞｼﾕ-ｴﾌｼﾞｴｲ,228,ﾏﾁﾀﾞ
0005,ﾐﾂﾋﾞｼﾕ-ｴﾌｼﾞｴｲ,229,ﾀｶﾂｷ
0005,ﾐﾂﾋﾞｼﾕ-ｴﾌｼﾞｴｲ,230,ｵｵﾜﾀﾞ
0005,ﾐﾂﾋﾞｼﾕ-ｴﾌｼﾞｴｲ,231,ｸﾒｶﾞﾜ
0005,ﾐﾂﾋﾞｼﾕ-ｴﾌｼﾞｴｲ,232,ﾋﾉﾄﾖﾀﾞ
0005,ﾐﾂﾋﾞｼﾕ-ｴﾌｼﾞｴｲ,233,ﾂﾙｶﾜ
0005,ﾐﾂﾋﾞｼﾕ-ｴﾌｼﾞｴｲ,234,ｶﾆｴ
0005,ﾐﾂﾋﾞｼﾕ-ｴﾌｼﾞｴｲ,235,ﾅｶﾑﾗｺｳｴﾝﾏｴ
0005,ﾐﾂﾋﾞｼﾕ-ｴﾌｼﾞｴｲ,236,ﾔｴﾉｻﾄ
0005,ﾐﾂﾋﾞｼﾕ-ｴﾌｼﾞｴｲ,237,ﾆｼﾊﾙ
0005,ﾐﾂﾋﾞｼﾕ-ｴﾌｼﾞｴｲ,238,ｵﾀｲ
0005,ﾐﾂﾋﾞｼﾕ-ｴﾌｼﾞｴｲ,239,ｺｳﾐﾖｳｲｹ
0005,ﾐﾂﾋﾞｼﾕ-ｴﾌｼﾞｴｲ,240,ｾﾝﾘﾁﾕｳｵｳ
0005,ﾐﾂﾋﾞｼﾕ-ｴﾌｼﾞｴｲ,241,ﾎｳﾔ
0005,ﾐﾂﾋﾞｼﾕ-ｴﾌｼﾞｴｲ,242,ﾐﾔｻﾞｷﾀﾞｲ
0005,ﾐﾂﾋﾞｼﾕ-ｴﾌｼﾞｴｲ,243,ｸﾆﾀﾁ
0005,ﾐﾂﾋﾞｼﾕ-ｴﾌｼﾞｴｲ,244,ﾊﾝｼﾝｺｳｼｴﾝ
0005,ﾐﾂﾋﾞｼﾕ-ｴﾌｼﾞｴｲ,245,ﾀﾏ
0005,ﾐﾂﾋﾞｼﾕ-ｴﾌｼﾞｴｲ,246,ﾋﾉｼﾔｸｼﾖ
0005,ﾐﾂﾋﾞｼﾕ-ｴﾌｼﾞｴｲ,247,ｶﾜﾁﾅｶﾞﾉ
0005,ﾐﾂﾋﾞｼﾕ-ｴﾌｼﾞｴｲ,249,ﾑｻｼｼﾝｼﾞﾖｳｴｷﾏｴ
0005,ﾐﾂﾋﾞｼﾕ-ｴﾌｼﾞｴｲ,251,ﾖｺﾊﾏｴｷﾏｴ
0005,ﾐﾂﾋﾞｼﾕ-ｴﾌｼﾞｴｲ,252,ﾌｼﾞｶﾞｵｶ
0005,ﾐﾂﾋﾞｼﾕ-ｴﾌｼﾞｴｲ,253,ｶﾜｻｷ
0005,ﾐﾂﾋﾞｼﾕ-ｴﾌｼﾞｴｲ,254,ﾓﾄｽﾐﾖｼ
0005,ﾐﾂﾋﾞｼﾕ-ｴﾌｼﾞｴｲ,255,ｶﾏｸﾗ
0005,ﾐﾂﾋﾞｼﾕ-ｴﾌｼﾞｴｲ,256,ﾋﾗﾂｶｴｷﾏｴ
0005,ﾐﾂﾋﾞｼﾕ-ｴﾌｼﾞｴｲ,257,ﾌｼﾞｻﾜ
0005,ﾐﾂﾋﾞｼﾕ-ｴﾌｼﾞｴｲ,258,ﾉﾎﾞﾘﾄ
0005,ﾐﾂﾋﾞｼﾕ-ｴﾌｼﾞｴｲ,259,ｻｶﾞﾐﾊﾗ
0005,ﾐﾂﾋﾞｼﾕ-ｴﾌｼﾞｴｲ,260,ﾔﾏﾄ
0005,ﾐﾂﾋﾞｼﾕ-ｴﾌｼﾞｴｲ,261,ﾁｶﾞｻｷ
0005,ﾐﾂﾋﾞｼﾕ-ｴﾌｼﾞｴｲ,262,ｶﾐｵｵｵｶ
0005,ﾐﾂﾋﾞｼﾕ-ｴﾌｼﾞｴｲ,263,ｲﾏｲｹ
0005,ﾐﾂﾋﾞｼﾕ-ｴﾌｼﾞｴｲ,264,ｶｸｵｳｻﾞﾝ
0005,ﾐﾂﾋﾞｼﾕ-ｴﾌｼﾞｴｲ,265,ﾎﾝｱﾂｷﾞ
0005,ﾐﾂﾋﾞｼﾕ-ｴﾌｼﾞｴｲ,266,ﾔｺﾞﾄ
0005,ﾐﾂﾋﾞｼﾕ-ｴﾌｼﾞｴｲ,267,ﾂﾙﾏｲ
0005,ﾐﾂﾋﾞｼﾕ-ｴﾌｼﾞｴｲ,268,ﾀｷｺ
0005,ﾐﾂﾋﾞｼﾕ-ｴﾌｼﾞｴｲ,269,ﾎﾘﾀ
0005,ﾐﾂﾋﾞｼﾕ-ｴﾌｼﾞｴｲ,270,ﾁﾊﾞ
0005,ﾐﾂﾋﾞｼﾕ-ｴﾌｼﾞｴｲ,271,ﾌﾅﾊﾞｼ
0005,ﾐﾂﾋﾞｼﾕ-ｴﾌｼﾞｴｲ,272,ﾔﾜﾀ
0005,ﾐﾂﾋﾞｼﾕ-ｴﾌｼﾞｴｲ,273,ﾅﾙﾐ
0005,ﾐﾂﾋﾞｼﾕ-ｴﾌｼﾞｴｲ,274,ﾏﾂﾄﾞﾆｼｸﾞﾁ
0005,ﾐﾂﾋﾞｼﾕ-ｴﾌｼﾞｴｲ,275,ｶｼﾜﾁﾕｳｵｳ
0005,ﾐﾂﾋﾞｼﾕ-ｴﾌｼﾞｴｲ,276,ﾎｼｶﾞｵｶ
0005,ﾐﾂﾋﾞｼﾕ-ｴﾌｼﾞｴｲ,277,ﾂﾀﾞﾇﾏ
0005,ﾐﾂﾋﾞｼﾕ-ｴﾌｼﾞｴｲ,278,ｲｼｶﾜﾊﾞｼ
0005,ﾐﾂﾋﾞｼﾕ-ｴﾌｼﾞｴｲ,279,ｶﾏｶﾞﾔ
0005,ﾐﾂﾋﾞｼﾕ-ｴﾌｼﾞｴｲ,280,ﾔﾏﾄｺｵﾘﾔﾏ
0005,ﾐﾂﾋﾞｼﾕ-ｴﾌｼﾞｴｲ,281,ｻｶｴﾏﾁ
0005,ﾐﾂﾋﾞｼﾕ-ｴﾌｼﾞｴｲ,282,ｶﾐﾏｴﾂﾞ
0005,ﾐﾂﾋﾞｼﾕ-ｴﾌｼﾞｴｲ,283,ｼﾝｲﾅｹﾞ
0005,ﾐﾂﾋﾞｼﾕ-ｴﾌｼﾞｴｲ,285,ｷﾞﾖｳﾄｸ
0005,ﾐﾂﾋﾞｼﾕ-ｴﾌｼﾞｴｲ,286,ｵﾄｳﾊﾞｼ
0005,ﾐﾂﾋﾞｼﾕ-ｴﾌｼﾞｴｲ,288,ｶﾅﾔﾏ
0005,ﾐﾂﾋﾞｼﾕ-ｴﾌｼﾞｴｲ,289,ﾆｼｶﾜｸﾞﾁ
0005,ﾐﾂﾋﾞｼﾕ-ｴﾌｼﾞｴｲ,290,ｵｵﾐﾔｴｷﾏｴ
0005,ﾐﾂﾋﾞｼﾕ-ｴﾌｼﾞｴｲ,291,ｿｳｶ
0005,ﾐﾂﾋﾞｼﾕ-ｴﾌｼﾞｴｲ,292,ﾅｺﾞﾔｺｳ
0005,ﾐﾂﾋﾞｼﾕ-ｴﾌｼﾞｴｲ,293,ｱｹﾞｵ
0005,ﾐﾂﾋﾞｼﾕ-ｴﾌｼﾞｴｲ,294,ｺｼｶﾞﾔｴｷﾏｴ
0005,ﾐﾂﾋﾞｼﾕ-ｴﾌｼﾞｴｲ,295,ﾄｺﾛｻﾞﾜ
0005,ﾐﾂﾋﾞｼﾕ-ｴﾌｼﾞｴｲ,296,ﾆｲｻﾞｼｷ
0005,ﾐﾂﾋﾞｼﾕ-ｴﾌｼﾞｴｲ,297,ﾀｶﾊﾞﾀ
0005,ﾐﾂﾋﾞｼﾕ-ｴﾌｼﾞｴｲ,298,ｻｶﾄﾞ
0005,ﾐﾂﾋﾞｼﾕ-ｴﾌｼﾞｴｲ,299,ﾅﾙｺ
0005,ﾐﾂﾋﾞｼﾕ-ｴﾌｼﾞｴｲ,300,ﾄｳｷﾖｳｺｳﾑﾌﾞ
0005,ﾐﾂﾋﾞｼﾕ-ｴﾌｼﾞｴｲ,301,ｲﾁﾉﾐﾔ
0005,ﾐﾂﾋﾞｼﾕ-ｴﾌｼﾞｴｲ,303,ｺｳﾎｸﾆﾕ-ﾀｳﾝ
0005,ﾐﾂﾋﾞｼﾕ-ｴﾌｼﾞｴｲ,304,ｶﾅｻﾞﾜﾌﾞﾝｺｴｷﾏｴ
0005,ﾐﾂﾋﾞｼﾕ-ｴﾌｼﾞｴｲ,305,ﾄｺﾅﾒ
0005,ﾐﾂﾋﾞｼﾕ-ｴﾌｼﾞｴｲ,306,ｷｿｶﾞﾜ
0005,ﾐﾂﾋﾞｼﾕ-ｴﾌｼﾞｴｲ,307,ｺｳﾅﾝﾀﾞｲ
0005,ﾐﾂﾋﾞｼﾕ-ｴﾌｼﾞｴｲ,308,ｵｵｸﾗﾔﾏ
0005,ﾐﾂﾋﾞｼﾕ-ｴﾌｼﾞｴｲ,309,ｶﾐﾅｶﾞﾔ
0005,ﾐﾂﾋﾞｼﾕ-ｴﾌｼﾞｴｲ,310,ﾐﾄ
0005,ﾐﾂﾋﾞｼﾕ-ｴﾌｼﾞｴｲ,311,ﾄｳｶｲ
0005,ﾐﾂﾋﾞｼﾕ-ｴﾌｼﾞｴｲ,312,ｺﾞｺｳ
0005,ﾐﾂﾋﾞｼﾕ-ｴﾌｼﾞｴｲ,313,ﾌﾘｺﾐﾀﾞｲｲﾁ
0005,ﾐﾂﾋﾞｼﾕ-ｴﾌｼﾞｴｲ,314,ｾﾝﾀﾞｲ
0005,ﾐﾂﾋﾞｼﾕ-ｴﾌｼﾞｴｲ,315,ﾄｳｷﾖｳｼﾞﾖｼｲﾀﾞｲ
0005,ﾐﾂﾋﾞｼﾕ-ｴﾌｼﾞｴｲ,316,ﾌﾂｻ
0005,ﾐﾂﾋﾞｼﾕ-ｴﾌｼﾞｴｲ,317,ﾌﾘｺﾐﾀﾞｲﾆ
0005,ﾐﾂﾋﾞｼﾕ-ｴﾌｼﾞｴｲ,318,ｴﾊﾞﾗ
0005,ﾐﾂﾋﾞｼﾕ-ｴﾌｼﾞｴｲ,319,ﾋｶﾞｼﾏﾂﾊﾞﾗ
0005,ﾐﾂﾋﾞｼﾕ-ｴﾌｼﾞｴｲ,320,ｾﾝﾀﾞｲﾁﾕｳｵｳ
0005,ﾐﾂﾋﾞｼﾕ-ｴﾌｼﾞｴｲ,321,ﾄｳｷﾖｳｴｲｷﾞﾖｳﾌﾞ
0005,ﾐﾂﾋﾞｼﾕ-ｴﾌｼﾞｴｲ,322,ﾎﾘﾄﾞﾒ
0005,ﾐﾂﾋﾞｼﾕ-ｴﾌｼﾞｴｲ,323,ｺﾏｷ
0005,ﾐﾂﾋﾞｼﾕ-ｴﾌｼﾞｴｲ,324,ｷﾖｳﾊﾞｼﾁﾕｳｵｳ
0005,ﾐﾂﾋﾞｼﾕ-ｴﾌｼﾞｴｲ,325,ｷﾞﾝｻﾞ
0005,ﾐﾂﾋﾞｼﾕ-ｴﾌｼﾞｴｲ,326,ﾂｷｼﾏ
0005,ﾐﾂﾋﾞｼﾕ-ｴﾌｼﾞｴｲ,327,ｻﾂﾎﾟﾛﾁﾕｳｵｳ
0005,ﾐﾂﾋﾞｼﾕ-ｴﾌｼﾞｴｲ,329,ｼﾝｼﾞﾕｸｼﾝﾄｼﾝ
0005,ﾐﾂﾋﾞｼﾕ-ｴﾌｼﾞｴｲ,330,ﾋﾋﾞﾔ
0005,ﾐﾂﾋﾞｼﾕ-ｴﾌｼﾞｴｲ,331,ｶﾝﾀﾞ
0005,ﾐﾂﾋﾞｼﾕ-ｴﾌｼﾞｴｲ,332,ﾄﾗﾉﾓﾝﾁﾕｳｵｳ
0005,ﾐﾂﾋﾞｼﾕ-ｴﾌｼﾞｴｲ,333,ﾆﾎﾝﾊﾞｼﾁﾕｳｵｳ
0005,ﾐﾂﾋﾞｼﾕ-ｴﾌｼﾞｴｲ,335,ｶﾐｼﾔｸｼﾞｲ
0005,ﾐﾂﾋﾞｼﾕ-ｴﾌｼﾞｴｲ,336,ｱｻｸｻ
0005,ﾐﾂﾋﾞｼﾕ-ｴﾌｼﾞｴｲ,337,ｳｴﾉ
0005,ﾐﾂﾋﾞｼﾕ-ｴﾌｼﾞｴｲ,338,ﾓﾝｾﾞﾝﾅｶﾁﾖｳ
0005,ﾐﾂﾋﾞｼﾕ-ｴﾌｼﾞｴｲ,339,ｶﾒｲﾄﾞ
0005,ﾐﾂﾋﾞｼﾕ-ｴﾌｼﾞｴｲ,340,ﾖﾂﾔｻﾝﾁﾖｳﾒ
0005,ﾐﾂﾋﾞｼﾕ-ｴﾌｼﾞｴｲ,341,ｼﾝｼﾞﾕｸ
0005,ﾐﾂﾋﾞｼﾕ-ｴﾌｼﾞｴｲ,343,ﾅｶﾉｴｷﾐﾅﾐｸﾞﾁ
0005,ﾐﾂﾋﾞｼﾕ-ｴﾌｼﾞｴｲ,344,ｵｵﾌﾞ
0005,ﾐﾂﾋﾞｼﾕ-ｴﾌｼﾞｴｲ,345,ｼﾌﾞﾔﾁﾕｳｵｳ
0005,ﾐﾂﾋﾞｼﾕ-ｴﾌｼﾞｴｲ,346,ｱｻｶﾞﾔｴｷﾏｴ
0005,ﾐﾂﾋﾞｼﾕ-ｴﾌｼﾞｴｲ,347,ｴｲﾌｸﾁﾖｳ
0005,ﾐﾂﾋﾞｼﾕ-ｴﾌｼﾞｴｲ,348,ｼﾝﾊﾞｼｴｷﾏｴ
0005,ﾐﾂﾋﾞｼﾕ-ｴﾌｼﾞｴｲ,349,ｵﾔﾏﾀﾞｲ
0005,ﾐﾂﾋﾞｼﾕ-ｴﾌｼﾞｴｲ,350,ｵｵｲｽﾞﾐ
0005,ﾐﾂﾋﾞｼﾕ-ｴﾌｼﾞｴｲ,351,ﾎﾝｺﾞｳ
0005,ﾐﾂﾋﾞｼﾕ-ｴﾌｼﾞｴｲ,352,ｵｼｱｹﾞｴｷﾏｴ
0005,ﾐﾂﾋﾞｼﾕ-ｴﾌｼﾞｴｲ,353,ﾎﾝｼﾞﾖ
0005,ﾐﾂﾋﾞｼﾕ-ｴﾌｼﾞｴｲ,354,ｶﾂｼｶ
0005,ﾐﾂﾋﾞｼﾕ-ｴﾌｼﾞｴｲ,355,ﾕｳﾃﾝｼﾞ
0005,ﾐﾂﾋﾞｼﾕ-ｴﾌｼﾞｴｲ,357,ｵｵｲﾏﾁ
0005,ﾐﾂﾋﾞｼﾕ-ｴﾌｼﾞｴｲ,358,ｶﾗｽﾔﾏ
0005,ﾐﾂﾋﾞｼﾕ-ｴﾌｼﾞｴｲ,359,ｲｹﾌﾞｸﾛ
0005,ﾐﾂﾋﾞｼﾕ-ｴﾌｼﾞｴｲ,360,ﾐｶﾜｼﾏ
0005,ﾐﾂﾋﾞｼﾕ-ｴﾌｼﾞｴｲ,361,ｳﾗﾔｽ
0005,ﾐﾂﾋﾞｼﾕ-ｴﾌｼﾞｴｲ,362,ｶﾏﾀｴｷﾏｴ
0005,ﾐﾂﾋﾞｼﾕ-ｴﾌｼﾞｴｲ,363,ｼｽﾞｵｶ
0005,ﾐﾂﾋﾞｼﾕ-ｴﾌｼﾞｴｲ,364,ｵｵｸﾎﾞ
0005,ﾐﾂﾋﾞｼﾕ-ｴﾌｼﾞｴｲ,365,ｷﾁｼﾞﾖｳｼﾞｴｷﾏｴ
0005,ﾐﾂﾋﾞｼﾕ-ｴﾌｼﾞｴｲ,366,ﾑｻｼｻｶｲｴｷﾏｴ
0005,ﾐﾂﾋﾞｼﾕ-ｴﾌｼﾞｴｲ,367,ﾊﾁｵｳｼﾞ
0005,ﾐﾂﾋﾞｼﾕ-ｴﾌｼﾞｴｲ,368,ｾﾀｶﾞﾔｶﾐﾏﾁ
0005,ﾐﾂﾋﾞｼﾕ-ｴﾌｼﾞｴｲ,369,ｶﾐﾅﾘﾓﾝ
0005,ﾐﾂﾋﾞｼﾕ-ｴﾌｼﾞｴｲ,370,ｶﾜｻｷｴｷﾏｴ
0005,ﾐﾂﾋﾞｼﾕ-ｴﾌｼﾞｴｲ,371,ﾖｺﾊﾏﾁﾕｳｵｳ
0005,ﾐﾂﾋﾞｼﾕ-ｴﾌｼﾞｴｲ,372,ﾋﾞﾜｼﾞﾏ
0005,ﾐﾂﾋﾞｼﾕ-ｴﾌｼﾞｴｲ,373,ﾖｺﾊﾏﾊｸﾗｸ
0005,ﾐﾂﾋﾞｼﾕ-ｴﾌｼﾞｴｲ,374,ﾖｺﾊﾏﾆｼｸﾞﾁ
0005,ﾐﾂﾋﾞｼﾕ-ｴﾌｼﾞｴｲ,375,ﾑｻｼｺｽｷﾞ
0005,ﾐﾂﾋﾞｼﾕ-ｴﾌｼﾞｴｲ,376,ﾂﾙﾐｴｷﾏｴ
0005,ﾐﾂﾋﾞｼﾕ-ｴﾌｼﾞｴｲ,377,ｶﾅﾏﾁ
0005,ﾐﾂﾋﾞｼﾕ-ｴﾌｼﾞｴｲ,378,ﾄﾂｶｴｷﾏｴ
0005,ﾐﾂﾋﾞｼﾕ-ｴﾌｼﾞｴｲ,379,ｻｶﾞﾐﾊﾗﾁﾕｳｵｳ
0005,ﾐﾂﾋﾞｼﾕ-ｴﾌｼﾞｴｲ,380,ｼｷｴｷﾏｴ
0005,ﾐﾂﾋﾞｼﾕ-ｴﾌｼﾞｴｲ,381,ｺｼｶﾞﾔ
0005,ﾐﾂﾋﾞｼﾕ-ｴﾌｼﾞｴｲ,382,ｶﾜｺﾞｴ
0005,ﾐﾂﾋﾞｼﾕ-ｴﾌｼﾞｴｲ,383,ﾜﾗﾋﾞ
0005,ﾐﾂﾋﾞｼﾕ-ｴﾌｼﾞｴｲ,384,ｵｵﾐﾔ
0005,ﾐﾂﾋﾞｼﾕ-ｴﾌｼﾞｴｲ,385,ﾁﾊﾞﾁﾕｳｵｳ
0005,ﾐﾂﾋﾞｼﾕ-ｴﾌｼﾞｴｲ,386,ﾏﾂﾄﾞ
0005,ﾐﾂﾋﾞｼﾕ-ｴﾌｼﾞｴｲ,387,ｲﾁｶﾜﾔﾜﾀ
0005,ﾐﾂﾋﾞｼﾕ-ｴﾌｼﾞｴｲ,388,ﾌﾅﾊﾞｼｴｷﾏｴ
0005,ﾐﾂﾋﾞｼﾕ-ｴﾌｼﾞｴｲ,389,ｴｲﾃｲｴﾑﾄｳｶﾂ
0005,ﾐﾂﾋﾞｼﾕ-ｴﾌｼﾞｴｲ,390,ｵｵﾌﾅ
0005,ﾐﾂﾋﾞｼﾕ-ｴﾌｼﾞｴｲ,391,ｶｽｶﾍﾞｴｷﾏｴ
0005,ﾐﾂﾋﾞｼﾕ-ｴﾌｼﾞｴｲ,392,ﾂﾀﾞﾇﾏﾋｶﾞｼ
0005,ﾐﾂﾋﾞｼﾕ-ｴﾌｼﾞｴｲ,393,ｲﾅｻﾞﾜ
0005,ﾐﾂﾋﾞｼﾕ-ｴﾌｼﾞｴｲ,394,ｶﾅｻﾞﾜﾁﾕｳｵｳ
0005,ﾐﾂﾋﾞｼﾕ-ｴﾌｼﾞｴｲ,400,ｼﾞﾖｳｼﾝ
0005,ﾐﾂﾋﾞｼﾕ-ｴﾌｼﾞｴｲ,401,ﾅｺﾞﾔﾁﾕｳｵｳ
0005,ﾐﾂﾋﾞｼﾕ-ｴﾌｼﾞｴｲ,403,ｼﾝﾅｺﾞﾔｴｷﾏｴ
0005,ﾐﾂﾋﾞｼﾕ-ｴﾌｼﾞｴｲ,404,ﾄﾖﾀ
0005,ﾐﾂﾋﾞｼﾕ-ｴﾌｼﾞｴｲ,405,ｱﾂﾀ
0005,ﾐﾂﾋﾞｼﾕ-ｴﾌｼﾞｴｲ,408,ﾄﾖﾀﾐﾅﾐ
0005,ﾐﾂﾋﾞｼﾕ-ｴﾌｼﾞｴｲ,409,ｴﾋﾞﾅ
0005,ﾐﾂﾋﾞｼﾕ-ｴﾌｼﾞｴｲ,410,ｷﾀｵｶｻﾞｷ
0005,ﾐﾂﾋﾞｼﾕ-ｴﾌｼﾞｴｲ,411,ｶﾘﾔ
0005,ﾐﾂﾋﾞｼﾕ-ｴﾌｼﾞｴｲ,412,ﾁﾘﾕｳ
0005,ﾐﾂﾋﾞｼﾕ-ｴﾌｼﾞｴｲ,413,ｱﾝｼﾞﾖｳ
0005,ﾐﾂﾋﾞｼﾕ-ｴﾌｼﾞｴｲ,414,ﾀｶﾊﾏ
0005,ﾐﾂﾋﾞｼﾕ-ｴﾌｼﾞｴｲ,415,ｺｻｶ
0005,ﾐﾂﾋﾞｼﾕ-ｴﾌｼﾞｴｲ,416,ﾍｷﾅﾝ
0005,ﾐﾂﾋﾞｼﾕ-ｴﾌｼﾞｴｲ,417,ｱﾗﾀﾏﾊﾞｼ
0005,ﾐﾂﾋﾞｼﾕ-ｴﾌｼﾞｴｲ,418,ﾐﾖｼ
0005,ﾐﾂﾋﾞｼﾕ-ｴﾌｼﾞｴｲ,420,ﾐﾖｼｶﾞｵｶ
0005,ﾐﾂﾋﾞｼﾕ-ｴﾌｼﾞｴｲ,421,ｼﾔｸｼﾞｲｺｳｴﾝ
0005,ﾐﾂﾋﾞｼﾕ-ｴﾌｼﾞｴｲ,422,ｼﾝﾏﾙﾉｳﾁ
0005,ﾐﾂﾋﾞｼﾕ-ｴﾌｼﾞｴｲ,423,ﾋｶﾞｼｶﾘﾔ
0005,ﾐﾂﾋﾞｼﾕ-ｴﾌｼﾞｴｲ,424,ﾔﾄﾐ
0005,ﾐﾂﾋﾞｼﾕ-ｴﾌｼﾞｴｲ,425,ﾁﾕｳﾌﾞｺｸｻｲｸｳｺｳ
0005,ﾐﾂﾋﾞｼﾕ-ｴﾌｼﾞｴｲ,426,ﾆｲｶﾞﾀ
0005,ﾐﾂﾋﾞｼﾕ-ｴﾌｼﾞｴｲ,427,ﾄﾐｵ
0005,ﾐﾂﾋﾞｼﾕ-ｴﾌｼﾞｴｲ,428,ﾐｼﾏ
0005,ﾐﾂﾋﾞｼﾕ-ｴﾌｼﾞｴｲ,429,ﾌﾅﾎﾞﾘ
0005,ﾐﾂﾋﾞｼﾕ-ｴﾌｼﾞｴｲ,430,ﾑﾛﾏﾁ
0005,ﾐﾂﾋﾞｼﾕ-ｴﾌｼﾞｴｲ,431,ｷﾖｳﾄ
0005,ﾐﾂﾋﾞｼﾕ-ｴﾌｼﾞｴｲ,432,ﾄﾖﾅｶｴｷﾏｴ
0005,ﾐﾂﾋﾞｼﾕ-ｴﾌｼﾞｴｲ,433,ｼﾝﾊﾞｼ
0005,ﾐﾂﾋﾞｼﾕ-ｴﾌｼﾞｴｲ,434,ｷﾖｳﾄｴｷﾏｴ
0005,ﾐﾂﾋﾞｼﾕ-ｴﾌｼﾞｴｲ,435,ｻﾔﾏ
0005,ﾐﾂﾋﾞｼﾕ-ｴﾌｼﾞｴｲ,436,ﾄｳｼﾞ
0005,ﾐﾂﾋﾞｼﾕ-ｴﾌｼﾞｴｲ,440,ﾊﾝﾀﾞ
0005,ﾐﾂﾋﾞｼﾕ-ｴﾌｼﾞｴｲ,441,ﾆｼｼﾞﾝ
0005,ﾐﾂﾋﾞｼﾕ-ｴﾌｼﾞｴｲ,442,ｺｳ
0005,ﾐﾂﾋﾞｼﾕ-ｴﾌｼﾞｴｲ,443,ﾑｺｳｼﾞﾏ
0005,ﾐﾂﾋﾞｼﾕ-ｴﾌｼﾞｴｲ,445,ｼﾖｳｺﾞｲﾝ
0005,ﾐﾂﾋﾞｼﾕ-ｴﾌｼﾞｴｲ,446,ﾋｶﾞｼﾑｺｳﾏﾁ
0005,ﾐﾂﾋﾞｼﾕ-ｴﾌｼﾞｴｲ,447,ｺｳﾘ
0005,ﾐﾂﾋﾞｼﾕ-ｴﾌｼﾞｴｲ,448,ﾗｸｻｲ
0005,ﾐﾂﾋﾞｼﾕ-ｴﾌｼﾞｴｲ,449,ﾆｼｵ
0005,ﾐﾂﾋﾞｼﾕ-ｴﾌｼﾞｴｲ,450,ﾖﾂｶｲﾁﾁﾕｳｵｳ
0005,ﾐﾂﾋﾞｼﾕ-ｴﾌｼﾞｴｲ,451,ｲｽﾞﾐｶﾞｵｶ
0005,ﾐﾂﾋﾞｼﾕ-ｴﾌｼﾞｴｲ,452,ｸｻﾂ
0005,ﾐﾂﾋﾞｼﾕ-ｴﾌｼﾞｴｲ,453,ｺｳﾍﾞﾁﾕｳｵｳ
0005,ﾐﾂﾋﾞｼﾕ-ｴﾌｼﾞｴｲ,454,ｶｼﾜ
0005,ﾐﾂﾋﾞｼﾕ-ｴﾌｼﾞｴｲ,455,ﾔﾏﾄﾀｶﾀﾞ
0005,ﾐﾂﾋﾞｼﾕ-ｴﾌｼﾞｴｲ,456,ﾅｶﾓｽﾞ
0005,ﾐﾂﾋﾞｼﾕ-ｴﾌｼﾞｴｲ,457,ﾔﾏﾄｵｳｼﾞ
0005,ﾐﾂﾋﾞｼﾕ-ｴﾌｼﾞｴｲ,458,ｷﾝﾃﾂｶﾞｸｴﾝﾏｴ
0005,ﾐﾂﾋﾞｼﾕ-ｴﾌｼﾞｴｲ,459,ﾈﾘﾏ
0005,ﾐﾂﾋﾞｼﾕ-ｴﾌｼﾞｴｲ,461,ﾄﾖﾊｼ
0005,ﾐﾂﾋﾞｼﾕ-ｴﾌｼﾞｴｲ,462,ｻﾝﾉﾐﾔ
0005,ﾐﾂﾋﾞｼﾕ-ｴﾌｼﾞｴｲ,463,ｺﾏﾂｶﾞﾜ
0005,ﾐﾂﾋﾞｼﾕ-ｴﾌｼﾞｴｲ,464,ﾑｻｼｻｶｲ
0005,ﾐﾂﾋﾞｼﾕ-ｴﾌｼﾞｴｲ,465,ｶﾞﾏｺﾞｵﾘ
0005,ﾐﾂﾋﾞｼﾕ-ｴﾌｼﾞｴｲ,467,ﾀﾊﾗ
0005,ﾐﾂﾋﾞｼﾕ-ｴﾌｼﾞｴｲ,468,ﾇﾏﾂﾞ
0005,ﾐﾂﾋﾞｼﾕ-ｴﾌｼﾞｴｲ,469,ｼﾝｼﾞﾕｸﾁﾕｳｵｳ
0005,ﾐﾂﾋﾞｼﾕ-ｴﾌｼﾞｴｲ,470,ｼﾌﾞﾔﾒｲｼﾞﾄﾞｵﾘ
0005,ﾐﾂﾋﾞｼﾕ-ｴﾌｼﾞｴｲ,471,ﾄﾖﾊｼﾐﾅﾐ
0005,ﾐﾂﾋﾞｼﾕ-ｴﾌｼﾞｴｲ,472,ｱﾏｶﾞｻｷ
0005,ﾐﾂﾋﾞｼﾕ-ｴﾌｼﾞｴｲ,473,ｸｲｾ
0005,ﾐﾂﾋﾞｼﾕ-ｴﾌｼﾞｴｲ,474,ﾂｶｸﾞﾁ
0005,ﾐﾂﾋﾞｼﾕ-ｴﾌｼﾞｴｲ,475,ﾀﾞｲﾆﾘﾃ-ﾙｱｶｳﾝﾄ
0005,ﾐﾂﾋﾞｼﾕ-ｴﾌｼﾞｴｲ,477,ｲﾀﾐ
0005,ﾐﾂﾋﾞｼﾕ-ｴﾌｼﾞｴｲ,478,ｼﾞ-ﾋﾞ-ｵ-ﾄｳｷﾖｳ
0005,ﾐﾂﾋﾞｼﾕ-ｴﾌｼﾞｴｲ,479,ﾆｼﾉﾐﾔ
0005,ﾐﾂﾋﾞｼﾕ-ｴﾌｼﾞｴｲ,480,ﾖｺﾊﾏ
0005,ﾐﾂﾋﾞｼﾕ-ｴﾌｼﾞｴｲ,481,ｼﾕｸｶﾞﾜ
0005,ﾐﾂﾋﾞｼﾕ-ｴﾌｼﾞｴｲ,482,ﾄﾖｶﾜ
0005,ﾐﾂﾋﾞｼﾕ-ｴﾌｼﾞｴｲ,483,ｱｼﾔ
0005,ﾐﾂﾋﾞｼﾕ-ｴﾌｼﾞｴｲ,484,ﾅﾘﾀｸｳｺｳ
0005,ﾐﾂﾋﾞｼﾕ-ｴﾌｼﾞｴｲ,485,ﾀｶﾗﾂﾞｶﾅｶﾔﾏ
0005,ﾐﾂﾋﾞｼﾕ-ｴﾌｼﾞｴｲ,486,ﾅﾘﾀｸｳｺｳﾀﾞｲﾆﾋﾞﾙ
0005,ﾐﾂﾋﾞｼﾕ-ｴﾌｼﾞｴｲ,487,ｻｶｾｶﾞﾜ
0005,ﾐﾂﾋﾞｼﾕ-ｴﾌｼﾞｴｲ,488,ﾀｶﾏﾂ
0005,ﾐﾂﾋﾞｼﾕ-ｴﾌｼﾞｴｲ,489,ｵｶﾓﾄｴｷﾏｴ
0005,ﾐﾂﾋﾞｼﾕ-ｴﾌｼﾞｴｲ,490,ﾀｶﾗﾂﾞｶ
0005,ﾐﾂﾋﾞｼﾕ-ｴﾌｼﾞｴｲ,491,ﾀﾅﾍﾞ
0005,ﾐﾂﾋﾞｼﾕ-ｴﾌｼﾞｴｲ,492,ﾋｶﾞｼｺｳﾍﾞ
0005,ﾐﾂﾋﾞｼﾕ-ｴﾌｼﾞｴｲ,494,ﾆｼｱｶｼ
0005,ﾐﾂﾋﾞｼﾕ-ｴﾌｼﾞｴｲ,495,ｱｶｼ
0005,ﾐﾂﾋﾞｼﾕ-ｴﾌｼﾞｴｲ,496,ﾋﾒｼﾞ
0005,ﾐﾂﾋﾞｼﾕ-ｴﾌｼﾞｴｲ,497,ﾜｶﾔﾏ
0005,ﾐﾂﾋﾞｼﾕ-ｴﾌｼﾞｴｲ,498,ｳﾍﾞ
0005,ﾐﾂﾋﾞｼﾕ-ｴﾌｼﾞｴｲ,499,ｸｽﾞﾊ
0005,ﾐﾂﾋﾞｼﾕ-ｴﾌｼﾞｴｲ,500,ﾖｺﾊﾏﾌｼﾞｶﾞｵｶ
0005,ﾐﾂﾋﾞｼﾕ-ｴﾌｼﾞｴｲ,501,ｷﾖｳﾄﾁﾕｳｵｳ
0005,ﾐﾂﾋﾞｼﾕ-ｴﾌｼﾞｴｲ,503,ｶﾒｱﾘｴｷﾏｴ
0005,ﾐﾂﾋﾞｼﾕ-ｴﾌｼﾞｴｲ,504,ｻｲｲﾝ
0005,ﾐﾂﾋﾞｼﾕ-ｴﾌｼﾞｴｲ,505,ﾜｺｳ
0005,ﾐﾂﾋﾞｼﾕ-ｴﾌｼﾞｴｲ,506,ﾃﾞﾏﾁ
0005,ﾐﾂﾋﾞｼﾕ-ｴﾌｼﾞｴｲ,507,ｶﾅｻﾞﾜ
0005,ﾐﾂﾋﾞｼﾕ-ｴﾌｼﾞｴｲ,508,ﾌｼﾐ
0005,ﾐﾂﾋﾞｼﾕ-ｴﾌｼﾞｴｲ,509,ｼﾖｳﾅﾝﾀﾞｲ
0005,ﾐﾂﾋﾞｼﾕ-ｴﾌｼﾞｴｲ,510,ﾄｺﾛｻﾞﾜﾁﾕｳｵｳ
0005,ﾐﾂﾋﾞｼﾕ-ｴﾌｼﾞｴｲ,511,ﾋﾛｼﾏ
0005,ﾐﾂﾋﾞｼﾕ-ｴﾌｼﾞｴｲ,512,ｸﾆﾀﾁｴｷﾏｴ
0005,ﾐﾂﾋﾞｼﾕ-ｴﾌｼﾞｴｲ,513,ｽﾐﾖｼ
0005,ﾐﾂﾋﾞｼﾕ-ｴﾌｼﾞｴｲ,514,ﾄﾘﾂﾀﾞｲｶﾞｸｴｷｷﾀ
0005,ﾐﾂﾋﾞｼﾕ-ｴﾌｼﾞｴｲ,516,ﾌﾀｺﾀﾏｶﾞﾜ
0005,ﾐﾂﾋﾞｼﾕ-ｴﾌｼﾞｴｲ,517,ｻﾝﾀﾞ
0005,ﾐﾂﾋﾞｼﾕ-ｴﾌｼﾞｴｲ,518,ｵｵｻｶﾋﾞｼﾞﾈｽﾛ-ﾝﾌﾞ
0005,ﾐﾂﾋﾞｼﾕ-ｴﾌｼﾞｴｲ,519,ﾀｸﾞﾁ
0005,ﾐﾂﾋﾞｼﾕ-ｴﾌｼﾞｴｲ,520,ｵｵｻｶﾁﾕｳｵｳ
0005,ﾐﾂﾋﾞｼﾕ-ｴﾌｼﾞｴｲ,521,ｾﾝﾊﾞﾁﾕｳｵｳ
0005,ﾐﾂﾋﾞｼﾕ-ｴﾌｼﾞｴｲ,522,ﾌﾁﾕｳｴｷﾏｴ
0005,ﾐﾂﾋﾞｼﾕ-ｴﾌｼﾞｴｲ,523,ｼﾝｵｵｻｶｷﾀ
0005,ﾐﾂﾋﾞｼﾕ-ｴﾌｼﾞｴｲ,524,ﾋﾞｼﾞﾈｽﾛ-ﾝﾌﾞ
0005,ﾐﾂﾋﾞｼﾕ-ｴﾌｼﾞｴｲ,525,ﾐﾀｶﾁﾕｳｵｳ
0005,ﾐﾂﾋﾞｼﾕ-ｴﾌｼﾞｴｲ,526,ｶﾞｸｴﾝﾏｴｷﾀｸﾞﾁ
0005,ﾐﾂﾋﾞｼﾕ-ｴﾌｼﾞｴｲ,527,ｹｲﾊﾝｷﾖｳﾊﾞｼ
0005,ﾐﾂﾋﾞｼﾕ-ｴﾌｼﾞｴｲ,528,ﾈﾘﾏｴｷﾏｴ
0005,ﾐﾂﾋﾞｼﾕ-ｴﾌｼﾞｴｲ,529,ﾋﾖｼｴｷﾏｴ
0005,ﾐﾂﾋﾞｼﾕ-ｴﾌｼﾞｴｲ,530,ｳﾒﾀﾞﾁﾕｳｵｳ
0005,ﾐﾂﾋﾞｼﾕ-ｴﾌｼﾞｴｲ,531,ﾂ
0005,ﾐﾂﾋﾞｼﾕ-ｴﾌｼﾞｴｲ,532,ﾏﾂｻﾞｶ
0005,ﾐﾂﾋﾞｼﾕ-ｴﾌｼﾞｴｲ,533,ﾃﾝﾏ
0005,ﾐﾂﾋﾞｼﾕ-ｴﾌｼﾞｴｲ,534,ﾖﾂｶｲﾁ
0005,ﾐﾂﾋﾞｼﾕ-ｴﾌｼﾞｴｲ,536,ｸﾜﾅ
0005,ﾐﾂﾋﾞｼﾕ-ｴﾌｼﾞｴｲ,537,ｺﾞﾀﾝﾀﾞ
0005,ﾐﾂﾋﾞｼﾕ-ｴﾌｼﾞｴｲ,538,ｵｵﾔﾏﾀﾞ
0005,ﾐﾂﾋﾞｼﾕ-ｴﾌｼﾞｴｲ,540,ﾆｼｼﾝｻｲﾊﾞｼ
0005,ﾐﾂﾋﾞｼﾕ-ｴﾌｼﾞｴｲ,541,ﾅﾝﾊﾞｴｷﾏｴ
0005,ﾐﾂﾋﾞｼﾕ-ｴﾌｼﾞｴｲ,542,ｳｴﾛｸ
0005,ﾐﾂﾋﾞｼﾕ-ｴﾌｼﾞｴｲ,543,ﾎﾝﾃﾝﾀﾞｲｲﾁ
0005,ﾐﾂﾋﾞｼﾕ-ｴﾌｼﾞｴｲ,544,ｾｲｾｷｻｸﾗｶﾞｵｶ
0005,ﾐﾂﾋﾞｼﾕ-ｴﾌｼﾞｴｲ,545,ｵｵｻｶﾆｼ
0005,ﾐﾂﾋﾞｼﾕ-ｴﾌｼﾞｴｲ,546,ﾄｸｼﾏ
0005,ﾐﾂﾋﾞｼﾕ-ｴﾌｼﾞｴｲ,547,ﾂｼﾏ
0005,ﾐﾂﾋﾞｼﾕ-ｴﾌｼﾞｴｲ,548,ﾀﾅｼｴｷﾏｴ
0005,ﾐﾂﾋﾞｼﾕ-ｴﾌｼﾞｴｲ,549,ｼﾝｼﾛ
0005,ﾐﾂﾋﾞｼﾕ-ｴﾌｼﾞｴｲ,550,ｷﾞﾌ
0005,ﾐﾂﾋﾞｼﾕ-ｴﾌｼﾞｴｲ,551,ｲﾏｻﾞﾄｷﾀ
0005,ﾐﾂﾋﾞｼﾕ-ｴﾌｼﾞｴｲ,552,ﾅｶﾉｴｷﾏｴ
0005,ﾐﾂﾋﾞｼﾕ-ｴﾌｼﾞｴｲ,553,ﾘﾃ-ﾙｱｶｳﾝﾄ
0005,ﾐﾂﾋﾞｼﾕ-ｴﾌｼﾞｴｲ,554,ﾌﾅﾎﾞﾘｴｷﾏｴ
0005,ﾐﾂﾋﾞｼﾕ-ｴﾌｼﾞｴｲ,555,ｱﾍﾞﾉﾊﾞｼﾆｼ
0005,ﾐﾂﾋﾞｼﾕ-ｴﾌｼﾞｴｲ,556,ｷﾀﾊﾞﾀｹ
0005,ﾐﾂﾋﾞｼﾕ-ｴﾌｼﾞｴｲ,557,ｺｸﾌﾞﾝｼﾞ
0005,ﾐﾂﾋﾞｼﾕ-ｴﾌｼﾞｴｲ,558,ﾊﾏﾏﾂﾁﾖｳ
0005,ﾐﾂﾋﾞｼﾕ-ｴﾌｼﾞｴｲ,559,ﾁﾀ
0005,ﾐﾂﾋﾞｼﾕ-ｴﾌｼﾞｴｲ,561,ｼｽﾞｵｶﾁﾕｳｵｳ
0005,ﾐﾂﾋﾞｼﾕ-ｴﾌｼﾞｴｲ,562,ﾅｺﾞﾔﾋﾞ-ｴﾙﾌﾞ
0005,ﾐﾂﾋﾞｼﾕ-ｴﾌｼﾞｴｲ,563,ﾊﾏﾏﾂ
0005,ﾐﾂﾋﾞｼﾕ-ｴﾌｼﾞｴｲ,564,ﾐﾖｳｶﾞﾀﾞﾆ
0005,ﾐﾂﾋﾞｼﾕ-ｴﾌｼﾞｴｲ,567,ｸｶﾞﾔﾏ
0005,ﾐﾂﾋﾞｼﾕ-ｴﾌｼﾞｴｲ,568,ｲｹﾌﾞｸﾛﾆｼｸﾞﾁ
0005,ﾐﾂﾋﾞｼﾕ-ｴﾌｼﾞｴｲ,570,ｱｻﾞﾌﾞ
0005,ﾐﾂﾋﾞｼﾕ-ｴﾌｼﾞｴｲ,571,ﾌｸｵｶﾁﾕｳｵｳ
0005,ﾐﾂﾋﾞｼﾕ-ｴﾌｼﾞｴｲ,572,ｶﾄﾞﾏ
0005,ﾐﾂﾋﾞｼﾕ-ｴﾌｼﾞｴｲ,573,ｲﾊﾞﾗｷｴｷﾏｴ
0005,ﾐﾂﾋﾞｼﾕ-ｴﾌｼﾞｴｲ,574,ﾔｵｴｷﾏｴ
0005,ﾐﾂﾋﾞｼﾕ-ｴﾌｼﾞｴｲ,575,ﾀｶﾂｷｴｷﾏｴ
0005,ﾐﾂﾋﾞｼﾕ-ｴﾌｼﾞｴｲ,576,ｻｶｲｴｷﾏｴ
0005,ﾐﾂﾋﾞｼﾕ-ｴﾌｼﾞｴｲ,577,ｾﾝﾘﾁﾕｳｵｳｴｷﾏｴ
0005,ﾐﾂﾋﾞｼﾕ-ｴﾌｼﾞｴｲ,578,ｴｻｶｴｷﾏｴ
0005,ﾐﾂﾋﾞｼﾕ-ｴﾌｼﾞｴｲ,579,ｶﾀﾉ
0005,ﾐﾂﾋﾞｼﾕ-ｴﾌｼﾞｴｲ,580,ｱﾏｶﾞｻｷｴｷﾏｴ
0005,ﾐﾂﾋﾞｼﾕ-ｴﾌｼﾞｴｲ,581,ｺｳﾍﾞ
0005,ﾐﾂﾋﾞｼﾕ-ｴﾌｼﾞｴｲ,582,ｷﾔﾂｽﾙﾀｳﾝ
0005,ﾐﾂﾋﾞｼﾕ-ｴﾌｼﾞｴｲ,583,ﾋﾖｳｺﾞ
0005,ﾐﾂﾋﾞｼﾕ-ｴﾌｼﾞｴｲ,584,ﾋﾒｼﾞﾁﾕｳｵｳ
0005,ﾐﾂﾋﾞｼﾕ-ｴﾌｼﾞｴｲ,585,ｱｼﾔｷﾀ
0005,ﾐﾂﾋﾞｼﾕ-ｴﾌｼﾞｴｲ,586,ﾀｼﾞﾐ
0005,ﾐﾂﾋﾞｼﾕ-ｴﾌｼﾞｴｲ,587,ﾀｹﾄﾖ
0005,ﾐﾂﾋﾞｼﾕ-ｴﾌｼﾞｴｲ,588,ｼﾅｶﾞﾜｴｷﾏｴ
0005,ﾐﾂﾋﾞｼﾕ-ｴﾌｼﾞｴｲ,589,ｵｷﾞｸﾎﾞｴｷﾏｴ
0005,ﾐﾂﾋﾞｼﾕ-ｴﾌｼﾞｴｲ,590,ﾁﾖｳﾌ
0005,ﾐﾂﾋﾞｼﾕ-ｴﾌｼﾞｴｲ,591,ﾀﾏｾﾝﾀ-
0005,ﾐﾂﾋﾞｼﾕ-ｴﾌｼﾞｴｲ,592,ﾀﾁｶﾜﾁﾕｳｵｳ
0005,ﾐﾂﾋﾞｼﾕ-ｴﾌｼﾞｴｲ,593,ﾄﾖﾅｶ
0005,ﾐﾂﾋﾞｼﾕ-ｴﾌｼﾞｴｲ,594,ﾊｺﾞﾛﾓ
0005,ﾐﾂﾋﾞｼﾕ-ｴﾌｼﾞｴｲ,596,ｶﾒｱﾘ
0005,ﾐﾂﾋﾞｼﾕ-ｴﾌｼﾞｴｲ,597,ｿｳｶｼﾝﾃﾞﾝ
0005,ﾐﾂﾋﾞｼﾕ-ｴﾌｼﾞｴｲ,601,ｵｶﾔﾏｴｷﾏｴ
0005,ﾐﾂﾋﾞｼﾕ-ｴﾌｼﾞｴｲ,602,ﾌｸﾔﾏ
0005,ﾐﾂﾋﾞｼﾕ-ｴﾌｼﾞｴｲ,603,ﾋﾛｼﾏﾁﾕｳｵｳ
0005,ﾐﾂﾋﾞｼﾕ-ｴﾌｼﾞｴｲ,604,ﾄｸﾔﾏ
0005,ﾐﾂﾋﾞｼﾕ-ｴﾌｼﾞｴｲ,605,ﾂﾁｳﾗ
0005,ﾐﾂﾋﾞｼﾕ-ｴﾌｼﾞｴｲ,606,ｲﾙﾏ
0005,ﾐﾂﾋﾞｼﾕ-ｴﾌｼﾞｴｲ,607,ｳﾗﾔｽｴｷﾏｴ
0005,ﾐﾂﾋﾞｼﾕ-ｴﾌｼﾞｴｲ,608,ｱｵﾔﾏ
0005,ﾐﾂﾋﾞｼﾕ-ｴﾌｼﾞｴｲ,609,ｱｶｻｶ
0005,ﾐﾂﾋﾞｼﾕ-ｴﾌｼﾞｴｲ,610,ﾋｶﾞｼｴﾋﾞｽ
0005,ﾐﾂﾋﾞｼﾕ-ｴﾌｼﾞｴｲ,611,ﾀｶﾉﾀﾞｲ
0005,ﾐﾂﾋﾞｼﾕ-ｴﾌｼﾞｴｲ,612,ﾔﾁﾖ
0005,ﾐﾂﾋﾞｼﾕ-ｴﾌｼﾞｴｲ,613,ｻｷﾞﾇﾏ
0005,ﾐﾂﾋﾞｼﾕ-ｴﾌｼﾞｴｲ,614,ｶｻｲ
0005,ﾐﾂﾋﾞｼﾕ-ｴﾌｼﾞｴｲ,615,ｺﾞﾀﾝﾀﾞｴｷﾏｴ
0005,ﾐﾂﾋﾞｼﾕ-ｴﾌｼﾞｴｲ,616,ｺｳｼﾞﾏﾁ
0005,ﾐﾂﾋﾞｼﾕ-ｴﾌｼﾞｴｲ,617,ﾀｶｼﾏﾀﾞｲﾗ
0005,ﾐﾂﾋﾞｼﾕ-ｴﾌｼﾞｴｲ,618,ｵｵｲ
0005,ﾐﾂﾋﾞｼﾕ-ｴﾌｼﾞｴｲ,619,ｲﾁｶﾜ
0005,ﾐﾂﾋﾞｼﾕ-ｴﾌｼﾞｴｲ,620,ﾀｶﾏﾂﾁﾕｳｵｳ
0005,ﾐﾂﾋﾞｼﾕ-ｴﾌｼﾞｴｲ,621,ﾂﾙﾐ
0005,ﾐﾂﾋﾞｼﾕ-ｴﾌｼﾞｴｲ,622,ﾈﾘﾏﾋｶﾘｶﾞｵｶ
0005,ﾐﾂﾋﾞｼﾕ-ｴﾌｼﾞｴｲ,623,ﾏﾁﾀﾞｴｷﾏｴ
0005,ﾐﾂﾋﾞｼﾕ-ｴﾌｼﾞｴｲ,624,ｶﾝｻｲｸｳｺｳ
0005,ﾐﾂﾋﾞｼﾕ-ｴﾌｼﾞｴｲ,626,ｱｷﾊﾊﾞﾗ
0005,ﾐﾂﾋﾞｼﾕ-ｴﾌｼﾞｴｲ,627,ﾊﾗｼﾞﾕｸ
0005,ﾐﾂﾋﾞｼﾕ-ｴﾌｼﾞｴｲ,628,ｽﾞｼ
0005,ﾐﾂﾋﾞｼﾕ-ｴﾌｼﾞｴｲ,629,ﾀﾏﾌﾟﾗ-ｻﾞ
0005,ﾐﾂﾋﾞｼﾕ-ｴﾌｼﾞｴｲ,630,ｶｽｶﾍﾞ
0005,ﾐﾂﾋﾞｼﾕ-ｴﾌｼﾞｴｲ,631,ﾆｼｶｻｲ
0005,ﾐﾂﾋﾞｼﾕ-ｴﾌｼﾞｴｲ,634,ｷﾊﾞﾌｶｶﾞﾜ
0005,ﾐﾂﾋﾞｼﾕ-ｴﾌｼﾞｴｲ,635,ﾄﾂｶ
0005,ﾐﾂﾋﾞｼﾕ-ｴﾌｼﾞｴｲ,637,ｻﾂﾎﾟﾛ
0005,ﾐﾂﾋﾞｼﾕ-ｴﾌｼﾞｴｲ,638,ｼﾝﾏﾂﾄﾞ
0005,ﾐﾂﾋﾞｼﾕ-ｴﾌｼﾞｴｲ,640,ﾂﾅｼﾏ
0005,ﾐﾂﾋﾞｼﾕ-ｴﾌｼﾞｴｲ,641,ﾒｼﾞﾛ
0005,ﾐﾂﾋﾞｼﾕ-ｴﾌｼﾞｴｲ,642,ｼﾓｱｶﾂｶｴｷﾏｴ
0005,ﾐﾂﾋﾞｼﾕ-ｴﾌｼﾞｴｲ,643,ﾅｶﾒｸﾞﾛ
0005,ﾐﾂﾋﾞｼﾕ-ｴﾌｼﾞｴｲ,644,ｵｵﾓﾘｴｷﾏｴ
0005,ﾐﾂﾋﾞｼﾕ-ｴﾌｼﾞｴｲ,646,ﾆｼｼﾝｼﾞﾕｸ
0005,ﾐﾂﾋﾞｼﾕ-ｴﾌｼﾞｴｲ,647,ｾｲｼﾞﾖｳｶﾞｸｴﾝﾏｴ
0005,ﾐﾂﾋﾞｼﾕ-ｴﾌｼﾞｴｲ,648,ｼﾑﾗｻｶｳｴ
0005,ﾐﾂﾋﾞｼﾕ-ｴﾌｼﾞｴｲ,649,ﾅｶﾒｸﾞﾛｴｷﾏｴ
0005,ﾐﾂﾋﾞｼﾕ-ｴﾌｼﾞｴｲ,650,ｷﾀｷﾕｳｼﾕｳ
0005,ﾐﾂﾋﾞｼﾕ-ｴﾌｼﾞｴｲ,651,ﾋﾗｶﾀ
0005,ﾐﾂﾋﾞｼﾕ-ｴﾌｼﾞｴｲ,652,ﾌｸｵｶ
0005,ﾐﾂﾋﾞｼﾕ-ｴﾌｼﾞｴｲ,653,ﾐﾀ
0005,ﾐﾂﾋﾞｼﾕ-ｴﾌｼﾞｴｲ,654,ﾅｶﾞｻｷ
0005,ﾐﾂﾋﾞｼﾕ-ｴﾌｼﾞｴｲ,655,ｸﾏﾓﾄ
0005,ﾐﾂﾋﾞｼﾕ-ｴﾌｼﾞｴｲ,656,ﾑｻｼｼﾝｼﾞﾖｳ
0005,ﾐﾂﾋﾞｼﾕ-ｴﾌｼﾞｴｲ,657,ﾀｶﾀﾉﾊﾞﾊﾞｴｷﾏｴ
0005,ﾐﾂﾋﾞｼﾕ-ｴﾌｼﾞｴｲ,658,ｵｵﾔﾏｴｷﾏｴ
0005,ﾐﾂﾋﾞｼﾕ-ｴﾌｼﾞｴｲ,660,ﾅｶﾑﾗ
0005,ﾐﾂﾋﾞｼﾕ-ｴﾌｼﾞｴｲ,661,ﾀｹﾉﾂｶ
0005,ﾐﾂﾋﾞｼﾕ-ｴﾌｼﾞｴｲ,663,ﾛｸﾊﾞﾝﾁﾖｳ
0005,ﾐﾂﾋﾞｼﾕ-ｴﾌｼﾞｴｲ,664,ｲｲﾀﾞﾊﾞｼ
0005,ﾐﾂﾋﾞｼﾕ-ｴﾌｼﾞｴｲ,666,ｱｷﾊﾊﾞﾗｴｷﾏｴ
0005,ﾐﾂﾋﾞｼﾕ-ｴﾌｼﾞｴｲ,669,ｳﾗﾜ
0005,ﾐﾂﾋﾞｼﾕ-ｴﾌｼﾞｴｲ,670,ﾓﾄﾔﾏ
0005,ﾐﾂﾋﾞｼﾕ-ｴﾌｼﾞｴｲ,671,ｷｻﾗﾂﾞ
0005,ﾐﾂﾋﾞｼﾕ-ｴﾌｼﾞｴｲ,672,ﾌﾀﾏﾀｶﾞﾜ
0005,ﾐﾂﾋﾞｼﾕ-ｴﾌｼﾞｴｲ,673,ﾖｺｽｶ
0005,ﾐﾂﾋﾞｼﾕ-ｴﾌｼﾞｴｲ,675,ｺｸﾌﾞﾝｼﾞｴｷﾏｴ
0005,ﾐﾂﾋﾞｼﾕ-ｴﾌｼﾞｴｲ,677,ｻｻｼﾞﾏ
0005,ﾐﾂﾋﾞｼﾕ-ｴﾌｼﾞｴｲ,678,ｶﾌﾞﾄﾞﾂﾄｺﾑ
0005,ﾐﾂﾋﾞｼﾕ-ｴﾌｼﾞｴｲ,680,ﾒｸﾞﾛ
0005,ﾐﾂﾋﾞｼﾕ-ｴﾌｼﾞｴｲ,682,ｴｲﾌｸﾁﾖｳｴｷﾏｴ
0005,ﾐﾂﾋﾞｼﾕ-ｴﾌｼﾞｴｲ,683,ｲﾉｺｲｼ
0005,ﾐﾂﾋﾞｼﾕ-ｴﾌｼﾞｴｲ,685,ﾋｶﾞｼﾏﾂﾔﾏ
0005,ﾐﾂﾋﾞｼﾕ-ｴﾌｼﾞｴｲ,686,ﾄｸｼｹﾞ
0005,ﾐﾂﾋﾞｼﾕ-ｴﾌｼﾞｴｲ,693,ｵｵｿﾞﾈ
0005,ﾐﾂﾋﾞｼﾕ-ｴﾌｼﾞｴｲ,694,ｶｻﾃﾞﾗ
0005,ﾐﾂﾋﾞｼﾕ-ｴﾌｼﾞｴｲ,697,ﾉﾅﾐ
0005,ﾐﾂﾋﾞｼﾕ-ｴﾌｼﾞｴｲ,700,ｻﾝｹﾞﾝﾁﾞﾔﾔ
0005,ﾐﾂﾋﾞｼﾕ-ｴﾌｼﾞｴｲ,702,ﾅｶﾔﾏ
0005,ﾐﾂﾋﾞｼﾕ-ｴﾌｼﾞｴｲ,704,ｲﾇﾔﾏ
0005,ﾐﾂﾋﾞｼﾕ-ｴﾌｼﾞｴｲ,707,ｱﾂｷﾞ
0005,ﾐﾂﾋﾞｼﾕ-ｴﾌｼﾞｴｲ,709,ｶﾅｻﾞﾜﾌﾞﾝｺ
0005,ﾐﾂﾋﾞｼﾕ-ｴﾌｼﾞｴｲ,710,ｲｽﾞﾐｻﾉ
0005,ﾐﾂﾋﾞｼﾕ-ｴﾌｼﾞｴｲ,713,ｼﾂﾞ
0005,ﾐﾂﾋﾞｼﾕ-ｴﾌｼﾞｴｲ,717,ﾐﾉｵ
0005,ﾐﾂﾋﾞｼﾕ-ｴﾌｼﾞｴｲ,718,ｵｶｻﾞｷｴｷﾏｴ
0005,ﾐﾂﾋﾞｼﾕ-ｴﾌｼﾞｴｲ,719,ﾅﾗ
0005,ﾐﾂﾋﾞｼﾕ-ｴﾌｼﾞｴｲ,720,ﾁﾖｳﾌﾐﾅﾐ
0005,ﾐﾂﾋﾞｼﾕ-ｴﾌｼﾞｴｲ,723,ﾊｽﾀﾞ
0005,ﾐﾂﾋﾞｼﾕ-ｴﾌｼﾞｴｲ,724,ｿｳｶｴｷﾏｴ
0005,ﾐﾂﾋﾞｼﾕ-ｴﾌｼﾞｴｲ,727,ﾜｺｳｴｷﾏｴ
0005,ﾐﾂﾋﾞｼﾕ-ｴﾌｼﾞｴｲ,728,ｱｵﾊﾞﾀﾞｲ
0005,ﾐﾂﾋﾞｼﾕ-ｴﾌｼﾞｴｲ,732,ﾐﾅﾐﾌｼﾞｻﾜ
0005,ﾐﾂﾋﾞｼﾕ-ｴﾌｼﾞｴｲ,738,ｿﾌﾞｴ
0005,ﾐﾂﾋﾞｼﾕ-ｴﾌｼﾞｴｲ,740,ｵｶｻﾞｷ
0005,ﾐﾂﾋﾞｼﾕ-ｴﾌｼﾞｴｲ,741,ｵｶﾔﾏ
0005,ﾐﾂﾋﾞｼﾕ-ｴﾌｼﾞｴｲ,744,ｼﾝｺｲﾜ
0005,ﾐﾂﾋﾞｼﾕ-ｴﾌｼﾞｴｲ,745,ﾆﾂｼﾝ
0005,ﾐﾂﾋﾞｼﾕ-ｴﾌｼﾞｴｲ,748,ﾆｼｵｷﾞｸﾎﾞ
0005,ﾐﾂﾋﾞｼﾕ-ｴﾌｼﾞｴｲ,749,ｼﾝﾄﾐﾁﾖｳ
0005,ﾐﾂﾋﾞｼﾕ-ｴﾌｼﾞｴｲ,752,ｳｴﾀﾞ
0005,ﾐﾂﾋﾞｼﾕ-ｴﾌｼﾞｴｲ,753,ﾌﾞﾗﾃﾞｽｺ
0005,ﾐﾂﾋﾞｼﾕ-ｴﾌｼﾞｴｲ,754,ｺｳｷﾖｳﾀﾞｲｲﾁ
0005,ﾐﾂﾋﾞｼﾕ-ｴﾌｼﾞｴｲ,755,ﾋﾞｼﾞﾈｽｱｶｳﾝﾄ
0005,ﾐﾂﾋﾞｼﾕ-ｴﾌｼﾞｴｲ,756,ﾄﾖｱｹ
0005,ﾐﾂﾋﾞｼﾕ-ｴﾌｼﾞｴｲ,757,ｺｳｿﾞｳｼﾞ
0005,ﾐﾂﾋﾞｼﾕ-ｴﾌｼﾞｴｲ,758,ﾋｲﾗｷﾞ
0005,ﾐﾂﾋﾞｼﾕ-ｴﾌｼﾞｴｲ,760,ｷｻﾗｷﾞ
0005,ﾐﾂﾋﾞｼﾕ-ｴﾌｼﾞｴｲ,762,ﾖｳｶﾞ
0005,ﾐﾂﾋﾞｼﾕ-ｴﾌｼﾞｴｲ,763,ｵｳｼﾞｴｷﾏｴ
0005,ﾐﾂﾋﾞｼﾕ-ｴﾌｼﾞｴｲ,764,ｲﾝﾀ-ﾈﾂﾄ
0005,ﾐﾂﾋﾞｼﾕ-ｴﾌｼﾞｴｲ,765,ｸﾙﾒ
0005,ﾐﾂﾋﾞｼﾕ-ｴﾌｼﾞｴｲ,766,ﾄﾝﾀﾞﾊﾞﾔｼ
0005,ﾐﾂﾋﾞｼﾕ-ｴﾌｼﾞｴｲ,767,ｻｶﾞﾐｵｵﾉ
0005,ﾐﾂﾋﾞｼﾕ-ｴﾌｼﾞｴｲ,769,ﾓﾘﾔﾏ
0005,ﾐﾂﾋﾞｼﾕ-ｴﾌｼﾞｴｲ,770,ｽｶﾞﾓ
0005,ﾐﾂﾋﾞｼﾕ-ｴﾌｼﾞｴｲ,772,ｼﾊﾞﾀ
0005,ﾐﾂﾋﾞｼﾕ-ｴﾌｼﾞｴｲ,777,ｸｽﾉｷ
0005,ﾐﾂﾋﾞｼﾕ-ｴﾌｼﾞｴｲ,780,ｷｼﾜﾀﾞ
0005,ﾐﾂﾋﾞｼﾕ-ｴﾌｼﾞｴｲ,784,ｱﾘﾏﾂ
0005,ﾐﾂﾋﾞｼﾕ-ｴﾌｼﾞｴｲ,785,ﾋﾗﾂｶ
0005,ﾐﾂﾋﾞｼﾕ-ｴﾌｼﾞｴｲ,786,ﾅｶﾂｶﾞﾜ
0005,ﾐﾂﾋﾞｼﾕ-ｴﾌｼﾞｴｲ,787,ｵｵﾐﾉ
0005,ﾐﾂﾋﾞｼﾕ-ｴﾌｼﾞｴｲ,788,ｲﾜﾀ
0005,ﾐﾂﾋﾞｼﾕ-ｴﾌｼﾞｴｲ,789,ﾀｲｼﾖｳﾊﾞｼ
0005,ﾐﾂﾋﾞｼﾕ-ｴﾌｼﾞｴｲ,790,ｲｹﾀﾞ
0005,ﾐﾂﾋﾞｼﾕ-ｴﾌｼﾞｴｲ,792,ｳﾁﾀﾞﾊﾞｼ
0005,ﾐﾂﾋﾞｼﾕ-ｴﾌｼﾞｴｲ,793,ｵｵｶﾞｷ
0005,ﾐﾂﾋﾞｼﾕ-ｴﾌｼﾞｴｲ,794,ｼﾞﾕｳｶﾞｵｶ
0005,ﾐﾂﾋﾞｼﾕ-ｴﾌｼﾞｴｲ,795,ｺｳｼｴﾝ
0005,ﾐﾂﾋﾞｼﾕ-ｴﾌｼﾞｴｲ,796,ｵﾜﾘｱｻﾋ
0005,ﾐﾂﾋﾞｼﾕ-ｴﾌｼﾞｴｲ,797,ﾓﾘｸﾞﾁ
0005,ﾐﾂﾋﾞｼﾕ-ｴﾌｼﾞｴｲ,798,ｷﾝｼﾁﾖｳｴｷﾏｴ
0005,ﾐﾂﾋﾞｼﾕ-ｴﾌｼﾞｴｲ,799,ｲﾁｶﾜｴｷﾏｴ
0005,ﾐﾂﾋﾞｼﾕ-ｴﾌｼﾞｴｲ,800,ｲﾜｸﾗ
0005,ﾐﾂﾋﾞｼﾕ-ｴﾌｼﾞｴｲ,802,ｳﾐｶｾﾞ
0005,ﾐﾂﾋﾞｼﾕ-ｴﾌｼﾞｴｲ,804,ｷﾖﾅﾐ
0005,ﾐﾂﾋﾞｼﾕ-ｴﾌｼﾞｴｲ,805,ﾔﾏﾋﾞｺ
0005,ﾐﾂﾋﾞｼﾕ-ｴﾌｼﾞｴｲ,807,ﾊﾂﾊﾙ
0005,ﾐﾂﾋﾞｼﾕ-ｴﾌｼﾞｴｲ,809,ﾜｶﾀｹ
0005,ﾐﾂﾋﾞｼﾕ-ｴﾌｼﾞｴｲ,814,ﾒｲｹﾞﾂ
0005,ﾐﾂﾋﾞｼﾕ-ｴﾌｼﾞｴｲ,820,ﾅｶﾞﾀ
0005,ﾐﾂﾋﾞｼﾕ-ｴﾌｼﾞｴｲ,822,ｼﾝｵｵｻｶ
0005,ﾐﾂﾋﾞｼﾕ-ｴﾌｼﾞｴｲ,824,ﾄﾖﾅｶｼﾖｳﾅｲ
0005,ﾐﾂﾋﾞｼﾕ-ｴﾌｼﾞｴｲ,825,ｵｵｻｶｷﾖｳﾊﾞｼ
0005,ﾐﾂﾋﾞｼﾕ-ｴﾌｼﾞｴｲ,826,ﾋｶﾞｼｵｵｻｶﾁﾕｳｵｳ
0005,ﾐﾂﾋﾞｼﾕ-ｴﾌｼﾞｴｲ,829,ｾﾂﾂ
0005,ﾐﾂﾋﾞｼﾕ-ｴﾌｼﾞｴｲ,830,ｺｳﾅﾝ
0005,ﾐﾂﾋﾞｼﾕ-ｴﾌｼﾞｴｲ,831,ﾆｺｽﾌﾘｺﾐ
0005,ﾐﾂﾋﾞｼﾕ-ｴﾌｼﾞｴｲ,833,ｲﾁﾉﾐﾔﾋｶﾞｼ
0005,ﾐﾂﾋﾞｼﾕ-ｴﾌｼﾞｴｲ,847,ｲ-ｽﾏ-ﾄ
0005,ﾐﾂﾋﾞｼﾕ-ｴﾌｼﾞｴｲ,848,ｼﾗﾕｷ
0005,ﾐﾂﾋﾞｼﾕ-ｴﾌｼﾞｴｲ,849,ｱｻｷﾞﾘ
0005,ﾐﾂﾋﾞｼﾕ-ｴﾌｼﾞｴｲ,851,ｲﾁﾖｳ
0005,ﾐﾂﾋﾞｼﾕ-ｴﾌｼﾞｴｲ,855,ｱｹﾎﾞﾉ
0005,ﾐﾂﾋﾞｼﾕ-ｴﾌｼﾞｴｲ,860,ｼｵｻｲ
0005,ﾐﾂﾋﾞｼﾕ-ｴﾌｼﾞｴｲ,862,ｽｽﾞｶｾﾞ
0005,ﾐﾂﾋﾞｼﾕ-ｴﾌｼﾞｴｲ,864,ﾆｼﾅﾅｼﾞﾖｳ
0005,ﾐﾂﾋﾞｼﾕ-ｴﾌｼﾞｴｲ,865,ｾｲｳﾝ
0005,ﾐﾂﾋﾞｼﾕ-ｴﾌｼﾞｴｲ,867,ﾐｶﾂﾞｷ
0005,ﾐﾂﾋﾞｼﾕ-ｴﾌｼﾞｴｲ,868,ｽｲｾｲ
0005,ﾐﾂﾋﾞｼﾕ-ｴﾌｼﾞｴｲ,869,ﾅﾂｸﾞﾓ
0005,ﾐﾂﾋﾞｼﾕ-ｴﾌｼﾞｴｲ,870,ｳｸﾞｲｽ
0005,ﾐﾂﾋﾞｼﾕ-ｴﾌｼﾞｴｲ,871,ｷｷﾖｳ
0005,ﾐﾂﾋﾞｼﾕ-ｴﾌｼﾞｴｲ,872,ﾊﾙｶｾﾞ
0005,ﾐﾂﾋﾞｼﾕ-ｴﾌｼﾞｴｲ,873,ﾐﾂﾋﾞｼUFJMSｼﾖｳｹﾝ
0005,ﾐﾂﾋﾞｼﾕ-ｴﾌｼﾞｴｲ,875,ｿｳｹﾞﾝ
0005,ﾐﾂﾋﾞｼﾕ-ｴﾌｼﾞｴｲ,877,ｺｳｷﾖｳﾀﾞｲﾆ
0005,ﾐﾂﾋﾞｼﾕ-ｴﾌｼﾞｴｲ,879,ﾌｳｹﾞﾂ
0005,ﾐﾂﾋﾞｼﾕ-ｴﾌｼﾞｴｲ,883,ｵｶｻﾝｼﾖｳｹﾝﾌﾘｺﾐ
0005,ﾐﾂﾋﾞｼﾕ-ｴﾌｼﾞｴｲ,885,ﾊﾅｿﾞﾉ
0005,ﾐﾂﾋﾞｼﾕ-ｴﾌｼﾞｴｲ,894,ｵﾜﾘｼﾝｶﾜ
0005,ﾐﾂﾋﾞｼﾕ-ｴﾌｼﾞｴｲ,895,ｲﾀﾊﾞｼ
0005,ﾐﾂﾋﾞｼﾕ-ｴﾌｼﾞｴｲ,899,ﾄｳｶｲﾄｳｷﾖｳｼﾖｳｹﾝ
0005,ﾐﾂﾋﾞｼﾕ-ｴﾌｼﾞｴｲ,900,ﾈﾂﾄﾃﾞﾛ-ﾝ
0005,ﾐﾂﾋﾞｼﾕ-ｴﾌｼﾞｴｲ,934,ｽﾐﾚ
0005,ﾐﾂﾋﾞｼﾕ-ｴﾌｼﾞｴｲ,936,ﾀﾝﾎﾟﾎﾟ
0005,ﾐﾂﾋﾞｼﾕ-ｴﾌｼﾞｴｲ,938,ﾆｼﾞｲﾛ
0005,ﾐﾂﾋﾞｼﾕ-ｴﾌｼﾞｴｲ,942,ﾅﾉﾊﾅ
0005,ﾐﾂﾋﾞｼﾕ-ｴﾌｼﾞｴｲ,946,ﾏﾝｹﾞﾂ
0005,ﾐﾂﾋﾞｼﾕ-ｴﾌｼﾞｴｲ,965,ﾕｳｶﾞｵ
0005,ﾐﾂﾋﾞｼﾕ-ｴﾌｼﾞｴｲ,967,ﾊﾞﾝｸｲﾂｸﾌﾘｺﾐ
0009,ﾐﾂｲｽﾐﾄﾓ,001,ｼﾞﾝﾎﾞｳﾁﾖｳ
0009,ﾐﾂｲｽﾐﾄﾓ,005,ｶｽｶﾍﾞ
0009,ﾐﾂｲｽﾐﾄﾓ,007,ﾆｲｶﾞﾀ
0009,ﾐﾂｲｽﾐﾄﾓ,008,ﾅｶﾞﾉ
0009,ﾐﾂｲｽﾐﾄﾓ,009,ｳｴﾀﾞ
0009,ﾐﾂｲｽﾐﾄﾓ,012,ｳｼｸ
0009,ﾐﾂｲｽﾐﾄﾓ,015,ﾄｳｷﾖｳﾁﾕｳｵｳ
0009,ﾐﾂｲｽﾐﾄﾓ,018,ｽﾜ
0009,ﾐﾂｲｽﾐﾄﾓ,020,ﾔｺｳ
0009,ﾐﾂｲｽﾐﾄﾓ,022,ｵﾔﾏ
0009,ﾐﾂｲｽﾐﾄﾓ,026,ｷﾞﾝｻﾞ
0009,ﾐﾂｲｽﾐﾄﾓ,027,ﾏｴﾊﾞｼ
0009,ﾐﾂｲｽﾐﾄﾓ,029,ｶﾒｱﾘ
0009,ﾐﾂｲｽﾐﾄﾓ,030,ｷﾀﾐ
0009,ﾐﾂｲｽﾐﾄﾓ,031,ﾋｶﾜﾀﾞｲ
0009,ﾐﾂｲｽﾐﾄﾓ,032,ｵｵﾀ
0009,ﾐﾂｲｽﾐﾄﾓ,034,ﾆﾎﾝﾊﾞｼﾋｶﾞｼ
0009,ﾐﾂｲｽﾐﾄﾓ,038,ｸﾏｶﾞﾔ
0009,ﾐﾂｲｽﾐﾄﾓ,039,ｶﾜｸﾞﾁ
0009,ﾐﾂｲｽﾐﾄﾓ,040,ｳﾗﾜ
0009,ﾐﾂｲｽﾐﾄﾓ,045,ｵｵｻｶｺｳﾑﾌﾞ
0009,ﾐﾂｲｽﾐﾄﾓ,055,ﾍﾟｲﾍﾟｲｶ-ﾄﾞ
0009,ﾐﾂｲｽﾐﾄﾓ,056,ｵｹｶﾞﾜ
0009,ﾐﾂｲｽﾐﾄﾓ,057,ｶﾐﾌｸｵｶ
0009,ﾐﾂｲｽﾐﾄﾓ,058,ｻｶﾄﾞ
0009,ﾐﾂｲｽﾐﾄﾓ,064,ﾈﾘﾏ
0009,ﾐﾂｲｽﾐﾄﾓ,066,ﾁﾊﾞ
0009,ﾐﾂｲｽﾐﾄﾓ,070,ﾅﾗｼﾉ
0009,ﾐﾂｲｽﾐﾄﾓ,073,ｱﾔﾒ
0009,ﾐﾂｲｽﾐﾄﾓ,074,ｷｻﾗﾂﾞ
0009,ﾐﾂｲｽﾐﾄﾓ,075,ｻｸﾗ
0009,ﾐﾂｲｽﾐﾄﾓ,077,ﾓﾄﾔﾜﾀ
0009,ﾐﾂｲｽﾐﾄﾓ,078,ﾖﾂｶｲﾄﾞｳ
0009,ﾐﾂｲｽﾐﾄﾓ,081,ﾁﾊﾞﾆﾕ-ﾀｳﾝ
0009,ﾐﾂｲｽﾐﾄﾓ,082,ﾆｼｵｷﾞｸﾎﾞ
0009,ﾐﾂｲｽﾐﾄﾓ,083,ｵﾘ-ﾌﾞｼﾞｴｲﾄﾞ
0009,ﾐﾂｲｽﾐﾄﾓ,087,ﾍﾟｲﾍﾟｲｶ-ﾄﾞﾀﾞｲﾆ
0009,ﾐﾂｲｽﾐﾄﾓ,089,ｺｳｴﾝｼﾞ
0009,ﾐﾂｲｽﾐﾄﾓ,091,ｸﾛ-ﾊﾞ-
0009,ﾐﾂｲｽﾐﾄﾓ,094,ｶﾞｸﾀﾞｲﾏｴ
0009,ﾐﾂｲｽﾐﾄﾓ,096,ﾄｳｷﾖｳｺｳﾑﾌﾞ
0009,ﾐﾂｲｽﾐﾄﾓ,097,ｶﾏﾀﾆｼ
0009,ﾐﾂｲｽﾐﾄﾓ,099,ﾊﾀﾉﾀﾞｲ
0009,ﾐﾂｲｽﾐﾄﾓ,101,ｵｵｻｶﾎﾝﾃﾝ
0009,ﾐﾂｲｽﾐﾄﾓ,103,ﾋﾞﾝｺﾞﾏﾁ
0009,ﾐﾂｲｽﾐﾄﾓ,105,ｲﾏｻﾞﾄ
0009,ﾐﾂｲｽﾐﾄﾓ,106,ｳｴﾏﾁ
0009,ﾐﾂｲｽﾐﾄﾓ,107,ﾂﾙﾊｼ
0009,ﾐﾂｲｽﾐﾄﾓ,109,ｲｸﾉ
0009,ﾐﾂｲｽﾐﾄﾓ,110,ﾀﾏﾂｸﾘ
0009,ﾐﾂｲｽﾐﾄﾓ,111,ﾅﾝﾊﾞ
0009,ﾐﾂｲｽﾐﾄﾓ,114,ﾃﾝﾉｳｼﾞｴｷﾏｴ
0009,ﾐﾂｲｽﾐﾄﾓ,115,ﾋﾞｼﾖｳｴﾝ
0009,ﾐﾂｲｽﾐﾄﾓ,117,ｺﾊﾏ
0009,ﾐﾂｲｽﾐﾄﾓ,118,ﾋﾗﾉ
0009,ﾐﾂｲｽﾐﾄﾓ,119,ﾆｼﾉﾀﾞ
0009,ﾐﾂｲｽﾐﾄﾓ,121,ﾐﾅﾄ
0009,ﾐﾂｲｽﾐﾄﾓ,122,ｾﾝﾊﾞ
0009,ﾐﾂｲｽﾐﾄﾓ,123,ｲﾀﾁﾎﾞﾘ
0009,ﾐﾂｲｽﾐﾄﾓ,124,ﾀｲｼﾖｳｸ
0009,ﾐﾂｲｽﾐﾄﾓ,125,ｼｶﾝｼﾞﾏ
0009,ﾐﾂｲｽﾐﾄﾓ,126,ｳﾀｼﾞﾏﾊﾞｼ
0009,ﾐﾂｲｽﾐﾄﾓ,127,ｳﾒﾀﾞ
0009,ﾐﾂｲｽﾐﾄﾓ,129,ﾐﾅﾐﾓﾘﾏﾁ
0009,ﾐﾂｲｽﾐﾄﾓ,130,ﾃﾝﾛｸ
0009,ﾐﾂｲｽﾐﾄﾓ,131,ﾃﾝﾏﾊﾞｼ
0009,ﾐﾂｲｽﾐﾄﾓ,132,ｼﾞﾖｳﾄｳ
0009,ﾐﾂｲｽﾐﾄﾓ,134,ｼﾞﾕｳｿｳ
0009,ﾐﾂｲｽﾐﾄﾓ,138,ｱｶｶﾞﾜﾁﾖｳ
0009,ﾐﾂｲｽﾐﾄﾓ,139,ｹｲﾊﾝｷﾖｳﾊﾞｼ
0009,ﾐﾂｲｽﾐﾄﾓ,140,ｾﾝﾊﾞﾔｼ
0009,ﾐﾂｲｽﾐﾄﾓ,141,ｺﾏｶﾞﾜﾁﾖｳ
0009,ﾐﾂｲｽﾐﾄﾓ,142,ｾﾝｿﾞｸ
0009,ﾐﾂｲｽﾐﾄﾓ,143,ﾃﾗﾀﾞﾁﾖｳ
0009,ﾐﾂｲｽﾐﾄﾓ,144,ﾌｶｴﾊﾞｼ
0009,ﾐﾂｲｽﾐﾄﾓ,148,ｵｵｻｶﾋﾞｼﾞﾈｽﾊﾟ-ｸ
0009,ﾐﾂｲｽﾐﾄﾓ,150,ｽﾅﾏﾁ
0009,ﾐﾂｲｽﾐﾄﾓ,151,ﾋｶﾞｼｵｵｻｶ
0009,ﾐﾂｲｽﾐﾄﾓ,152,ﾀｶﾂｷ
0009,ﾐﾂｲｽﾐﾄﾓ,153,ｲｹﾀﾞ
0009,ﾐﾂｲｽﾐﾄﾓ,154,ﾄﾖﾅｶ
0009,ﾐﾂｲｽﾐﾄﾓ,156,ﾓﾘｸﾞﾁ
0009,ﾐﾂｲｽﾐﾄﾓ,157,ﾈﾔｶﾞﾜ
0009,ﾐﾂｲｽﾐﾄﾓ,158,ﾋﾗｶﾀ
0009,ﾐﾂｲｽﾐﾄﾓ,159,ｼﾝｲｼｷﾘ
0009,ﾐﾂｲｽﾐﾄﾓ,160,ﾜｶｴｲﾜﾀ
0009,ﾐﾂｲｽﾐﾄﾓ,161,ﾔｵ
0009,ﾐﾂｲｽﾐﾄﾓ,162,ﾌｼﾞｲﾃﾞﾗ
0009,ﾐﾂｲｽﾐﾄﾓ,163,ﾄﾝﾀﾞﾊﾞﾔｼ
0009,ﾐﾂｲｽﾐﾄﾓ,164,ｶﾜﾁﾅｶﾞﾉ
0009,ﾐﾂｲｽﾐﾄﾓ,165,ﾄｸｱﾝ
0009,ﾐﾂｲｽﾐﾄﾓ,166,ｺｻｶ
0009,ﾐﾂｲｽﾐﾄﾓ,167,ｼﾖｳﾅｲ
0009,ﾐﾂｲｽﾐﾄﾓ,168,ｶﾄﾞﾏ
0009,ﾐﾂｲｽﾐﾄﾓ,169,ｲﾊﾞﾗｷ
0009,ﾐﾂｲｽﾐﾄﾓ,170,ﾏﾂﾊﾞﾗ
0009,ﾐﾂｲｽﾐﾄﾓ,171,ｷｼﾜﾀﾞ
0009,ﾐﾂｲｽﾐﾄﾓ,172,ｺｳﾅﾝﾀﾞｲ
0009,ﾐﾂｲｽﾐﾄﾓ,173,ｽﾞｼ
0009,ﾐﾂｲｽﾐﾄﾓ,174,ｻﾉ
0009,ﾐﾂｲｽﾐﾄﾓ,175,ｶｲﾂﾞｶ
0009,ﾐﾂｲｽﾐﾄﾓ,176,ｲｽﾞﾐｵｵﾂ
0009,ﾐﾂｲｽﾐﾄﾓ,177,ｲｽﾞﾐ
0009,ﾐﾂｲｽﾐﾄﾓ,178,ｻｶｲ
0009,ﾐﾂｲｽﾐﾄﾓ,179,ﾊﾏﾃﾞﾗ
0009,ﾐﾂｲｽﾐﾄﾓ,180,ｵｵﾄﾘ
0009,ﾐﾂｲｽﾐﾄﾓ,181,ｾﾝﾅﾝ
0009,ﾐﾂｲｽﾐﾄﾓ,182,ﾐﾉｵｼﾔｸｼﾖ
0009,ﾐﾂｲｽﾐﾄﾓ,183,ｸｽﾞﾊ
0009,ﾐﾂｲｽﾐﾄﾓ,184,ｺｳﾘｶﾞｵｶ
0009,ﾐﾂｲｽﾐﾄﾓ,185,ﾐﾉｵ
0009,ﾐﾂｲｽﾐﾄﾓ,186,ﾊﾋﾞｷﾉ
0009,ﾐﾂｲｽﾐﾄﾓ,187,ｾﾝﾎﾞｸﾄｶﾞ
0009,ﾐﾂｲｽﾐﾄﾓ,189,ﾐﾅﾐｾﾝﾘ
0009,ﾐﾂｲｽﾐﾄﾓ,190,ﾏﾁﾀﾞﾔﾏｻﾞｷ
0009,ﾐﾂｲｽﾐﾄﾓ,191,ﾂｷﾐﾉ
0009,ﾐﾂｲｽﾐﾄﾓ,192,ﾋｶﾞｼﾄﾖﾅｶ
0009,ﾐﾂｲｽﾐﾄﾓ,193,ｴｻｶ
0009,ﾐﾂｲｽﾐﾄﾓ,194,ｺﾝｺﾞｳ
0009,ﾐﾂｲｽﾐﾄﾓ,195,ｲｼﾊﾞｼ
0009,ﾐﾂｲｽﾐﾄﾓ,197,ﾓﾘｸﾞﾁｼｴｷﾏｴ
0009,ﾐﾂｲｽﾐﾄﾓ,198,ｻｸﾗｲ
0009,ﾐﾂｲｽﾐﾄﾓ,200,ﾎﾝﾃﾝ
0009,ﾐﾂｲｽﾐﾄﾓ,201,ﾄﾘﾃﾞ
0009,ﾐﾂｲｽﾐﾄﾓ,204,ﾐﾂｷﾖｳ
0009,ﾐﾂｲｽﾐﾄﾓ,206,ｷﾞﾖｳﾄｸ
0009,ﾐﾂｲｽﾐﾄﾓ,209,ｻﾙﾋﾞｱ
0009,ﾐﾂｲｽﾐﾄﾓ,210,ｺｳﾍﾞｺｳﾑﾌﾞ
0009,ﾐﾂｲｽﾐﾄﾓ,211,ﾄｳｷﾖｳｴｲｷﾞﾖｳﾌﾞ
0009,ﾐﾂｲｽﾐﾄﾓ,212,ﾆﾝｷﾞﾖｳﾁﾖｳ
0009,ﾐﾂｲｽﾐﾄﾓ,216,ｼﾝﾊﾞｼ
0009,ﾐﾂｲｽﾐﾄﾓ,217,ｶｷｵ
0009,ﾐﾂｲｽﾐﾄﾓ,218,ｺｳｼﾞﾏﾁ
0009,ﾐﾂｲｽﾐﾄﾓ,219,ｶﾝﾀﾞ
0009,ﾐﾂｲｽﾐﾄﾓ,220,ｶﾝﾀﾞｴｷﾏｴ
0009,ﾐﾂｲｽﾐﾄﾓ,221,ｼﾝｼﾞﾕｸ
0009,ﾐﾂｲｽﾐﾄﾓ,222,ｾｲｼﾞﾖｳ
0009,ﾐﾂｲｽﾐﾄﾓ,223,ﾅｶﾉ
0009,ﾐﾂｲｽﾐﾄﾓ,225,ｲｹﾌﾞｸﾛ
0009,ﾐﾂｲｽﾐﾄﾓ,226,ｱｶﾊﾞﾈ
0009,ﾐﾂｲｽﾐﾄﾓ,227,ｵｵﾂｶ
0009,ﾐﾂｲｽﾐﾄﾓ,228,ﾊｸｻﾝ
0009,ﾐﾂｲｽﾐﾄﾓ,230,ｱｻｸｻ
0009,ﾐﾂｲｽﾐﾄﾓ,231,ｶﾂｼｶ
0009,ﾐﾂｲｽﾐﾄﾓ,232,ｼﾝｺｲﾜ
0009,ﾐﾂｲｽﾐﾄﾓ,234,ｼﾌﾞﾔｴｷﾏｴ
0009,ﾐﾂｲｽﾐﾄﾓ,235,ﾄﾘﾂﾀﾞｲｶﾞｸｴｷﾏｴ
0009,ﾐﾂｲｽﾐﾄﾓ,237,ﾃﾞﾝｴﾝﾁﾖｳﾌ
0009,ﾐﾂｲｽﾐﾄﾓ,238,ｴﾊﾞﾗ
0009,ﾐﾂｲｽﾐﾄﾓ,239,ｶﾏﾀ
0009,ﾐﾂｲｽﾐﾄﾓ,242,ｲｽﾞﾐﾉ
0009,ﾐﾂｲｽﾐﾄﾓ,244,ﾂｸﾊﾞ
0009,ﾐﾂｲｽﾐﾄﾓ,245,ﾏﾙﾉｳﾁ
0009,ﾐﾂｲｽﾐﾄﾓ,247,ﾐﾀｶ
0009,ﾐﾂｲｽﾐﾄﾓ,248,ｾﾝｼﾞﾕ
0009,ﾐﾂｲｽﾐﾄﾓ,249,ﾅｶﾑﾗﾊﾞｼ
0009,ﾐﾂｲｽﾐﾄﾓ,254,ｶﾒｲﾄﾞ
0009,ﾐﾂｲｽﾐﾄﾓ,255,ｼﾓﾀｶｲﾄﾞ
0009,ﾐﾂｲｽﾐﾄﾓ,258,ｱｵﾔﾏ
0009,ﾐﾂｲｽﾐﾄﾓ,259,ｼﾝｼﾞﾕｸﾆｼｸﾞﾁ
0009,ﾐﾂｲｽﾐﾄﾓ,261,ﾀｶﾊﾀﾌﾄﾞｳ
0009,ﾐﾂｲｽﾐﾄﾓ,266,ﾀｶｼﾏﾀﾞｲﾗ
0009,ﾐﾂｲｽﾐﾄﾓ,268,ｷﾀﾉ
0009,ﾐﾂｲｽﾐﾄﾓ,270,ｱｻﾞﾌﾞ
0009,ﾐﾂｲｽﾐﾄﾓ,273,ﾀｶﾀﾞﾉﾊﾞﾊﾞ
0009,ﾐﾂｲｽﾐﾄﾓ,276,ﾆｼｶｻｲ
0009,ﾐﾂｲｽﾐﾄﾓ,278,ﾄﾖﾀﾋﾞﾙ
0009,ﾐﾂｲｽﾐﾄﾓ,285,ﾋﾉ
0009,ﾐﾂｲｽﾐﾄﾓ,288,ﾋｶﾘｶﾞｵｶ
0009,ﾐﾂｲｽﾐﾄﾓ,290,ﾋﾛｵ
0009,ﾐﾂｲｽﾐﾄﾓ,296,ﾑｻｼｻｶｲ
0009,ﾐﾂｲｽﾐﾄﾓ,298,ﾘﾖｸｴﾝﾄｼ
0009,ﾐﾂｲｽﾐﾄﾓ,301,ｻﾂﾎﾟﾛ
0009,ﾐﾂｲｽﾐﾄﾓ,302,ﾅﾀﾞ
0009,ﾐﾂｲｽﾐﾄﾓ,306,ｺｳﾅﾝ
0009,ﾐﾂｲｽﾐﾄﾓ,307,ｽﾐﾖｼ
0009,ﾐﾂｲｽﾐﾄﾓ,308,ﾐｶｹﾞ
0009,ﾐﾂｲｽﾐﾄﾓ,311,ｾﾝﾀﾞｲ
0009,ﾐﾂｲｽﾐﾄﾓ,313,ｺｳﾍﾞｴｷﾏｴ
0009,ﾐﾂｲｽﾐﾄﾓ,315,ﾐﾅﾄｶﾞﾜ
0009,ﾐﾂｲｽﾐﾄﾓ,320,ﾋﾖｳｺﾞ
0009,ﾐﾂｲｽﾐﾄﾓ,321,ﾖｺﾊﾏﾁﾕｳｵｳ
0009,ﾐﾂｲｽﾐﾄﾓ,322,ｼﾝﾖｺﾊﾏ
0009,ﾐﾂｲｽﾐﾄﾓ,325,ﾌﾅﾊﾞｼ
0009,ﾐﾂｲｽﾐﾄﾓ,329,ﾂﾅｼﾏ
0009,ﾐﾂｲｽﾐﾄﾓ,330,ｶﾅｻﾞﾜﾌﾞﾝｺ
0009,ﾐﾂｲｽﾐﾄﾓ,332,ｼｽﾞｵｶ
0009,ﾐﾂｲｽﾐﾄﾓ,334,ﾀﾏﾌﾟﾗ-ｻﾞ
0009,ﾐﾂｲｽﾐﾄﾓ,337,ｾｲｼﾝﾁﾕｳｵｳ
0009,ﾐﾂｲｽﾐﾄﾓ,338,ｺｳﾍﾞｶﾞｸｴﾝﾄｼ
0009,ﾐﾂｲｽﾐﾄﾓ,339,ﾛﾂｺｳｱｲﾗﾝﾄﾞ
0009,ﾐﾂｲｽﾐﾄﾓ,341,ｿｳｶ
0009,ﾐﾂｲｽﾐﾄﾓ,344,ｺｼｶﾞﾔ
0009,ﾐﾂｲｽﾐﾄﾓ,345,ﾄｺﾛｻﾞﾜ
0009,ﾐﾂｲｽﾐﾄﾓ,346,ﾌｼﾞｻﾜ
0009,ﾐﾂｲｽﾐﾄﾓ,347,ﾔﾏﾄ
0009,ﾐﾂｲｽﾐﾄﾓ,348,ｽｽﾞﾗﾝﾀﾞｲ
0009,ﾐﾂｲｽﾐﾄﾓ,349,ﾆｲｻﾞｼｷ
0009,ﾐﾂｲｽﾐﾄﾓ,351,ｶﾀｾﾔﾏ
0009,ﾐﾂｲｽﾐﾄﾓ,352,ﾕﾘｶﾞｵｶ
0009,ﾐﾂｲｽﾐﾄﾓ,353,ﾑｻｼﾅｶﾊﾗ
0009,ﾐﾂｲｽﾐﾄﾓ,354,ｼｷﾆﾕ-ﾀｳﾝ
0009,ﾐﾂｲｽﾐﾄﾓ,355,ｲﾀﾐ
0009,ﾐﾂｲｽﾐﾄﾓ,356,ｶﾜﾆｼ
0009,ﾐﾂｲｽﾐﾄﾓ,360,ｼﾝﾕﾘｶﾞｵｶ
0009,ﾐﾂｲｽﾐﾄﾓ,362,ｵｷﾞｸﾎﾞ
0009,ﾐﾂｲｽﾐﾄﾓ,366,ｶﾅｻﾞﾜ
0009,ﾐﾂｲｽﾐﾄﾓ,368,ｲﾀﾔﾄﾞ
0009,ﾐﾂｲｽﾐﾄﾓ,369,ｽﾏ
0009,ﾐﾂｲｽﾐﾄﾓ,370,ﾆｼﾉﾐﾔ
0009,ﾐﾂｲｽﾐﾄﾓ,371,ﾀﾙﾐ
0009,ﾐﾂｲｽﾐﾄﾓ,372,ｺｳｼｴﾝｸﾞﾁ
0009,ﾐﾂｲｽﾐﾄﾓ,374,ｼﾕｸｶﾞﾜ
0009,ﾐﾂｲｽﾐﾄﾓ,375,ﾆｼﾉﾐﾔｷﾀｸﾞﾁ
0009,ﾐﾂｲｽﾐﾄﾓ,376,ｺｳﾄｳ
0009,ﾐﾂｲｽﾐﾄﾓ,377,ﾀｶﾗﾂﾞｶ
0009,ﾐﾂｲｽﾐﾄﾓ,378,ｻｶｾｶﾞﾜ
0009,ﾐﾂｲｽﾐﾄﾓ,379,ｱｼﾔ
0009,ﾐﾂｲｽﾐﾄﾓ,380,ｱｼﾔｴｷﾏｴ
0009,ﾐﾂｲｽﾐﾄﾓ,382,ｺｳﾎｸﾆﾕ-ﾀｳﾝ
0009,ﾐﾂｲｽﾐﾄﾓ,387,ｷﾀｽｽﾞﾗﾝﾀﾞｲ
0009,ﾐﾂｲｽﾐﾄﾓ,390,ｴ-ﾃｲ-ｴﾑﾄｳｶﾂ
0009,ﾐﾂｲｽﾐﾄﾓ,391,ｻﾝﾀﾞ
0009,ﾐﾂｲｽﾐﾄﾓ,392,ｻｻﾔﾏ
0009,ﾐﾂｲｽﾐﾄﾓ,394,ﾌﾗﾜ-ﾀｳﾝ
0009,ﾐﾂｲｽﾐﾄﾓ,395,ｳﾂﾃﾞｲﾀｳﾝ
0009,ﾐﾂｲｽﾐﾄﾓ,396,ﾌｼﾞﾜﾗﾀﾞｲ
0009,ﾐﾂｲｽﾐﾄﾓ,400,ﾅｶﾞﾀ
0009,ﾐﾂｲｽﾐﾄﾓ,402,ﾅｺﾞﾔｴｷﾏｴ
0009,ﾐﾂｲｽﾐﾄﾓ,403,ﾄﾗﾝｸﾉ-ｽ
0009,ﾐﾂｲｽﾐﾄﾓ,404,ﾄﾖﾊｼ
0009,ﾐﾂｲｽﾐﾄﾓ,407,ｷﾞﾌ
0009,ﾐﾂｲｽﾐﾄﾓ,408,ﾅｺﾞﾔｻｶｴ
0009,ﾐﾂｲｽﾐﾄﾓ,410,ｻﾝﾉﾐﾔ
0009,ﾐﾂｲｽﾐﾄﾓ,411,ｽﾓﾄ
0009,ﾐﾂｲｽﾐﾄﾓ,416,ﾄﾗﾝｸｻｳｽ
0009,ﾐﾂｲｽﾐﾄﾓ,419,ｱﾏｶﾞｻｷ
0009,ﾐﾂｲｽﾐﾄﾓ,420,ﾂｶｸﾞﾁ
0009,ﾐﾂｲｽﾐﾄﾓ,421,ﾛﾂｺｳ
0009,ﾐﾂｲｽﾐﾄﾓ,422,ｿﾉﾀﾞ
0009,ﾐﾂｲｽﾐﾄﾓ,423,ｱﾏｶﾞｻｷｼﾔｸｼﾖ
0009,ﾐﾂｲｽﾐﾄﾓ,424,ﾑｺﾉｿｳ
0009,ﾐﾂｲｽﾐﾄﾓ,425,ｱｶｼ
0009,ﾐﾂｲｽﾐﾄﾓ,426,ｵｵｸﾎﾞ
0009,ﾐﾂｲｽﾐﾄﾓ,427,ﾁﾕｳｵｳﾘﾝｶﾝ
0009,ﾐﾂｲｽﾐﾄﾓ,428,ﾋﾖｳｺﾞｹﾝﾁﾖｳ
0009,ﾐﾂｲｽﾐﾄﾓ,431,ｶｺｶﾞﾜ
0009,ﾐﾂｲｽﾐﾄﾓ,432,ﾋｶﾞｼｶｺｶﾞﾜ
0009,ﾐﾂｲｽﾐﾄﾓ,433,ﾍﾞﾌ
0009,ﾐﾂｲｽﾐﾄﾓ,434,ﾄﾗﾝｸｲ-ｽﾄ
0009,ﾐﾂｲｽﾐﾄﾓ,435,ﾀｶｻｺﾞ
0009,ﾐﾂｲｽﾐﾄﾓ,436,ｿﾈ
0009,ﾐﾂｲｽﾐﾄﾓ,438,ﾐｷ
0009,ﾐﾂｲｽﾐﾄﾓ,441,ﾆｼﾜｷ
0009,ﾐﾂｲｽﾐﾄﾓ,442,ﾐﾄﾞﾘｶﾞｵｶ
0009,ﾐﾂｲｽﾐﾄﾓ,443,ｵｵｻｶﾆｼ
0009,ﾐﾂｲｽﾐﾄﾓ,444,ﾎｳｼﾞﾖｳ
0009,ﾐﾂｲｽﾐﾄﾓ,448,ﾃﾝｶﾞﾁﾔﾔ
0009,ﾐﾂｲｽﾐﾄﾓ,449,ｱﾍﾞﾉ
0009,ﾐﾂｲｽﾐﾄﾓ,450,ﾆｼﾀﾅﾍﾞ
0009,ﾐﾂｲｽﾐﾄﾓ,451,ﾋﾒｼﾞ
0009,ﾐﾂｲｽﾐﾄﾓ,452,ﾄﾗﾝｸｳｴｽﾄ
0009,ﾐﾂｲｽﾐﾄﾓ,454,ﾐﾝﾄ
0009,ﾐﾂｲｽﾐﾄﾓ,455,ｼｶﾏ
0009,ﾐﾂｲｽﾐﾄﾓ,457,ﾋﾛﾊﾀ
0009,ﾐﾂｲｽﾐﾄﾓ,458,ｱﾎﾞｼ
0009,ﾐﾂｲｽﾐﾄﾓ,461,ﾋﾒｼﾞｼﾔｸｼﾖ
0009,ﾐﾂｲｽﾐﾄﾓ,463,ﾀﾂﾉ
0009,ﾐﾂｲｽﾐﾄﾓ,470,ﾄﾖｵｶ
0009,ﾐﾂｲｽﾐﾄﾓ,473,ｺｳﾌ
0009,ﾐﾂｲｽﾐﾄﾓ,477,ﾊﾏﾏﾂ
0009,ﾐﾂｲｽﾐﾄﾓ,481,ﾅｺﾞﾔ
0009,ﾐﾂｲｽﾐﾄﾓ,482,ｶﾐﾏｴﾂﾞ
0009,ﾐﾂｲｽﾐﾄﾓ,484,ﾓﾄﾔﾏ
0009,ﾐﾂｲｽﾐﾄﾓ,486,ｶﾘﾔ
0009,ﾐﾂｲｽﾐﾄﾓ,487,ﾄﾖﾀ
0009,ﾐﾂｲｽﾐﾄﾓ,491,ｴﾝﾏﾁ
0009,ﾐﾂｲｽﾐﾄﾓ,496,ｷﾖｳﾄ
0009,ﾐﾂｲｽﾐﾄﾓ,497,ﾏﾂﾄﾞ
0009,ﾐﾂｲｽﾐﾄﾓ,498,ｶｼﾜ
0009,ﾐﾂｲｽﾐﾄﾓ,500,ｺｳﾍﾞ
0009,ﾐﾂｲｽﾐﾄﾓ,501,ﾄﾔﾏ
0009,ﾐﾂｲｽﾐﾄﾓ,502,ﾌｸｲ
0009,ﾐﾂｲｽﾐﾄﾓ,505,ﾔﾁﾖ
0009,ﾐﾂｲｽﾐﾄﾓ,506,ｼﾝｵｵｻｶ
0009,ﾐﾂｲｽﾐﾄﾓ,507,ｶﾜｺﾞｴ
0009,ﾐﾂｲｽﾐﾄﾓ,508,ｶｺﾞｼﾏ
0009,ﾐﾂｲｽﾐﾄﾓ,512,ｼｼﾞﾖｳ
0009,ﾐﾂｲｽﾐﾄﾓ,513,ﾌｼﾐ
0009,ﾐﾂｲｽﾐﾄﾓ,514,ｵｵﾐﾔ
0009,ﾐﾂｲｽﾐﾄﾓ,516,ｺﾃｻｼ
0009,ﾐﾂｲｽﾐﾄﾓ,517,ﾐﾄﾞｳｽｼﾞ
0009,ﾐﾂｲｽﾐﾄﾓ,518,ﾄﾞｳｼﾞﾏ
0009,ﾐﾂｲｽﾐﾄﾓ,526,ｵｶﾓﾄ
0009,ﾐﾂｲｽﾐﾄﾓ,527,ﾀｶﾂｷｴｷﾏｴ
0009,ﾐﾂｲｽﾐﾄﾓ,533,ｸｲｾ
0009,ﾐﾂｲｽﾐﾄﾓ,536,ﾀﾁﾊﾞﾅ
0009,ﾐﾂｲｽﾐﾄﾓ,541,ﾅﾗ
0009,ﾐﾂｲｽﾐﾄﾓ,542,ﾜｶﾔﾏ
0009,ﾐﾂｲｽﾐﾄﾓ,543,ﾍｲｼﾞﾖｳ
0009,ﾐﾂｲｽﾐﾄﾓ,544,ﾔﾏﾄｺｵﾘﾔﾏ
0009,ﾐﾂｲｽﾐﾄﾓ,546,ｶﾞｸｴﾝﾏｴ
0009,ﾐﾂｲｽﾐﾄﾓ,547,ﾖｺﾊﾏｴｷﾏｴ
0009,ﾐﾂｲｽﾐﾄﾓ,548,ﾅﾘﾀ
0009,ﾐﾂｲｽﾐﾄﾓ,549,ｳﾗﾔｽ
0009,ﾐﾂｲｽﾐﾄﾓ,551,ｲﾀﾊﾞｼ
0009,ﾐﾂｲｽﾐﾄﾓ,556,ｾﾝﾘﾁﾕｳｵｳ
0009,ﾐﾂｲｽﾐﾄﾓ,558,ﾅｶﾓｽﾞ
0009,ﾐﾂｲｽﾐﾄﾓ,559,ｲﾊﾞﾗｷﾆｼ
0009,ﾐﾂｲｽﾐﾄﾓ,560,ｺｽﾓﾀﾜ-
0009,ﾐﾂｲｽﾐﾄﾓ,563,ﾔﾏﾓﾄ
0009,ﾐﾂｲｽﾐﾄﾓ,564,ﾋﾊﾞﾘｶﾞｵｶ
0009,ﾐﾂｲｽﾐﾄﾓ,565,ﾋﾗﾂｶ
0009,ﾐﾂｲｽﾐﾄﾓ,566,ｶﾐｵｵｵｶ
0009,ﾐﾂｲｽﾐﾄﾓ,567,ｶﾅｻﾞﾜﾊﾂｹｲ
0009,ﾐﾂｲｽﾐﾄﾓ,568,ﾌﾀﾏﾀｶﾞﾜ
0009,ﾐﾂｲｽﾐﾄﾓ,572,ﾂﾙﾐ
0009,ﾐﾂｲｽﾐﾄﾓ,573,ｱｻﾞﾐﾉ
0009,ﾐﾂｲｽﾐﾄﾓ,578,ﾋｶﾞｼｶﾅｶﾞﾜ
0009,ﾐﾂｲｽﾐﾄﾓ,579,ｱｵﾊﾞﾀﾞｲ
0009,ﾐﾂｲｽﾐﾄﾓ,582,ｺｳｼｴﾝ
0009,ﾐﾂｲｽﾐﾄﾓ,586,ﾜﾗﾋﾞ
0009,ﾐﾂｲｽﾐﾄﾓ,588,ﾖｺﾊﾏ
0009,ﾐﾂｲｽﾐﾄﾓ,589,ﾎｼｶﾞｵｶ
0009,ﾐﾂｲｽﾐﾄﾓ,593,ﾃﾞｲｽﾞﾆ-ﾗﾝﾄﾞ
0009,ﾐﾂｲｽﾐﾄﾓ,595,ｱﾂｷﾞ
0009,ﾐﾂｲｽﾐﾄﾓ,596,ﾐｿﾞﾉｸﾁ
0009,ﾐﾂｲｽﾐﾄﾓ,597,ｷﾖｳﾄﾞｳ
0009,ﾐﾂｲｽﾐﾄﾓ,598,ｺｳﾍﾞｼﾔｸｼﾖ
0009,ﾐﾂｲｽﾐﾄﾓ,602,ｵﾉﾐﾁ
0009,ﾐﾂｲｽﾐﾄﾓ,603,ﾆｲﾊﾏ
0009,ﾐﾂｲｽﾐﾄﾓ,605,ﾋﾛｼﾏ
0009,ﾐﾂｲｽﾐﾄﾓ,607,ｴ-ﾃｲ-ｴﾑﾋｶﾞｼｲﾁ
0009,ﾐﾂｲｽﾐﾄﾓ,608,ｵｵｲｽﾞﾐ
0009,ﾐﾂｲｽﾐﾄﾓ,614,ｱｻｸｻﾊﾞｼ
0009,ﾐﾂｲｽﾐﾄﾓ,615,ｷﾝｼﾁﾖｳ
0009,ﾐﾂｲｽﾐﾄﾓ,619,ﾛﾂﾎﾟﾝｷﾞ
0009,ﾐﾂｲｽﾐﾄﾓ,623,ﾐﾀﾄﾞｵﾘ
0009,ﾐﾂｲｽﾐﾄﾓ,624,ｴ-ﾃｲ-ｴﾑﾋｶﾞｼﾆ
0009,ﾐﾂｲｽﾐﾄﾓ,625,ﾂｷｼﾞ
0009,ﾐﾂｲｽﾐﾄﾓ,626,ｼﾓｲｸﾞｻ
0009,ﾐﾂｲｽﾐﾄﾓ,627,ﾊﾅｺｶﾞﾈｲ
0009,ﾐﾂｲｽﾐﾄﾓ,628,ﾌﾁﾕｳ
0009,ﾐﾂｲｽﾐﾄﾓ,629,ｴ-ﾃｲ-ｴﾑﾋｶﾞｼｻﾝ
0009,ﾐﾂｲｽﾐﾄﾓ,632,ﾋﾋﾞﾔ
0009,ﾐﾂｲｽﾐﾄﾓ,633,ﾕｷｶﾞﾔ
0009,ﾐﾂｲｽﾐﾄﾓ,637,ｷﾖｳﾊﾞｼ
0009,ﾐﾂｲｽﾐﾄﾓ,638,ｴｲﾌｸﾁﾖｳ
0009,ﾐﾂｲｽﾐﾄﾓ,639,ｶｽﾐｶﾞｾｷ
0009,ﾐﾂｲｽﾐﾄﾓ,643,ｺｲﾜ
0009,ﾐﾂｲｽﾐﾄﾓ,644,ｴ-ﾃｲ-ｴﾑﾋｶﾞｼﾖﾝ
0009,ﾐﾂｲｽﾐﾄﾓ,647,ﾆﾂﾎﾟﾘ
0009,ﾐﾂｲｽﾐﾄﾓ,648,ﾏﾁﾔ
0009,ﾐﾂｲｽﾐﾄﾓ,649,ﾆｼｱﾗｲ
0009,ﾐﾂｲｽﾐﾄﾓ,651,ｵｶﾔﾏ
0009,ﾐﾂｲｽﾐﾄﾓ,653,ｺﾞﾀﾝﾀﾞ
0009,ﾐﾂｲｽﾐﾄﾓ,654,ｼﾌﾞﾔ
0009,ﾐﾂｲｽﾐﾄﾓ,655,ｼﾞﾕｳｶﾞｵｶ
0009,ﾐﾂｲｽﾐﾄﾓ,656,ｴﾋﾞｽ
0009,ﾐﾂｲｽﾐﾄﾓ,658,ｻｸﾗｼﾝﾏﾁ
0009,ﾐﾂｲｽﾐﾄﾓ,661,ｼﾝｼﾞﾕｸﾄﾞｵﾘ
0009,ﾐﾂｲｽﾐﾄﾓ,662,ｴ-ﾃｲ-ｴﾑﾋｶﾞｼｺﾞ
0009,ﾐﾂｲｽﾐﾄﾓ,663,ｴ-ﾃｲ-ｴﾑﾋｶﾞｼﾛｸ
0009,ﾐﾂｲｽﾐﾄﾓ,664,ｴ-ﾃｲ-ｴﾑﾋｶﾞｼﾅﾅ
0009,ﾐﾂｲｽﾐﾄﾓ,665,ﾑｻｼｾｷ
0009,ﾐﾂｲｽﾐﾄﾓ,666,ｸﾆﾀﾁ
0009,ﾐﾂｲｽﾐﾄﾓ,667,ｴ-ﾃｲ-ｴﾑﾋｶﾞｼﾊﾁ
0009,ﾐﾂｲｽﾐﾄﾓ,668,ｵﾘ-ﾌﾞｺﾙｸ
0009,ﾐﾂｲｽﾐﾄﾓ,669,ﾊﾀｶﾞﾔ
0009,ﾐﾂｲｽﾐﾄﾓ,671,ｲｹﾌﾞｸﾛﾋｶﾞｼｸﾞﾁ
0009,ﾐﾂｲｽﾐﾄﾓ,672,ﾄｷﾜﾀﾞｲ
0009,ﾐﾂｲｽﾐﾄﾓ,673,ｵｳｼﾞ
0009,ﾐﾂｲｽﾐﾄﾓ,674,ﾀｶﾏﾂ
0009,ﾐﾂｲｽﾐﾄﾓ,676,ﾅﾘﾏｽ
0009,ﾐﾂｲｽﾐﾄﾓ,677,ﾒｼﾞﾛ
0009,ﾐﾂｲｽﾐﾄﾓ,678,ｱｷｼﾏ
0009,ﾐﾂｲｽﾐﾄﾓ,679,ﾊﾏﾏﾂﾁﾖｳ
0009,ﾐﾂｲｽﾐﾄﾓ,681,ｺｸﾘﾖｳ
0009,ﾐﾂｲｽﾐﾄﾓ,685,ﾅｶﾞﾔﾏ
0009,ﾐﾂｲｽﾐﾄﾓ,688,ﾀﾏ
0009,ﾐﾂｲｽﾐﾄﾓ,689,ｷﾀｽﾏ
0009,ﾐﾂｲｽﾐﾄﾓ,691,ｱﾔｾ
0009,ﾐﾂｲｽﾐﾄﾓ,692,ｵﾘ-ﾌﾞﾍﾅ
0009,ﾐﾂｲｽﾐﾄﾓ,693,ｽｶﾞﾓ
0009,ﾐﾂｲｽﾐﾄﾓ,694,ﾒｸﾞﾛ
0009,ﾐﾂｲｽﾐﾄﾓ,695,ﾆﾎﾝﾊﾞｼ
0009,ﾐﾂｲｽﾐﾄﾓ,696,ﾐﾂｲﾌﾞﾂｻﾝﾋﾞﾙ
0009,ﾐﾂｲｽﾐﾄﾓ,697,ﾌﾂｻ
0009,ﾐﾂｲｽﾐﾄﾓ,698,ｲﾀﾊﾞｼﾅｶﾀﾞｲ
0009,ﾐﾂｲｽﾐﾄﾓ,700,ｲﾁｶﾜ
0009,ﾐﾂｲｽﾐﾄﾓ,701,ﾌｸｵｶ
0009,ﾐﾂｲｽﾐﾄﾓ,702,ｴ-ﾃｲ-ｴﾑﾆｼｲﾁ
0009,ﾐﾂｲｽﾐﾄﾓ,703,ｵｶｻﾞｷ
0009,ﾐﾂｲｽﾐﾄﾓ,704,ｷﾀｷﾕｳｼﾕｳ
0009,ﾐﾂｲｽﾐﾄﾓ,705,ﾌｼﾞｶﾞｵｶ
0009,ﾐﾂｲｽﾐﾄﾓ,706,ｲｹｼﾀ
0009,ﾐﾂｲｽﾐﾄﾓ,707,ﾌﾟﾚｽﾃｲｱ
0009,ﾐﾂｲｽﾐﾄﾓ,708,ｵｵﾑﾀ
0009,ﾐﾂｲｽﾐﾄﾓ,709,ｴ-ﾃｲ-ｴﾑﾆｼﾆ
0009,ﾐﾂｲｽﾐﾄﾓ,710,ｵｵｻｶﾁﾕｳｵｳ
0009,ﾐﾂｲｽﾐﾄﾓ,711,ｼﾓﾉｾｷ
0009,ﾐﾂｲｽﾐﾄﾓ,712,ｲﾂｼﾔ
0009,ﾐﾂｲｽﾐﾄﾓ,715,ﾂｸｼ
0009,ﾐﾂｲｽﾐﾄﾓ,717,ﾃﾝｼﾞﾝﾁﾖｳ
0009,ﾐﾂｲｽﾐﾄﾓ,718,ｸﾙﾒ
0009,ﾐﾂｲｽﾐﾄﾓ,719,ｻｶﾞ
0009,ﾐﾂｲｽﾐﾄﾓ,720,ｸﾏﾓﾄ
0009,ﾐﾂｲｽﾐﾄﾓ,721,ｵｵｲﾀ
0009,ﾐﾂｲｽﾐﾄﾓ,723,ｴ-ﾃｲ-ｴﾑﾆｼｻﾝ
0009,ﾐﾂｲｽﾐﾄﾓ,725,ｴ-ﾃｲ-ｴﾑﾆｼﾖﾝ
0009,ﾐﾂｲｽﾐﾄﾓ,728,ｾｷﾒ
0009,ﾐﾂｲｽﾐﾄﾓ,729,ｴ-ﾃｲ-ｴﾑﾆｼｺﾞ
0009,ﾐﾂｲｽﾐﾄﾓ,730,ﾄｳｶｲ
0009,ﾐﾂｲｽﾐﾄﾓ,731,ｷﾕｳｼﾕｳ
0009,ﾐﾂｲｽﾐﾄﾓ,732,ﾊﾏﾀﾞﾔﾏ
0009,ﾐﾂｲｽﾐﾄﾓ,733,ﾔｺﾞﾄ
0009,ﾐﾂｲｽﾐﾄﾓ,734,ﾃﾝﾊﾟｸｳｴﾀﾞ
0009,ﾐﾂｲｽﾐﾄﾓ,735,ﾀｶﾗﾂﾞｶﾅｶﾔﾏ
0009,ﾐﾂｲｽﾐﾄﾓ,736,ｺﾞｷｿ
0009,ﾐﾂｲｽﾐﾄﾓ,737,ﾉﾅﾐ
0009,ﾐﾂｲｽﾐﾄﾓ,738,ｱｶｲｹ
0009,ﾐﾂｲｽﾐﾄﾓ,739,ｵｵｻｷ
0009,ﾐﾂｲｽﾐﾄﾓ,740,ﾏﾂﾔﾏ
0009,ﾐﾂｲｽﾐﾄﾓ,741,ﾐﾖｳｶﾞﾀﾞﾆ
0009,ﾐﾂｲｽﾐﾄﾓ,742,ﾀﾁｶﾜ
0009,ﾐﾂｲｽﾐﾄﾓ,743,ｼｵﾄﾞﾒ
0009,ﾐﾂｲｽﾐﾄﾓ,747,ﾋｶﾞｼﾄﾂｶ
0009,ﾐﾂｲｽﾐﾄﾓ,748,ｲﾘﾅｶ
0009,ﾐﾂｲｽﾐﾄﾓ,749,ｶﾅﾔﾏ
0009,ﾐﾂｲｽﾐﾄﾓ,750,ｺｽﾓｽ
0009,ﾐﾂｲｽﾐﾄﾓ,751,ｽｲﾀ
0009,ﾐﾂｲｽﾐﾄﾓ,755,ｶﾜｻｷ
0009,ﾐﾂｲｽﾐﾄﾓ,756,ｴ-ﾃｲ-ｴﾑﾆｼﾛｸ
0009,ﾐﾂｲｽﾐﾄﾓ,757,ｺｳﾘ
0009,ﾐﾂｲｽﾐﾄﾓ,758,ｼｼﾞﾖｳﾅﾜﾃ
0009,ﾐﾂｲｽﾐﾄﾓ,759,ﾊﾝｷﾕｳｿﾈ
0009,ﾐﾂｲｽﾐﾄﾓ,760,ｽｽﾞﾗﾝ
0009,ﾐﾂｲｽﾐﾄﾓ,761,ｼﾗﾕﾘ
0009,ﾐﾂｲｽﾐﾄﾓ,762,ﾋﾅｷﾞｸ
0009,ﾐﾂｲｽﾐﾄﾓ,763,ﾁﾕｳｵｳ
0009,ﾐﾂｲｽﾐﾄﾓ,767,ｴ-ﾃｲ-ｴﾑﾆｼﾅﾅ
0009,ﾐﾂｲｽﾐﾄﾓ,770,ｴ-ﾃｲ-ｴﾑﾆｼﾊﾁ
0009,ﾐﾂｲｽﾐﾄﾓ,772,ﾔﾏﾄｵｳｼﾞ
0009,ﾐﾂｲｽﾐﾄﾓ,773,ｲｺﾏ
0009,ﾐﾂｲｽﾐﾄﾓ,776,ﾄﾞﾘ-ﾑ
0009,ﾐﾂｲｽﾐﾄﾓ,779,ｳｴﾉ
0009,ﾐﾂｲｽﾐﾄﾓ,781,ﾁｶﾞｻｷ
0009,ﾐﾂｲｽﾐﾄﾓ,783,ｵﾘ-ﾌﾞﾌﾞﾙ-
0009,ﾐﾂｲｽﾐﾄﾓ,784,ｵﾘ-ﾌﾞｸﾞﾚ-
0009,ﾐﾂｲｽﾐﾄﾓ,785,ｵｵﾓﾘ
0009,ﾐﾂｲｽﾐﾄﾓ,786,ｾﾝｶﾞﾜ
0009,ﾐﾂｲｽﾐﾄﾓ,788,ｾﾀｶﾞﾔ
0009,ﾐﾂｲｽﾐﾄﾓ,791,ﾄﾂｶ
0009,ﾐﾂｲｽﾐﾄﾓ,792,ｱｻｶﾞﾔ
0009,ﾐﾂｲｽﾐﾄﾓ,793,ﾐﾔｻﾞｷﾀﾞｲ
0009,ﾐﾂｲｽﾐﾄﾓ,796,ｵﾘ-ﾌﾞﾌｵ-ﾝ
0009,ﾐﾂｲｽﾐﾄﾓ,797,ｼﾑﾗ
0009,ﾐﾂｲｽﾐﾄﾓ,798,ﾑｻｼｺﾔﾏ
0009,ﾐﾂｲｽﾐﾄﾓ,800,ｵﾘ-ﾌﾞｱｲｽ
0009,ﾐﾂｲｽﾐﾄﾓ,804,ﾌｶｶﾞﾜ
0009,ﾐﾂｲｽﾐﾄﾓ,808,ﾛｸｺﾞｳ
0009,ﾐﾂｲｽﾐﾄﾓ,810,ｼﾓﾏﾙｺ
0009,ﾐﾂｲｽﾐﾄﾓ,813,ｺｲｼｶﾜ
0009,ﾐﾂｲｽﾐﾄﾓ,814,ﾅｶﾉｻｶｳｴ
0009,ﾐﾂｲｽﾐﾄﾓ,821,ｴﾄﾞｶﾞﾜ
0009,ﾐﾂｲｽﾐﾄﾓ,823,ｶｻｲ
0009,ﾐﾂｲｽﾐﾄﾓ,825,ｱｶｻｶ
0009,ﾐﾂｲｽﾐﾄﾓ,828,ｼﾅｶﾞﾜ
0009,ﾐﾂｲｽﾐﾄﾓ,831,ﾌﾀｺﾀﾏｶﾞﾜ
0009,ﾐﾂｲｽﾐﾄﾓ,832,ﾂﾂｼﾞｶﾞｵｶ
0009,ﾐﾂｲｽﾐﾄﾓ,835,ｼﾓｷﾀｻﾞﾜ
0009,ﾐﾂｲｽﾐﾄﾓ,836,ｺｸﾌﾞﾝｼﾞ
0009,ﾐﾂｲｽﾐﾄﾓ,839,ｺﾞﾀﾝﾉ
0009,ﾐﾂｲｽﾐﾄﾓ,841,ｲｸﾀ
0009,ﾐﾂｲｽﾐﾄﾓ,843,ﾊﾁｵｳｼﾞ
0009,ﾐﾂｲｽﾐﾄﾓ,844,ｼﾝﾏﾂﾄﾞ
0009,ﾐﾂｲｽﾐﾄﾓ,845,ｷﾁｼﾞﾖｳｼﾞ
0009,ﾐﾂｲｽﾐﾄﾓ,847,ﾏﾁﾀﾞ
0009,ﾐﾂｲｽﾐﾄﾓ,848,ｺｶﾞﾈｲ
0009,ﾐﾂｲｽﾐﾄﾓ,849,ｷﾖｾ
0009,ﾐﾂｲｽﾐﾄﾓ,851,ﾀﾅｼ
0009,ﾐﾂｲｽﾐﾄﾓ,852,ﾋｶﾞｼﾔﾏﾄ
0009,ﾐﾂｲｽﾐﾄﾓ,855,ｼﾝﾄｺﾛｻﾞﾜ
0009,ﾐﾂｲｽﾐﾄﾓ,856,ｼﾝｹﾐｶﾞﾜ
0009,ﾐﾂｲｽﾐﾄﾓ,858,ｻｶﾞﾐｵｵﾉ
0009,ﾐﾂｲｽﾐﾄﾓ,862,ｵﾀﾞﾜﾗ
0009,ﾐﾂｲｽﾐﾄﾓ,864,ｵﾘ-ﾌﾞﾃﾞｲﾙ
0009,ﾐﾂｲｽﾐﾄﾓ,867,ﾅｶﾔﾏ
0009,ﾐﾂｲｽﾐﾄﾓ,868,ｲｾﾊﾗ
0009,ﾐﾂｲｽﾐﾄﾓ,870,ｼﾞﾔｽﾐﾝ
0009,ﾐﾂｲｽﾐﾄﾓ,871,ｵﾘ-ﾌﾞｴｸﾘﾕ
0009,ﾐﾂｲｽﾐﾄﾓ,873,ｵｵﾌﾅ
0009,ﾐﾂｲｽﾐﾄﾓ,874,ｵﾘ-ﾌﾞｱﾂｼﾕ
0009,ﾐﾂｲｽﾐﾄﾓ,879,ﾂﾊﾞｷ
0009,ﾐﾂｲｽﾐﾄﾓ,884,ﾎﾞﾀﾝ
0009,ﾐﾂｲｽﾐﾄﾓ,888,ｲｲﾀﾞﾊﾞｼ
0009,ﾐﾂｲｽﾐﾄﾓ,890,ﾓﾄｽﾐﾖｼ
0009,ﾐﾂｲｽﾐﾄﾓ,891,ﾂﾀﾞﾇﾏｴｷﾏｴ
0009,ﾐﾂｲｽﾐﾄﾓ,893,ﾌﾅﾊﾞｼｷﾀｸﾞﾁ
0009,ﾐﾂｲｽﾐﾄﾓ,894,ｻｶﾞﾐﾊﾗ
0009,ﾐﾂｲｽﾐﾄﾓ,897,ｵｵｲﾏﾁ
0009,ﾐﾂｲｽﾐﾄﾓ,904,ｾﾝｶﾜ
0009,ﾐﾂｲｽﾐﾄﾓ,905,ｶﾏｶﾞﾔ
0009,ﾐﾂｲｽﾐﾄﾓ,906,ﾀｶｵ
0009,ﾐﾂｲｽﾐﾄﾓ,907,ｵﾝﾀｹｻﾝ
0009,ﾐﾂｲｽﾐﾄﾓ,909,ﾀﾏｾﾝﾀ-
0009,ﾐﾂｲｽﾐﾄﾓ,910,ﾐﾄ
0009,ﾐﾂｲｽﾐﾄﾓ,916,ﾁﾖｳﾌｴｷﾏｴ
0009,ﾐﾂｲｽﾐﾄﾓ,921,ｻｻﾂﾞｶ
0009,ﾐﾂｲｽﾐﾄﾓ,925,ﾋｶﾞｼﾆﾎﾝ
0009,ﾐﾂｲｽﾐﾄﾓ,926,ｼﾕﾄｹﾝ
0009,ﾐﾂｲｽﾐﾄﾓ,928,ｴｽｴﾑﾋﾞ-ｼ-ﾆﾂｺｳ
0009,ﾐﾂｲｽﾐﾄﾓ,929,ﾑｻｼｺｽｷﾞ
0009,ﾐﾂｲｽﾐﾄﾓ,930,ﾋﾖｼ
0009,ﾐﾂｲｽﾐﾄﾓ,931,ﾄｳｷﾖｳﾀﾞｲｲﾁ
0009,ﾐﾂｲｽﾐﾄﾓ,932,ｼﾖｳﾅﾝﾀﾞｲ
0009,ﾐﾂｲｽﾐﾄﾓ,933,ｶﾏｸﾗ
0009,ﾐﾂｲｽﾐﾄﾓ,934,ｸｻﾂ
0009,ﾐﾂｲｽﾐﾄﾓ,935,ﾗｲﾗﾂｸ
0009,ﾐﾂｲｽﾐﾄﾓ,936,ﾓﾘﾔ
0009,ﾐﾂｲｽﾐﾄﾓ,937,ｳﾒﾀﾞｷﾀｸﾞﾁ
0009,ﾐﾂｲｽﾐﾄﾓ,939,ﾚﾝｹﾞ
0009,ﾐﾂｲｽﾐﾄﾓ,940,ﾜｶﾊﾞﾀﾞｲ
0009,ﾐﾂｲｽﾐﾄﾓ,941,ｵｵｻｶﾀﾞｲｲﾁ
0009,ﾐﾂｲｽﾐﾄﾓ,943,ﾎｵｽﾞｷ
0009,ﾐﾂｲｽﾐﾄﾓ,944,ｶｲﾋﾝﾏｸﾊﾘ
0009,ﾐﾂｲｽﾐﾄﾓ,945,ｲｽﾞﾐﾁﾕｳｵｳ
0009,ﾐﾂｲｽﾐﾄﾓ,946,ｸﾛﾂｶｽ
0009,ﾐﾂｲｽﾐﾄﾓ,947,ﾅｶﾞﾚﾔﾏｵｵﾀｶﾉﾓﾘ
0009,ﾐﾂｲｽﾐﾄﾓ,948,ﾍﾞｲｻｲﾄﾞ
0009,ﾐﾂｲｽﾐﾄﾓ,949,ｼﾖｳｼﾞ
0009,ﾐﾂｲｽﾐﾄﾓ,950,ﾄｳｷﾖｳﾀﾞｲﾆ
0009,ﾐﾂｲｽﾐﾄﾓ,952,ｾﾝﾀ-ﾐﾅﾐ
0009,ﾐﾂｲｽﾐﾄﾓ,953,ﾄﾞﾂﾄｺﾑ
0009,ﾐﾂｲｽﾐﾄﾓ,954,ｱｼﾞｻｲ
0009,ﾐﾂｲｽﾐﾄﾓ,955,ﾌｸﾔﾏ
0009,ﾐﾂｲｽﾐﾄﾓ,956,ｽﾐﾚ
0009,ﾐﾂｲｽﾐﾄﾓ,958,ﾋﾏﾜﾘ
0009,ﾐﾂｲｽﾐﾄﾓ,959,ﾑｻｼｳﾗﾜ
0009,ﾐﾂｲｽﾐﾄﾓ,960,ｶﾝﾄｳﾀﾞｲﾆ
0009,ﾐﾂｲｽﾐﾄﾓ,961,ｺｳﾐﾖｳｲｹ
0009,ﾐﾂｲｽﾐﾄﾓ,962,ｶﾝﾄｳﾀﾞｲｻﾝ
0009,ﾐﾂｲｽﾐﾄﾓ,963,ｱｻｶﾞｵ
0009,ﾐﾂｲｽﾐﾄﾓ,964,ｶﾄﾚｱ
0009,ﾐﾂｲｽﾐﾄﾓ,965,ﾔﾁﾖﾐﾄﾞﾘｶﾞｵｶ
0009,ﾐﾂｲｽﾐﾄﾓ,966,ﾏﾂｲﾔﾏﾃ
0009,ﾐﾂｲｽﾐﾄﾓ,967,ﾌｼﾞﾐﾉ
0009,ﾐﾂｲｽﾐﾄﾓ,968,ｶﾝﾄｳﾀﾞｲｲﾁ
0009,ﾐﾂｲｽﾐﾄﾓ,969,ｱｵｲ
0009,ﾐﾂｲｽﾐﾄﾓ,970,ﾘﾝﾄﾞｳ
0009,ﾐﾂｲｽﾐﾄﾓ,971,ﾅﾃﾞｼｺ
0009,ﾐﾂｲｽﾐﾄﾓ,972,ﾆﾂｺｳ
0009,ﾐﾂｲｽﾐﾄﾓ,973,ｱｻﾞﾌﾞｼﾞﾕｳﾊﾞﾝ
0009,ﾐﾂｲｽﾐﾄﾓ,974,ｷﾝｷﾀﾞｲｲﾁ
0009,ﾐﾂｲｽﾐﾄﾓ,976,ﾗﾍﾞﾝﾀﾞ-
0009,ﾐﾂｲｽﾐﾄﾓ,977,ｽｲｾﾝ
0009,ﾐﾂｲｽﾐﾄﾓ,978,ﾀﾝﾎﾟﾎﾟ
0009,ﾐﾂｲｽﾐﾄﾓ,979,ﾊﾏﾕｳ
0009,ﾐﾂｲｽﾐﾄﾓ,980,ｵｵｻｶﾀﾞｲﾆ
0009,ﾐﾂｲｽﾐﾄﾓ,981,ｶｷﾂﾊﾞﾀ
0009,ﾐﾂｲｽﾐﾄﾓ,982,ﾆｼﾆﾎﾝ
0009,ﾐﾂｲｽﾐﾄﾓ,984,ﾔﾅｷﾞ
0009,ﾐﾂｲｽﾐﾄﾓ,985,ｷﾝｷﾀﾞｲﾆ
0009,ﾐﾂｲｽﾐﾄﾓ,986,ﾋﾙﾄﾂﾌﾟ
0009,ﾐﾂｲｽﾐﾄﾓ,987,ﾄﾖｽ
0009,ﾐﾂｲｽﾐﾄﾓ,988,ｳｴﾌﾞｻｲﾄ
0009,ﾐﾂｲｽﾐﾄﾓ,989,ｴﾋﾞﾅ
0010,ﾘｿﾅ,005,ﾃﾝﾘ
0010,ﾘｿﾅ,008,ﾖｼﾉ
0010,ﾘｿﾅ,010,ﾋｶﾞｼｲｺﾏ
0010,ﾘｿﾅ,013,ｺｲｽﾞﾐ
0010,ﾘｿﾅ,015,ｶﾞｸｴﾝﾀﾞｲﾜﾁﾖｳ
0010,ﾘｿﾅ,045,ﾈﾝｷﾝｶﾝﾘｻ-ﾋﾞｽ
0010,ﾘｿﾅ,050,ｼﾝﾅﾗ
0010,ﾘｿﾅ,051,ｵｵｻｶ
0010,ﾘｿﾅ,053,ｵｵｻｶｺｳﾑﾌﾞ
0010,ﾘｿﾅ,054,ｵｵｻｶﾌﾄﾞｳｻﾝﾌﾞ
0010,ﾘｿﾅ,055,ｼﾞｴ-ｱ-ﾙﾆｼﾆﾎﾝ
0010,ﾘｿﾅ,100,ｼﾖｳｹﾝｼﾝﾀｸｷﾞﾖｳﾑ
0010,ﾘｿﾅ,101,ｾﾝﾊﾞ
0010,ﾘｿﾅ,103,ｷﾀﾊﾏ
0010,ﾘｿﾅ,104,ﾄﾞｳｼﾞﾏ
0010,ﾘｿﾅ,106,ﾂﾙﾊｼ
0010,ﾘｿﾅ,107,ｱﾍﾞﾉﾊﾞｼ
0010,ﾘｿﾅ,108,ｵｵｻｶﾆｼｸ
0010,ﾘｿﾅ,109,ｹｲﾊﾝｷﾖｳﾊﾞｼ
0010,ﾘｿﾅ,111,ｳﾒﾀﾞ
0010,ﾘｿﾅ,112,ﾃﾝﾛｸ
0010,ﾘｿﾅ,113,ｳｴﾛｸ
0010,ﾘｿﾅ,114,ﾐﾄﾞｳｽｼﾞ
0010,ﾘｿﾅ,115,ｳﾀｼﾞﾏﾊﾞｼ
0010,ﾘｿﾅ,116,ﾊｷﾞﾉﾁﾔﾔ
0010,ﾘｿﾅ,117,ﾀｲｼﾖｳ
0010,ﾘｿﾅ,118,ﾉﾀﾞ
0010,ﾘｿﾅ,119,ﾉｴ
0010,ﾘｿﾅ,120,ﾌｾｸﾞﾁ
0010,ﾘｿﾅ,121,ｵｵﾃ
0010,ﾘｿﾅ,122,ｲｸﾉ
0010,ﾘｿﾅ,123,ﾐｸﾆ
0010,ﾘｿﾅ,124,ｻｸﾗｶﾞﾜ
0010,ﾘｿﾅ,125,ﾅﾝﾊﾞ
0010,ﾘｿﾅ,128,ﾐﾔｺｼﾞﾏ
0010,ﾘｿﾅ,130,ﾐﾅﾐﾓﾘﾏﾁ
0010,ﾘｿﾅ,131,ｱﾋﾞｺ
0010,ﾘｿﾅ,132,ｼﾞﾖｳﾄｳ
0010,ﾘｿﾅ,133,ｼﾝｵｵｻｶｴｷﾏｴ
0010,ﾘｿﾅ,134,ｲﾁｵｶ
0010,ﾘｿﾅ,137,ﾋﾗﾉ
0010,ﾘｿﾅ,139,ﾋﾗﾊﾞﾔｼ
0010,ﾘｿﾅ,140,ﾅｶﾞﾖｼ
0010,ﾘｿﾅ,142,ｶﾐｼﾝｼﾞﾖｳ
0010,ﾘｿﾅ,151,ｱｷﾙﾉ
0010,ﾘｿﾅ,153,ｵｷﾞｸﾎﾞ
0010,ﾘｿﾅ,157,ｾﾌﾞﾝﾃﾞｲｽﾞ
0010,ﾘｿﾅ,172,ｶﾅﾏﾁ
0010,ﾘｿﾅ,187,ｴﾋﾞﾅ
0010,ﾘｿﾅ,201,ｽｲﾀ
0010,ﾘｿﾅ,202,ｽﾐﾉﾄﾞｳ
0010,ﾘｿﾅ,203,ﾋﾗｶﾀ
0010,ﾘｿﾅ,204,ﾄﾝﾀﾞﾊﾞﾔｼ
0010,ﾘｿﾅ,205,ｶｼﾜﾗ
0010,ﾘｿﾅ,206,ﾊﾋﾞｷﾉ
0010,ﾘｿﾅ,207,ｲﾊﾞﾗｷ
0010,ﾘｿﾅ,208,ﾀｶﾂｷ
0010,ﾘｿﾅ,209,ﾔｵ
0010,ﾘｿﾅ,210,ｲｽﾞﾐｵｵﾂ
0010,ﾘｿﾅ,211,ﾓﾘｸﾞﾁ
0010,ﾘｿﾅ,212,ｻﾉ
0010,ﾘｿﾅ,213,ｻｶｲﾋｶﾞｼ
0010,ﾘｿﾅ,214,ｻｶｲ
0010,ﾘｿﾅ,215,ｶｲﾂﾞｶ
0010,ﾘｿﾅ,216,ﾈﾔｶﾞﾜ
0010,ﾘｿﾅ,217,ﾄﾖﾅｶ
0010,ﾘｿﾅ,218,ｾﾝﾘ
0010,ﾘｿﾅ,219,ｺｳﾘ
0010,ﾘｿﾅ,220,ﾐﾉｵ
0010,ﾘｿﾅ,221,ｶﾅｵｶ
0010,ﾘｿﾅ,222,ｾﾝﾘｷﾀ
0010,ﾘｿﾅ,223,ﾋｶﾞｼｵｵｻｶ
0010,ﾘｿﾅ,224,ｺﾝｺﾞｳ
0010,ﾘｿﾅ,225,ｾﾝﾘﾁﾕｳｵｳ
0010,ﾘｿﾅ,226,ｲﾊﾞﾗｷﾆｼ
0010,ﾘｿﾅ,227,ｾﾝﾎﾞｸ
0010,ﾘｿﾅ,228,ｾﾝﾎﾞｸﾄｶﾞ
0010,ﾘｿﾅ,229,ｸﾒﾀﾞ
0010,ﾘｿﾅ,230,ｺｳﾐﾖｳｲｹ
0010,ﾘｿﾅ,232,ｴｻｶ
0010,ﾘｿﾅ,234,ﾂﾙﾏ
0010,ﾘｿﾅ,235,ｼﾝｶﾅｵｶ
0010,ﾘｿﾅ,238,ﾌｶｲ
0010,ﾘｿﾅ,239,ﾐｲｶﾞｵｶ
0010,ﾘｿﾅ,240,ｾﾝﾘｵｶ
0010,ﾘｿﾅ,241,ｶﾀﾉ
0010,ﾘｿﾅ,243,ｼﾏﾓﾄ
0010,ﾘｿﾅ,247,ﾊﾂｼﾊﾞ
0010,ﾘｿﾅ,250,ｸｽﾞﾊ
0010,ﾘｿﾅ,252,ｼｼﾞﾖｳﾅﾜﾃ
0010,ﾘｿﾅ,253,ｶﾜﾁﾏﾂﾊﾞﾗ
0010,ﾘｿﾅ,254,ｺｻｶ
0010,ﾘｿﾅ,257,ﾋﾖｳﾀﾝﾔﾏ
0010,ﾘｿﾅ,258,ｸﾏﾄﾘ
0010,ﾘｿﾅ,260,ｱﾏﾐ
0010,ﾘｿﾅ,265,ｼﾊﾞ
0010,ﾘｿﾅ,268,ｼﾝﾊﾞｼ
0010,ﾘｿﾅ,269,ｱｶｻｶ
0010,ﾘｿﾅ,274,ｸﾀﾞﾝ
0010,ﾘｿﾅ,275,ｱｷﾊﾊﾞﾗ
0010,ﾘｿﾅ,276,ｶﾝﾀﾞ
0010,ﾘｿﾅ,280,ﾎﾝｼﾞﾖ
0010,ﾘｿﾅ,285,ﾀﾏﾁ
0010,ﾘｿﾅ,294,ｶﾒｲﾄﾞ
0010,ﾘｿﾅ,295,ﾄｳｷﾖｳｺｳﾑﾌﾞ
0010,ﾘｿﾅ,299,ｼﾝｼﾞﾕｸ
0010,ﾘｿﾅ,300,ﾄｳｷﾖｳ
0010,ﾘｿﾅ,302,ﾆﾎﾝﾊﾞｼ
0010,ﾘｿﾅ,304,ｶｸﾞﾗｻﾞｶ
0010,ﾘｿﾅ,306,ｼﾅｶﾞﾜ
0010,ﾘｿﾅ,310,ｻﾂﾎﾟﾛ
0010,ﾘｿﾅ,311,ｾﾀｶﾞﾔ
0010,ﾘｿﾅ,313,ｵｵﾂｶ
0010,ﾘｿﾅ,314,ﾒｼﾞﾛ
0010,ﾘｿﾅ,315,ｷﾝｼﾁﾖｳ
0010,ﾘｿﾅ,317,ｳﾂﾉﾐﾔ
0010,ﾘｿﾅ,320,ﾄﾗﾉﾓﾝ
0010,ﾘｿﾅ,328,ｼﾕｳｷﾞｲﾝ
0010,ﾘｿﾅ,329,ｻﾝｷﾞｲﾝ
0010,ﾘｿﾅ,330,ｲｵｷﾞ
0010,ﾘｿﾅ,338,ｴﾄﾞｶﾞﾜﾐﾅﾐ
0010,ﾘｿﾅ,339,ｱﾗｲﾔｸｼ
0010,ﾘｿﾅ,340,ｸﾆﾀﾁ
0010,ﾘｿﾅ,346,ｺｲﾜ
0010,ﾘｿﾅ,347,ﾊﾅｺｶﾞﾈｲ
0010,ﾘｿﾅ,348,ﾆｼｶｻｲ
0010,ﾘｿﾅ,354,ﾄｳﾖｳﾁﾖｳ
0010,ﾘｿﾅ,373,ﾄﾂｶ
0010,ﾘｿﾅ,375,ｱﾂｷﾞ
0010,ﾘｿﾅ,382,ｶｼﾜ
0010,ﾘｿﾅ,383,ﾅﾘﾀ
0010,ﾘｿﾅ,384,ﾌﾅﾊﾞｼ
0010,ﾘｿﾅ,386,ｷﾞﾖｳﾄｸ
0010,ﾘｿﾅ,393,ｱｻｶﾀﾞｲ
0010,ﾘｿﾅ,402,ﾏｴﾊﾞｼ
0010,ﾘｿﾅ,409,ﾅｶﾉ
0010,ﾘｿﾅ,414,ｳﾒﾀﾞｷﾀｸﾞﾁ
0010,ﾘｿﾅ,415,ｺｳｴﾝｼﾞ
0010,ﾘｿﾅ,416,ｷﾁｼﾞﾖｳｼﾞ
0010,ﾘｿﾅ,417,ﾀﾁｶﾜ
0010,ﾘｿﾅ,419,ﾀﾏﾂｸﾘ
0010,ﾘｿﾅ,420,ﾜｾﾀﾞ
0010,ﾘｿﾅ,422,ﾅｶﾞｾ
0010,ﾘｿﾅ,427,ﾊﾁｵｳｼﾞ
0010,ﾘｿﾅ,429,ﾌｸｼﾏ
0010,ﾘｿﾅ,432,ｳｴﾉ
0010,ﾘｿﾅ,433,ｾﾝﾀﾞｲ
0010,ﾘｿﾅ,435,ﾀﾅﾍﾞ
0010,ﾘｿﾅ,436,ｵｳｼﾞ
0010,ﾘｿﾅ,442,ﾀｶﾂｷﾄﾝﾀﾞ
0010,ﾘｿﾅ,450,ｶﾜﾁﾁﾖﾀﾞ
0010,ﾘｿﾅ,451,ﾄﾖﾅｶﾊﾂﾄﾘ
0010,ﾘｿﾅ,453,ﾎﾝｺﾞｳ
0010,ﾘｿﾅ,454,ｽﾐﾖｼ
0010,ﾘｿﾅ,461,ﾐﾖｳｶﾞﾀﾞﾆ
0010,ﾘｿﾅ,466,ﾆﾂﾎﾟﾘ
0010,ﾘｿﾅ,467,ｾﾝｼﾞﾕ
0010,ﾘｿﾅ,468,ﾎﾘｷﾘ
0010,ﾘｿﾅ,470,ｱｵﾄ
0010,ﾘｿﾅ,473,ｼﾌﾞﾔ
0010,ﾘｿﾅ,475,ﾅｶﾒｸﾞﾛ
0010,ﾘｿﾅ,476,ｶﾞｸﾀﾞｲﾏｴ
0010,ﾘｿﾅ,477,ｺﾞｳﾄｸｼﾞ
0010,ﾘｿﾅ,478,ｿｼｶﾞﾔ
0010,ﾘｿﾅ,479,ﾄﾄﾞﾛｷ
0010,ﾘｿﾅ,501,ｷﾖｳﾄ
0010,ﾘｿﾅ,502,ｼｼﾞﾖｳｵｵﾐﾔ
0010,ﾘｿﾅ,509,ﾅｶﾞｵｶﾃﾝｼﾞﾝ
0010,ﾘｿﾅ,512,ﾜｶﾔﾏ
0010,ﾘｿﾅ,513,ｵｵﾓﾘ
0010,ﾘｿﾅ,515,ｶﾏﾀ
0010,ﾘｿﾅ,518,ﾒｸﾞﾛｴｷﾏｴ
0010,ﾘｿﾅ,519,ｺﾞﾀﾝﾀﾞ
0010,ﾘｿﾅ,521,ｷﾝﾃﾂｻｲﾀﾞｲｼﾞ
0010,ﾘｿﾅ,523,ﾆｼﾔﾏﾄ
0010,ﾘｿﾅ,524,ﾔﾏﾄｺｵﾘﾔﾏ
0010,ﾘｿﾅ,526,ｶｼﾊﾞ
0010,ﾘｿﾅ,527,ｷﾝﾃﾂｶﾞｸｴﾝﾏｴ
0010,ﾘｿﾅ,528,ﾆｼﾉﾐﾔｷﾀｸﾞﾁ
0010,ﾘｿﾅ,529,ｲﾀﾐ
0010,ﾘｿﾅ,532,ﾀﾙﾐ
0010,ﾘｿﾅ,535,ｸﾒｶﾞﾜ
0010,ﾘｿﾅ,536,ﾌﾁﾕｳﾅｶｶﾞﾜﾗ
0010,ﾘｿﾅ,539,ｳﾗﾔｽ
0010,ﾘｿﾅ,540,ﾓﾊﾞﾗ
0010,ﾘｿﾅ,542,ｷﾀﾅﾗｼﾉ
0010,ﾘｿﾅ,543,ｷﾀｺｶﾞﾈ
0010,ﾘｿﾅ,545,ﾁﾊﾞ
0010,ﾘｿﾅ,546,ｲﾁｶﾜ
0010,ﾘｿﾅ,557,ｶｼﾊﾗ
0010,ﾘｿﾅ,593,ﾄｳｷﾖｳﾁﾕｳｵｳ
0010,ﾘｿﾅ,594,ﾑﾛﾏﾁ
0010,ﾘｿﾅ,595,ｱｻｸｻ
0010,ﾘｿﾅ,598,ｲﾀﾊﾞｼ
0010,ﾘｿﾅ,601,ｺｳﾍﾞ
0010,ﾘｿﾅ,603,ﾆｼｺｳﾍﾞ
0010,ﾘｿﾅ,605,ﾀｹﾉﾂﾞｶ
0010,ﾘｿﾅ,607,ｺｳﾍﾞｵｶﾓﾄ
0010,ﾘｿﾅ,608,ｷﾀｽｽﾞﾗﾝﾀﾞｲ
0010,ﾘｿﾅ,609,ｵｼﾍﾞﾀﾞﾆ
0010,ﾘｿﾅ,611,ﾂｶｸﾞﾁ
0010,ﾘｿﾅ,612,ｱﾏｶﾞｻｷｷﾀ
0010,ﾘｿﾅ,613,ﾆｼﾉﾐﾔ
0010,ﾘｿﾅ,614,ﾋﾒｼﾞ
0010,ﾘｿﾅ,615,ｶﾜﾆｼ
0010,ﾘｿﾅ,616,ｱｶｼ
0010,ﾘｿﾅ,618,ｻﾝﾀﾞ
0010,ﾘｿﾅ,619,ﾆｶﾞﾜ
0010,ﾘｿﾅ,620,ｶﾜﾆｼｷﾀ
0010,ﾘｿﾅ,627,ﾁﾖｳｺﾞ
0010,ﾘｿﾅ,628,ﾄﾍﾞ
0010,ﾘｿﾅ,629,ｲｿｺﾞ
0010,ﾘｿﾅ,630,ｸﾞﾐﾖｳｼﾞ
0010,ﾘｿﾅ,631,ｶﾜｻｷ
0010,ﾘｿﾅ,632,ﾖｺｽｶ
0010,ﾘｿﾅ,633,ｵﾀﾞﾜﾗ
0010,ﾘｿﾅ,634,ﾌｼﾞｻﾜ
0010,ﾘｿﾅ,635,ｶﾐｵｵｵｶ
0010,ﾘｿﾅ,636,ｵｵﾌﾅ
0010,ﾘｿﾅ,637,ﾂﾅｼﾏ
0010,ﾘｿﾅ,638,ﾊｼﾓﾄ
0010,ﾘｿﾅ,639,ﾐﾂｷﾖｳ
0010,ﾘｿﾅ,640,ｶﾅｻﾞﾜﾌﾞﾝｺ
0010,ﾘｿﾅ,641,ｻｶﾞﾐｵｵﾉ
0010,ﾘｿﾅ,642,ﾆｼｶﾏｸﾗ
0010,ﾘｿﾅ,643,ﾀﾏﾌﾟﾗ-ｻﾞ
0010,ﾘｿﾅ,644,ﾐﾖｳﾚﾝｼﾞ
0010,ﾘｿﾅ,646,ｲｾﾊﾗ
0010,ﾘｿﾅ,647,ﾅﾙｾ
0010,ﾘｿﾅ,649,ｼﾝﾕﾘｶﾞｵｶ
0010,ﾘｿﾅ,653,ﾅｶﾞｵｶ
0010,ﾘｿﾅ,654,ﾏﾂﾓﾄ
0010,ﾘｿﾅ,657,ｺｳﾌ
0010,ﾘｿﾅ,659,ﾊﾏﾏﾂ
0010,ﾘｿﾅ,660,ﾂﾁｳﾗ
0010,ﾘｿﾅ,662,ｷﾀｷﾕｳｼﾕｳ
0010,ﾘｿﾅ,669,ｼﾝﾖｺﾊﾏ
0010,ﾘｿﾅ,670,ﾖｺﾊﾏﾆｼｸﾞﾁ
0010,ﾘｿﾅ,671,ﾏﾁﾀﾞﾁﾕｳｵｳ
0010,ﾘｿﾅ,675,ｼﾝﾄｼﾝ
0010,ﾘｿﾅ,680,ｺｳﾎｸﾆﾕ-ﾀｳﾝ
0010,ﾘｿﾅ,685,ｼﾝｶﾜｻｷ
0010,ﾘｿﾅ,687,ｼﾝﾀｸSRｵﾌｲｽ
0010,ﾘｿﾅ,688,ｼﾝﾀｸKMｵﾌｲｽ
0010,ﾘｿﾅ,700,ｱｻﾞﾌﾞ
0010,ﾘｿﾅ,703,ｶｺｶﾞﾜ
0010,ﾘｿﾅ,705,ｱﾏｶﾞｻｷ
0010,ﾘｿﾅ,707,ﾆｼｱﾗｲ
0010,ﾘｿﾅ,708,ﾋｺﾈ
0010,ﾘｿﾅ,709,ﾖｺﾊﾏ
0010,ﾘｿﾅ,710,ﾅｺﾞﾔ
0010,ﾘｿﾅ,711,ﾌｸｵｶ
0010,ﾘｿﾅ,718,ｱｶﾓﾝﾄﾞｵﾘ
0010,ﾘｿﾅ,719,ｾﾝﾎﾞﾝ
0010,ﾘｿﾅ,720,ﾂﾙﾐ
0010,ﾘｿﾅ,721,ﾅｺﾞﾔｴｷﾏｴ
0010,ﾘｿﾅ,722,ｸﾙﾒ
0010,ﾘｿﾅ,725,ｲﾁｶﾞﾔ
0010,ﾘｿﾅ,727,ｲﾏｲｹ
0010,ﾘｿﾅ,728,ﾄｳｷﾖｳﾐﾂﾄﾞﾀｳﾝ
0010,ﾘｿﾅ,731,ｸﾏﾓﾄ
0010,ﾘｿﾅ,736,ｶﾞｸｴﾝﾏｴﾛ-ﾝﾌﾟﾗｻﾞ
0010,ﾘｿﾅ,744,ﾂ
0010,ﾘｿﾅ,749,ﾋﾊﾞﾘｶﾞｵｶﾛ-ﾝﾌﾟﾗ
0010,ﾘｿﾅ,752,ﾋﾗｶﾀﾛ-ﾝﾌﾟﾗｻﾞ
0010,ﾘｿﾅ,753,ｲｽﾞﾐﾁﾕｳｵｳ
0010,ﾘｿﾅ,755,ｻｷｼﾏ
0010,ﾘｿﾅ,760,ｲｹﾌﾞｸﾛ
0010,ﾘｿﾅ,761,ﾄｷﾜﾀﾞｲ
0010,ﾘｿﾅ,762,ﾅﾘﾏｽ
0010,ﾘｿﾅ,763,ﾈﾘﾏ
0010,ﾘｿﾅ,764,ｼﾔｸｼﾞｲ
0010,ﾘｿﾅ,765,ﾀﾅｼ
0010,ﾘｿﾅ,766,ﾋｶﾞｼﾑﾗﾔﾏ
0010,ﾘｿﾅ,767,ﾋﾊﾞﾘｶﾞｵｶ
0010,ﾘｿﾅ,768,ｺﾀﾞｲﾗ
0010,ﾘｿﾅ,769,ﾁﾖｳﾌ
0010,ﾘｿﾅ,771,ﾋｶﾞｼｵｳﾒ
0010,ﾘｿﾅ,772,ﾌﾂｻ
0010,ﾘｿﾅ,773,ｲﾂｶｲﾁ
0010,ﾘｿﾅ,775,ﾑﾗﾔﾏ
0010,ﾘｿﾅ,779,ﾋｶﾞｼｸﾙﾒ
0010,ﾘｿﾅ,780,ｱｷｼﾏ
0010,ﾘｿﾅ,781,ｷﾖｾ
0010,ﾘｿﾅ,782,ﾋｶﾞｼﾌﾁﾕｳ
0010,ﾘｿﾅ,783,ﾋｶﾞｼｸﾙﾒﾀｷﾔﾏ
0010,ﾘｿﾅ,785,ﾋｶﾞｼﾔﾏﾄ
0010,ﾘｿﾅ,787,ｶﾍﾞ
0010,ﾘｿﾅ,797,ﾂﾀﾞﾇﾏ
0010,ﾘｿﾅ,800,ﾛ-ﾝｻﾎﾟ-ﾄ
0010,ﾘｿﾅ,801,ﾋﾛｼﾏ
0010,ﾘｿﾅ,830,ｼﾝﾀｸMBｵﾌｲｽ
0010,ﾘｿﾅ,839,ｱﾙﾌｱ
0010,ﾘｿﾅ,841,ﾍﾞ-ﾀ
0010,ﾘｿﾅ,849,ｳｴﾉﾛ-ﾝﾌﾟﾗｻﾞ
0010,ﾘｿﾅ,865,ｲｹﾌﾞｸﾛﾛ-ﾝﾌﾟﾗｻﾞ
0010,ﾘｿﾅ,866,ｼﾝﾄｼﾝﾛ-ﾝﾌﾟﾗｻﾞ
0010,ﾘｿﾅ,868,ｾﾝｼﾞﾕﾛ-ﾝﾌﾟﾗｻﾞ
0010,ﾘｿﾅ,869,ｼﾝﾊﾞｼﾛ-ﾝﾌﾟﾗｻﾞ
0010,ﾘｿﾅ,872,ｼﾌﾞﾔﾛ-ﾝﾌﾟﾗｻﾞ
0010,ﾘｿﾅ,873,ﾀﾁｶﾜﾛ-ﾝﾌﾟﾗｻﾞ
0010,ﾘｿﾅ,874,ｳﾒﾀﾞﾛ-ﾝﾌﾟﾗｻﾞ
0010,ﾘｿﾅ,875,ﾅﾝﾊﾞﾛ-ﾝﾌﾟﾗｻﾞ
0010,ﾘｿﾅ,876,ﾖｺﾊﾏﾆｼｸﾞﾁﾛ-ﾝﾌﾟﾗ
0010,ﾘｿﾅ,877,ﾏﾁﾀﾞﾛ-ﾝﾌﾟﾗｻﾞ
0010,ﾘｿﾅ,878,ｴﾋﾞﾅﾛ-ﾝﾌﾟﾗｻﾞ
0010,ﾘｿﾅ,879,ﾌﾅﾊﾞｼﾛ-ﾝﾌﾟﾗｻﾞ
0010,ﾘｿﾅ,882,ｻｶｲﾋｶﾞｼﾛ-ﾝﾌﾟﾗｻﾞ
0010,ﾘｿﾅ,884,ｺｳﾍﾞﾛ-ﾝﾌﾟﾗｻﾞ
0010,ﾘｿﾅ,886,ｷﾖｳﾊﾞｼﾛ-ﾝﾌﾟﾗｻﾞ
0010,ﾘｿﾅ,891,ﾄﾖｽ
0010,ﾘｿﾅ,899,ｲﾝﾀ-ﾈﾂﾄｼﾞﾕｳﾀｸ
0010,ﾘｿﾅ,911,ｺｳﾌﾘﾀﾞｲｲﾁ
0010,ﾘｿﾅ,918,ﾄｳｷﾖｳｴｲﾃｲｴﾑ
0010,ﾘｿﾅ,935,ﾍｲｾｲﾀﾞｲｲﾁ
0010,ﾘｿﾅ,936,ｱ-ｽ
0010,ﾘｿﾅ,938,ﾌﾘｺﾐｼﾕｳﾁﾕｳﾀﾞｲｲﾁ
0010,ﾘｿﾅ,941,ｻﾝﾗｲｽﾞ
0010,ﾘｿﾅ,942,ｼﾞﾕﾋﾟﾀ-
0017,ｻｲﾀﾏﾘｿﾅ,104,ｹﾝﾁﾖｳ
0017,ｻｲﾀﾏﾘｿﾅ,256,ｳﾗﾜﾁﾕｳｵｳ
0017,ｻｲﾀﾏﾘｿﾅ,257,ｳﾗﾜﾋｶﾞｼｸﾞﾁ
0017,ｻｲﾀﾏﾘｿﾅ,258,ｷﾀｳﾗﾜ
0017,ｻｲﾀﾏﾘｿﾅ,326,ﾐﾅﾐｺｼｶﾞﾔ
0017,ｻｲﾀﾏﾘｿﾅ,327,ﾋﾀﾞｶ
0017,ｻｲﾀﾏﾘｿﾅ,333,ｲﾅ
0017,ｻｲﾀﾏﾘｿﾅ,334,ｶﾜｸﾞﾁﾅﾝﾍﾟｲ
0017,ｻｲﾀﾏﾘｿﾅ,335,ﾖﾉ
0017,ｻｲﾀﾏﾘｿﾅ,337,ﾄﾛ
0017,ｻｲﾀﾏﾘｿﾅ,339,ｾﾝｹﾞﾝﾀﾞｲ
0017,ｻｲﾀﾏﾘｿﾅ,341,ｵｵｲ
0017,ｻｲﾀﾏﾘｿﾅ,342,ｼﾝｶﾞｼ
0017,ｻｲﾀﾏﾘｿﾅ,345,ﾐﾅﾐｳﾗﾜ
0017,ｻｲﾀﾏﾘｿﾅ,349,ｷﾀｳﾗﾜﾆｼｸﾞﾁ
0017,ｻｲﾀﾏﾘｿﾅ,353,ﾑｻｼｳﾗﾜ
0017,ｻｲﾀﾏﾘｿﾅ,354,ﾗﾝｻﾞﾝ
0017,ｻｲﾀﾏﾘｿﾅ,357,ｶﾜｸﾞﾁ
0017,ｻｲﾀﾏﾘｿﾅ,359,ﾊﾄｶﾞﾔ
0017,ｻｲﾀﾏﾘｿﾅ,361,ﾏﾂﾌﾞｼ
0017,ｻｲﾀﾏﾘｿﾅ,363,ﾜﾗﾋﾞ
0017,ｻｲﾀﾏﾘｿﾅ,364,ﾄﾀﾞ
0017,ｻｲﾀﾏﾘｿﾅ,365,ﾆｼｶﾜｸﾞﾁ
0017,ｻｲﾀﾏﾘｿﾅ,366,ﾜﾗﾋﾞﾋｶﾞｼ
0017,ｻｲﾀﾏﾘｿﾅ,368,ﾋｶﾞｼｵｵﾐﾔ
0017,ｻｲﾀﾏﾘｿﾅ,369,ｵｵﾐﾔ
0017,ｻｲﾀﾏﾘｿﾅ,370,ｵｵﾐﾔﾆｼ
0017,ｻｲﾀﾏﾘｿﾅ,377,ｱｹﾞｵ
0017,ｻｲﾀﾏﾘｿﾅ,378,ｵｹｶﾞﾜ
0017,ｻｲﾀﾏﾘｿﾅ,379,ｷﾀﾓﾄ
0017,ｻｲﾀﾏﾘｿﾅ,380,ｺｳﾉｽ
0017,ｻｲﾀﾏﾘｿﾅ,381,ｲﾜﾂｷ
0017,ｻｲﾀﾏﾘｿﾅ,382,ﾊｽﾀﾞ
0017,ｻｲﾀﾏﾘｿﾅ,383,ｼﾗｵｶ
0017,ｻｲﾀﾏﾘｿﾅ,384,ｶﾜｺﾞｴ
0017,ｻｲﾀﾏﾘｿﾅ,385,ｶﾜｺﾞｴﾐﾅﾐ
0017,ｻｲﾀﾏﾘｿﾅ,386,ﾎﾝｶﾜｺﾞｴ
0017,ｻｲﾀﾏﾘｿﾅ,387,ｶﾐﾌｸｵｶ
0017,ｻｲﾀﾏﾘｿﾅ,388,ｼｷ
0017,ｻｲﾀﾏﾘｿﾅ,389,ｱｻｶ
0017,ｻｲﾀﾏﾘｿﾅ,398,ｻｶﾄﾞ
0017,ｻｲﾀﾏﾘｿﾅ,400,ｳﾗﾜﾐｿﾉ
0017,ｻｲﾀﾏﾘｿﾅ,401,ｺｼｶﾞﾔﾚｲｸﾀｳﾝ
0017,ｻｲﾀﾏﾘｿﾅ,404,ﾋｶﾞｼﾏﾂﾔﾏ
0017,ｻｲﾀﾏﾘｿﾅ,482,ｵｶﾞﾜ
0017,ｻｲﾀﾏﾘｿﾅ,483,ｻﾔﾏ
0017,ｻｲﾀﾏﾘｿﾅ,484,ﾄｺﾛｻﾞﾜ
0017,ｻｲﾀﾏﾘｿﾅ,485,ｼﾝﾄｺﾛｻﾞﾜ
0017,ｻｲﾀﾏﾘｿﾅ,486,ﾂﾙｾ
0017,ｻｲﾀﾏﾘｿﾅ,487,ﾜｺｳ
0017,ｻｲﾀﾏﾘｿﾅ,488,ﾆﾂｼﾝ
0017,ｻｲﾀﾏﾘｿﾅ,490,ｶｽﾐｶﾞｾｷ
0017,ｻｲﾀﾏﾘｿﾅ,491,ﾆｲｻﾞ
0017,ｻｲﾀﾏﾘｿﾅ,492,ﾐﾔﾊﾗ
0017,ｻｲﾀﾏﾘｿﾅ,493,ｱｹﾞｵﾆｼｸﾞﾁ
0017,ｻｲﾀﾏﾘｿﾅ,494,ﾊﾝﾉｳ
0017,ｻｲﾀﾏﾘｿﾅ,497,ｲﾙﾏ
0017,ｻｲﾀﾏﾘｿﾅ,499,ﾂﾙｶﾞｼﾏ
0017,ｻｲﾀﾏﾘｿﾅ,500,ｻｲﾀﾏ
0017,ｻｲﾀﾏﾘｿﾅ,502,ｼﾝｻﾔﾏ
0017,ｻｲﾀﾏﾘｿﾅ,503,ﾏﾂﾊﾞﾗ
0017,ｻｲﾀﾏﾘｿﾅ,504,ｶｽｶﾍﾞ
0017,ｻｲﾀﾏﾘｿﾅ,505,ｿｳｶ
0017,ｻｲﾀﾏﾘｿﾅ,506,ｺｼｶﾞﾔ
0017,ｻｲﾀﾏﾘｿﾅ,507,ﾖｼｶﾜ
0017,ｻｲﾀﾏﾘｿﾅ,508,ｽｷﾞﾄ
0017,ｻｲﾀﾏﾘｿﾅ,509,ｻﾂﾃ
0017,ｻｲﾀﾏﾘｿﾅ,561,ｸｷ
0017,ｻｲﾀﾏﾘｿﾅ,562,ｸﾘﾊｼ
0017,ｻｲﾀﾏﾘｿﾅ,563,ｼﾖｳﾌﾞ
0017,ｻｲﾀﾏﾘｿﾅ,564,ﾀｹｻﾄ
0017,ｻｲﾀﾏﾘｿﾅ,565,ｷﾞﾖｳﾀﾞ
0017,ｻｲﾀﾏﾘｿﾅ,566,ﾊﾆﾕｳ
0017,ｻｲﾀﾏﾘｿﾅ,567,ｶｿﾞ
0017,ｻｲﾀﾏﾘｿﾅ,568,ｷｻｲ
0017,ｻｲﾀﾏﾘｿﾅ,570,ﾌｷｱｹﾞ
0017,ｻｲﾀﾏﾘｿﾅ,571,ﾋｶﾞｼｲﾜﾂｷ
0017,ｻｲﾀﾏﾘｿﾅ,572,ﾐｻﾄ
0017,ｻｲﾀﾏﾘｿﾅ,573,ｶｽｶﾍﾞﾆｼｸﾞﾁ
0017,ｻｲﾀﾏﾘｿﾅ,574,ｸﾏｶﾞﾔ
0017,ｻｲﾀﾏﾘｿﾅ,575,ｸﾏｶﾞﾔｴｷﾏｴ
0017,ｻｲﾀﾏﾘｿﾅ,577,ﾒﾇﾏ
0017,ｻｲﾀﾏﾘｿﾅ,578,ﾖﾘｲ
0017,ｻｲﾀﾏﾘｿﾅ,579,ｺﾀﾞﾏ
0017,ｻｲﾀﾏﾘｿﾅ,580,ﾌｶﾔ
0017,ｻｲﾀﾏﾘｿﾅ,581,ｵｶﾍﾞ
0017,ｻｲﾀﾏﾘｿﾅ,582,ﾎﾝｼﾞﾖｳ
0017,ｻｲﾀﾏﾘｿﾅ,583,ﾑｻｼﾌｼﾞｻﾜ
0017,ｻｲﾀﾏﾘｿﾅ,584,ﾁﾁﾌﾞ
0017,ｻｲﾀﾏﾘｿﾅ,585,ﾐﾅﾉ
0017,ｻｲﾀﾏﾘｿﾅ,586,ｵｶﾞﾉ
0017,ｻｲﾀﾏﾘｿﾅ,589,ｵｺﾞｾﾓﾛﾔﾏ
0017,ｻｲﾀﾏﾘｿﾅ,590,ﾔｼｵ
0017,ｻｲﾀﾏﾘｿﾅ,591,ｷﾀｺｼｶﾞﾔ
0017,ｻｲﾀﾏﾘｿﾅ,666,ﾄｺﾛｻﾞﾜﾋｶﾞｼｸﾞﾁ
0017,ｻｲﾀﾏﾘｿﾅ,673,ﾋｶﾞｼｳﾗﾜ
0017,ｻｲﾀﾏﾘｿﾅ,674,ﾌｼﾞﾐﾉ
0017,ｻｲﾀﾏﾘｿﾅ,681,ｻｲﾀﾏｼﾝﾄｼﾝ
0017,ｻｲﾀﾏﾘｿﾅ,683,ﾋｶﾞｼｶﾜｸﾞﾁ
0017,ｻｲﾀﾏﾘｿﾅ,756,ﾄｳｷﾖｳ
0017,ｻｲﾀﾏﾘｿﾅ,788,ｻｼｵｳｷﾞ
0017,ｻｲﾀﾏﾘｿﾅ,789,ｼﾖｳﾜ
0017,ｻｲﾀﾏﾘｿﾅ,791,ﾐﾔｼﾛ
0017,ｻｲﾀﾏﾘｿﾅ,792,ﾐｽﾞﾎﾀﾞｲ
0017,ｻｲﾀﾏﾘｿﾅ,793,ﾅﾅｻﾄ
0017,ｻｲﾀﾏﾘｿﾅ,794,ﾜｼﾉﾐﾔ
0017,ｻｲﾀﾏﾘｿﾅ,795,ｶｺﾞﾊﾗ
0017,ｻｲﾀﾏﾘｿﾅ,796,ｺﾃｻｼ
0017,ｻｲﾀﾏﾘｿﾅ,834,ｼﾞﾕｳﾀｸﾛ-ﾝ
0017,ｻｲﾀﾏﾘｿﾅ,918,ｻｲﾀﾏｴｲﾃｲｴﾑ
0017,ｻｲﾀﾏﾘｿﾅ,936,ｹﾔｷ
0017,ｻｲﾀﾏﾘｿﾅ,938,ｻｸﾗｿｳ
0017,ｻｲﾀﾏﾘｿﾅ,941,ｼﾗｺﾊﾞﾄ
0017,ｻｲﾀﾏﾘｿﾅ,942,ｶﾜｾﾐ
0033,ﾍﾟｲﾍﾟｲ,001,ﾎﾝﾃﾝ
0033,ﾍﾟｲﾍﾟｲ,002,ｽｽﾞﾒ
0033,ﾍﾟｲﾍﾟｲ,003,ﾊﾔﾌﾞｻ
0033,ﾍﾟｲﾍﾟｲ,004,ﾌｸﾛｳ
0033,ﾍﾟｲﾍﾟｲ,005,ﾋﾞｼﾞﾈｽ
0033,ﾍﾟｲﾍﾟｲ,006,ﾂﾊﾞﾒ
0033,ﾍﾟｲﾍﾟｲ,007,ｶﾜｾﾐ
0033,ﾍﾟｲﾍﾟｲ,008,ｳｸﾞｲｽ
0033,ﾍﾟｲﾍﾟｲ,009,ﾄｷ
0033,ﾍﾟｲﾍﾟｲ,010,LINE
0033,ﾍﾟｲﾍﾟｲ,601,ﾌﾗﾐﾝｺﾞ
0033,ﾍﾟｲﾍﾟｲ,602,ﾍﾟﾝｷﾞﾝ
0033,ﾍﾟｲﾍﾟｲ,701,ｶｴﾃﾞ
0033,ﾍﾟｲﾍﾟｲ,702,ﾓﾐｼﾞ
0033,ﾍﾟｲﾍﾟｲ,703,ｻｸﾗ
0033,ﾍﾟｲﾍﾟｲ,704,ｳﾒ
0033,ﾍﾟｲﾍﾟｲ,705,ﾂﾊﾞｷ
0033,ﾍﾟｲﾍﾟｲ,706,ｹﾔｷ
0033,ﾍﾟｲﾍﾟｲ,707,ｸｽﾉｷ
0033,ﾍﾟｲﾍﾟｲ,708,ﾋｲﾗｷﾞ
0033,ﾍﾟｲﾍﾟｲ,709,ｼﾗｶﾊﾞ
0033,ﾍﾟｲﾍﾟｲ,710,ﾂﾂｼﾞ
0033,ﾍﾟｲﾍﾟｲ,801,ｵﾋﾂｼﾞｻﾞ
0033,ﾍﾟｲﾍﾟｲ,802,ｵｳｼｻﾞ
0033,ﾍﾟｲﾍﾟｲ,803,ﾌﾀｺﾞｻﾞ
0033,ﾍﾟｲﾍﾟｲ,804,ﾗｲﾝﾌﾞﾗｳﾝ
0033,ﾍﾟｲﾍﾟｲ,805,ﾗｲﾝｺﾆ-
0033,ﾍﾟｲﾍﾟｲ,806,ｵﾄﾒｻﾞ
0033,ﾍﾟｲﾍﾟｲ,807,ﾃﾝﾋﾞﾝｻﾞ
0033,ﾍﾟｲﾍﾟｲ,808,ｻｿﾘｻﾞ
0033,ﾍﾟｲﾍﾟｲ,809,ﾍﾋﾞﾂｶｲｻﾞ
0033,ﾍﾟｲﾍﾟｲ,810,ｿﾌﾄﾊﾞﾝｸｶ-ﾄﾞ
0033,ﾍﾟｲﾍﾟｲ,811,ﾔｷﾞｻﾞ
0033,ﾍﾟｲﾍﾟｲ,812,ﾐｽﾞｶﾞﾒｻﾞ
0033,ﾍﾟｲﾍﾟｲ,813,ｳｵｻﾞ
0033,ﾍﾟｲﾍﾟｲ,814,PAYPAYｶ-ﾄﾞ
0033,ﾍﾟｲﾍﾟｲ,815,PAYPAYｶ-ﾄﾞﾀﾞｲﾆ
0033,ﾍﾟｲﾍﾟｲ,816,ｱﾝﾄﾞﾛﾒﾀﾞｻﾞ
0033,ﾍﾟｲﾍﾟｲ,817,ｽﾍﾟ-ﾄﾞ
0033,ﾍﾟｲﾍﾟｲ,818,ﾊ-ﾄ
0033,ﾍﾟｲﾍﾟｲ,819,ｱｲｽｸﾘ-ﾑ
0033,ﾍﾟｲﾍﾟｲ,820,ｶｽﾃﾗ
0033,ﾍﾟｲﾍﾟｲ,821,ｲﾙｶｻﾞ
0033,ﾍﾟｲﾍﾟｲ,822,ｳｻｷﾞｻﾞ
0033,ﾍﾟｲﾍﾟｲ,823,ｳｼｶｲｻﾞ
0033,ﾍﾟｲﾍﾟｲ,824,ｵｵｶﾐｻﾞ
0033,ﾍﾟｲﾍﾟｲ,825,ｵﾘｵﾝｻﾞ
0033,ﾍﾟｲﾍﾟｲ,826,ｶｼｵﾍﾟﾔｻﾞ
0033,ﾍﾟｲﾍﾟｲ,827,ｷﾘﾝｻﾞ
0033,ﾍﾟｲﾍﾟｲ,828,ｸｼﾞﾗｻﾞ
0033,ﾍﾟｲﾍﾟｲ,829,ｹﾝﾀｳﾙｽｻﾞ
0033,ﾍﾟｲﾍﾟｲ,830,ｺｲﾇｻﾞ
0033,ﾍﾟｲﾍﾟｲ,831,ｻﾝｶｸｻﾞ
0033,ﾍﾟｲﾍﾟｲ,832,ｼﾞﾖｳｷﾞｻﾞ
0033,ﾍﾟｲﾍﾟｲ,833,ﾀﾃｻﾞ
0033,ﾍﾟｲﾍﾟｲ,834,ﾂﾙｻﾞ
0033,ﾍﾟｲﾍﾟｲ,835,ﾄｹｲｻﾞ
0033,ﾍﾟｲﾍﾟｲ,836,ﾄﾋﾞｳｵｻﾞ
0033,ﾍﾟｲﾍﾟｲ,837,ﾊﾄｻﾞ
0033,ﾍﾟｲﾍﾟｲ,838,ﾍﾟｶﾞｽｽｻﾞ
0033,ﾍﾟｲﾍﾟｲ,839,ﾎﾟﾝﾌﾟｻﾞ
0033,ﾍﾟｲﾍﾟｲ,840,ﾔﾏﾈｺｻﾞ
0034,ｾﾌﾞﾝ,081,ﾎｳｼﾞﾝﾀﾞｲｲﾁ
0034,ｾﾌﾞﾝ,082,ﾎｳｼﾞﾝﾀﾞｲﾆ
0034,ｾﾌﾞﾝ,083,ﾎｳｼﾞﾝﾀﾞｲｻﾝ
0034,ｾﾌﾞﾝ,084,ﾎｳｼﾞﾝﾀﾞｲﾖﾝ
0034,ｾﾌﾞﾝ,085,ﾎｳｼﾞﾝﾀﾞｲｺﾞ
0034,ｾﾌﾞﾝ,100,ﾎﾝﾃﾝ
0034,ｾﾌﾞﾝ,101,ﾏ-ｶﾞﾚﾂﾄ
0034,ｾﾌﾞﾝ,102,ﾌﾘ-ｼﾞｱ
0034,ｾﾌﾞﾝ,103,ﾊﾟﾝｼﾞ-
0034,ｾﾌﾞﾝ,104,ﾁﾕ-ﾘﾂﾌﾟ
0034,ｾﾌﾞﾝ,105,ｶ-ﾈ-ｼﾖﾝ
0034,ｾﾌﾞﾝ,106,ｱｲﾘｽ
0034,ｾﾌﾞﾝ,107,ﾊﾞﾗ
0034,ｾﾌﾞﾝ,108,ﾊｲﾋﾞｽｶｽ
0034,ｾﾌﾞﾝ,109,ｻﾙﾋﾞｱ
0034,ｾﾌﾞﾝ,110,ｺｽﾓｽ
0034,ｾﾌﾞﾝ,111,ｶﾄﾚｱ
0034,ｾﾌﾞﾝ,112,ﾎﾟｲﾝｾﾁｱ
0035,ｿﾆ-,001,ﾎﾝﾃﾝ
0036,ﾗｸﾃﾝ,101,ﾎﾝﾃﾝ
0036,ﾗｸﾃﾝ,201,ｼﾞﾔｽﾞ
0036,ﾗｸﾃﾝ,202,ﾛﾂｸ
0036,ﾗｸﾃﾝ,203,ｻﾝﾊﾞ
0036,ﾗｸﾃﾝ,204,ﾜﾙﾂ
0036,ﾗｸﾃﾝ,205,ｵﾍﾟﾗ
0036,ﾗｸﾃﾝ,206,ﾀﾝｺﾞ
0036,ﾗｸﾃﾝ,207,ｻﾙｻ
0036,ﾗｸﾃﾝ,208,ﾀﾞﾝｽ
0036,ﾗｸﾃﾝ,209,ﾘｽﾞﾑ
0036,ﾗｸﾃﾝ,210,ﾋﾞ-ﾄ
0036,ﾗｸﾃﾝ,211,ﾏ-ﾁ
0036,ﾗｸﾃﾝ,212,ﾋﾟｱﾉ
0036,ﾗｸﾃﾝ,213,ﾄﾞﾗﾑ
0036,ﾗｸﾃﾝ,214,ﾁｴﾛ
0036,ﾗｸﾃﾝ,215,ｿﾅﾀ
0036,ﾗｸﾃﾝ,216,ｴﾝｶ
0036,ﾗｸﾃﾝ,217,ﾃｸﾉ
0036,ﾗｸﾃﾝ,218,ﾎﾙﾝ
0036,ﾗｸﾃﾝ,219,ｱﾙﾄ
0036,ﾗｸﾃﾝ,220,ﾌ-ｶﾞ
0036,ﾗｸﾃﾝ,221,ｱﾛﾊ
0036,ﾗｸﾃﾝ,222,ﾊ-ﾌﾟ
0036,ﾗｸﾃﾝ,223,ﾗﾃﾝ
0036,ﾗｸﾃﾝ,224,ﾀｸﾄ
0036,ﾗｸﾃﾝ,225,ｱﾘｱ
0036,ﾗｸﾃﾝ,226,ｷﾞﾀ-
0036,ﾗｸﾃﾝ,227,ﾎﾞﾚﾛ
0036,ﾗｸﾃﾝ,228,ﾏﾝﾎﾞ
0036,ﾗｸﾃﾝ,229,ｶﾉﾝ
0036,ﾗｸﾃﾝ,230,ｴﾚｷ
0036,ﾗｸﾃﾝ,231,ﾊｳｽ
0036,ﾗｸﾃﾝ,232,ﾛﾝﾄﾞ
0036,ﾗｸﾃﾝ,233,ﾋﾞｵﾗ
0036,ﾗｸﾃﾝ,234,ｺﾝｶﾞ
0036,ﾗｸﾃﾝ,235,ﾍﾞ-ｽ
0036,ﾗｸﾃﾝ,236,ﾃﾝﾎﾟ
0036,ﾗｸﾃﾝ,237,ｿﾝｸﾞ
0036,ﾗｸﾃﾝ,238,ﾎﾟﾙｶ
0036,ﾗｸﾃﾝ,239,ｽﾈｱ
0036,ﾗｸﾃﾝ,240,ｼﾝｾ
0036,ﾗｸﾃﾝ,241,ﾃﾅ-
0036,ﾗｸﾃﾝ,242,ﾀｲｺ
0036,ﾗｸﾃﾝ,243,ﾎﾟﾂﾌﾟ
0036,ﾗｸﾃﾝ,244,ｵﾝﾌﾟ
0036,ﾗｸﾃﾝ,245,ﾓﾀﾞﾝ
0036,ﾗｸﾃﾝ,246,ﾉｴﾙ
0036,ﾗｸﾃﾝ,247,ﾊﾞﾝﾄﾞ
0036,ﾗｸﾃﾝ,248,ｺ-ﾄﾞ
0036,ﾗｸﾃﾝ,249,ﾏｲｸ
0036,ﾗｸﾃﾝ,250,ﾘ-ﾄﾞ
0036,ﾗｸﾃﾝ,251,ﾀﾞｲｲﾁｴｲｷﾞﾖｳ
0036,ﾗｸﾃﾝ,252,ﾀﾞｲﾆｴｲｷﾞﾖｳ
0036,ﾗｸﾃﾝ,253,ﾀﾞｲｻﾝｴｲｷﾞﾖｳ
0036,ﾗｸﾃﾝ,254,ﾀﾞｲﾖﾝｴｲｷﾞﾖｳ
0036,ﾗｸﾃﾝ,261,ｳﾘｱｹﾞﾆﾕｳｷﾝﾀﾞｲｲﾁ
0036,ﾗｸﾃﾝ,262,ｳﾘｱｹﾞﾆﾕｳｷﾝﾀﾞｲﾆ
0036,ﾗｸﾃﾝ,271,ﾃﾞﾕｵ
0036,ﾗｸﾃﾝ,272,ﾗﾂﾌﾟ
0036,ﾗｸﾃﾝ,273,ﾌﾟﾘﾓ
0036,ﾗｸﾃﾝ,274,ｼﾞﾔﾑ
0036,ﾗｸﾃﾝ,301,ﾋｶﾘ
0036,ﾗｸﾃﾝ,302,ｵ-ｹ-ﾋﾞ-
0036,ﾗｸﾃﾝ,303,ｴﾇｼ-ﾋﾞ-
0036,ﾗｸﾃﾝ,321,ﾀﾞｲｲﾁｾｲﾒｲ
0036,ﾗｸﾃﾝ,341,ｼﾞｴｲｱ-ﾙｲ-ﾊﾔﾌﾞｻ
0036,ﾗｸﾃﾝ,342,ｼﾞｴｲｱ-ﾙｲ-ﾄｷ
0036,ﾗｸﾃﾝ,343,ｼﾞｴｲｱ-ﾙｲ-ｺﾏﾁ
0036,ﾗｸﾃﾝ,344,ｼﾞｴｲｱ-ﾙｲ-ﾂﾊﾞｻ
0036,ﾗｸﾃﾝ,345,ｼﾞｴｲｱ-ﾙｲ-ｱｻﾏ
0036,ﾗｸﾃﾝ,346,ｼﾞｴｲｱ-ﾙｲ-ﾔﾏﾋﾞｺ
0036,ﾗｸﾃﾝ,347,ｼﾞｴｲｱ-ﾙｲ-ｱｽﾞｻ
0036,ﾗｸﾃﾝ,348,ｼﾞｴｲｱ-ﾙｲ-ﾋﾀﾁ
0036,ﾗｸﾃﾝ,349,ｼﾞｴｲｱ-ﾙｲ-ｵﾄﾞﾘｺ
0036,ﾗｸﾃﾝ,351,ｼﾞｴｲｱ-ﾙｲ-ﾜｶｼｵ
0036,ﾗｸﾃﾝ,701,ﾎｳｼﾞﾝﾀﾞｲｲﾁ
0036,ﾗｸﾃﾝ,702,ﾎｳｼﾞﾝﾀﾞｲﾆ
0036,ﾗｸﾃﾝ,703,ﾎｳｼﾞﾝﾀﾞｲｻﾝ
0036,ﾗｸﾃﾝ,704,ﾎｳｼﾞﾝﾀﾞｲﾖﾝ
0036,ﾗｸﾃﾝ,705,ﾎｳｼﾞﾝﾀﾞｲｺﾞ
0036,ﾗｸﾃﾝ,706,ﾎｳｼﾞﾝﾀﾞｲﾛｸ
0036,ﾗｸﾃﾝ,707,ﾗｸﾃﾝｼﾖｳｹﾝ
0036,ﾗｸﾃﾝ,708,ﾎｳｼﾞﾝﾀﾞｲﾊﾁ
0036,ﾗｸﾃﾝ,709,ﾎｳｼﾞﾝﾀﾞｲｷﾕｳ
0036,ﾗｸﾃﾝ,710,ﾎｳｼﾞﾝﾀﾞｲｼﾞﾕｳ
0036,ﾗｸﾃﾝ,711,ﾗｸﾃﾝﾀﾞｲｲﾁ
0036,ﾗｸﾃﾝ,712,ﾗｸﾃﾝﾀﾞｲﾆ
0036,ﾗｸﾃﾝ,713,ﾗｸﾃﾝﾀﾞｲｻﾝ
0036,ﾗｸﾃﾝ,714,ﾎｳｼﾞﾝﾀﾞｲｼﾞﾕｳﾖﾝ
0036,ﾗｸﾃﾝ,715,ﾗｸﾃﾝｲﾁﾊﾞ
0036,ﾗｸﾃﾝ,716,ﾗｸﾃﾝ
0036,ﾗｸﾃﾝ,717,ﾎｳｼﾞﾝﾀﾞｲｼﾞﾕｳﾅﾅ
0036,ﾗｸﾃﾝ,718,ﾗｸﾃﾝｼﾖｳｹﾝﾀﾞｲﾆ
0036,ﾗｸﾃﾝ,719,ﾎｳｼﾞﾝﾀﾞｲｼﾞﾕｳｷﾕｳ
0036,ﾗｸﾃﾝ,720,ﾎｳｼﾞﾝﾀﾞｲﾆｼﾞﾕｳ
0036,ﾗｸﾃﾝ,721,ﾎｳｼﾞﾝﾀﾞｲﾆｼﾞﾕｳｲﾁ
0036,ﾗｸﾃﾝ,722,ﾎｳｼﾞﾝﾀﾞｲﾆｼﾞﾕｳﾆ
0036,ﾗｸﾃﾝ,723,ﾎｳｼﾞﾝﾀﾞｲﾆｼﾞﾕｳｻﾝ
0036,ﾗｸﾃﾝ,724,ﾎｳｼﾞﾝﾀﾞｲﾆｼﾞﾕｳﾖﾝ
0036,ﾗｸﾃﾝ,725,ﾎｳｼﾞﾝﾀﾞｲﾆｼﾞﾕｳｺﾞ
0036,ﾗｸﾃﾝ,726,ﾗｸﾃﾝｼﾖｳｹﾝﾀﾞｲｻﾝ
0036,ﾗｸﾃﾝ,727,ﾗｸﾃﾝｼﾖｳｹﾝﾀﾞｲﾖﾝ
0036,ﾗｸﾃﾝ,728,ﾎｳｼﾞﾝﾀﾞｲﾆｼﾞﾕｳﾊﾁ
0036,ﾗｸﾃﾝ,729,ﾎｳｼﾞﾝﾆｼﾞﾕｳｷﾕｳ
0036,ﾗｸﾃﾝ,730,ﾎｳｼﾞﾝﾀﾞｲｻﾝｼﾞﾕｳ
0036,ﾗｸﾃﾝ,731,ﾎｳｼﾞﾝｻﾝｼﾞﾕｳｲﾁ
0036,ﾗｸﾃﾝ,732,ﾎｳｼﾞﾝﾀﾞｲｻﾝｼﾞﾕｳﾆ
0038,ﾄﾞｺﾓSMTBﾈﾂﾄ,100,ﾎﾝﾃﾝ
0038,ﾄﾞｺﾓSMTBﾈﾂﾄ,101,ｲﾁｺﾞ
0038,ﾄﾞｺﾓSMTBﾈﾂﾄ,102,ﾌﾞﾄﾞｳ
0038,ﾄﾞｺﾓSMTBﾈﾂﾄ,103,ﾐｶﾝ
0038,ﾄﾞｺﾓSMTBﾈﾂﾄ,104,ﾚﾓﾝ
0038,ﾄﾞｺﾓSMTBﾈﾂﾄ,105,ﾘﾝｺﾞ
0038,ﾄﾞｺﾓSMTBﾈﾂﾄ,106,ﾎｳｼﾞﾝﾀﾞｲｲﾁ
0038,ﾄﾞｺﾓSMTBﾈﾂﾄ,107,ﾊﾞﾅﾅ
0038,ﾄﾞｺﾓSMTBﾈﾂﾄ,108,ﾒﾛﾝ
0038,ﾄﾞｺﾓSMTBﾈﾂﾄ,109,ｷｳｲ
0038,ﾄﾞｺﾓSMTBﾈﾂﾄ,110,ﾄﾞ-ﾅﾂ
0038,ﾄﾞｺﾓSMTBﾈﾂﾄ,111,ｸﾂｷ-
0038,ﾄﾞｺﾓSMTBﾈﾂﾄ,112,ﾏｶﾛﾝ
0038,ﾄﾞｺﾓSMTBﾈﾂﾄ,113,ﾊﾟﾌｴ
0038,ﾄﾞｺﾓSMTBﾈﾂﾄ,114,ﾁﾖｺﾚ-ﾄ
0038,ﾄﾞｺﾓSMTBﾈﾂﾄ,115,ｱｲｽｸﾘ-ﾑ
0038,ﾄﾞｺﾓSMTBﾈﾂﾄ,116,ﾄﾞﾗﾔｷ
0038,ﾄﾞｺﾓSMTBﾈﾂﾄ,117,ﾃｲﾗﾐｽ
0038,ﾄﾞｺﾓSMTBﾈﾂﾄ,118,ｸﾚ-ﾌﾟ
0038,ﾄﾞｺﾓSMTBﾈﾂﾄ,119,ｼﾖ-ﾄｹ-ｷ
0038,ﾄﾞｺﾓSMTBﾈﾂﾄ,201,JAL
0038,ﾄﾞｺﾓSMTBﾈﾂﾄ,202,ﾂﾂｼﾞ
0038,ﾄﾞｺﾓSMTBﾈﾂﾄ,203,Vﾎﾟｲﾝﾄ
0038,ﾄﾞｺﾓSMTBﾈﾂﾄ,204,ﾔﾏﾀﾞﾈｵﾊﾞﾝｸ
0038,ﾄﾞｺﾓSMTBﾈﾂﾄ,205,ｵｳﾁﾊﾞﾝｸ
0038,ﾄﾞｺﾓSMTBﾈﾂﾄ,206,SBIﾚﾐﾂﾄ
0038,ﾄﾞｺﾓSMTBﾈﾂﾄ,207,ｲﾙｶ
0038,ﾄﾞｺﾓSMTBﾈﾂﾄ,208,USEN
0038,ﾄﾞｺﾓSMTBﾈﾂﾄ,209,ﾀｶｼﾏﾔ
0038,ﾄﾞｺﾓSMTBﾈﾂﾄ,301,ﾀﾞｲｲﾁﾋﾞｼﾞﾈｽ
0038,ﾄﾞｺﾓSMTBﾈﾂﾄ,302,USENﾎｳｼﾞﾝ
0038,ﾄﾞｺﾓSMTBﾈﾂﾄ,303,ﾀﾞｲｲﾁｾｲﾒｲ
0038,ﾄﾞｺﾓSMTBﾈﾂﾄ,304,ﾌｱｲﾀ-ｽﾞ
0038,ﾄﾞｺﾓSMTBﾈﾂﾄ,305,ﾘﾉｼ-
0038,ﾄﾞｺﾓSMTBﾈﾂﾄ,306,ﾉﾑｺﾑ
0038,ﾄﾞｺﾓSMTBﾈﾂﾄ,307,ﾐﾗｲﾊﾞﾝｸ
0038,ﾄﾞｺﾓSMTBﾈﾂﾄ,308,ｹｲｵｳNEOBANK
0038,ﾄﾞｺﾓSMTBﾈﾂﾄ,309,ﾏﾂｲ
0038,ﾄﾞｺﾓSMTBﾈﾂﾄ,401,ﾋﾒｷﾞﾝ
0038,ﾄﾞｺﾓSMTBﾈﾂﾄ,402,ﾐﾂｲｽﾐﾄﾓｼﾝﾀｸ
0038,ﾄﾞｺﾓSMTBﾈﾂﾄ,403,ｸｼﾞﾗ
0038,ﾄﾞｺﾓSMTBﾈﾂﾄ,404,SBIFXﾄﾚ-ﾄﾞ
0038,ﾄﾞｺﾓSMTBﾈﾂﾄ,405,ﾗｲﾌﾞﾄﾞｱ
0038,ﾄﾞｺﾓSMTBﾈﾂﾄ,406,ﾈｵﾊﾞﾝｸﾋﾞｼﾞﾈｽ
0038,ﾄﾞｺﾓSMTBﾈﾂﾄ,407,BILLONE
0038,ﾄﾞｺﾓSMTBﾈﾂﾄ,408,ﾍ-ﾍﾞﾙ
0038,ﾄﾞｺﾓSMTBﾈﾂﾄ,409,ｻｸﾗ
0038,ﾄﾞｺﾓSMTBﾈﾂﾄ,501,ﾕﾀｶﾊﾞﾝｸ
0038,ﾄﾞｺﾓSMTBﾈﾂﾄ,502,ﾁﾕｳﾃﾞﾝｶﾃｴﾈ
0038,ﾄﾞｺﾓSMTBﾈﾂﾄ,503,FANY
0038,ﾄﾞｺﾓSMTBﾈﾂﾄ,504,ﾄｳﾎｳﾊｳｽ
0038,ﾄﾞｺﾓSMTBﾈﾂﾄ,505,ﾁﾕｳﾃﾞﾝﾋﾞｼﾞｴﾈ
0038,ﾄﾞｺﾓSMTBﾈﾂﾄ,507,ｱｼｶ
0038,ﾄﾞｺﾓSMTBﾈﾂﾄ,508,ﾏﾝﾎﾞｳ
0038,ﾄﾞｺﾓSMTBﾈﾂﾄ,509,ﾂﾊﾞｷ
0038,ﾄﾞｺﾓSMTBﾈﾂﾄ,609,ｶｴﾃﾞ
0039,ｴ-ﾕ-ｼﾞﾌﾞﾝ,001,ﾎﾝﾃﾝ
0039,ｴ-ﾕ-ｼﾞﾌﾞﾝ,101,ｱｶ
0039,ｴ-ﾕ-ｼﾞﾌﾞﾝ,102,ﾀﾞｲﾀﾞｲ
0039,ｴ-ﾕ-ｼﾞﾌﾞﾝ,103,ｷｲﾛ
0039,ｴ-ﾕ-ｼﾞﾌﾞﾝ,104,ﾐﾄﾞﾘ
0039,ｴ-ﾕ-ｼﾞﾌﾞﾝ,105,ｱｵ
0039,ｴ-ﾕ-ｼﾞﾌﾞﾝ,106,ｱｲｲﾛ
0039,ｴ-ﾕ-ｼﾞﾌﾞﾝ,107,ﾑﾗｻｷ
0039,ｴ-ﾕ-ｼﾞﾌﾞﾝ,108,ｿﾗ
0039,ｴ-ﾕ-ｼﾞﾌﾞﾝ,109,ﾐｽﾞｳﾐ
0039,ｴ-ﾕ-ｼﾞﾌﾞﾝ,110,ﾀﾞｲﾁ
0039,ｴ-ﾕ-ｼﾞﾌﾞﾝ,111,ﾓﾘ
0039,ｴ-ﾕ-ｼﾞﾌﾞﾝ,112,ｶﾜ
0039,ｴ-ﾕ-ｼﾞﾌﾞﾝ,301,ｴ-ﾕ-ﾍﾟｲ
0039,ｴ-ﾕ-ｼﾞﾌﾞﾝ,302,ｴ-ﾕ-ﾍﾟｲﾀﾞｲﾆ
0040,ｲｵﾝ,001,ｶﾞ-ﾈﾂﾄ
0040,ｲｵﾝ,002,ｱﾒｼｽﾄ
0040,ｲｵﾝ,003,ｱｸｱﾏﾘﾝ
0040,ｲｵﾝ,004,ﾀﾞｲﾔﾓﾝﾄﾞ
0040,ｲｵﾝ,005,ｴﾒﾗﾙﾄﾞ
0040,ｲｵﾝ,006,ﾊﾟ-ﾙ
0040,ｲｵﾝ,007,ﾙﾋﾞ-
0040,ｲｵﾝ,008,ﾍﾟﾘﾄﾞﾂﾄ
0040,ｲｵﾝ,009,ｻﾌｱｲｱ
0040,ｲｵﾝ,010,ｵﾊﾟ-ﾙ
0040,ｲｵﾝ,011,ﾄﾊﾟ-ｽﾞ
0040,ｲｵﾝ,012,ﾀ-ｺｲｽﾞ
0040,ｲｵﾝ,013,ﾃﾞｲｼﾞ-
0040,ｲｵﾝ,014,ﾐﾓｻﾞ
0040,ｲｵﾝ,015,ﾅﾉﾊﾅ
0040,ｲｵﾝ,016,ｻｸﾗ
0040,ｲｵﾝ,017,ﾎﾟﾋﾟ-
0040,ｲｵﾝ,018,ｶｽﾐｿｳ
0040,ｲｵﾝ,019,ｽｲﾚﾝ
0040,ｲｵﾝ,020,ｶｻﾌﾞﾗﾝｶ
0040,ｲｵﾝ,021,ﾌﾟﾙﾒﾘｱ
0040,ｲｵﾝ,022,ｶﾞ-ﾍﾞﾗ
0040,ｲｵﾝ,023,ｻｻﾞﾝｶ
0040,ｲｵﾝ,024,ｼｸﾗﾒﾝ
0040,ｲｵﾝ,031,ｲｵﾝｶ-ﾄﾞ
0040,ｲｵﾝ,032,ﾌﾘｺﾐｲﾁｺﾞｳ
0040,ｲｵﾝ,051,ﾎﾝﾃﾝ
0041,ﾀﾞｲﾜﾈｸｽﾄ,001,ﾎﾝﾃﾝ
0041,ﾀﾞｲﾜﾈｸｽﾄ,101,ｴﾋﾞｽ
0041,ﾀﾞｲﾜﾈｸｽﾄ,102,ﾀﾞｲｺｸ
0041,ﾀﾞｲﾜﾈｸｽﾄ,103,ﾋﾞｼﾔﾓﾝ
0041,ﾀﾞｲﾜﾈｸｽﾄ,104,ﾍﾞﾝﾃﾝ
0041,ﾀﾞｲﾜﾈｸｽﾄ,105,ﾎﾃｲ
0041,ﾀﾞｲﾜﾈｸｽﾄ,201,ｻｸﾗ
0041,ﾀﾞｲﾜﾈｸｽﾄ,202,ｽｽﾞﾗﾝ
0041,ﾀﾞｲﾜﾈｸｽﾄ,203,ﾅﾃﾞｼｺ
0041,ﾀﾞｲﾜﾈｸｽﾄ,204,ﾊﾅﾐｽﾞｷ
0041,ﾀﾞｲﾜﾈｸｽﾄ,205,ﾋﾏﾜﾘ
0042,ﾛ-ｿﾝ,001,ﾎﾝﾃﾝ
0042,ﾛ-ｿﾝ,201,ｵﾓﾁ
0042,ﾛ-ｿﾝ,202,ﾁﾖｺ
0042,ﾛ-ｿﾝ,203,ｵｽｼ
0042,ﾛ-ｿﾝ,204,ｶﾌｴ
0042,ﾛ-ｿﾝ,205,ｵﾆｷﾞﾘ
0042,ﾛ-ｿﾝ,206,ｻﾗﾀﾞ
0042,ﾛ-ｿﾝ,207,ｱｲｽ
0042,ﾛ-ｿﾝ,208,ﾌﾙ-ﾂ
0042,ﾛ-ｿﾝ,209,ﾊﾟｽﾀ
0042,ﾛ-ｿﾝ,210,ｵﾍﾞﾝﾄｳ
0042,ﾛ-ｿﾝ,211,ｽ-ﾌﾟ
0042,ﾛ-ｿﾝ,212,ﾃﾞｻﾞ-ﾄ
0042,ﾛ-ｿﾝ,389,ｴｲﾃｲｴﾑﾄｳｶﾂ
0042,ﾛ-ｿﾝ,401,ﾛ-ｿﾝﾀﾞｲｲﾁ
0042,ﾛ-ｿﾝ,520,ﾛ-ｿﾝﾀﾞｲﾆ
0043,ﾐﾝﾅﾉ,001,ﾎﾝﾃﾝ
0043,ﾐﾝﾅﾉ,002,ﾊ-ﾊﾞ-ﾌﾞﾘﾂｼﾞ
0043,ﾐﾝﾅﾉ,003,ﾌﾞﾙﾂｸﾘﾝﾌﾞﾘﾂｼﾞ
0043,ﾐﾝﾅﾉ,004,ﾚｲﾝﾎﾞ-ﾌﾞﾘﾂｼﾞ
0043,ﾐﾝﾅﾉ,005,ﾎﾟﾝﾇﾌ
0043,ﾐﾝﾅﾉ,006,ﾀﾜ-ﾌﾞﾘﾂｼﾞ
0043,ﾐﾝﾅﾉ,007,ﾎﾟﾝﾃﾍﾞﾂｷｵ
0043,ﾐﾝﾅﾉ,008,ｺﾞ-ﾙﾃﾞﾝｹﾞ-ﾄ
0043,ﾐﾝﾅﾉ,009,ﾄｹﾂｷﾖｳ
0043,ﾐﾝﾅﾉ,101,ｸﾞﾗﾝﾘﾊﾞ-
0043,ﾐﾝﾅﾉ,201,ﾋﾟｸｼﾌﾞ
0043,ﾐﾝﾅﾉ,202,ﾃﾝﾌﾟｽﾀﾂﾌ
0043,ﾐﾝﾅﾉ,203,ｲｸﾞﾆｶ
0043,ﾐﾝﾅﾉ,204,ｱﾝﾃﾞｲ-
0043,ﾐﾝﾅﾉ,205,ｶﾞｲﾀﾒﾄﾞﾂﾄｺﾑ
0043,ﾐﾝﾅﾉ,206,ﾐｸﾁﾔ
0043,ﾐﾝﾅﾉ,207,ﾏﾙｾﾞﾝｼﾞﾕﾝｸﾄﾞｳ
0043,ﾐﾝﾅﾉ,208,ｽ-ﾍﾟｲ
0043,ﾐﾝﾅﾉ,209,ｱﾝﾄﾞｴｽﾃｲ
0043,ﾐﾝﾅﾉ,210,VIVION
0043,ﾐﾝﾅﾉ,211,ﾃﾞｲ-ｴﾑｴﾑ
0043,ﾐﾝﾅﾉ,212,ﾜ-ﾙﾄﾞ
0043,ﾐﾝﾅﾉ,213,ﾕﾒﾉｿﾗ
0043,ﾐﾝﾅﾉ,251,ﾒﾙｶﾘﾀﾞｲｲﾁ
0043,ﾐﾝﾅﾉ,252,ﾒﾙｶﾘﾀﾞｲﾆ
0043,ﾐﾝﾅﾉ,253,ﾒﾙｶﾘﾀﾞｲｻﾝ
0043,ﾐﾝﾅﾉ,254,ﾒﾙｶﾘﾀﾞｲﾖﾝ
0043,ﾐﾝﾅﾉ,255,ﾒﾙｶﾘﾀﾞｲｺﾞ
0044,ﾕ-ｱｲ,100,ﾎﾝﾃﾝ
0044,ﾕ-ｱｲ,101,ﾏ-ｷﾕﾘ-
0044,ﾕ-ｱｲ,102,ﾋﾞ-ﾅｽ
0044,ﾕ-ｱｲ,300,CQｺｱﾗ
0044,ﾕ-ｱｲ,401,JAPANPAYﾀﾞｲｲﾁ
0116,ﾎﾂｶｲﾄﾞｳ,101,ﾎﾝﾃﾝ
0116,ﾎﾂｶｲﾄﾞｳ,102,ﾄﾖﾋﾗ
0116,ﾎﾂｶｲﾄﾞｳ,103,ｷﾞﾖｳｹｲﾄﾞｵﾘ
0116,ﾎﾂｶｲﾄﾞｳ,104,ﾐﾅﾐｲﾁｼﾞﾖｳ
0116,ﾎﾂｶｲﾄﾞｳ,105,ｿｳｾｲ
0116,ﾎﾂｶｲﾄﾞｳ,106,ｱｻﾋｶﾞｵｶ
0116,ﾎﾂｶｲﾄﾞｳ,107,ﾁﾕｳｵｳ
0116,ﾎﾂｶｲﾄﾞｳ,108,ﾂｷｻﾑ
0116,ﾎﾂｶｲﾄﾞｳ,109,ｽｽｷﾉ
0116,ﾎﾂｶｲﾄﾞｳ,110,ﾆｼｾﾝ
0116,ﾎﾂｶｲﾄﾞｳ,111,ﾋｶﾞｼｻﾂﾎﾟﾛ
0116,ﾎﾂｶｲﾄﾞｳ,112,ﾋﾗｷﾞｼ
0116,ﾎﾂｶｲﾄﾞｳ,113,ｴﾆﾜ
0116,ﾎﾂｶｲﾄﾞｳ,114,ﾁﾄｾ
0116,ﾎﾂｶｲﾄﾞｳ,115,ｷﾀﾋﾛｼﾏ
0116,ﾎﾂｶｲﾄﾞｳ,117,ﾒｸﾞﾐﾉ
0116,ﾎﾂｶｲﾄﾞｳ,118,ﾎｼｵｷ
0116,ﾎﾂｶｲﾄﾞｳ,119,ﾋﾗｵｶﾊﾟ-ｸ
0116,ﾎﾂｶｲﾄﾞｳ,120,ﾆｼﾉﾌﾀﾏﾀ
0116,ﾎﾂｶｲﾄﾞｳ,122,ｳﾂｸｼｶﾞｵｶ
0116,ﾎﾂｶｲﾄﾞｳ,123,ﾄﾝﾃﾞﾝﾊﾟ-ｿﾅﾙ
0116,ﾎﾂｶｲﾄﾞｳ,124,ｱｲﾉｻﾄﾊﾟ-ｿﾅﾙ
0116,ﾎﾂｶｲﾄﾞｳ,125,ﾐﾔﾉﾓﾘﾊﾟ-ｿﾅﾙ
0116,ﾎﾂｶｲﾄﾞｳ,131,ｿｳｴﾝ
0116,ﾎﾂｶｲﾄﾞｳ,132,ｼﾛｲｼｸﾔｸｼﾖ
0116,ﾎﾂｶｲﾄﾞｳ,145,ｲ-ﾈﾂﾄATM
0116,ﾎﾂｶｲﾄﾞｳ,146,ﾛ-ｿﾝATM
0116,ﾎﾂｶｲﾄﾞｳ,148,ﾋﾞｼﾞﾈｽﾛ-ﾝﾌﾟﾗｻﾞ
0116,ﾎﾂｶｲﾄﾞｳ,149,ｾｺﾏATM
0116,ﾎﾂｶｲﾄﾞｳ,150,ﾗﾋﾟﾂﾄﾞ
0116,ﾎﾂｶｲﾄﾞｳ,151,ｻﾂﾎﾟﾛｴｷﾏｴ
0116,ﾎﾂｶｲﾄﾞｳ,152,ｻﾂﾎﾟﾛｴｷｷﾀｸﾞﾁ
0116,ﾎﾂｶｲﾄﾞｳ,153,ﾄﾘｲﾏｴ
0116,ﾎﾂｶｲﾄﾞｳ,154,ﾁﾕｳｵｳｲﾁﾊﾞ
0116,ﾎﾂｶｲﾄﾞｳ,155,ｺﾄﾆ
0116,ﾎﾂｶｲﾄﾞｳ,156,ｼﾛｲｼ
0116,ﾎﾂｶｲﾄﾞｳ,157,ﾐｶﾎ
0116,ﾎﾂｶｲﾄﾞｳ,158,ｱｻﾌﾞ
0116,ﾎﾂｶｲﾄﾞｳ,159,ﾋｶﾞｼﾅｴﾎﾞ
0116,ﾎﾂｶｲﾄﾞｳ,160,ｵｵｱｻ
0116,ﾎﾂｶｲﾄﾞｳ,161,ｼﾝｻﾂﾎﾟﾛ
0116,ﾎﾂｶｲﾄﾞｳ,162,ｼﾝｶﾜ
0116,ﾎﾂｶｲﾄﾞｳ,163,ｷﾀﾆｼﾞﾕｳﾖｼﾞﾖｳ
0116,ﾎﾂｶｲﾄﾞｳ,164,ﾃｲﾈ
0116,ﾎﾂｶｲﾄﾞｳ,165,ﾆｼﾉ
0116,ﾎﾂｶｲﾄﾞｳ,166,ｼﾉﾛ
0116,ﾎﾂｶｲﾄﾞｳ,167,ｻﾂﾅｴ
0116,ﾎﾂｶｲﾄﾞｳ,168,ｷﾖﾀ
0116,ﾎﾂｶｲﾄﾞｳ,169,ﾉﾂﾎﾟﾛ
0116,ﾎﾂｶｲﾄﾞｳ,171,ﾆｼｵｶ
0116,ﾎﾂｶｲﾄﾞｳ,172,ﾎｸｴｲ
0116,ﾎﾂｶｲﾄﾞｳ,173,ﾊﾅｶﾜ
0116,ﾎﾂｶｲﾄﾞｳ,174,ﾓﾄﾏﾁ
0116,ﾎﾂｶｲﾄﾞｳ,175,ｼﾝｶﾜﾁﾕｳｵｳ
0116,ﾎﾂｶｲﾄﾞｳ,176,ﾎｸﾄ
0116,ﾎﾂｶｲﾄﾞｳ,177,ﾘﾕｳﾂｳｾﾝﾀ-ﾏｴ
0116,ﾎﾂｶｲﾄﾞｳ,178,ﾄﾞｳﾁﾖｳ
0116,ﾎﾂｶｲﾄﾞｳ,180,ｽﾐｶﾜ
0116,ﾎﾂｶｲﾄﾞｳ,183,ﾊﾁｹﾝ
0116,ﾎﾂｶｲﾄﾞｳ,186,ﾖﾝﾊﾞﾝﾄﾞｵﾘ
0116,ﾎﾂｶｲﾄﾞｳ,187,ﾐﾔﾉｻﾜ
0116,ﾎﾂｶｲﾄﾞｳ,189,ﾌｼﾞﾉ
0116,ﾎﾂｶｲﾄﾞｳ,191,ﾔﾏﾊﾅ
0116,ﾎﾂｶｲﾄﾞｳ,192,ﾏｺﾏﾅｲ
0116,ﾎﾂｶｲﾄﾞｳ,193,ｶﾜｿﾞｴ
0116,ﾎﾂｶｲﾄﾞｳ,194,ｷｸｽｲﾓﾄﾏﾁ
0116,ﾎﾂｶｲﾄﾞｳ,195,ｻｶｴﾏﾁ
0116,ﾎﾂｶｲﾄﾞｳ,196,ｺｳｾｲ
0116,ﾎﾂｶｲﾄﾞｳ,197,ｷﾀｼﾞﾕｳｺﾞｼﾞﾖｳ
0116,ﾎﾂｶｲﾄﾞｳ,198,ｷﾀｺﾞｳ
0116,ﾎﾂｶｲﾄﾞｳ,199,ｵｵﾔﾁ
0116,ﾎﾂｶｲﾄﾞｳ,201,ﾊｺﾀﾞﾃｴｷﾏｴ
0116,ﾎﾂｶｲﾄﾞｳ,202,ｷｺﾅｲ
0116,ﾎﾂｶｲﾄﾞｳ,203,ｲﾏｶﾞﾈ
0116,ﾎﾂｶｲﾄﾞｳ,206,ﾊｺﾀﾞﾃ
0116,ﾎﾂｶｲﾄﾞｳ,207,ｶﾒﾀﾞ
0116,ﾎﾂｶｲﾄﾞｳ,208,ｼﾞﾕｳｼﾞｶﾞｲ
0116,ﾎﾂｶｲﾄﾞｳ,209,ﾋｶﾞｼﾔﾏ
0116,ﾎﾂｶｲﾄﾞｳ,210,ﾐﾊﾗ
0116,ﾎﾂｶｲﾄﾞｳ,211,ﾕﾉｶﾜ
0116,ﾎﾂｶｲﾄﾞｳ,301,ｵﾀﾙ
0116,ﾎﾂｶｲﾄﾞｳ,302,ｲﾘﾌﾈ
0116,ﾎﾂｶｲﾄﾞｳ,303,ｲﾜﾅｲ
0116,ﾎﾂｶｲﾄﾞｳ,304,ｽﾂﾂ
0116,ﾎﾂｶｲﾄﾞｳ,333,ﾌﾘｺﾐｾﾝﾖｳ
0116,ﾎﾂｶｲﾄﾞｳ,401,ﾑﾛﾗﾝ
0116,ﾎﾂｶｲﾄﾞｳ,402,ｵｲﾜｹ
0116,ﾎﾂｶｲﾄﾞｳ,403,ﾀﾞﾃ
0116,ﾎﾂｶｲﾄﾞｳ,404,ﾄﾏｺﾏｲ
0116,ﾎﾂｶｲﾄﾞｳ,405,ﾊﾔｷﾀ
0116,ﾎﾂｶｲﾄﾞｳ,406,ﾄｳﾔ
0116,ﾎﾂｶｲﾄﾞｳ,407,ﾑﾛﾗﾝｴｷﾏｴ
0116,ﾎﾂｶｲﾄﾞｳ,408,ﾉﾎﾞﾘﾍﾞﾂ
0116,ﾎﾂｶｲﾄﾞｳ,409,ｼﾗｵｲ
0116,ﾎﾂｶｲﾄﾞｳ,410,ﾄﾏｺﾏｲﾋｶﾞｼ
0116,ﾎﾂｶｲﾄﾞｳ,411,ｲﾄｲ
0116,ﾎﾂｶｲﾄﾞｳ,412,ﾋｶﾞｼﾑﾛﾗﾝ
0116,ﾎﾂｶｲﾄﾞｳ,501,ｲﾜﾐｻﾞﾜ
0116,ﾎﾂｶｲﾄﾞｳ,502,ｸﾘﾔﾏ
0116,ﾎﾂｶｲﾄﾞｳ,506,ﾄｳﾍﾞﾂ
0116,ﾎﾂｶｲﾄﾞｳ,507,ﾂｷｶﾞﾀ
0116,ﾎﾂｶｲﾄﾞｳ,508,ﾅｶﾞﾇﾏ
0116,ﾎﾂｶｲﾄﾞｳ,601,ﾀｷｶﾜ
0116,ﾎﾂｶｲﾄﾞｳ,602,ｽﾅｶﾞﾜ
0116,ﾎﾂｶｲﾄﾞｳ,603,ｱｼﾍﾞﾂ
0116,ﾎﾂｶｲﾄﾞｳ,604,ｱｶﾋﾞﾗ
0116,ﾎﾂｶｲﾄﾞｳ,606,ﾋﾞﾊﾞｲ
0116,ﾎﾂｶｲﾄﾞｳ,701,ｱｻﾋｶﾜ
0116,ﾎﾂｶｲﾄﾞｳ,702,ﾋﾞｴｲ
0116,ﾎﾂｶｲﾄﾞｳ,703,ｼﾍﾞﾂ
0116,ﾎﾂｶｲﾄﾞｳ,704,ﾅﾖﾛ
0116,ﾎﾂｶｲﾄﾞｳ,707,ﾌﾗﾉ
0116,ﾎﾂｶｲﾄﾞｳ,709,ｷﾞﾝｻﾞﾄﾞｵﾘ
0116,ﾎﾂｶｲﾄﾞｳ,711,ｶｸﾞﾗ
0116,ﾎﾂｶｲﾄﾞｳ,713,ﾄﾖｵｶ
0116,ﾎﾂｶｲﾄﾞｳ,714,ﾅｶﾞﾔﾏ
0116,ﾎﾂｶｲﾄﾞｳ,715,ｵｵﾏﾁ
0116,ﾎﾂｶｲﾄﾞｳ,801,ﾜﾂｶﾅｲ
0116,ﾎﾂｶｲﾄﾞｳ,803,ﾃｼｵ
0116,ﾎﾂｶｲﾄﾞｳ,804,ﾙﾓｲ
0116,ﾎﾂｶｲﾄﾞｳ,805,ﾊﾎﾞﾛ
0116,ﾎﾂｶｲﾄﾞｳ,901,ｷﾀﾐ
0116,ﾎﾂｶｲﾄﾞｳ,903,ｱﾊﾞｼﾘ
0116,ﾎﾂｶｲﾄﾞｳ,904,ｼﾔﾘ
0116,ﾎﾂｶｲﾄﾞｳ,905,ﾓﾝﾍﾞﾂ
0116,ﾎﾂｶｲﾄﾞｳ,906,ﾅｶﾕｳﾍﾞﾂ
0116,ﾎﾂｶｲﾄﾞｳ,907,ｷﾀﾐﾄﾝﾃﾞﾝ
0116,ﾎﾂｶｲﾄﾞｳ,920,ｸｼﾛ
0116,ﾎﾂｶｲﾄﾞｳ,921,ﾄﾂﾄﾘ
0116,ﾎﾂｶｲﾄﾞｳ,922,ｼﾗﾇｶ
0116,ﾎﾂｶｲﾄﾞｳ,923,ﾈﾑﾛ
0116,ﾎﾂｶｲﾄﾞｳ,924,ｸｼﾛﾆｼｺｳ
0116,ﾎﾂｶｲﾄﾞｳ,925,ﾅｶｼﾍﾞﾂ
0116,ﾎﾂｶｲﾄﾞｳ,951,ｵﾋﾞﾋﾛ
0116,ﾎﾂｶｲﾄﾞｳ,953,ｵﾄﾌｹ
0116,ﾎﾂｶｲﾄﾞｳ,954,ﾒﾑﾛ
0116,ﾎﾂｶｲﾄﾞｳ,955,ﾋﾛｵ
0116,ﾎﾂｶｲﾄﾞｳ,956,ｱｼﾖﾛ
0116,ﾎﾂｶｲﾄﾞｳ,957,ﾆｼｺﾞｼﾞﾖｳ
0116,ﾎﾂｶｲﾄﾞｳ,958,ｵﾋﾞﾋﾛﾆｼ
0116,ﾎﾂｶｲﾄﾞｳ,970,ﾄｳｷﾖｳ
0116,ﾎﾂｶｲﾄﾞｳ,983,ｾﾝﾀﾞｲ
0117,ｱｵﾓﾘﾐﾁﾉｸ,010,ﾋﾛｻｷ
0117,ｱｵﾓﾘﾐﾁﾉｸ,014,ｱｵﾓﾘﾁﾕｳｵｳ
0117,ｱｵﾓﾘﾐﾁﾉｸ,022,ｲ-ﾈﾂﾄ
0117,ｱｵﾓﾘﾐﾁﾉｸ,023,ﾛ-ｿﾝ
0117,ｱｵﾓﾘﾐﾁﾉｸ,028,ｺﾔﾅｷﾞ
0117,ｱｵﾓﾘﾐﾁﾉｸ,029,ｱｻﾑｼｵﾝｾﾝ
0117,ｱｵﾓﾘﾐﾁﾉｸ,033,ｶﾅｷﾞ
0117,ｱｵﾓﾘﾐﾁﾉｸ,034,ﾅｶｻﾄ
0117,ｱｵﾓﾘﾐﾁﾉｸ,037,ｷﾂﾞｸﾘ
0117,ｱｵﾓﾘﾐﾁﾉｸ,039,ﾌｶｳﾗｷﾀ
0117,ｱｵﾓﾘﾐﾁﾉｸ,040,ｱｵﾓﾘ
0117,ｱｵﾓﾘﾐﾁﾉｸ,042,ｱｵﾓﾘﾌﾙｶﾜ
0117,ｱｵﾓﾘﾐﾁﾉｸ,043,ﾅﾐｳﾁ
0117,ｱｵﾓﾘﾐﾁﾉｸ,045,ﾅﾐﾀﾞﾃﾄﾞｵﾘ
0117,ｱｵﾓﾘﾐﾁﾉｸ,049,ﾔｴﾀﾞ
0117,ｱｵﾓﾘﾐﾁﾉｸ,050,ｱｻﾋｶﾞｵｶ
0117,ｱｵﾓﾘﾐﾁﾉｸ,051,ﾑﾂﾁﾕｳｵｳ
0117,ｱｵﾓﾘﾐﾁﾉｸ,052,ﾛﾂｶｼﾖ
0117,ｱｵﾓﾘﾐﾁﾉｸ,053,ｵｵﾊﾀ
0117,ｱｵﾓﾘﾐﾁﾉｸ,054,ﾉﾍｼﾞﾁﾕｳｵｳ
0117,ｱｵﾓﾘﾐﾁﾉｸ,056,ﾄﾜﾀﾞﾁﾕｳｵｳ
0117,ｱｵﾓﾘﾐﾁﾉｸ,057,ｼﾁﾉﾍ
0117,ｱｵﾓﾘﾐﾁﾉｸ,058,ｺﾞﾉﾍﾁﾕｳｵｳ
0117,ｱｵﾓﾘﾐﾁﾉｸ,059,ｻﾝﾉﾍﾅﾝﾌﾞ
0117,ｱｵﾓﾘﾐﾁﾉｸ,060,ﾊﾁﾉﾍﾁﾕｳｵｳ
0117,ｱｵﾓﾘﾐﾁﾉｸ,062,ｺﾅｶﾉ
0117,ｱｵﾓﾘﾐﾁﾉｸ,064,ｼﾛｼﾀ
0117,ｱｵﾓﾘﾐﾁﾉｸ,068,ﾊﾁﾉﾍｴｷﾏｴ
0117,ｱｵﾓﾘﾐﾁﾉｸ,070,ﾓﾘｵｶ
0117,ｱｵﾓﾘﾐﾁﾉｸ,072,ｸｼﾞ
0117,ｱｵﾓﾘﾐﾁﾉｸ,073,ﾆﾉﾍ
0117,ｱｵﾓﾘﾐﾁﾉｸ,074,ｶﾙﾏｲ
0117,ｱｵﾓﾘﾐﾁﾉｸ,075,ﾀｶﾞﾀﾞｲ
0117,ｱｵﾓﾘﾐﾁﾉｸ,076,ｶﾜﾗｷﾞ
0117,ｱｵﾓﾘﾐﾁﾉｸ,077,ﾅﾝﾌﾞﾁﾕｳｵｳ
0117,ｱｵﾓﾘﾐﾁﾉｸ,078,ﾎﾅﾐ
0117,ｱｵﾓﾘﾐﾁﾉｸ,079,ﾛ-ﾝﾌﾟﾗｻﾞﾊｺﾀﾞﾃ
0117,ｱｵﾓﾘﾐﾁﾉｸ,081,ﾛ-ﾝﾌﾟﾗｻﾞｱｵﾓﾘ
0117,ｱｵﾓﾘﾐﾁﾉｸ,082,ﾛ-ﾝﾌﾟﾗｻﾞﾋﾛｻｷ
0117,ｱｵﾓﾘﾐﾁﾉｸ,083,ﾛ-ﾝﾌﾟﾗｻﾞﾊﾁﾉﾍ
0117,ｱｵﾓﾘﾐﾁﾉｸ,084,ﾉｼﾛ
0117,ｱｵﾓﾘﾐﾁﾉｸ,085,ﾅﾐｵｶ
0117,ｱｵﾓﾘﾐﾁﾉｸ,086,ﾃﾝﾏﾊﾞﾔｼ
0117,ｱｵﾓﾘﾐﾁﾉｸ,087,ﾀﾞｲｶﾞｸﾋﾞﾖｳｲﾝﾏｴ
0117,ｱｵﾓﾘﾐﾁﾉｸ,089,ｶｼﾜｷﾞﾁﾖｳ
0117,ｱｵﾓﾘﾐﾁﾉｸ,090,ｻﾂﾎﾟﾛ
0117,ｱｵﾓﾘﾐﾁﾉｸ,091,ｴｲﾃｲｴﾑﾄｳｶﾂ
0117,ｱｵﾓﾘﾐﾁﾉｸ,095,ｾﾝﾀﾞｲｲﾁﾊﾞﾝﾁﾖｳ
0117,ｱｵﾓﾘﾐﾁﾉｸ,096,ｻﾝﾅｲ
0117,ｱｵﾓﾘﾐﾁﾉｸ,097,ｲｼｴ
0117,ｱｵﾓﾘﾐﾁﾉｸ,098,ﾄｳｷﾖｳﾁﾕｳｵｳ
0117,ｱｵﾓﾘﾐﾁﾉｸ,101,ﾎﾝﾃﾝ
0117,ｱｵﾓﾘﾐﾁﾉｸ,102,ｼﾝﾏﾁ
0117,ｱｵﾓﾘﾐﾁﾉｸ,104,ﾌﾙｶﾜ
0117,ｱｵﾓﾘﾐﾁﾉｸ,105,ｱｵﾓﾘﾋｶﾞｼ
0117,ｱｵﾓﾘﾐﾁﾉｸ,106,ｹﾝﾁﾖｳ
0117,ｱｵﾓﾘﾐﾁﾉｸ,107,ｱﾌﾞﾗｶﾜ
0117,ｱｵﾓﾘﾐﾁﾉｸ,108,ｼﾉﾀﾞ
0117,ｱｵﾓﾘﾐﾁﾉｸ,111,ｱｵﾓﾘｼﾔｸｼﾖ
0117,ｱｵﾓﾘﾐﾁﾉｸ,112,ｱｵﾓﾘﾆｼ
0117,ｱｵﾓﾘﾐﾁﾉｸ,114,ﾄﾝﾔﾏﾁ
0117,ｱｵﾓﾘﾐﾁﾉｸ,115,ﾅﾐｳﾁﾁﾕｳｵｳ
0117,ｱｵﾓﾘﾐﾁﾉｸ,116,ﾅﾐﾀﾞﾃ
0117,ｱｵﾓﾘﾐﾁﾉｸ,119,ｵｵﾉ
0117,ｱｵﾓﾘﾐﾁﾉｸ,120,ﾅｶﾂｸﾀﾞ
0117,ｱｵﾓﾘﾐﾁﾉｸ,127,ﾏﾂﾊﾞﾗﾄﾞｵﾘ
0117,ｱｵﾓﾘﾐﾁﾉｸ,128,ｶﾝｺｳﾄﾞｵﾘ
0117,ｱｵﾓﾘﾐﾁﾉｸ,129,ﾋｶﾞｼﾂｸﾘﾐﾁ
0117,ｱｵﾓﾘﾐﾁﾉｸ,130,ﾅﾅｴﾊﾏ
0117,ｱｵﾓﾘﾐﾁﾉｸ,131,ﾋﾗﾅｲ
0117,ｱｵﾓﾘﾐﾁﾉｸ,132,ｶﾆﾀ
0117,ｱｵﾓﾘﾐﾁﾉｸ,134,ﾊｸｻﾝﾀﾞｲ
0117,ｱｵﾓﾘﾐﾁﾉｸ,135,ﾀﾑｶｲ
0117,ｱｵﾓﾘﾐﾁﾉｸ,138,ﾀﾅﾌﾞ
0117,ｱｵﾓﾘﾐﾁﾉｸ,140,ﾊﾏﾀﾞﾃ
0117,ｱｵﾓﾘﾐﾁﾉｸ,150,ｺｸﾄﾞｳ
0117,ｱｵﾓﾘﾐﾁﾉｸ,151,ｻｶｴﾏﾁ
0117,ｱｵﾓﾘﾐﾁﾉｸ,152,ｱｵﾓﾘﾐﾅﾐ
0117,ｱｵﾓﾘﾐﾁﾉｸ,153,ｵｷﾀﾞﾃ
0117,ｱｵﾓﾘﾐﾁﾉｸ,154,ｻｸﾗｶﾞﾜﾄﾞｵﾘ
0117,ｱｵﾓﾘﾐﾁﾉｸ,155,ｶﾅｻﾞﾜ
0117,ｱｵﾓﾘﾐﾁﾉｸ,156,ﾄﾔﾏﾀﾞﾝﾁ
0117,ｱｵﾓﾘﾐﾁﾉｸ,157,ｺﾐﾅﾄ
0117,ｱｵﾓﾘﾐﾁﾉｸ,158,ｲｼｴｼﾝｼﾞﾖｳ
0117,ｱｵﾓﾘﾐﾁﾉｸ,159,ﾂｸﾀﾞ
0117,ｱｵﾓﾘﾐﾁﾉｸ,160,ｻｸﾗｶﾞﾜﾂﾂｲ
0117,ｱｵﾓﾘﾐﾁﾉｸ,161,ﾀﾞｲﾆﾄﾝﾔﾏﾁ
0117,ｱｵﾓﾘﾐﾁﾉｸ,201,ｵﾔｶﾀﾏﾁ
0117,ｱｵﾓﾘﾐﾁﾉｸ,202,ﾂｶﾞﾙﾜﾄｸ
0117,ｱｵﾓﾘﾐﾁﾉｸ,203,ﾄﾞﾃﾏﾁ
0117,ｱｵﾓﾘﾐﾁﾉｸ,205,ﾋﾛｻｷﾐﾅﾐ
0117,ｱｵﾓﾘﾐﾁﾉｸ,206,ﾋﾛｻｷｴｷﾏｴ
0117,ｱｵﾓﾘﾐﾁﾉｸ,207,ﾋﾛｻｷｼﾔｸｼﾖ
0117,ｱｵﾓﾘﾐﾁﾉｸ,208,ﾋﾛｻｷﾋｶﾞｼ
0117,ｱｵﾓﾘﾐﾁﾉｸ,209,ﾄﾐﾀ
0117,ｱｵﾓﾘﾐﾁﾉｸ,211,ｷﾀｵｵﾄﾞｵﾘ
0117,ｱｵﾓﾘﾐﾁﾉｸ,214,ﾏﾂﾊﾞﾗﾋｶﾞｼ
0117,ｱｵﾓﾘﾐﾁﾉｸ,220,ｼﾀﾄﾞﾃﾏﾁ
0117,ｱｵﾓﾘﾐﾁﾉｸ,221,ｶﾐﾄﾞﾃﾏﾁ
0117,ｱｵﾓﾘﾐﾁﾉｸ,222,ｼﾞﾖｳﾄｳ
0117,ｱｵﾓﾘﾐﾁﾉｸ,223,ﾋﾛｻｷｺｳｴﾝﾏｴ
0117,ｱｵﾓﾘﾐﾁﾉｸ,224,ﾆｼﾋﾛｻｷ
0117,ｱｵﾓﾘﾐﾁﾉｸ,225,ｲﾜｷ
0117,ｱｵﾓﾘﾐﾁﾉｸ,226,ﾏﾂﾊﾞﾗ
0117,ｱｵﾓﾘﾐﾁﾉｸ,227,ｶﾀﾀﾞ
0117,ｱｵﾓﾘﾐﾁﾉｸ,228,ﾏﾂﾓﾘﾏﾁ
0117,ｱｵﾓﾘﾐﾁﾉｸ,229,ｲｼﾜﾀﾘ
0117,ｱｵﾓﾘﾐﾁﾉｸ,301,ﾊﾁﾉﾍ
0117,ｱｵﾓﾘﾐﾁﾉｸ,302,ﾐﾅﾄ
0117,ｱｵﾓﾘﾐﾁﾉｸ,303,ｻﾒ
0117,ｱｵﾓﾘﾐﾁﾉｸ,307,ﾐﾂｶﾏﾁ
0117,ｱｵﾓﾘﾐﾁﾉｸ,309,ｼﾛｼﾀﾁﾕｳｵｳ
0117,ｱｵﾓﾘﾐﾁﾉｸ,310,ｻﾒｼﾛｶﾞﾈ
0117,ｱｵﾓﾘﾐﾁﾉｸ,311,ﾊﾁﾉﾍｼﾁﾖｳ
0117,ｱｵﾓﾘﾐﾁﾉｸ,312,ｱｻﾋｶﾞｵｶﾁﾕｳｵｳ
0117,ｱｵﾓﾘﾐﾁﾉｸ,313,ｵﾛｼｼｼﾞﾖｳ
0117,ｱｵﾓﾘﾐﾁﾉｸ,316,ﾈｼﾞﾖｳ
0117,ｱｵﾓﾘﾐﾁﾉｸ,319,ｲｼﾄﾞｳ
0117,ｱｵﾓﾘﾐﾁﾉｸ,320,ﾐﾅﾐﾙｲｹ
0117,ｱｵﾓﾘﾐﾁﾉｸ,322,ﾊﾁﾉﾍﾆｼ
0117,ｱｵﾓﾘﾐﾁﾉｸ,330,ﾔﾅｷﾞﾏﾁ
0117,ｱｵﾓﾘﾐﾁﾉｸ,331,ｼﾛｶﾞﾈ
0117,ｱｵﾓﾘﾐﾁﾉｸ,332,ﾙｲｹ
0117,ｱｵﾓﾘﾐﾁﾉｸ,333,ｳﾙｲﾁ
0117,ｱｵﾓﾘﾐﾁﾉｸ,401,ｸﾛｲｼ
0117,ｱｵﾓﾘﾐﾁﾉｸ,402,ｵｵﾜﾆ
0117,ｱｵﾓﾘﾐﾁﾉｸ,403,ﾌｼﾞｻｷ
0117,ｱｵﾓﾘﾐﾁﾉｸ,404,ﾅﾐｵｶﾁﾕｳｵｳ
0117,ｱｵﾓﾘﾐﾁﾉｸ,406,ﾋﾗｶﾜ
0117,ｱｵﾓﾘﾐﾁﾉｸ,410,ｼﾞﾖｳﾄｳｵｵﾜﾆ
0117,ｱｵﾓﾘﾐﾁﾉｸ,411,ﾋﾗｶ
0117,ｱｵﾓﾘﾐﾁﾉｸ,412,ｸﾛｲｼｳﾁﾏﾁ
0117,ｱｵﾓﾘﾐﾁﾉｸ,501,ｺﾞｼﾖｶﾞﾜﾗ
0117,ｱｵﾓﾘﾐﾁﾉｸ,502,ﾂﾙﾀ
0117,ｱｵﾓﾘﾐﾁﾉｸ,503,ｲﾀﾔﾅｷﾞ
0117,ｱｵﾓﾘﾐﾁﾉｸ,505,ｶﾅｷﾞﾁﾕｳｵｳ
0117,ｱｵﾓﾘﾐﾁﾉｸ,506,ﾂｶﾞﾙ
0117,ｱｵﾓﾘﾐﾁﾉｸ,507,ｱｼﾞｶﾞｻﾜ
0117,ｱｵﾓﾘﾐﾁﾉｸ,508,ﾌｶｳﾗ
0117,ｱｵﾓﾘﾐﾁﾉｸ,510,ｴﾙﾑﾉﾏﾁ
0117,ｱｵﾓﾘﾐﾁﾉｸ,520,ｺﾞｼﾖｶﾞﾜﾗﾁﾕｳｵｳ
0117,ｱｵﾓﾘﾐﾁﾉｸ,521,ｲﾀﾔﾅｷﾞﾐﾅﾐ
0117,ｱｵﾓﾘﾐﾁﾉｸ,522,ﾂﾙﾀｴｷﾏｴﾄﾞｵﾘ
0117,ｱｵﾓﾘﾐﾁﾉｸ,523,ｺﾄﾞﾏﾘ
0117,ｱｵﾓﾘﾐﾁﾉｸ,524,ｱｼﾞｶﾞｻﾜﾋｶﾞｼ
0117,ｱｵﾓﾘﾐﾁﾉｸ,525,ﾏﾂｼﾏ
0117,ｱｵﾓﾘﾐﾁﾉｸ,601,ﾄﾜﾀﾞ
0117,ｱｵﾓﾘﾐﾁﾉｸ,602,ﾐｻﾜ
0117,ｱｵﾓﾘﾐﾁﾉｸ,603,ｼﾁﾉﾍﾁﾕｳｵｳ
0117,ｱｵﾓﾘﾐﾁﾉｸ,604,ﾉﾍｼﾞ
0117,ｱｵﾓﾘﾐﾁﾉｸ,605,ﾓﾓｲｼ
0117,ｱｵﾓﾘﾐﾁﾉｸ,606,ｵﾂﾄﾓ
0117,ｱｵﾓﾘﾐﾁﾉｸ,607,ｶﾐｷﾀﾁﾖｳ
0117,ｱｵﾓﾘﾐﾁﾉｸ,608,ﾄﾜﾀﾞﾐﾅﾐ
0117,ｱｵﾓﾘﾐﾁﾉｸ,609,ﾛﾂｶｼﾖﾁﾕｳｵｳ
0117,ｱｵﾓﾘﾐﾁﾉｸ,611,ﾄﾜﾀﾞｷﾀ
0117,ｱｵﾓﾘﾐﾁﾉｸ,612,ﾏﾂｿﾞﾉﾁﾖｳ
0117,ｱｵﾓﾘﾐﾁﾉｸ,614,ﾎﾘｸﾞﾁ
0117,ｱｵﾓﾘﾐﾁﾉｸ,620,ﾖｺﾊﾏ
0117,ｱｵﾓﾘﾐﾁﾉｸ,621,ﾐｻﾜﾁﾕｳｵｳ
0117,ｱｵﾓﾘﾐﾁﾉｸ,622,ｵｶﾐｻﾜ
0117,ｱｵﾓﾘﾐﾁﾉｸ,701,ﾑﾂ
0117,ｱｵﾓﾘﾐﾁﾉｸ,702,ｵｵﾐﾅﾄ
0117,ｱｵﾓﾘﾐﾁﾉｸ,704,ﾑﾂｵｵﾊﾀ
0117,ｱｵﾓﾘﾐﾁﾉｸ,705,ｵｵﾏ
0117,ｱｵﾓﾘﾐﾁﾉｸ,801,ｻﾝﾉﾍ
0117,ｱｵﾓﾘﾐﾁﾉｸ,802,ｺﾞﾉﾍ
0117,ｱｵﾓﾘﾐﾁﾉｸ,803,ﾅﾝﾌﾞ
0117,ｱｵﾓﾘﾐﾁﾉｸ,804,ﾀﾂｺ
0117,ｱｵﾓﾘﾐﾁﾉｸ,805,ﾊｼｶﾐ
0117,ｱｵﾓﾘﾐﾁﾉｸ,901,ｵｵﾀﾞﾃﾁﾕｳｵｳ
0117,ｱｵﾓﾘﾐﾁﾉｸ,903,ﾉｼﾛﾁﾕｳｵｳ
0117,ｱｵﾓﾘﾐﾁﾉｸ,911,ﾔﾅｶﾞﾜﾁﾖｳ
0117,ｱｵﾓﾘﾐﾁﾉｸ,912,ｻﾂﾎﾟﾛﾁﾕｳｵｳ
0117,ｱｵﾓﾘﾐﾁﾉｸ,921,ﾄｳｷﾖｳ
0117,ｱｵﾓﾘﾐﾁﾉｸ,931,ｾﾝﾀﾞｲ
0117,ｱｵﾓﾘﾐﾁﾉｸ,941,ﾓﾘｵｶﾁﾕｳｵｳ
0117,ｱｵﾓﾘﾐﾁﾉｸ,950,ｵｵﾀﾞﾃ
0117,ｱｵﾓﾘﾐﾁﾉｸ,951,ﾋﾅｲ
0117,ｱｵﾓﾘﾐﾁﾉｸ,952,ﾊｺﾀﾞﾃ
0117,ｱｵﾓﾘﾐﾁﾉｸ,953,ｶﾒﾀﾞ
0117,ｱｵﾓﾘﾐﾁﾉｸ,954,ﾐﾊﾗ
0117,ｱｵﾓﾘﾐﾁﾉｸ,955,ﾕﾉｶﾜ
0117,ｱｵﾓﾘﾐﾁﾉｸ,956,ｷｷﾖｳ
0117,ｱｵﾓﾘﾐﾁﾉｸ,971,ｱｵﾓﾘﾈﾂﾄ
0117,ｱｵﾓﾘﾐﾁﾉｸ,982,ﾘﾝｺﾞ
0119,ｱｷﾀ,111,ﾎﾝﾃﾝ
0119,ｱｷﾀ,112,ｱｷﾀｼﾔｸｼﾖ
0119,ｱｷﾀ,113,ｵｵﾏﾁ
0119,ｱｷﾀ,115,ﾊﾞｸﾛｳﾏﾁ
0119,ｱｷﾀ,116,ｹﾝﾁﾖｳ
0119,ｱｷﾀ,117,ｱﾗﾔ
0119,ｱｷﾀ,118,ｲｽﾞﾐ
0119,ｱｷﾀ,121,ｲｽﾞﾐﾁﾕｳｵｳ
0119,ｱｷﾀ,122,ﾃﾗｳﾁ
0119,ｱｷﾀ,124,ﾔﾊﾞｾ
0119,ｱｷﾀ,125,ﾜﾘﾔﾏ
0119,ｱｷﾀ,128,ｻﾝﾉｳ
0119,ｱｷﾀ,131,ﾐﾅﾐﾄﾞｵﾘ
0119,ｱｷﾀ,132,ｱｷﾀｴｷﾏｴ
0119,ｱｷﾀ,133,ﾃｶﾞﾀ
0119,ｱｷﾀ,134,ｳｼｼﾞﾏ
0119,ｱｷﾀ,135,ｵﾛｼﾏﾁ
0119,ｱｷﾀ,137,ﾋﾛｵﾓﾃ
0119,ｱｷﾀ,142,ｵﾉﾊﾞ
0119,ｱｷﾀ,143,ﾅﾗﾔﾏ
0119,ｱｷﾀ,145,ﾃｶﾞﾀｷﾀ
0119,ｱｷﾀ,146,ｻｸﾗ
0119,ｱｷﾀ,147,ｱｷﾀﾋｶﾞｼﾁﾕｳｵｳ
0119,ｱｷﾀ,148,ｺﾞｼﾖﾉﾆﾕ-ﾀｳﾝ
0119,ｱｷﾀ,151,ﾂﾁｻﾞｷ
0119,ｱｷﾀ,152,ｼﾖｳｸﾞﾝﾉ
0119,ｱｷﾀ,154,ｺｳﾎｸ
0119,ｱｷﾀ,156,ｿﾄｱｻﾋｶﾜ
0119,ｱｷﾀ,161,ｵｲﾜｹ
0119,ｱｷﾀ,171,ｵｶﾞ
0119,ｱｷﾀ,172,ﾌﾅｺｼ
0119,ｱｷﾀ,173,ｷﾀｳﾗ
0119,ｱｷﾀ,174,ﾃﾝﾉｳ
0119,ｱｷﾀ,181,ｵｵｸﾎﾞ
0119,ｱｷﾀ,182,ｺﾞｼﾞﾖｳﾒ
0119,ｱｷﾀ,183,ｵｵｶﾞﾀ
0119,ｱｷﾀ,211,ﾉｼﾛ
0119,ｱｷﾀ,213,ﾊﾁﾓﾘ
0119,ｱｷﾀ,214,ﾉｼﾛﾐﾅﾐ
0119,ｱｷﾀ,221,ｶﾄﾞ
0119,ｱｷﾀ,222,ﾌﾀﾂｲ
0119,ｱｷﾀ,223,ﾌｼﾞｻﾄ
0119,ｱｷﾀ,231,ｵｵﾀﾞﾃ
0119,ｱｷﾀ,232,ｵｵﾀﾞﾃｴｷﾏｴ
0119,ｱｷﾀ,233,ｵｵﾀﾞﾃﾆｼ
0119,ｱｷﾀ,241,ﾀｶﾉｽ
0119,ｱｷﾀ,242,ｱﾆｱｲ
0119,ｱｷﾀ,243,ﾀｼﾛ
0119,ｱｷﾀ,244,ﾋﾅｲ
0119,ｱｷﾀ,251,ｺｻｶ
0119,ｱｷﾀ,252,ｹﾏﾅｲ
0119,ｱｷﾀ,253,ｵｵﾕ
0119,ｱｷﾀ,254,ﾊﾅﾜ
0119,ｱｷﾀ,261,ｶﾜﾍﾞ
0119,ｱｷﾀ,262,ﾕｳﾜ
0119,ｱｷﾀ,311,ｵｵﾏｶﾞﾘ
0119,ｱｷﾀ,312,ｵｵﾏｶﾞﾘｴｷﾏｴ
0119,ｱｷﾀ,313,ｶｸﾏｶﾞﾜ
0119,ｱｷﾀ,321,ｶﾘﾜﾉ
0119,ｱｷﾀ,322,ｷﾖｳﾜ
0119,ｱｷﾀ,323,ｼﾞﾝｸﾞｳｼﾞ
0119,ｱｷﾀ,324,ﾅｶﾞﾉ
0119,ｱｷﾀ,325,ｶｸﾉﾀﾞﾃ
0119,ｱｷﾀ,326,ﾀｻﾞﾜｺ
0119,ｱｷﾀ,327,ﾐｻﾄ
0119,ｱｷﾀ,341,ﾖｺﾃ
0119,ｱｷﾀ,342,ﾖｺﾃｼﾞﾖｳﾘ
0119,ｱｷﾀ,351,ｼﾞﾕｳﾓﾝｼﾞ
0119,ｱｷﾀ,352,ﾏｽﾀﾞ
0119,ｱｷﾀ,353,ｱｻﾏｲ
0119,ｱｷﾀ,361,ﾕｻﾞﾜ
0119,ｱｷﾀ,362,ﾆｼﾓﾅｲ
0119,ｱｷﾀ,364,ｲﾅｶﾜ
0119,ｱｷﾀ,381,ﾎﾝｼﾞﾖｳ
0119,ｱｷﾀ,382,ﾎﾝｼﾞﾖｳﾋｶﾞｼ
0119,ｱｷﾀ,383,ｲﾜｷﾏﾁ
0119,ｱｷﾀ,391,ｺﾉｳﾗ
0119,ｱｷﾀ,392,ﾔｼﾏ
0119,ｱｷﾀ,393,ｷｻｶﾀ
0119,ｱｷﾀ,394,ﾆｶﾎ
0119,ｱｷﾀ,411,ｻﾂﾎﾟﾛ
0119,ｱｷﾀ,412,ｱｻﾋｶﾜ
0119,ｱｷﾀ,414,ﾐﾔﾉｻﾜ
0119,ｱｷﾀ,431,ﾊﾁﾉﾍ
0119,ｱｷﾀ,432,ｱｵﾓﾘ
0119,ｱｷﾀ,433,ﾋﾛｻｷ
0119,ｱｷﾀ,441,ﾓﾘｵｶ
0119,ｱｷﾀ,451,ｾﾝﾀﾞｲ
0119,ｱｷﾀ,452,ｾﾝﾀﾞｲﾐﾅﾐ
0119,ｱｷﾀ,453,ｾﾝﾀﾞｲｲｽﾞﾐﾁﾕｳｵｳ
0119,ｱｷﾀ,471,ﾌｸｼﾏ
0119,ｱｷﾀ,472,ｺｵﾘﾔﾏ
0119,ｱｷﾀ,473,ｲﾜｷ
0119,ｱｷﾀ,475,ｺｵﾘﾔﾏｷﾀ
0119,ｱｷﾀ,476,ｺｵﾘﾔﾏﾐﾅﾐ
0119,ｱｷﾀ,481,ﾆｲｶﾞﾀ
0119,ｱｷﾀ,511,ﾄｳｷﾖｳ
0119,ｱｷﾀ,551,ｱｷｷﾞﾝｺﾏﾁ
0119,ｱｷﾀ,933,ｲ-ﾈﾂﾄｴｲﾃｲｴﾑ
0119,ｱｷﾀ,934,ﾛ-ｿﾝｴｲﾃｲｴﾑ
0120,ﾎｸﾄ,001,ｱｷﾀﾎﾝﾃﾝ
0120,ﾎｸﾄ,003,ｱｷﾀｴｷﾏｴ
0120,ﾎｸﾄ,004,ﾄｵﾘﾏﾁ
0120,ﾎｸﾄ,005,ﾂﾁｻﾞｷ
0120,ﾎｸﾄ,006,ｶﾜﾓﾄ
0120,ﾎｸﾄ,007,ｼﾝｺｸﾄﾞｳ
0120,ﾎｸﾄ,008,ﾐﾖｳﾃﾞﾝ
0120,ﾎｸﾄ,009,ｱｷﾀｷﾀ
0120,ﾎｸﾄ,010,ﾃｶﾞﾀｷﾀ
0120,ﾎｸﾄ,011,ﾁﾕｳｵｳｼｼﾞﾖｳ
0120,ﾎｸﾄ,012,ｳｼｼﾞﾏ
0120,ﾎｸﾄ,013,ｱｷﾀﾆｼ
0120,ﾎｸﾄ,014,ﾀｶｼﾐｽﾞ
0120,ﾎｸﾄ,015,ﾅﾗﾔﾏ
0120,ﾎｸﾄ,016,ｿﾄｱｻﾋｶﾜ
0120,ﾎｸﾄ,017,ﾜﾘﾔﾏ
0120,ﾎｸﾄ,019,ｻｸﾗ
0120,ﾎｸﾄ,020,ｵｶﾞ
0120,ﾎｸﾄ,021,ﾉｼﾛ
0120,ﾎｸﾄ,022,ｲｲﾂﾞｶ
0120,ﾎｸﾄ,023,ﾊﾁﾛｳｶﾞﾀ
0120,ﾎｸﾄ,025,ﾔﾏﾓﾄ
0120,ﾎｸﾄ,026,ﾉｼﾛｴｷﾏｴ
0120,ﾎｸﾄ,027,ｺﾞｼﾞﾖｳﾒ
0120,ﾎｸﾄ,031,ｵｵﾀﾞﾃ
0120,ﾎｸﾄ,033,ｵｵｷﾞﾀﾞ
0120,ﾎｸﾄ,034,ﾀｶﾉｽ
0120,ﾎｸﾄ,035,ﾖﾅｲｻﾞﾜ
0120,ﾎｸﾄ,037,ｱｲｶﾜ
0120,ﾎｸﾄ,038,ｵｵﾀﾞﾃﾋｶﾞｼ
0120,ﾎｸﾄ,039,ｵｵﾀﾞﾃﾌﾟﾗｻﾞ
0120,ﾎｸﾄ,042,ｹﾏﾅｲ
0120,ﾎｸﾄ,051,ｵｵﾏｶﾞﾘ
0120,ﾎｸﾄ,053,ﾀｻﾞﾜｺ
0120,ﾎｸﾄ,054,ｵｵﾏｶﾞﾘﾐﾅﾐ
0120,ﾎｸﾄ,056,ｾﾝﾎﾞｸ
0120,ﾎｸﾄ,058,ｵｵﾏｶﾞﾘﾌﾟﾗｻﾞ
0120,ﾎｸﾄ,061,ﾖｺﾃ
0120,ﾎｸﾄ,062,ﾖｺﾃｴｷﾏｴ
0120,ﾎｸﾄ,063,ﾏｽﾀﾞ
0120,ﾎｸﾄ,064,ｼﾞﾕｳﾓﾝｼﾞ
0120,ﾎｸﾄ,065,ｱｻﾏｲ
0120,ﾎｸﾄ,066,ﾇﾏﾀﾞﾃ
0120,ﾎｸﾄ,067,ｵｵﾓﾘ
0120,ﾎｸﾄ,069,ﾖｺﾃｼﾔｸｼﾖ
0120,ﾎｸﾄ,071,ﾕｻﾞﾜ
0120,ﾎｸﾄ,072,ﾖｺﾎﾞﾘ
0120,ﾎｸﾄ,073,ﾆｼﾓﾅｲ
0120,ﾎｸﾄ,074,ｲﾅｶﾜ
0120,ﾎｸﾄ,075,ﾕｻﾞﾜｷﾀ
0120,ﾎｸﾄ,081,ﾎﾝｼﾞﾖｳ
0120,ﾎｸﾄ,082,ﾆｶﾎ
0120,ﾎｸﾄ,083,ｺﾉｳﾗ
0120,ﾎｸﾄ,084,ｷｻｶﾀ
0120,ﾎｸﾄ,086,ﾎﾝｼﾞﾖｳｲｼﾜｷ
0120,ﾎｸﾄ,087,ｲﾜｷ
0120,ﾎｸﾄ,088,ﾆｼﾒ
0120,ﾎｸﾄ,089,ﾎﾝｼﾞﾖｳﾋｶﾞｼ
0120,ﾎｸﾄ,091,ｻｶﾀﾎﾝﾁﾖｳ
0120,ﾎｸﾄ,092,ｾﾝﾀﾞｲﾁﾕｳｵｳ
0120,ﾎｸﾄ,093,ﾄｳｷﾖｳﾁﾕｳｵｳ
0120,ﾎｸﾄ,100,ｲｽﾞﾐ
0120,ﾎｸﾄ,200,ｱｷﾀﾋﾞｼﾞﾝ
0120,ﾎｸﾄ,218,ｶﾂﾞﾉ
0120,ﾎｸﾄ,224,ｶｸﾉﾀﾞﾃ
0120,ﾎｸﾄ,229,ﾌﾀﾂｲ
0120,ﾎｸﾄ,230,ﾐﾀﾈ
0120,ﾎｸﾄ,232,ﾐｻﾄ
0120,ﾎｸﾄ,237,ｼﾖｳﾜ
0120,ﾎｸﾄ,243,ｵｵﾀﾞﾃｴｷﾏｴ
0120,ﾎｸﾄ,244,ﾃｶﾞﾀ
0120,ﾎｸﾄ,248,ﾌﾅｺｼ
0120,ﾎｸﾄ,253,ｱﾗﾔ
0120,ﾎｸﾄ,254,ｻﾝﾉｳ
0120,ﾎｸﾄ,255,ｶﾜﾍﾞ
0120,ﾎｸﾄ,256,ｱｷﾀﾐﾅﾐ
0120,ﾎｸﾄ,257,ｱｷﾀﾋｶﾞｼ
0120,ﾎｸﾄ,258,ﾋﾛｵﾓﾃ
0120,ﾎｸﾄ,259,ｼﾖｳｸﾞﾝﾉ
0120,ﾎｸﾄ,261,ﾂﾁｻﾞｷﾐﾅﾐ
0120,ﾎｸﾄ,262,ﾊﾞﾗｼﾞﾏ
0120,ﾎｸﾄ,263,ｺﾞｼﾖﾉ
0120,ﾎｸﾄ,266,ﾖｺﾃﾆｼ
0120,ﾎｸﾄ,272,ｵｵﾀ
0121,ｼﾖｳﾅｲ,110,ﾂﾙｵｶ
0121,ｼﾖｳﾅｲ,111,ｷﾀ
0121,ｼﾖｳﾅｲ,112,ﾂﾙｵｶﾐﾅﾐ
0121,ｼﾖｳﾅｲ,113,ﾂﾙｵｶﾆｼ
0121,ｼﾖｳﾅｲ,114,ｵｵﾔﾏ
0121,ｼﾖｳﾅｲ,115,ｻﾝｾﾞ
0121,ｼﾖｳﾅｲ,116,ﾂﾙｵｶﾋｶﾞｼ
0121,ｼﾖｳﾅｲ,117,ﾎﾝﾁﾖｳｻﾝﾁﾖｳﾒ
0121,ｼﾖｳﾅｲ,118,ﾂﾙｵｶｼﾔｸｼﾖ
0121,ｼﾖｳﾅｲ,119,ｼﾝｻｲﾏﾁ
0121,ｼﾖｳﾅｲ,121,ｱﾂﾐ
0121,ｼﾖｳﾅｲ,122,ﾈｽﾞｶﾞｾｷ
0121,ｼﾖｳﾅｲ,123,ｱﾏﾙﾒ
0121,ｼﾖｳﾅｲ,124,ﾌｼﾞｼﾏ
0121,ｼﾖｳﾅｲ,125,ｼﾖｳﾅｲｼﾁﾖｳ
0121,ｼﾖｳﾅｲ,126,ﾁﾖｳﾖｳﾏﾁ
0121,ｼﾖｳﾅｲ,127,ﾀｶﾗﾀﾞ
0121,ｼﾖｳﾅｲ,128,ｸｼﾋﾞｷ
0121,ｼﾖｳﾅｲ,129,ｲｵﾝﾐｶﾜﾃﾝ
0121,ｼﾖｳﾅｲ,130,ｻｶﾀﾁﾕｳｵｳ
0121,ｼﾖｳﾅｲ,132,ｻｶﾀｷﾀ
0121,ｼﾖｳﾅｲ,133,ﾜｶﾀｹﾁﾖｳ
0121,ｼﾖｳﾅｲ,134,ｼﾝﾊﾞｼ
0121,ｼﾖｳﾅｲ,135,ｻｶﾀ
0121,ｼﾖｳﾅｲ,137,ｻｶﾀﾋｶﾞｼ
0121,ｼﾖｳﾅｲ,138,ﾐﾄﾞﾘｶﾞｵｶ
0121,ｼﾖｳﾅｲ,139,ｲｵﾝｻｶﾀﾐﾅﾐﾃﾝ
0121,ｼﾖｳﾅｲ,141,ﾕｻﾞ
0121,ｼﾖｳﾅｲ,142,ｶﾝﾉﾝｼﾞ
0121,ｼﾖｳﾅｲ,143,ﾄｳﾌﾞｻｶﾀ
0121,ｼﾖｳﾅｲ,144,ﾋﾗﾀ
0121,ｼﾖｳﾅｲ,150,ｼﾝｼﾞﾖｳ
0121,ｼﾖｳﾅｲ,151,ｼﾝｼﾞﾖｳﾐﾅﾐ
0121,ｼﾖｳﾅｲ,155,ﾏﾑﾛｶﾞﾜ
0121,ｼﾖｳﾅｲ,156,ｶﾈﾔﾏ
0121,ｼﾖｳﾅｲ,157,ﾓｶﾞﾐﾏﾁ
0121,ｼﾖｳﾅｲ,158,ｵｵｸﾗ
0121,ｼﾖｳﾅｲ,160,ﾔﾏｶﾞﾀﾎﾝﾃﾝ
0121,ｼﾖｳﾅｲ,161,ｷﾀﾔﾏｶﾞﾀ
0121,ｼﾖｳﾅｲ,162,ﾔﾏｶﾞﾀﾐﾅﾐ
0121,ｼﾖｳﾅｲ,163,ｶｼﾞﾖｳ
0121,ｼﾖｳﾅｲ,164,ｽｽﾞｶﾜ
0121,ｼﾖｳﾅｲ,165,ｷﾀﾏﾁ
0121,ｼﾖｳﾅｲ,166,ｹﾝﾁﾖｳﾏｴ
0121,ｼﾖｳﾅｲ,167,ﾄｷﾒｷﾄﾞｵﾘ
0121,ｼﾖｳﾅｲ,168,ｱｶﾈｶﾞｵｶ
0121,ｼﾖｳﾅｲ,169,ｻｸﾗﾀﾞ
0121,ｼﾖｳﾅｲ,170,ｲｵﾝﾔﾏｶﾞﾀｷﾀ
0121,ｼﾖｳﾅｲ,171,ｶﾐﾉﾔﾏ
0121,ｼﾖｳﾅｲ,172,ｻｶﾞｴ
0121,ｼﾖｳﾅｲ,173,ﾀﾃｵｶ
0121,ｼﾖｳﾅｲ,174,ﾃﾝﾄﾞｳ
0121,ｼﾖｳﾅｲ,175,ﾋｶﾞｼﾈ
0121,ｼﾖｳﾅｲ,176,ﾃﾝﾄﾞｳﾁﾕｳｵｳ
0121,ｼﾖｳﾅｲ,177,ﾅｶﾞｵｶ
0121,ｼﾖｳﾅｲ,178,ｶﾎｸ
0121,ｼﾖｳﾅｲ,179,ｲｵﾝﾔﾏｶﾞﾀﾐﾅﾐ
0121,ｼﾖｳﾅｲ,180,ﾖﾈｻﾞﾜ
0121,ｼﾖｳﾅｲ,181,ﾖﾈｻﾞﾜﾆｼ
0121,ｼﾖｳﾅｲ,182,ﾖﾈｻﾞﾜﾁﾕｳｵｳ
0121,ｼﾖｳﾅｲ,185,ﾅｶﾞｲ
0121,ｼﾖｳﾅｲ,186,ｲｵﾝﾄﾐﾔ
0121,ｼﾖｳﾅｲ,187,ｲｽﾞﾐﾁﾕｳｵｳ
0121,ｼﾖｳﾅｲ,190,ｶﾂﾗｶﾞ-ﾃﾞﾝﾌﾟﾗｻﾞ
0121,ｼﾖｳﾅｲ,191,ｾﾝﾀﾞｲ
0121,ｼﾖｳﾅｲ,192,ｱｷﾀ
0121,ｼﾖｳﾅｲ,193,ﾄｳｷﾖｳ
0121,ｼﾖｳﾅｲ,195,ﾌｸｼﾏ
0121,ｼﾖｳﾅｲ,196,ﾅｶﾞﾏﾁ
0121,ｼﾖｳﾅｲ,197,ｻﾞﾓ-ﾙｾﾝﾀﾞｲﾅｶﾞﾏﾁ
0121,ｼﾖｳﾅｲ,198,ｲｵﾝﾅｶﾔﾏ
0121,ｼﾖｳﾅｲ,201,ﾅﾄﾘｴｱﾘ
0121,ｼﾖｳﾅｲ,202,ｱｶｲｼﾀﾞｲ
0121,ｼﾖｳﾅｲ,203,ｲｵﾝｲｼﾉﾏｷ
0121,ｼﾖｳﾅｲ,204,ｲｵﾝﾀｳﾝﾖﾈｻﾞﾜ
0121,ｼﾖｳﾅｲ,205,ｲｵﾝﾀｳﾝﾅﾝﾖｳ
0121,ｼﾖｳﾅｲ,206,ｺｵﾘﾔﾏ
0121,ｼﾖｳﾅｲ,207,ｲｵﾝﾀｶﾞｼﾞﾖｳ
0121,ｼﾖｳﾅｲ,208,ｲｵﾝﾘﾌ
0121,ｼﾖｳﾅｲ,209,ﾖｼｵｶ
0121,ｼﾖｳﾅｲ,210,ｸﾘﾕｳ
0121,ｼﾖｳﾅｲ,211,ｲｵﾝﾓ-ﾙﾃﾝﾄﾞｳ
0121,ｼﾖｳﾅｲ,212,ｱﾗｲ
0121,ｼﾖｳﾅｲ,220,ｲｵﾝｶｻｲ
0121,ｼﾖｳﾅｲ,221,ｲｵﾝｲﾀﾊﾞｼﾏｴﾉﾁﾖｳ
0121,ｼﾖｳﾅｲ,222,ｷﾁｼﾞﾖｳｼﾞ
0121,ｼﾖｳﾅｲ,250,ﾛ-ｿﾝ
0121,ｼﾖｳﾅｲ,251,ﾜﾀｼﾉ
0121,ｼﾖｳﾅｲ,252,ｲ-ﾈﾂﾄ
0121,ｼﾖｳﾅｲ,280,ﾘﾘ-ｽﾜﾏﾁ
0122,ﾔﾏｶﾞﾀ,101,ﾎﾝﾃﾝ
0122,ﾔﾏｶﾞﾀ,104,ﾔﾏｶﾞﾀｴｷﾏｴ
0122,ﾔﾏｶﾞﾀ,105,ﾐﾂｶﾏﾁ
0122,ﾔﾏｶﾞﾀ,106,ｽｽﾞｶﾜ
0122,ﾔﾏｶﾞﾀ,107,ﾀﾁﾔｶﾞﾜ
0122,ﾔﾏｶﾞﾀ,108,ﾐﾅﾐﾔﾏｶﾞﾀ
0122,ﾔﾏｶﾞﾀ,109,ｶﾐﾉﾔﾏ
0122,ﾔﾏｶﾞﾀ,111,ﾐﾔﾏﾁ
0122,ﾔﾏｶﾞﾀ,112,ｼﾞﾖｳﾅﾝ
0122,ﾔﾏｶﾞﾀ,113,ｹﾝﾁﾖｳ
0122,ﾔﾏｶﾞﾀ,114,ﾋｶﾞｼﾊﾗ
0122,ﾔﾏｶﾞﾀ,115,ﾋｶﾞｼﾔﾏｶﾞﾀ
0122,ﾔﾏｶﾞﾀ,116,ﾏﾐｶﾞｻｷ
0122,ﾔﾏｶﾞﾀ,117,ﾁﾕｳｵｳｲﾁﾊﾞ
0122,ﾔﾏｶﾞﾀ,118,ﾀﾞｲｶﾞｸﾋﾞﾖｳｲﾝﾏｴ
0122,ﾔﾏｶﾞﾀ,119,ﾔﾏｶﾞﾀｼﾔｸｼﾖ
0122,ﾔﾏｶﾞﾀ,120,ﾘﾕｳﾂｳｾﾝﾀ-
0122,ﾔﾏｶﾞﾀ,121,ｺﾄﾌﾞｷﾁﾖｳ
0122,ﾔﾏｶﾞﾀ,122,ﾐﾅﾐﾀﾞﾃ
0122,ﾔﾏｶﾞﾀ,123,ｼﾞﾝﾊﾞ
0122,ﾔﾏｶﾞﾀ,124,ﾊﾅﾀﾞﾃ
0122,ﾔﾏｶﾞﾀ,125,ﾆｼﾀ
0122,ﾔﾏｶﾞﾀ,126,ﾐﾅﾐﾖﾝﾊﾞﾝﾁﾖｳ
0122,ﾔﾏｶﾞﾀ,130,ﾋｶﾞｼｱｵﾀ
0122,ﾔﾏｶﾞﾀ,140,ﾔﾏｶﾞﾀﾐﾅﾐ
0122,ﾔﾏｶﾞﾀ,150,ﾔﾏｶﾞﾀｷﾀ
0122,ﾔﾏｶﾞﾀ,221,ﾖﾈｻﾞﾜ
0122,ﾔﾏｶﾞﾀ,222,ﾖﾈｻﾞﾜｷﾀ
0122,ﾔﾏｶﾞﾀ,223,ﾖﾈｻﾞﾜﾆｼ
0122,ﾔﾏｶﾞﾀ,224,ｺﾏﾂ
0122,ﾔﾏｶﾞﾀ,225,ﾐﾔｳﾁ
0122,ﾔﾏｶﾞﾀ,226,ﾀｶﾊﾀ
0122,ﾔﾏｶﾞﾀ,227,ｱｶﾕ
0122,ﾔﾏｶﾞﾀ,228,ﾅｶﾞｲ
0122,ﾔﾏｶﾞﾀ,229,ｱﾗﾄ
0122,ﾔﾏｶﾞﾀ,230,ｵｸﾞﾆ
0122,ﾔﾏｶﾞﾀ,231,ﾖﾈｻﾞﾜｼﾔｸｼﾖ
0122,ﾔﾏｶﾞﾀ,232,ﾖﾈｻﾞﾜｴｷﾏｴ
0122,ﾔﾏｶﾞﾀ,233,ﾖﾈｻﾞﾜﾐﾅﾐ
0122,ﾔﾏｶﾞﾀ,235,ｶﾅｲｹ
0122,ﾔﾏｶﾞﾀ,240,ﾅﾝﾖｳ
0122,ﾔﾏｶﾞﾀ,337,ｻｶﾞｴ
0122,ﾔﾏｶﾞﾀ,338,ﾔﾁ
0122,ﾔﾏｶﾞﾀ,339,ｱﾃﾗｻﾞﾜ
0122,ﾔﾏｶﾞﾀ,341,ﾆｼｶﾜ
0122,ﾔﾏｶﾞﾀ,342,ﾔﾏﾉﾍﾞ
0122,ﾔﾏｶﾞﾀ,343,ﾅｶﾞｻｷ
0122,ﾔﾏｶﾞﾀ,344,ｻｶﾞｴﾁﾕｳｵｳ
0122,ﾔﾏｶﾞﾀ,345,ﾐﾔｼﾞﾕｸ
0122,ﾔﾏｶﾞﾀ,450,ﾀﾃｵｶ
0122,ﾔﾏｶﾞﾀ,451,ｵﾊﾞﾅｻﾞﾜ
0122,ﾔﾏｶﾞﾀ,452,ｵｵｲｼﾀﾞ
0122,ﾔﾏｶﾞﾀ,453,ﾋｶﾞｼﾈ
0122,ﾔﾏｶﾞﾀ,454,ｼﾞﾝﾏﾁ
0122,ﾔﾏｶﾞﾀ,455,ﾃﾝﾄﾞｳ
0122,ﾔﾏｶﾞﾀ,456,ｼﾝｼﾞﾖｳ
0122,ﾔﾏｶﾞﾀ,457,ﾏﾑﾛｶﾞﾜ
0122,ﾔﾏｶﾞﾀ,458,ｵｵｸﾎﾞ
0122,ﾔﾏｶﾞﾀ,459,ｸﾉﾓﾄ
0122,ﾔﾏｶﾞﾀ,460,ﾅｶﾞｵｶ
0122,ﾔﾏｶﾞﾀ,462,ﾊｶﾞ
0122,ﾔﾏｶﾞﾀ,564,ﾂﾙｵｶ
0122,ﾔﾏｶﾞﾀ,565,ﾂﾙｵｶｴｷﾏｴ
0122,ﾔﾏｶﾞﾀ,566,ｻﾝｾﾞ
0122,ﾔﾏｶﾞﾀ,568,ｻｶﾀ
0122,ﾔﾏｶﾞﾀ,569,ｻｶﾀｴｷﾏｴ
0122,ﾔﾏｶﾞﾀ,570,ｱﾏﾙﾒ
0122,ﾔﾏｶﾞﾀ,571,ｶﾘｶﾜ
0122,ﾔﾏｶﾞﾀ,572,ﾜｶﾊﾏﾁﾖｳ
0122,ﾔﾏｶﾞﾀ,574,ﾐﾄﾞﾘﾏﾁ
0122,ﾔﾏｶﾞﾀ,575,ﾌﾐｿﾞﾉ
0122,ﾔﾏｶﾞﾀ,576,ﾐｽﾞﾎ
0122,ﾔﾏｶﾞﾀ,577,ﾋｶﾞｼｲｽﾞﾐ
0122,ﾔﾏｶﾞﾀ,680,ﾄｳｷﾖｳ
0122,ﾔﾏｶﾞﾀ,681,ﾎﾝｼﾞﾖｳ
0122,ﾔﾏｶﾞﾀ,683,ｾﾝﾀﾞｲ
0122,ﾔﾏｶﾞﾀ,686,ｺｵﾘﾔﾏ
0122,ﾔﾏｶﾞﾀ,688,ｳﾂﾉﾐﾔ
0122,ﾔﾏｶﾞﾀ,689,ｵｵﾐﾔ
0122,ﾔﾏｶﾞﾀ,690,ﾐﾔｷﾞﾉ
0122,ﾔﾏｶﾞﾀ,691,ﾅﾝｺｳﾀﾞｲ
0122,ﾔﾏｶﾞﾀ,692,ｲｽﾞﾐｻﾞｷ
0122,ﾔﾏｶﾞﾀ,693,ｲｽﾞﾐﾁﾕｳｵｳ
0122,ﾔﾏｶﾞﾀ,694,ｱﾗｲ
0122,ﾔﾏｶﾞﾀ,777,ｲﾝﾀ-ﾈﾂﾄ
0122,ﾔﾏｶﾞﾀ,831,ﾃｲｹｲｴ-ﾃｲ-ｴﾑ
0123,ｲﾜﾃ,001,ﾎﾝﾃﾝ
0123,ｲﾜﾃ,002,ﾓﾘｵｶｴｷﾏｴ
0123,ｲﾜﾃ,004,ｻﾞｲﾓｸﾁﾖｳ
0123,ｲﾜﾃ,005,ｾﾝﾎﾞｸﾁﾖｳ
0123,ｲﾜﾃ,006,ﾎﾝﾁﾖｳ
0123,ｲﾜﾃ,007,ｵｵﾄﾞｵﾘ
0123,ｲﾜﾃ,008,ｿｳﾓﾝ
0123,ｲﾜﾃ,009,ｹﾝﾁﾖｳ
0123,ｲﾜﾃ,010,ﾊﾅﾏｷ
0123,ｲﾜﾃ,011,ｶｼﾞﾏﾁ
0123,ｲﾜﾃ,012,ｼﾜ
0123,ｲﾜﾃ,013,ｲｼﾄﾞﾘﾔ
0123,ｲﾜﾃ,015,ﾂﾁｻﾞﾜ
0123,ｲﾜﾃ,016,ｷﾀｶﾐ
0123,ｲﾜﾃ,018,ﾄｵﾉ
0123,ｲﾜﾃ,019,ﾐｽﾞｻﾜ
0123,ｲﾜﾃ,021,ﾏｴｻﾜ
0123,ｲﾜﾃ,022,ｶﾈｶﾞｻｷ
0123,ｲﾜﾃ,023,ｴｻｼ
0123,ｲﾜﾃ,024,ｲﾁﾉｾｷ
0123,ｲﾜﾃ,025,ﾔﾏﾉﾒ
0123,ｲﾜﾃ,027,ｾﾝﾏﾔ
0123,ｲﾜﾃ,028,ｽﾘｻﾜ
0123,ｲﾜﾃ,029,ﾌｼﾞｻﾜ
0123,ｲﾜﾃ,031,ｻｶﾘ
0123,ｲﾜﾃ,033,ﾀｶﾀﾞ
0123,ｲﾜﾃ,034,ｵｵﾌﾅﾄ
0123,ｲﾜﾃ,035,ｾﾀﾏｲ
0123,ｲﾜﾃ,036,ｶﾏｲｼ
0123,ｲﾜﾃ,037,ﾊﾏﾕﾘ
0123,ｲﾜﾃ,038,ﾅｶﾂﾞﾏ
0123,ｲﾜﾃ,039,ｵｵﾂﾞﾁ
0123,ｲﾜﾃ,040,ﾐﾔｺ
0123,ｲﾜﾃ,041,ﾐﾔｺﾁﾕｳｵｳ
0123,ｲﾜﾃ,043,ﾔﾏﾀﾞ
0123,ｲﾜﾃ,044,ｲﾜｲｽﾞﾐ
0123,ｲﾜﾃ,045,ｸｼﾞﾁﾕｳｵｳ
0123,ｲﾜﾃ,046,ﾉﾀﾞ
0123,ｲﾜﾃ,047,ﾀﾈｲﾁ
0123,ｲﾜﾃ,048,ﾆﾉﾍ
0123,ｲﾜﾃ,049,ｲﾁﾉﾍ
0123,ｲﾜﾃ,050,ｼﾞﾖｳﾎﾞｳｼﾞ
0123,ｲﾜﾃ,051,ｶﾙﾏｲ
0123,ｲﾜﾃ,053,ﾇﾏｸﾅｲ
0123,ｲﾜﾃ,054,ｼｽﾞｸｲｼ
0123,ｲﾜﾃ,055,ｸｽﾞﾏｷ
0123,ｲﾜﾃ,056,ﾀｲﾗﾀﾞﾃ
0123,ｲﾜﾃ,057,ｺｳﾏ
0123,ｲﾜﾃ,058,ｱｼﾛ
0123,ｲﾜﾃ,059,ﾊﾁﾉﾍ
0123,ｲﾜﾃ,060,ﾐﾅﾄ
0123,ｲﾜﾃ,061,ｹｾﾝﾇﾏ
0123,ｲﾜﾃ,062,ｾﾝﾀﾞｲ
0123,ｲﾜﾃ,063,ﾄｳｷﾖｳ
0123,ｲﾜﾃ,065,ｳｴﾀﾞ
0123,ｲﾜﾃ,067,ｲﾎﾞﾅｲ
0123,ｲﾜﾃ,069,ｱｵﾔﾏﾁﾖｳ
0123,ｲﾜﾃ,070,ﾂｼﾀﾞ
0123,ｲﾜﾃ,071,ｱｷﾀ
0123,ｲﾜﾃ,072,ﾈｼﾞﾖｳ
0123,ｲﾜﾃ,073,ｼｵｶﾞﾏ
0123,ｲﾜﾃ,074,ﾅｶﾞﾏﾁ
0123,ｲﾜﾃ,075,ﾐﾄﾞﾘｶﾞｵｶ
0123,ｲﾜﾃ,076,ﾁﾔﾊﾞﾀｹ
0123,ｲﾜﾃ,077,ｲｼﾉﾏｷ
0123,ｲﾜﾃ,078,ｱｵﾓﾘ
0123,ｲﾜﾃ,079,ﾔﾏｷﾞｼ
0123,ｲﾜﾃ,081,ﾘﾕｳﾂｳｾﾝﾀ-
0123,ｲﾜﾃ,082,ﾏﾂｿﾞﾉ
0123,ｲﾜﾃ,083,ﾄﾅﾝ
0123,ｲﾜﾃ,084,ﾐﾔｷﾞﾉ
0123,ｲﾜﾃ,085,ﾓﾘｵｶｼﾔｸｼﾖ
0123,ｲﾜﾃ,086,ｷﾀｶﾐｴｷﾏｴ
0123,ｲﾜﾃ,087,ﾐﾀｹ
0123,ｲﾜﾃ,088,ﾃﾝｼﾖｳｼﾞ
0123,ｲﾜﾃ,092,ｲﾁﾉｾｷﾆｼ
0123,ｲﾜﾃ,095,ﾊﾗﾅｶ
0123,ｲﾜﾃ,096,ｴﾂﾞﾘｺ
0123,ｲﾜﾃ,099,ｷﾀｶﾐﾋｶﾞｼ
0123,ｲﾜﾃ,100,ﾅｶﾉﾊｼ
0123,ｲﾜﾃ,104,ﾀｶﾏﾂ
0123,ｲﾜﾃ,105,ｽｺﾞ
0123,ｲﾜﾃ,107,ﾓﾄﾐﾔ
0123,ｲﾜﾃ,108,ｼﾞﾖｳｾｲ
0123,ｲﾜﾃ,109,ﾄｷﾜﾀﾞｲ
0123,ｲﾜﾃ,110,ﾀﾓﾉｷ
0123,ｲﾜﾃ,112,ﾂｷｶﾞｵｶ
0123,ｲﾜﾃ,113,ﾃｼﾛﾓﾘ
0123,ｲﾜﾃ,115,ｶｶﾞﾉ
0123,ｲﾜﾃ,116,ﾊﾅｲｽﾞﾐ
0123,ｲﾜﾃ,117,ﾊﾅﾏｷｷﾀ
0123,ｲﾜﾃ,118,ﾀｷｻﾞﾜ
0123,ｲﾜﾃ,119,ﾔﾊﾊﾞ
0123,ｲﾜﾃ,120,ﾋﾗｲｽﾞﾐ
0123,ｲﾜﾃ,121,ﾋﾀｶ
0123,ｲﾜﾃ,122,ｸｼﾞ
0123,ｲﾜﾃ,130,ｻﾝﾉｾｷ
0123,ｲﾜﾃ,131,ﾊﾅﾏｷﾆｼ
0123,ｲﾜﾃ,132,ﾊﾁﾉﾍｴｷﾏｴ
0123,ｲﾜﾃ,136,ｱﾃﾙｲ
0123,ｲﾜﾃ,137,ｲｽﾞﾐﾁﾕｳｵｳ
0123,ｲﾜﾃ,138,ｼﾞﾕｳｻﾝﾆﾁﾏﾁ
0123,ｲﾜﾃ,139,ｲ-ﾊﾄ-ｳﾞ
0123,ｲﾜﾃ,140,ﾐﾀｿﾞﾉ
0123,ｲﾜﾃ,141,ｵｵｻｷ
0123,ｲﾜﾃ,144,ｿﾗ
0123,ｲﾜﾃ,151,ｲﾜﾃｲﾀﾞｲ
0123,ｲﾜﾃ,825,ｲ-ﾈﾂﾄｴｲﾃｲｴﾑ
0123,ｲﾜﾃ,826,ﾛ-ｿﾝｴｲﾃｲｴﾑ
0123,ｲﾜﾃ,827,ﾌﾘｺﾐｾﾝﾖｳ
0124,ﾄｳﾎｸ,101,ﾎﾝﾃﾝ
0124,ﾄｳﾎｸ,102,ﾐﾅﾐｵｵﾄﾞｵﾘ
0124,ﾄｳﾎｸ,103,ｵｵﾄﾞｵﾘ
0124,ﾄｳﾎｸ,104,ﾕｳｶﾞｵｾﾞ
0124,ﾄｳﾎｸ,105,ｼﾜ
0124,ﾄｳﾎｸ,106,ｱｵﾔﾏ
0124,ﾄｳﾎｸ,107,ﾄﾅﾝ
0124,ﾄｳﾎｸ,108,ﾓﾄﾐﾔ
0124,ﾄｳﾎｸ,109,ﾘﾕｳﾂｳｾﾝﾀ-
0124,ﾄｳﾎｸ,110,ｵｵﾀ
0124,ﾄｳﾎｸ,111,ﾀｶﾏﾂ
0124,ﾄｳﾎｸ,112,ｸﾛｲｼﾉ
0124,ﾄｳﾎｸ,113,ﾀｷｻﾞﾜ
0124,ﾄｳﾎｸ,114,ﾐﾀｹ
0124,ﾄｳﾎｸ,115,ｵｵﾀﾞﾃﾁﾖｳ
0124,ﾄｳﾎｸ,116,ﾓﾘｵｶｴｷﾏｴ
0124,ﾄｳﾎｸ,117,ﾔﾏｷﾞｼ
0124,ﾄｳﾎｸ,118,ﾐﾙﾏｴ
0124,ﾄｳﾎｸ,119,ﾂｷｶﾞｵｶ
0124,ﾄｳﾎｸ,120,ﾏﾂｿﾞﾉ
0124,ﾄｳﾎｸ,121,ﾔﾊﾊﾞ
0124,ﾄｳﾎｸ,122,ｾｲﾅﾝﾌﾟﾗｻﾞ
0124,ﾄｳﾎｸ,180,ｱｻｷﾞｼ
0124,ﾄｳﾎｸ,181,ﾁﾔﾊﾞﾀｹ
0124,ﾄｳﾎｸ,201,ﾊﾅﾏｷ
0124,ﾄｳﾎｸ,202,ﾄｵﾉ
0124,ﾄｳﾎｸ,203,ｷﾀｶﾐ
0124,ﾄｳﾎｸ,204,ﾐｽﾞｻﾜ
0124,ﾄｳﾎｸ,205,ｴｻｼ
0124,ﾄｳﾎｸ,206,ｲﾁﾉｾｷ
0124,ﾄｳﾎｸ,207,ｷﾀﾊﾅﾏｷ
0124,ﾄｳﾎｸ,208,ﾔﾏﾉﾒ
0124,ﾄｳﾎｸ,209,ﾐﾅﾐﾐｽﾞｻﾜ
0124,ﾄｳﾎｸ,211,ﾋﾗｲｽﾞﾐ
0124,ﾄｳﾎｸ,212,ﾄｷﾜﾀﾞｲ
0124,ﾄｳﾎｸ,213,ﾊﾗﾅｶ
0124,ﾄｳﾎｸ,214,ﾆｼﾊﾅﾏｷ
0124,ﾄｳﾎｸ,301,ｾﾝﾏﾔ
0124,ﾄｳﾎｸ,302,ﾀｶﾀﾞ
0124,ﾄｳﾎｸ,303,ｵｵﾌﾅﾄ
0124,ﾄｳﾎｸ,304,ｶﾏｲｼ
0124,ﾄｳﾎｸ,305,ﾐﾔｺ
0124,ﾄｳﾎｸ,306,ﾐﾔﾏﾁ
0124,ﾄｳﾎｸ,401,ｸｼﾞ
0124,ﾄｳﾎｸ,402,ﾆﾉﾍ
0124,ﾄｳﾎｸ,403,ｲﾁﾉﾍ
0124,ﾄｳﾎｸ,404,ﾇﾏｸﾅｲ
0124,ﾄｳﾎｸ,405,ﾀﾈｲﾁ
0124,ﾄｳﾎｸ,501,ﾊﾁﾉﾍ
0124,ﾄｳﾎｸ,502,ﾐﾅﾄ
0124,ﾄｳﾎｸ,503,ｶﾂﾞﾉ
0124,ﾄｳﾎｸ,505,ｾﾝﾀﾞｲ
0124,ﾄｳﾎｸ,506,ｲｼﾉﾏｷ
0124,ﾄｳﾎｸ,509,ﾐﾅﾐｹｾﾝﾇﾏ
0124,ﾄｳﾎｸ,510,ﾌﾙｶﾜ
0124,ﾄｳﾎｸ,511,ﾐﾅﾐﾌﾙｶﾜ
0124,ﾄｳﾎｸ,601,ﾄｳｷﾖｳ
0125,ｼﾁｼﾞﾕｳｼﾁ,100,ﾎﾝﾃﾝ
0125,ｼﾁｼﾞﾕｳｼﾁ,190,ｼﾞｴ-ｱ-ﾙｾﾝﾀﾞｲ
0125,ｼﾁｼﾞﾕｳｼﾁ,200,ﾐﾅﾐﾏﾁﾄﾞｵﾘ
0125,ｼﾁｼﾞﾕｳｼﾁ,201,ﾅｶｹﾁﾖｳ
0125,ｼﾁｼﾞﾕｳｼﾁ,202,ｾﾝﾀﾞｲｴｷﾏｴ
0125,ｼﾁｼﾞﾕｳｼﾁ,203,ｼﾝﾃﾝﾏﾁ
0125,ｼﾁｼﾞﾕｳｼﾁ,204,ﾊﾞｼﾖｳﾉﾂｼﾞ
0125,ｼﾁｼﾞﾕｳｼﾁ,205,ｲﾁﾊﾞﾝﾁﾖｳ
0125,ｼﾁｼﾞﾕｳｼﾁ,206,ｹﾝﾁﾖｳ
0125,ｼﾁｼﾞﾕｳｼﾁ,207,ｾﾝﾀﾞｲｼﾔｸｼﾖ
0125,ｼﾁｼﾞﾕｳｼﾁ,208,ﾌﾂｶﾏﾁ
0125,ｼﾁｼﾞﾕｳｼﾁ,209,ｵﾛｼﾏﾁ
0125,ｼﾁｼﾞﾕｳｼﾁ,210,ﾁﾕｳｵｳｼｼﾞﾖｳ
0125,ｼﾁｼﾞﾕｳｼﾁ,211,ﾋｶﾞｼｵﾛｼﾏﾁ
0125,ｼﾁｼﾞﾕｳｼﾁ,212,ｶﾐｽｷﾞ
0125,ｼﾁｼﾞﾕｳｼﾁ,213,ﾂﾂｼﾞｶﾞｵｶ
0125,ｼﾁｼﾞﾕｳｼﾁ,214,ｵｳｷﾞﾏﾁ
0125,ｼﾁｼﾞﾕｳｼﾁ,240,ﾄﾐｻﾞﾜ
0125,ｼﾁｼﾞﾕｳｼﾁ,250,ﾅｶﾀﾞ
0125,ｼﾁｼﾞﾕｳｼﾁ,251,ﾅｶﾞﾏﾁ
0125,ｼﾁｼﾞﾕｳｼﾁ,252,ｶﾜﾗﾏﾁ
0125,ｼﾁｼﾞﾕｳｼﾁ,253,ｱﾗﾏﾁ
0125,ｼﾁｼﾞﾕｳｼﾁ,254,ﾐﾅﾐｺｲｽﾞﾐ
0125,ｼﾁｼﾞﾕｳｼﾁ,255,ﾀﾞｲｶﾞｸﾋﾞﾖｳｲﾝﾏｴ
0125,ｼﾁｼﾞﾕｳｼﾁ,256,ﾊﾁﾏﾝﾏﾁ
0125,ｼﾁｼﾞﾕｳｼﾁ,257,ｷﾀｾﾝﾀﾞｲ
0125,ｼﾁｼﾞﾕｳｼﾁ,258,ｲｽﾞﾐ
0125,ｼﾁｼﾞﾕｳｼﾁ,259,ﾐﾔﾏﾁ
0125,ｼﾁｼﾞﾕｳｼﾁ,260,ｺﾏﾂｼﾏ
0125,ｼﾁｼﾞﾕｳｼﾁ,262,ｾﾝﾀﾞｲﾊﾗﾉﾏﾁ
0125,ｼﾁｼﾞﾕｳｼﾁ,263,ﾐﾔｷﾞﾉ
0125,ｼﾁｼﾞﾕｳｼﾁ,264,ﾋｶﾞｼｾﾝﾀﾞｲ
0125,ｼﾁｼﾞﾕｳｼﾁ,265,ｱﾗﾏｷ
0125,ｼﾁｼﾞﾕｳｼﾁ,266,ﾆｼﾀｶﾞ
0125,ｼﾁｼﾞﾕｳｼﾁ,267,ﾂﾙｶﾞﾔ
0125,ｼﾁｼﾞﾕｳｼﾁ,268,ｼﾖｳｹﾞﾝ
0125,ｼﾁｼﾞﾕｳｼﾁ,269,ﾔｷﾞﾔﾏ
0125,ｼﾁｼﾞﾕｳｼﾁ,270,ﾅﾝｺｳﾀﾞｲ
0125,ｼﾁｼﾞﾕｳｼﾁ,271,ｻｲﾜｲﾁﾖｳ
0125,ｼﾁｼﾞﾕｳｼﾁ,272,ﾛｸﾁﾖｳﾉﾒ
0125,ｼﾁｼﾞﾕｳｼﾁ,273,ｲｽﾞﾐｻﾞｷ
0125,ｼﾁｼﾞﾕｳｼﾁ,274,ｸﾆﾐ
0125,ｼﾁｼﾞﾕｳｼﾁ,275,ﾊﾁﾎﾝﾏﾂ
0125,ｼﾁｼﾞﾕｳｼﾁ,276,ﾁﾖｳﾒｲｶﾞｵｶ
0125,ｼﾁｼﾞﾕｳｼﾁ,277,ｺｳﾖｳﾀﾞｲ
0125,ｼﾁｼﾞﾕｳｼﾁ,278,ｾﾝﾀﾞｲﾋｶﾞｼｸﾞﾁ
0125,ｼﾁｼﾞﾕｳｼﾁ,279,ｵｷﾉ
0125,ｼﾁｼﾞﾕｳｼﾁ,280,ｱｻﾋｶﾞｵｶ
0125,ｼﾁｼﾞﾕｳｼﾁ,281,ﾌｸﾛﾊﾞﾗ
0125,ｼﾁｼﾞﾕｳｼﾁ,282,ｲｽﾞﾐﾊﾟ-ｸﾀｳﾝ
0125,ｼﾁｼﾞﾕｳｼﾁ,283,ﾖｼﾅﾘ
0125,ｼﾁｼﾞﾕｳｼﾁ,284,ｲｽﾞﾐﾁﾕｳｵｳ
0125,ｼﾁｼﾞﾕｳｼﾁ,285,ﾋｶﾞｼｶﾂﾔﾏ
0125,ｼﾁｼﾞﾕｳｼﾁ,286,ﾅｶﾔﾏ
0125,ｼﾁｼﾞﾕｳｼﾁ,287,ｲﾜｷﾘ
0125,ｼﾁｼﾞﾕｳｼﾁ,288,ﾄﾐﾔ
0125,ｼﾁｼﾞﾕｳｼﾁ,289,ｱｶｲｼﾀﾞｲ
0125,ｼﾁｼﾞﾕｳｼﾁ,290,ﾆｼﾅｶﾀﾞ
0125,ｼﾁｼﾞﾕｳｼﾁ,291,ﾅｶﾞﾏﾁﾐﾅﾐ
0125,ｼﾁｼﾞﾕｳｼﾁ,293,ｶﾓ
0125,ｼﾁｼﾞﾕｳｼﾁ,294,ｸﾘﾕｳ
0125,ｼﾁｼﾞﾕｳｼﾁ,296,ﾐﾔｷﾞﾏﾁ
0125,ｼﾁｼﾞﾕｳｼﾁ,298,ﾀｶﾓﾘ
0125,ｼﾁｼﾞﾕｳｼﾁ,299,ﾐﾅﾐﾔｷﾞﾔﾏ
0125,ｼﾁｼﾞﾕｳｼﾁ,300,ｼｵｶﾞﾏ
0125,ｼﾁｼﾞﾕｳｼﾁ,302,ｷﾀﾊﾏ
0125,ｼﾁｼﾞﾕｳｼﾁ,303,ﾏﾂｼﾏ
0125,ｼﾁｼﾞﾕｳｼﾁ,304,ﾀｶﾞｼﾞﾖｳ
0125,ｼﾁｼﾞﾕｳｼﾁ,305,ｼｵｶﾞﾏﾆｼ
0125,ｼﾁｼﾞﾕｳｼﾁ,306,ﾀｶｻｺﾞ
0125,ｼﾁｼﾞﾕｳｼﾁ,307,ｹﾞﾊﾞ
0125,ｼﾁｼﾞﾕｳｼﾁ,308,ｼﾁｶﾞﾊﾏ
0125,ｼﾁｼﾞﾕｳｼﾁ,309,ﾘﾌ
0125,ｼﾁｼﾞﾕｳｼﾁ,400,ｲｲﾉｶﾞﾜ
0125,ｼﾁｼﾞﾕｳｼﾁ,401,ﾅｶﾂﾔﾏ
0125,ｼﾁｼﾞﾕｳｼﾁ,402,ﾔﾓﾄ
0125,ｼﾁｼﾞﾕｳｼﾁ,403,ｺｸﾁﾖｳ
0125,ｼﾁｼﾞﾕｳｼﾁ,404,ｲｼﾉﾏｷ
0125,ｼﾁｼﾞﾕｳｼﾁ,406,ﾐﾅﾄ
0125,ｼﾁｼﾞﾕｳｼﾁ,407,ﾜﾀﾉﾊ
0125,ｼﾁｼﾞﾕｳｼﾁ,408,ｱﾕｶﾜ
0125,ｼﾁｼﾞﾕｳｼﾁ,409,ｵﾅｶﾞﾜ
0125,ｼﾁｼﾞﾕｳｼﾁ,410,ｼﾝﾅｶｻﾄ
0125,ｼﾁｼﾞﾕｳｼﾁ,411,ﾍﾋﾞﾀ
0125,ｼﾁｼﾞﾕｳｼﾁ,412,ﾅﾙｾ
0125,ｼﾁｼﾞﾕｳｼﾁ,413,ﾉｿﾞﾐﾉ
0125,ｼﾁｼﾞﾕｳｼﾁ,500,ｼﾂﾞｶﾞﾜ
0125,ｼﾁｼﾞﾕｳｼﾁ,501,ｹｾﾝﾇﾏ
0125,ｼﾁｼﾞﾕｳｼﾁ,502,ﾅｲﾉﾜｷ
0125,ｼﾁｼﾞﾕｳｼﾁ,600,ﾖｼｵｶ
0125,ｼﾁｼﾞﾕｳｼﾁ,601,ﾅｶﾆｲﾀﾞ
0125,ｼﾁｼﾞﾕｳｼﾁ,602,ｵﾉﾀﾞ
0125,ｼﾁｼﾞﾕｳｼﾁ,603,ﾌﾙｶﾜ
0125,ｼﾁｼﾞﾕｳｼﾁ,604,ｶｼﾏﾀﾞｲ
0125,ｼﾁｼﾞﾕｳｼﾁ,605,ｲﾜﾃﾞﾔﾏ
0125,ｼﾁｼﾞﾕｳｼﾁ,606,ﾅﾙｺﾞ
0125,ｼﾁｼﾞﾕｳｼﾁ,607,ｺｺﾞﾀ
0125,ｼﾁｼﾞﾕｳｼﾁ,608,ﾜｸﾔ
0125,ｼﾁｼﾞﾕｳｼﾁ,609,ﾀｼﾞﾘ
0125,ｼﾁｼﾞﾕｳｼﾁ,610,ﾐﾅﾐﾌﾙｶﾜ
0125,ｼﾁｼﾞﾕｳｼﾁ,611,ﾌﾙｶﾜﾄｳｶﾏﾁ
0125,ｼﾁｼﾞﾕｳｼﾁ,697,ﾏﾂﾔﾏ
0125,ｼﾁｼﾞﾕｳｼﾁ,700,ﾂｷﾀﾞﾃ
0125,ｼﾁｼﾞﾕｳｼﾁ,701,ｲﾁﾊｻﾞﾏ
0125,ｼﾁｼﾞﾕｳｼﾁ,702,ﾜｶﾔﾅｷﾞ
0125,ｼﾁｼﾞﾕｳｼﾁ,703,ｲﾜｶﾞｻｷ
0125,ｼﾁｼﾞﾕｳｼﾁ,705,ｻﾇﾏ
0125,ｼﾁｼﾞﾕｳｼﾁ,707,ﾏｲﾔ
0125,ｼﾁｼﾞﾕｳｼﾁ,708,ﾄﾒ
0125,ｼﾁｼﾞﾕｳｼﾁ,777,ｲﾝﾀ-ﾈﾂﾄ
0125,ｼﾁｼﾞﾕｳｼﾁ,800,ｼﾛｲｼ
0125,ｼﾁｼﾞﾕｳｼﾁ,801,ｻﾞｵｳ
0125,ｼﾁｼﾞﾕｳｼﾁ,802,ｵｵｶﾞﾜﾗ
0125,ｼﾁｼﾞﾕｳｼﾁ,803,ﾌﾅｵｶ
0125,ｼﾁｼﾞﾕｳｼﾁ,804,ﾂｷﾉｷ
0125,ｼﾁｼﾞﾕｳｼﾁ,805,ﾑﾗﾀ
0125,ｼﾁｼﾞﾕｳｼﾁ,806,ﾏﾙﾓﾘ
0125,ｼﾁｼﾞﾕｳｼﾁ,807,ｶｸﾀﾞ
0125,ｼﾁｼﾞﾕｳｼﾁ,808,ﾜﾀﾘ
0125,ｼﾁｼﾞﾕｳｼﾁ,809,ﾔﾏｼﾀ
0125,ｼﾁｼﾞﾕｳｼﾁ,811,ｲﾜﾇﾏ
0125,ｼﾁｼﾞﾕｳｼﾁ,812,ﾏｽﾀﾞ
0125,ｼﾁｼﾞﾕｳｼﾁ,813,ﾕﾘｱｹﾞ
0125,ｼﾁｼﾞﾕｳｼﾁ,814,ﾅﾄﾘﾆｼ
0125,ｼﾁｼﾞﾕｳｼﾁ,815,ｾﾝﾀﾞｲｸｳｺｳ
0125,ｼﾁｼﾞﾕｳｼﾁ,817,ﾓﾘｾｷﾉｼﾀ
0125,ｼﾁｼﾞﾕｳｼﾁ,818,ｲﾜﾇﾏﾆｼ
0125,ｼﾁｼﾞﾕｳｼﾁ,895,ｶﾜｻｷ
0125,ｼﾁｼﾞﾕｳｼﾁ,900,ﾄｳｷﾖｳ
0125,ｼﾁｼﾞﾕｳｼﾁ,901,ﾆﾎﾝﾊﾞｼ
0125,ｼﾁｼﾞﾕｳｼﾁ,910,ﾌｸｼﾏ
0125,ｼﾁｼﾞﾕｳｼﾁ,911,ﾀｲﾗ
0125,ｼﾁｼﾞﾕｳｼﾁ,912,ｵﾅﾊﾏ
0125,ｼﾁｼﾞﾕｳｼﾁ,915,ﾊﾗﾏﾁ
0125,ｼﾁｼﾞﾕｳｼﾁ,916,ｿｳﾏ
0125,ｼﾁｼﾞﾕｳｼﾁ,917,ｺｵﾘﾔﾏ
0125,ｼﾁｼﾞﾕｳｼﾁ,920,ｱｵﾓﾘ
0125,ｼﾁｼﾞﾕｳｼﾁ,930,ﾓﾘｵｶ
0125,ｼﾁｼﾞﾕｳｼﾁ,931,ｷﾀｶﾐ
0125,ｼﾁｼﾞﾕｳｼﾁ,935,ﾔﾏｶﾞﾀ
0125,ｼﾁｼﾞﾕｳｼﾁ,940,ｱｷﾀ
0125,ｼﾁｼﾞﾕｳｼﾁ,945,ﾅｺﾞﾔ
0125,ｼﾁｼﾞﾕｳｼﾁ,950,ｵｵｻｶ
0125,ｼﾁｼﾞﾕｳｼﾁ,960,ｻﾂﾎﾟﾛ
0125,ｼﾁｼﾞﾕｳｼﾁ,985,ﾌﾘｺﾐｾﾝﾖｳ
0126,ﾄｳﾎｳ,101,ﾎﾝﾃﾝ
0126,ﾄｳﾎｳ,103,ｹﾝﾁﾖｳ
0126,ﾄｳﾎｳ,105,ﾅｶﾏﾁ
0126,ﾄｳﾎｳ,106,ｾﾉｳｴ
0126,ﾄｳﾎｳ,107,ｲｲｻﾞｶ
0126,ﾄｳﾎｳ,108,ｺｵﾘ
0126,ﾄｳﾎｳ,109,ﾎﾊﾞﾗ
0126,ﾄｳﾎｳ,110,ﾔﾅｶﾞﾜ
0126,ﾄｳﾎｳ,111,ｶﾜﾏﾀ
0126,ﾄｳﾎｳ,112,ｲｲﾉ
0126,ﾄｳﾎｳ,113,ﾆﾎﾝﾏﾂ
0126,ﾄｳﾎｳ,114,ﾐﾅﾐﾌｸｼﾏ
0126,ﾄｳﾎｳ,115,ﾋｶﾞｼﾌｸｼﾏ
0126,ﾄｳﾎｳ,116,ｲｽﾞﾐ
0126,ﾄｳﾎｳ,117,ｷﾀﾌｸｼﾏ
0126,ﾄｳﾎｳ,118,ﾌｸｼﾏｴｷﾏｴ
0126,ﾄｳﾎｳ,119,ﾎｳﾗｲ
0126,ﾄｳﾎｳ,120,ﾌｸｼﾏｼﾔｸｼﾖ
0126,ﾄｳﾎｳ,122,ｻｻﾔ
0126,ﾄｳﾎｳ,123,ﾆｼﾌｸｼﾏ
0126,ﾄｳﾎｳ,124,ﾜﾀﾘ
0126,ﾄｳﾎｳ,125,ﾏﾂﾔﾏ
0126,ﾄｳﾎｳ,127,ﾎｳｷﾀﾞ
0126,ﾄｳﾎｳ,128,ｵｵﾓﾘ
0126,ﾄｳﾎｳ,129,ﾋﾗﾉ
0126,ﾄｳﾎｳ,130,ﾌｸｼﾏｲﾀﾞｲﾋﾞﾖｳｲﾝ
0126,ﾄｳﾎｳ,131,ﾌｸｼﾏﾆｼﾁﾕｳｵｳ
0126,ﾄｳﾎｳ,133,ﾛ-ﾝﾌﾟﾗｻﾞﾌｸｼﾏ
0126,ﾄｳﾎｳ,200,ｺｵﾘﾔﾏ
0126,ﾄｳﾎｳ,201,ｺｵﾘﾔﾏﾅｶﾏﾁ
0126,ﾄｳﾎｳ,202,ｺｵﾘﾔﾏｵｵﾏﾁ
0126,ﾄｳﾎｳ,203,ｺｵﾘﾔﾏｴｷﾏｴ
0126,ﾄｳﾎｳ,204,ｺｵﾘﾔﾏﾐﾅﾐ
0126,ﾄｳﾎｳ,205,ﾓﾄﾐﾔ
0126,ﾄｳﾎｳ,206,ｽｶｶﾞﾜ
0126,ﾄｳﾎｳ,207,ﾐﾊﾙ
0126,ﾄｳﾎｳ,208,ﾌﾈﾋｷ
0126,ﾄｳﾎｳ,209,ｵﾉ
0126,ﾄｳﾎｳ,211,ｱｻｶ
0126,ﾄｳﾎｳ,212,ｺｵﾘﾔﾏｵﾛｼﾏﾁ
0126,ﾄｳﾎｳ,213,ｻｲｺﾝ
0126,ﾄｳﾎｳ,214,ｺｵﾘﾔﾏｼﾔｸｼﾖ
0126,ﾄｳﾎｳ,215,ｸﾜﾉ
0126,ﾄｳﾎｳ,218,ｵｵﾂｷ
0126,ﾄｳﾎｳ,219,ｼﾝｻｸﾗﾄﾞｵﾘ
0126,ﾄｳﾎｳ,220,ｺｵﾘﾔﾏｷﾀ
0126,ﾄｳﾎｳ,222,ｺｵﾘﾔﾏﾋｶﾞｼ
0126,ﾄｳﾎｳ,223,ｽｶｶﾞﾜﾋｶﾞｼ
0126,ﾄｳﾎｳ,224,ｶｶﾞﾐｲｼ
0126,ﾄｳﾎｳ,225,ｺｵﾘﾔﾏｱﾗｲ
0126,ﾄｳﾎｳ,226,ﾆｼﾉｳﾁ
0126,ﾄｳﾎｳ,227,ｷﾎﾞｳｶﾞｵｶ
0126,ﾄｳﾎｳ,228,ﾄﾐﾀ
0126,ﾄｳﾎｳ,229,ｺｵﾘﾔﾏｿｳｺﾞｳｵﾛｼ
0126,ﾄｳﾎｳ,230,ｽｶｶﾞﾜﾆｼ
0126,ﾄｳﾎｳ,232,ﾔﾂﾔﾏﾀﾞ
0126,ﾄｳﾎｳ,233,ｺｵﾘﾔﾏｶﾅﾔ
0126,ﾄｳﾎｳ,301,ｼﾗｶﾜ
0126,ﾄｳﾎｳ,302,ﾔﾌﾞｷ
0126,ﾄｳﾎｳ,303,ｲｼｶﾜ
0126,ﾄｳﾎｳ,305,ﾀﾅｸﾞﾗ
0126,ﾄｳﾎｳ,306,ﾊﾅﾜ
0126,ﾄｳﾎｳ,307,ｼﾗｶﾜｼﾔｸｼﾖ
0126,ﾄｳﾎｳ,308,ｼﾗｶﾜﾆｼ
0126,ﾄｳﾎｳ,309,ｱｻｶﾜ
0126,ﾄｳﾎｳ,310,ｼﾝｼﾗｶﾜ
0126,ﾄｳﾎｳ,401,ｱｲﾂﾞ
0126,ﾄｳﾎｳ,402,ｱｲﾂﾞｲﾁﾉﾏﾁ
0126,ﾄｳﾎｳ,403,ｱｲﾂﾞﾎﾝﾏﾁ
0126,ﾄｳﾎｳ,404,ｲﾅﾜｼﾛ
0126,ﾄｳﾎｳ,405,ｼｵｶﾜ
0126,ﾄｳﾎｳ,406,ｷﾀｶﾀ
0126,ﾄｳﾎｳ,407,ﾊﾞﾝｹﾞ
0126,ﾄｳﾎｳ,408,ﾀｶﾀﾞ
0126,ﾄｳﾎｳ,410,ｱｲﾂﾞｼﾓｺﾞｳ
0126,ﾄｳﾎｳ,411,ﾀｼﾞﾏ
0126,ﾄｳﾎｳ,412,ﾔﾏｸﾞﾁ
0126,ﾄｳﾎｳ,413,ﾀﾀﾞﾐ
0126,ﾄｳﾎｳ,414,ｶﾜｸﾞﾁ
0126,ﾄｳﾎｳ,416,ｱｲﾂﾞﾜｶﾏﾂｼﾔｸｼﾖ
0126,ﾄｳﾎｳ,417,ﾀｹﾀﾞｿｳｺﾞｳﾋﾞﾖｳｲﾝ
0126,ﾄｳﾎｳ,420,ﾓﾝﾃﾞﾝ
0126,ﾄｳﾎｳ,421,ﾀｷｻﾞﾜ
0126,ﾄｳﾎｳ,422,ｱｲﾂﾞｱﾋﾟｵ
0126,ﾄｳﾎｳ,501,ﾊﾗﾏﾁ
0126,ﾄｳﾎｳ,502,ｿｳﾏ
0126,ﾄｳﾎｳ,503,ｵﾀﾞｶ
0126,ﾄｳﾎｳ,504,ﾅﾐｴ
0126,ﾄｳﾎｳ,505,ﾄﾐｵｶ
0126,ﾄｳﾎｳ,506,ﾌﾀﾊﾞ
0126,ﾄｳﾎｳ,507,ﾅﾗﾊ
0126,ﾄｳﾎｳ,509,ｵｵｸﾏ
0126,ﾄｳﾎｳ,601,ｲﾜｷ
0126,ﾄｳﾎｳ,602,ﾀｲﾗﾆｼ
0126,ﾄｳﾎｳ,603,ｳﾁｺﾞｳ
0126,ﾄｳﾎｳ,604,ﾕﾓﾄ
0126,ﾄｳﾎｳ,605,ｵﾅﾊﾏ
0126,ﾄｳﾎｳ,607,ｳｴﾀﾞ
0126,ﾄｳﾎｳ,608,ﾅｺｿ
0126,ﾄｳﾎｳ,609,ｲﾜｷｼﾔｸｼﾖ
0126,ﾄｳﾎｳ,612,ﾔｶﾞﾜｾ
0126,ﾄｳﾎｳ,613,ﾖﾂｸﾗ
0126,ﾄｳﾎｳ,614,ｲﾜｷｲｽﾞﾐ
0126,ﾄｳﾎｳ,616,ｶﾍﾞﾔ
0126,ﾄｳﾎｳ,617,ｲﾜｷｶｼﾏ
0126,ﾄｳﾎｳ,701,ﾄｳｷﾖｳ
0126,ﾄｳﾎｳ,702,ｾﾝﾀﾞｲ
0126,ﾄｳﾎｳ,703,ﾋﾀﾁ
0126,ﾄｳﾎｳ,704,ｳﾂﾉﾐﾔ
0126,ﾄｳﾎｳ,705,ﾐﾄ
0126,ﾄｳﾎｳ,706,ﾆｲｶﾞﾀ
0126,ﾄｳﾎｳ,707,ｼﾝｼﾞﾕｸ
0126,ﾄｳﾎｳ,708,ｾﾝﾀﾞｲﾋｶﾞｼ
0126,ﾄｳﾎｳ,710,ﾅﾄﾘ
0126,ﾄｳﾎｳ,711,ﾖﾈｻﾞﾜ
0126,ﾄｳﾎｳ,712,ｾﾝﾀﾞｲｲｽﾞﾐ
0126,ﾄｳﾎｳ,713,ｾﾝﾀﾞｲﾐﾅﾐ
0126,ﾄｳﾎｳ,730,ｲﾝﾀ-ﾈﾂﾄ
0128,ｸﾞﾝﾏ,100,ﾎﾝﾃﾝ
0128,ｸﾞﾝﾏ,101,ﾀﾂﾏﾁ
0128,ｸﾞﾝﾏ,103,ｹﾝﾁﾖｳ
0128,ｸﾞﾝﾏ,105,ﾏｴﾊﾞｼﾋｶﾞｼ
0128,ｸﾞﾝﾏ,106,ｵｵｺﾞ
0128,ｸﾞﾝﾏ,107,ｺﾏｶﾞﾀ
0128,ｸﾞﾝﾏ,109,ﾏｴﾊﾞｼｼﾔｸｼﾖ
0128,ｸﾞﾝﾏ,111,ｵｵﾄﾈ
0128,ｸﾞﾝﾏ,112,ﾏｴﾊﾞｼ
0128,ｸﾞﾝﾏ,113,ﾏｴﾊﾞｼｷﾀ
0128,ｸﾞﾝﾏ,114,ﾋﾛｾ
0128,ｸﾞﾝﾏ,115,ﾋｶﾘｶﾞｵｶ
0128,ｸﾞﾝﾏ,116,ﾋﾖｼﾁﾖｳ
0128,ｸﾞﾝﾏ,117,ﾏｴﾊﾞｼｴｷﾐﾅﾐ
0128,ｸﾞﾝﾏ,118,ｿｳｼﾞﾔ
0128,ｸﾞﾝﾏ,119,ｶﾀｶｲ
0128,ｸﾞﾝﾏ,120,ﾀｶｻｷﾀﾏﾁ
0128,ｸﾞﾝﾏ,121,ﾀｶｻｷｷﾀ
0128,ｸﾞﾝﾏ,122,ﾀｶｻｷｴｷ
0128,ｸﾞﾝﾏ,123,ﾀｶｻｷﾋｶﾞｼ
0128,ｸﾞﾝﾏ,124,ﾀｶｻｷﾆｼ
0128,ｸﾞﾝﾏ,125,ｸﾗｶﾞﾉ
0128,ｸﾞﾝﾏ,127,ﾀｶｻｷ
0128,ｸﾞﾝﾏ,129,ﾀｶｻｷｼﾔｸｼﾖ
0128,ｸﾞﾝﾏ,131,ｶﾈｺ
0128,ｸﾞﾝﾏ,132,ﾐﾉﾜ
0128,ｸﾞﾝﾏ,133,ﾑﾛﾀﾞ
0128,ｸﾞﾝﾏ,134,ﾀｶｻｷｻｶｴﾁﾖｳ
0128,ｸﾞﾝﾏ,135,ﾅｶｲ
0128,ｸﾞﾝﾏ,136,ﾄﾖｵｶ
0128,ｸﾞﾝﾏ,137,ﾅｶｲｽﾞﾐ
0128,ｸﾞﾝﾏ,140,ｷﾘﾕｳ
0128,ｸﾞﾝﾏ,141,ｵｵﾏﾏ
0128,ｸﾞﾝﾏ,142,ｶｽｶﾜ
0128,ｸﾞﾝﾏ,143,ｵｵﾊﾞﾗ
0128,ｸﾞﾝﾏ,144,ｼﾝｷﾘﾕｳ
0128,ｸﾞﾝﾏ,145,ｷﾘﾕｳﾐﾅﾐ
0128,ｸﾞﾝﾏ,146,ｶｻｶﾞｹ
0128,ｸﾞﾝﾏ,147,ｱｲｵｲ
0128,ｸﾞﾝﾏ,148,ﾆｲｻﾄ
0128,ｸﾞﾝﾏ,150,ｲｾｻｷ
0128,ｸﾞﾝﾏ,151,ｲｾｻｷﾆｼ
0128,ｸﾞﾝﾏ,152,ｻｶｲ
0128,ｸﾞﾝﾏ,153,ﾀﾏﾑﾗ
0128,ｸﾞﾝﾏ,154,ﾄﾖｳｹ
0128,ｸﾞﾝﾏ,155,ｲｾｻｷﾐﾅﾐ
0128,ｸﾞﾝﾏ,156,ｲｾｻｷｷﾀ
0128,ｸﾞﾝﾏ,157,ｱｶﾎﾞﾘ
0128,ｸﾞﾝﾏ,158,ｱｽﾞﾏ
0128,ｸﾞﾝﾏ,159,ｲｾｻｷｼﾔｸｼﾖ
0128,ｸﾞﾝﾏ,160,ﾌｼﾞｵｶ
0128,ｸﾞﾝﾏ,161,ｼﾝﾏﾁ
0128,ｸﾞﾝﾏ,162,ｵﾆｼ
0128,ｸﾞﾝﾏ,163,ﾏﾝﾊﾞ
0128,ｸﾞﾝﾏ,164,ﾌｼﾞｵｶｷﾀ
0128,ｸﾞﾝﾏ,170,ﾄﾐｵｶ
0128,ｸﾞﾝﾏ,171,ﾖｼｲ
0128,ｸﾞﾝﾏ,172,ｼﾓﾆﾀ
0128,ｸﾞﾝﾏ,173,ｶﾝﾗﾏﾁ
0128,ｸﾞﾝﾏ,180,ｱﾝﾅｶ
0128,ｸﾞﾝﾏ,182,ｲｿﾍﾞ
0128,ｸﾞﾝﾏ,183,ﾏﾂｲﾀﾞ
0128,ｸﾞﾝﾏ,190,ｼﾌﾞｶﾜ
0128,ｸﾞﾝﾏ,191,ｼﾌﾞｶﾜﾁﾕｳｵｳ
0128,ｸﾞﾝﾏ,192,ｼｷｼﾏ
0128,ｸﾞﾝﾏ,193,ﾖｼｵｶ
0128,ｸﾞﾝﾏ,194,ｲｶﾎ
0128,ｸﾞﾝﾏ,200,ﾅｶﾉｼﾞﾖｳ
0128,ｸﾞﾝﾏ,202,ﾊﾗﾏﾁ
0128,ｸﾞﾝﾏ,203,ﾅｶﾞﾉﾊﾗ
0128,ｸﾞﾝﾏ,204,ﾂﾏｺﾞｲ
0128,ｸﾞﾝﾏ,205,ｸｻﾂ
0128,ｸﾞﾝﾏ,210,ﾇﾏﾀ
0128,ｸﾞﾝﾏ,211,ﾇﾏﾀｴｷﾏｴ
0128,ｸﾞﾝﾏ,212,ﾂｷﾖﾉ
0128,ｸﾞﾝﾏ,213,ﾐﾅｶﾐ
0128,ｸﾞﾝﾏ,215,ｵｾﾞ
0128,ｸﾞﾝﾏ,220,ｵｵﾀ
0128,ｸﾞﾝﾏ,221,ｵｵﾀﾆｼ
0128,ｸﾞﾝﾏ,222,ｵｼﾞﾏ
0128,ｸﾞﾝﾏ,223,ｺﾞｳﾄﾞ
0128,ｸﾞﾝﾏ,224,ﾎｳｾﾝ
0128,ｸﾞﾝﾏ,225,ｵｵﾀﾁﾕｳｵｳ
0128,ｸﾞﾝﾏ,226,ﾆﾂﾀ
0128,ｸﾞﾝﾏ,227,ﾆﾗｶﾞﾜ
0128,ｸﾞﾝﾏ,228,ﾀｶﾊﾔｼ
0128,ｸﾞﾝﾏ,229,ｵｵﾀｼﾔｸｼﾖ
0128,ｸﾞﾝﾏ,230,ﾀﾃﾊﾞﾔｼ
0128,ｸﾞﾝﾏ,231,ｲﾀｸﾗ
0128,ｸﾞﾝﾏ,232,ｵｵｲｽﾞﾐ
0128,ｸﾞﾝﾏ,233,ｵｵﾗﾏﾁ
0128,ｸﾞﾝﾏ,234,ﾀﾃﾊﾞﾔｼﾐﾅﾐ
0128,ｸﾞﾝﾏ,236,ﾁﾖﾀﾞ
0128,ｸﾞﾝﾏ,237,ｵｵｲｽﾞﾐﾋｶﾞｼ
0128,ｸﾞﾝﾏ,251,ﾌｼﾞﾐ
0128,ｸﾞﾝﾏ,252,ﾑｻｼｳﾗﾜ
0128,ｸﾞﾝﾏ,253,ﾒｲﾜ
0128,ｸﾞﾝﾏ,254,ｼﾝﾄｳ
0128,ｸﾞﾝﾏ,255,ﾊﾆﾕｳ
0128,ｸﾞﾝﾏ,256,ｲﾀｸﾗﾆﾕ-ﾀｳﾝ
0128,ｸﾞﾝﾏ,257,ｳﾗﾜ
0128,ｸﾞﾝﾏ,258,ｶﾜｺﾞｴ
0128,ｸﾞﾝﾏ,259,ﾄｺﾛｻﾞﾜ
0128,ｸﾞﾝﾏ,260,ｺｼｶﾞﾔ
0128,ｸﾞﾝﾏ,261,ｳｴﾀﾞ
0128,ｸﾞﾝﾏ,262,ﾀﾁｶﾜ
0128,ｸﾞﾝﾏ,263,ﾏﾂﾄﾞ
0128,ｸﾞﾝﾏ,264,ｻｶﾞﾐﾊﾗ
0128,ｸﾞﾝﾏ,265,ｵｷﾞｸﾎﾞ
0128,ｸﾞﾝﾏ,266,ｶﾜｻｷ
0128,ｸﾞﾝﾏ,267,ｶｻｲ
0128,ｸﾞﾝﾏ,268,ｱﾀﾞﾁ
0128,ｸﾞﾝﾏ,270,ｲﾝﾀ-ﾈﾂﾄ
0128,ｸﾞﾝﾏ,290,ﾓﾘﾀ
0128,ｸﾞﾝﾏ,300,ｸﾏｶﾞﾔ
0128,ｸﾞﾝﾏ,301,ｵｵﾐﾔ
0128,ｸﾞﾝﾏ,302,ﾌｶﾔ
0128,ｸﾞﾝﾏ,303,ﾎﾝｼﾞﾖｳ
0128,ｸﾞﾝﾏ,304,ｶﾜｸﾞﾁ
0128,ｸﾞﾝﾏ,305,ｶｽｶﾍﾞ
0128,ｸﾞﾝﾏ,306,ｺｳﾉｽ
0128,ｸﾞﾝﾏ,307,ﾄﾀﾞ
0128,ｸﾞﾝﾏ,308,ﾌｶﾔｶﾐｼﾊﾞ
0128,ｸﾞﾝﾏ,309,ｶﾐｻﾄ
0128,ｸﾞﾝﾏ,310,ｳﾂﾉﾐﾔ
0128,ｸﾞﾝﾏ,311,ﾄﾁｷﾞ
0128,ｸﾞﾝﾏ,312,ｻﾉ
0128,ｸﾞﾝﾏ,313,ｸｽﾞｳ
0128,ｸﾞﾝﾏ,314,ｱｼｶｶﾞ
0128,ｸﾞﾝﾏ,315,ｵﾔﾏ
0128,ｸﾞﾝﾏ,316,ﾀﾇﾏ
0128,ｸﾞﾝﾏ,317,ｱｼｶｶﾞﾐﾅﾐ
0128,ｸﾞﾝﾏ,319,ｳﾂﾉﾐﾔﾋｶﾞｼ
0128,ｸﾞﾝﾏ,320,ﾄｳｷﾖｳ
0128,ｸﾞﾝﾏ,321,ｲｹﾌﾞｸﾛ
0128,ｸﾞﾝﾏ,322,ｳｴﾉ
0128,ｸﾞﾝﾏ,323,ﾊﾁｵｳｼﾞ
0128,ｸﾞﾝﾏ,324,ﾖﾂﾔ
0128,ｸﾞﾝﾏ,331,ﾖｺﾊﾏ
0128,ｸﾞﾝﾏ,340,ｵｵｻｶ
0128,ｸﾞﾝﾏ,370,ﾎﾝｼﾞﾖｳﾐﾅﾐ
0128,ｸﾞﾝﾏ,371,ﾒﾇﾏ
0128,ｸﾞﾝﾏ,372,ｶｺﾞﾊﾗ
0128,ｸﾞﾝﾏ,373,ﾌｷｱｹﾞ
0128,ｸﾞﾝﾏ,374,ｷﾞﾖｳﾀﾞ
0128,ｸﾞﾝﾏ,375,ﾖﾉ
0128,ｸﾞﾝﾏ,376,ｱｹﾞｵ
0128,ｸﾞﾝﾏ,390,ｲﾜﾌﾈ
0128,ｸﾞﾝﾏ,905,ｺﾝﾋﾞﾆｴ-ﾃｲ-ｴﾑ
0128,ｸﾞﾝﾏ,907,ﾌﾘｺﾐｼﾕｳﾁﾕｳ
0128,ｸﾞﾝﾏ,908,ﾌﾟﾗｻﾞ
0129,ｱｼｶｶﾞ,100,ﾎﾝﾃﾝ
0129,ｱｼｶｶﾞ,101,ｳﾂﾉﾐﾔ
0129,ｱｼｶｶﾞ,102,ｹﾝﾁﾖｳﾅｲ
0129,ｱｼｶｶﾞ,103,ｳﾂﾉﾐﾔﾁﾕｳｵｳ
0129,ｱｼｶｶﾞ,104,ｲﾁｼﾞﾖｳﾏﾁ
0129,ｱｼｶｶﾞ,106,ｵｵﾔ
0129,ｱｼｶｶﾞ,107,ﾐﾈﾏﾁ
0129,ｱｼｶｶﾞ,108,ｽｽﾞﾒﾉﾐﾔ
0129,ｱｼｶｶﾞ,109,ｴｿｼﾞﾏ
0129,ｱｼｶｶﾞ,110,ｴｷﾋｶﾞｼｸﾞﾁ
0129,ｱｼｶｶﾞ,111,ﾁﾕｳｵｳｼｼﾞﾖｳ
0129,ｱｼｶｶﾞ,113,ﾄﾝﾔﾏﾁ
0129,ｱｼｶｶﾞ,115,ｲﾏｲｽﾞﾐﾁﾖｳ
0129,ｱｼｶｶﾞ,116,ｳﾂﾉﾐﾔﾆｼ
0129,ｱｼｶｶﾞ,117,ｵｶﾓﾄ
0129,ｱｼｶｶﾞ,118,ｲﾝﾀ-ﾊﾟ-ｸ
0129,ｱｼｶｶﾞ,119,ｷﾖﾊﾗ
0129,ｱｼｶｶﾞ,120,ｱｼｶｶﾞ
0129,ｱｼｶｶﾞ,121,ﾋｶﾞｼ
0129,ｱｼｶｶﾞ,122,ﾛｸﾁﾖｳﾒ
0129,ｱｼｶｶﾞ,123,ﾊｼﾞｶ
0129,ｱｼｶｶﾞ,124,ｱｼｶｶﾞｼｼﾞﾖｳ
0129,ｱｼｶｶﾞ,125,ｱｼｶｶﾞﾐﾅﾐ
0129,ｱｼｶｶﾞ,130,ｻﾉ
0129,ｱｼｶｶﾞ,131,ｻﾉﾐﾅﾐ
0129,ｱｼｶｶﾞ,132,ﾀｶｻｺﾞﾁﾖｳ
0129,ｱｼｶｶﾞ,133,ｱｶﾐ
0129,ｱｼｶｶﾞ,134,ﾀﾇﾏ
0129,ｱｼｶｶﾞ,135,ｸｽﾞｳ
0129,ｱｼｶｶﾞ,140,ﾄﾁｷﾞ
0129,ｱｼｶｶﾞ,141,ｼﾝﾄﾁｷﾞ
0129,ｱｼｶｶﾞ,142,ﾌｼﾞｵｶ
0129,ｱｼｶｶﾞ,143,ｵｵﾋﾗ
0129,ｱｼｶｶﾞ,144,ﾄﾁｷﾞﾆｼ
0129,ｱｼｶｶﾞ,145,ﾂｶﾞ
0129,ｱｼｶｶﾞ,146,ｲﾜﾌﾈ
0129,ｱｼｶｶﾞ,148,ｵﾔﾏﾐﾅﾐ
0129,ｱｼｶｶﾞ,149,ｵﾔﾏﾋｶﾞｼ
0129,ｱｼｶｶﾞ,150,ｵﾔﾏ
0129,ｱｼｶｶﾞ,151,ﾏﾏﾀﾞ
0129,ｱｼｶｶﾞ,152,ｺｶﾞﾈｲ
0129,ｱｼｶｶﾞ,153,ｲｼﾊﾞｼ
0129,ｱｼｶｶﾞ,154,ｶﾐﾉｶﾜ
0129,ｱｼｶｶﾞ,155,ﾐﾌﾞ
0129,ｱｼｶｶﾞ,156,ｵﾓﾁﾔﾉﾏﾁ
0129,ｱｼｶｶﾞ,157,ｵﾔﾏｷﾀ
0129,ｱｼｶｶﾞ,158,ｼﾞﾁｲﾀﾞｲ
0129,ｱｼｶｶﾞ,159,ﾉｷﾞ
0129,ｱｼｶｶﾞ,160,ｶﾇﾏ
0129,ｱｼｶｶﾞ,161,ﾆﾚｷﾞ
0129,ｱｼｶｶﾞ,162,ｱﾜﾉ
0129,ｱｼｶｶﾞ,163,ｶﾇﾏﾋｶﾞｼ
0129,ｱｼｶｶﾞ,170,ｲﾏｲﾁ
0129,ｱｼｶｶﾞ,171,ﾆﾂｺｳ
0129,ｱｼｶｶﾞ,173,ｱｼｵ
0129,ｱｼｶｶﾞ,174,ｷﾇｶﾞﾜ
0129,ｱｼｶｶﾞ,176,ﾎｳｼﾔｸｼﾞ
0129,ｱｼｶｶﾞ,177,ｳｼﾞｲｴ
0129,ｱｼｶｶﾞ,178,ｷﾂﾚｶﾞﾜ
0129,ｱｼｶｶﾞ,179,ｵｵｻﾜ
0129,ｱｼｶｶﾞ,180,ｵｵﾀﾜﾗ
0129,ｱｼｶｶﾞ,181,ﾔｲﾀ
0129,ｱｼｶｶﾞ,182,ｼｵﾊﾞﾗ
0129,ｱｼｶｶﾞ,183,ﾆｼﾅｽﾉ
0129,ｱｼｶｶﾞ,184,ｸﾛｲｿ
0129,ｱｼｶｶﾞ,185,ﾅｽ
0129,ｱｼｶｶﾞ,186,ｸﾛﾀﾞﾊﾗ
0129,ｱｼｶｶﾞ,187,ｸﾛﾊﾞﾈ
0129,ｱｼｶｶﾞ,188,ｼｵﾔ
0129,ｱｼｶｶﾞ,189,ｸﾛｲｿﾆｼ
0129,ｱｼｶｶﾞ,190,ﾓｵｶ
0129,ｱｼｶｶﾞ,191,ﾊﾞﾄｳ
0129,ｱｼｶｶﾞ,192,ｶﾗｽﾔﾏ
0129,ｱｼｶｶﾞ,193,ﾓﾃｷﾞ
0129,ｱｼｶｶﾞ,194,ﾊｶﾞ
0129,ｱｼｶｶﾞ,195,ﾏｼｺ
0129,ｱｼｶｶﾞ,196,ｸｹﾞﾀ
0129,ｱｼｶｶﾞ,197,ﾓｵｶﾆｼ
0129,ｱｼｶｶﾞ,198,ｲﾁｶｲ
0129,ｱｼｶｶﾞ,200,ｷﾘﾕｳ
0129,ｱｼｶｶﾞ,201,ﾀﾃﾊﾞﾔｼ
0129,ｱｼｶｶﾞ,202,ｵｵﾀ
0129,ｱｼｶｶﾞ,203,ｼﾝｼﾕｸ
0129,ｱｼｶｶﾞ,204,ｲｾｻｷ
0129,ｱｼｶｶﾞ,205,ｷﾘﾕｳｼｼﾞﾖｳ
0129,ｱｼｶｶﾞ,206,ｵｵｲｽﾞﾐ
0129,ｱｼｶｶﾞ,207,ｵｵﾀﾐﾅﾐ
0129,ｱｼｶｶﾞ,210,ﾏｴﾊﾞｼ
0129,ｱｼｶｶﾞ,211,ｼﾌﾞｶﾜ
0129,ｱｼｶｶﾞ,213,ﾏｴﾊﾞｼﾋｶﾞｼ
0129,ｱｼｶｶﾞ,220,ﾀｶｻｷ
0129,ｱｼｶｶﾞ,300,ﾐﾄ
0129,ｱｼｶｶﾞ,301,ｼﾓﾀﾞﾃ
0129,ｱｼｶｶﾞ,302,ﾕｳｷ
0129,ｱｼｶｶﾞ,303,ｺｶﾞ
0129,ｱｼｶｶﾞ,305,ｺｶﾞﾋｶﾞｼ
0129,ｱｼｶｶﾞ,306,ｿｳﾜ
0129,ｱｼｶｶﾞ,309,ﾂｸﾊﾞ
0129,ｱｼｶｶﾞ,350,ｳﾂﾉﾐﾔｼﾔｸｼﾖ
0129,ｱｼｶｶﾞ,351,ﾐﾅﾐｶﾜﾁ
0129,ｱｼｶｶﾞ,352,ﾄﾏﾂﾘ
0129,ｱｼｶｶﾞ,353,ｳﾂﾉﾐﾔﾋｶﾞｼ
0129,ｱｼｶｶﾞ,354,ｳﾂﾉﾐﾔｷﾀ
0129,ｱｼｶｶﾞ,355,ｵｵﾀﾜﾗﾐﾅﾐ
0129,ｱｼｶｶﾞ,390,ﾌﾘｺﾐﾀﾞｲｲﾁ
0129,ｱｼｶｶﾞ,400,ｳﾗﾜ
0129,ｱｼｶｶﾞ,401,ｵｵﾐﾔ
0129,ｱｼｶｶﾞ,402,ｺｼｶﾞﾔ
0129,ｱｼｶｶﾞ,403,ｶﾜｺﾞｴ
0129,ｱｼｶｶﾞ,404,ｵｹｶﾞﾜ
0129,ｱｼｶｶﾞ,405,ｼﾗｵｶ
0129,ｱｼｶｶﾞ,406,ｶｽｶﾍﾞ
0129,ｱｼｶｶﾞ,408,ｲﾜﾂｷ
0129,ｱｼｶｶﾞ,410,ｸﾏｶﾞﾔ
0129,ｱｼｶｶﾞ,411,ﾎﾝｼﾞﾖｳ
0129,ｱｼｶｶﾞ,412,ﾌｶﾔ
0129,ｱｼｶｶﾞ,413,ﾁﾁﾌﾞ
0129,ｱｼｶｶﾞ,414,ｷﾞﾖｳﾀﾞ
0129,ｱｼｶｶﾞ,415,ﾊﾆﾕｳ
0129,ｱｼｶｶﾞ,416,ｶｿﾞ
0129,ｱｼｶｶﾞ,418,ｶﾜｸﾞﾁ
0129,ｱｼｶｶﾞ,419,ﾄｺﾛｻﾞﾜ
0129,ｱｼｶｶﾞ,500,ﾄｳｷﾖｳ
0129,ｱｼｶｶﾞ,505,ｵｳｼﾞ
0129,ｱｼｶｶﾞ,555,ﾊﾟｽｶﾙ
0129,ｱｼｶｶﾞ,600,ｺｵﾘﾔﾏ
0130,ｼﾞﾖｳﾖｳ,004,ﾎﾝﾃﾝ
0130,ｼﾞﾖｳﾖｳ,005,ﾄｳｷﾖｳ
0130,ｼﾞﾖｳﾖｳ,006,ﾂﾁｳﾗ
0130,ｼﾞﾖｳﾖｳ,007,ﾋﾀﾁ
0130,ｼﾞﾖｳﾖｳ,008,ﾌｸｼﾏ
0130,ｼﾞﾖｳﾖｳ,009,ｾﾝﾀﾞｲ
0130,ｼﾞﾖｳﾖｳ,010,ｼﾓﾀﾞﾃ
0130,ｼﾞﾖｳﾖｳ,011,ｲｼｵｶ
0130,ｼﾞﾖｳﾖｳ,012,ｺｶﾞ
0130,ｼﾞﾖｳﾖｳ,013,ｵｵﾀ
0130,ｼﾞﾖｳﾖｳ,014,ﾐﾅﾄ
0130,ｼﾞﾖｳﾖｳ,015,ﾀｶﾊｷﾞ
0130,ｼﾞﾖｳﾖｳ,016,ﾀｲﾗ
0130,ｼﾞﾖｳﾖｳ,017,ﾀｶﾞ
0130,ｼﾞﾖｳﾖｳ,018,ｼﾓﾂﾞﾏ
0130,ｼﾞﾖｳﾖｳ,019,ﾐﾂｶｲﾄﾞｳ
0130,ｼﾞﾖｳﾖｳ,020,ﾘﾕｳｶﾞｻｷ
0130,ｼﾞﾖｳﾖｳ,021,ﾕｳｷ
0130,ｼﾞﾖｳﾖｳ,022,ｺｵﾘﾔﾏ
0130,ｼﾞﾖｳﾖｳ,023,ﾁﾖｳｼ
0130,ｼﾞﾖｳﾖｳ,024,ｵﾔﾏ
0130,ｼﾞﾖｳﾖｳ,025,ｳｴﾀﾞ
0130,ｼﾞﾖｳﾖｳ,026,ﾎｺﾀ
0130,ｼﾞﾖｳﾖｳ,027,ｳﾂﾉﾐﾔ
0130,ｼﾞﾖｳﾖｳ,028,ｵｵｱﾗｲ
0130,ｼﾞﾖｳﾖｳ,029,ﾀﾞｲｺﾞ
0130,ｼﾞﾖｳﾖｳ,030,ｲｽﾞﾐﾁﾖｳ
0130,ｼﾞﾖｳﾖｳ,031,ｽｴﾋﾛﾁﾖｳ
0130,ｼﾞﾖｳﾖｳ,032,ｼﾓｲﾁ
0130,ｼﾞﾖｳﾖｳ,033,ｹﾝﾁﾖｳ
0130,ｼﾞﾖｳﾖｳ,034,ﾋﾀﾁﾅｶ
0130,ｼﾞﾖｳﾖｳ,035,ｸｼﾞﾊﾏ
0130,ｼﾞﾖｳﾖｳ,036,ｶｼﾏ
0130,ｼﾞﾖｳﾖｳ,037,ﾊｻｷ
0130,ｼﾞﾖｳﾖｳ,038,ﾄﾘﾃﾞ
0130,ｼﾞﾖｳﾖｳ,039,ﾂﾁｳﾗｴｷﾏｴ
0130,ｼﾞﾖｳﾖｳ,040,ﾔﾀﾍﾞ
0130,ｼﾞﾖｳﾖｳ,041,ｶｻﾏ
0130,ｼﾞﾖｳﾖｳ,043,ｼﾝｼﾞﾕｸ
0130,ｼﾞﾖｳﾖｳ,044,ｳｴﾉ
0130,ｼﾞﾖｳﾖｳ,045,ｲｹﾌﾞｸﾛ
0130,ｼﾞﾖｳﾖｳ,048,ｼﾗｶﾜ
0130,ｼﾞﾖｳﾖｳ,049,ｱｲﾂﾞ
0130,ｼﾞﾖｳﾖｳ,050,ｽｶｶﾞﾜ
0130,ｼﾞﾖｳﾖｳ,051,ﾕﾓﾄ
0130,ｼﾞﾖｳﾖｳ,052,ｵﾅﾊﾏ
0130,ｼﾞﾖｳﾖｳ,053,ｶｼﾜ
0130,ｼﾞﾖｳﾖｳ,054,ﾋﾗｲｿ
0130,ｼﾞﾖｳﾖｳ,055,ｽｶﾞﾔ
0130,ｼﾞﾖｳﾖｳ,056,ｳﾘﾂﾞﾗ
0130,ｼﾞﾖｳﾖｳ,057,ｵｵﾐﾔ
0130,ｼﾞﾖｳﾖｳ,058,ﾔﾏｶﾞﾀ
0130,ｼﾞﾖｳﾖｳ,059,ｲｼﾂｶ
0130,ｼﾞﾖｳﾖｳ,060,ﾅｶﾞｸﾗ
0130,ｼﾞﾖｳﾖｳ,062,ｲｿﾊﾗ
0130,ｼﾞﾖｳﾖｳ,063,ｵｵﾂ
0130,ｼﾞﾖｳﾖｳ,064,ｶﾐｽ
0130,ｼﾞﾖｳﾖｳ,065,ｲﾀｺ
0130,ｼﾞﾖｳﾖｳ,066,ｱｿｳ
0130,ｼﾞﾖｳﾖｳ,067,ﾀﾏﾂｸﾘ
0130,ｼﾞﾖｳﾖｳ,068,ｴﾄﾞｻｷ
0130,ｼﾞﾖｳﾖｳ,069,ﾌｼﾞｼﾛ
0130,ｼﾞﾖｳﾖｳ,070,ﾄﾈ
0130,ｼﾞﾖｳﾖｳ,071,ｻｸﾗﾏﾁ
0130,ｼﾞﾖｳﾖｳ,072,ｺｼｶﾞﾔ
0130,ｼﾞﾖｳﾖｳ,073,ｱﾗｶﾜｵｷ
0130,ｼﾞﾖｳﾖｳ,074,ｱﾐ
0130,ｼﾞﾖｳﾖｳ,075,ﾂｸﾊﾞ
0130,ｼﾞﾖｳﾖｳ,076,ｶｷｵｶ
0130,ｼﾞﾖｳﾖｳ,077,ｲﾜﾏ
0130,ｼﾞﾖｳﾖｳ,078,ﾄﾓﾍﾞ
0130,ｼﾞﾖｳﾖｳ,079,ﾅｶﾞｵｶ
0130,ｼﾞﾖｳﾖｳ,080,ｵｶﾞﾜ
0130,ｼﾞﾖｳﾖｳ,082,ﾏｶﾍﾞ
0130,ｼﾞﾖｳﾖｳ,083,ｲﾜｾ
0130,ｼﾞﾖｳﾖｳ,084,ｲｼｹﾞ
0130,ｼﾞﾖｳﾖｳ,085,ｲﾜｲ
0130,ｼﾞﾖｳﾖｳ,086,ﾓﾘﾔ
0130,ｼﾞﾖｳﾖｳ,087,ｺｶﾞﾋｶﾞｼ
0130,ｼﾞﾖｳﾖｳ,088,ｻﾝﾜ
0130,ｼﾞﾖｳﾖｳ,089,ｻｶｲ
0130,ｼﾞﾖｳﾖｳ,091,ﾁﾊﾞ
0130,ｼﾞﾖｳﾖｳ,092,ﾊﾗﾏﾁ
0130,ｼﾞﾖｳﾖｳ,094,ﾓｵｶ
0130,ｼﾞﾖｳﾖｳ,095,ｸｹﾞﾀ
0130,ｼﾞﾖｳﾖｳ,096,ｵｵｻｶ
0130,ｼﾞﾖｳﾖｳ,098,ｾﾝﾊﾞ
0130,ｼﾞﾖｳﾖｳ,099,ﾐﾄｵﾛｼｳﾘｼｼﾞﾖｳ
0130,ｼﾞﾖｳﾖｳ,100,ﾏﾂﾄﾞ
0130,ｼﾞﾖｳﾖｳ,101,ｳｼｸ
0130,ｼﾞﾖｳﾖｳ,102,ﾄﾞｱｲｶﾞﾊﾗ
0130,ｼﾞﾖｳﾖｳ,103,ｳｻｷﾞﾀﾞｲﾗ
0130,ｼﾞﾖｳﾖｳ,104,ｹﾝｷﾕｳｶﾞｸｴﾝﾄｼ
0130,ｼﾞﾖｳﾖｳ,106,ｱﾋﾞｺ
0130,ｼﾞﾖｳﾖｳ,107,ﾄｶﾞｼﾗ
0130,ｼﾞﾖｳﾖｳ,108,ｱｶﾂｶ
0130,ｼﾞﾖｳﾖｳ,109,ﾐﾄｼﾔｸｼﾖ
0130,ｼﾞﾖｳﾖｳ,110,ﾐｻﾄ
0130,ｼﾞﾖｳﾖｳ,111,ｼﾂﾃ
0130,ｼﾞﾖｳﾖｳ,112,ｶﾂﾀﾆｼ
0130,ｼﾞﾖｳﾖｳ,113,ｿｳﾜ
0130,ｼﾞﾖｳﾖｳ,114,ﾄｳｶｲ
0130,ｼﾞﾖｳﾖｳ,115,ﾂﾁｳﾗｼﾔｸｼﾖ
0130,ｼﾞﾖｳﾖｳ,116,ﾌﾀﾊﾞﾀﾞｲ
0130,ｼﾞﾖｳﾖｳ,117,ﾐﾎ
0130,ｼﾞﾖｳﾖｳ,118,ｶﾝﾀﾞﾂ
0130,ｼﾞﾖｳﾖｳ,119,ﾋﾀﾞｶ
0130,ｼﾞﾖｳﾖｳ,120,ﾐﾉﾘ
0130,ｼﾞﾖｳﾖｳ,121,ﾏﾂｼﾛ
0130,ｼﾞﾖｳﾖｳ,122,ｳﾁﾊﾗ
0130,ｼﾞﾖｳﾖｳ,123,ｶﾈｻﾜ
0130,ｼﾞﾖｳﾖｳ,124,ﾖｼﾀﾞ
0130,ｼﾞﾖｳﾖｳ,125,ｵｵﾎ
0130,ｼﾞﾖｳﾖｳ,126,ﾐﾜ
0130,ｼﾞﾖｳﾖｳ,127,ﾔﾁﾖ
0130,ｼﾞﾖｳﾖｳ,128,ｷﾀｳﾗ
0130,ｼﾞﾖｳﾖｳ,129,ｷﾀﾓﾘﾔ
0130,ｼﾞﾖｳﾖｳ,130,ﾎｸﾘﾕｳﾀﾞｲ
0130,ｼﾞﾖｳﾖｳ,131,ｲﾅ
0130,ｼﾞﾖｳﾖｳ,133,ﾐﾄｴｷﾅﾝ
0130,ｼﾞﾖｳﾖｳ,134,ﾃﾞｼﾞﾏ
0130,ｼﾞﾖｳﾖｳ,135,ｵｵﾐｶ
0130,ｼﾞﾖｳﾖｳ,136,ｸｷｻﾞｷ
0130,ｼﾞﾖｳﾖｳ,137,ｾｷｼﾞﾖｳ
0130,ｼﾞﾖｳﾖｳ,138,ﾅﾒｶﾜ
0130,ｼﾞﾖｳﾖｳ,139,ﾄﾖｻﾄ
0130,ｼﾞﾖｳﾖｳ,141,ｻﾜ
0130,ｼﾞﾖｳﾖｳ,142,ﾄﾘﾃﾞﾆｼ
0130,ｼﾞﾖｳﾖｳ,143,ﾀｶﾂ
0130,ｼﾞﾖｳﾖｳ,144,ｻｼﾏ
0130,ｼﾞﾖｳﾖｳ,145,ｱｻﾋ
0130,ｼﾞﾖｳﾖｳ,146,ｷﾖｳﾜ
0130,ｼﾞﾖｳﾖｳ,147,ｱｽﾞﾏ
0130,ｼﾞﾖｳﾖｳ,149,ｻﾇｷ
0130,ｼﾞﾖｳﾖｳ,150,ｳｼｸﾋｶﾞｼ
0130,ｼﾞﾖｳﾖｳ,151,ｼﾞﾕｳｵｳ
0130,ｼﾞﾖｳﾖｳ,152,ｱｹﾉ
0130,ｼﾞﾖｳﾖｳ,153,ﾕｳｷﾐﾅﾐ
0130,ｼﾞﾖｳﾖｳ,154,ｲｼｵｶﾋｶﾞｼ
0130,ｼﾞﾖｳﾖｳ,156,ｵｵﾀﾋｶﾞｼ
0130,ｼﾞﾖｳﾖｳ,158,ｶﾂﾀｼﾖｳﾜﾄﾞｵﾘ
0130,ｼﾞﾖｳﾖｳ,159,ﾔﾜﾗ
0130,ｼﾞﾖｳﾖｳ,160,ﾐﾅﾐﾓﾘﾔ
0130,ｼﾞﾖｳﾖｳ,161,ｳｼｶﾞﾔ
0130,ｼﾞﾖｳﾖｳ,162,ｵﾔﾏﾋｶﾞｼ
0130,ｼﾞﾖｳﾖｳ,165,ｻｸﾗｶﾞﾜ
0130,ｼﾞﾖｳﾖｳ,168,ﾂｸﾊﾞﾅﾐｷ
0130,ｼﾞﾖｳﾖｳ,171,ｺｶﾞﾐﾅﾐ
0130,ｼﾞﾖｳﾖｳ,172,ﾜﾀﾘ
0130,ｼﾞﾖｳﾖｳ,174,ｼﾓﾂﾞﾏﾋｶﾞｼ
0130,ｼﾞﾖｳﾖｳ,175,ﾓｵｶﾆｼ
0130,ｼﾞﾖｳﾖｳ,176,ﾂｸﾊﾞｼﾔｸｼﾖ
0130,ｼﾞﾖｳﾖｳ,177,ﾀｲﾖｳ
0130,ｼﾞﾖｳﾖｳ,178,ﾋﾗｽ
0130,ｼﾞﾖｳﾖｳ,179,ｱﾗｶﾜｵｷﾋｶﾞｼ
0130,ｼﾞﾖｳﾖｳ,181,ﾁﾖｶﾜ
0130,ｼﾞﾖｳﾖｳ,185,ﾀﾏﾄﾞ
0130,ｼﾞﾖｳﾖｳ,186,ﾀｹｿﾞﾉ
0130,ｼﾞﾖｳﾖｳ,187,ｱｶﾂｶｴｷﾅﾝ
0130,ｼﾞﾖｳﾖｳ,188,ｼﾝﾄﾈ
0130,ｼﾞﾖｳﾖｳ,189,ｶｼﾏﾋｶﾞｼ
0130,ｼﾞﾖｳﾖｳ,190,ｶﾂﾀｴｷﾏｴ
0130,ｼﾞﾖｳﾖｳ,191,ﾆｲﾊﾘ
0130,ｼﾞﾖｳﾖｳ,193,ｶﾞｲﾀﾒｼﾕｳﾁﾕｳﾃﾝ
0130,ｼﾞﾖｳﾖｳ,195,ﾌﾘｺﾐﾀﾞｲｲﾁ
0130,ｼﾞﾖｳﾖｳ,196,ｷﾔﾂｼﾕﾋﾟﾂﾄ
0130,ｼﾞﾖｳﾖｳ,197,ｳﾂﾉﾐﾔﾋｶﾞｼ
0130,ｼﾞﾖｳﾖｳ,198,ﾋﾀﾁﾉｳｼｸ
0130,ｼﾞﾖｳﾖｳ,199,ﾐﾗｲﾀﾞｲﾗ
0130,ｼﾞﾖｳﾖｳ,200,ﾅｶﾞﾚﾔﾏｵｵﾀｶﾉﾓﾘ
0130,ｼﾞﾖｳﾖｳ,201,ﾛｸﾁﾖｳ
0130,ｼﾞﾖｳﾖｳ,202,ﾄﾁｷﾞ
0130,ｼﾞﾖｳﾖｳ,203,ｻｲﾀﾏ
0130,ｼﾞﾖｳﾖｳ,204,ﾂｸﾊﾞｼﾝﾄｼ
0130,ｼﾞﾖｳﾖｳ,205,ﾌﾅﾊﾞｼ
0130,ｼﾞﾖｳﾖｳ,206,ｺｳﾄｳ
0130,ｼﾞﾖｳﾖｳ,250,ｲﾝﾀ-ﾈﾂﾄ
0131,ﾂｸﾊﾞ,001,ﾎﾝﾃﾝ
0131,ﾂｸﾊﾞ,002,ｲｽﾞﾐﾁﾖｳ
0131,ﾂｸﾊﾞ,003,ﾋﾀﾁ
0131,ﾂｸﾊﾞ,004,ﾅｶﾐﾅﾄ
0131,ﾂｸﾊﾞ,005,ﾁｸｾｲ
0131,ﾂｸﾊﾞ,006,ﾀﾞｲｺﾞｴｷﾏｴﾄﾞｵﾘ
0131,ﾂｸﾊﾞ,007,ﾘﾕｳｶﾞｻｷﾋｶﾞｼ
0131,ﾂｸﾊﾞ,008,ｲｼｵｶ
0131,ﾂｸﾊﾞ,009,ｵｵﾀﾆｼ
0131,ﾂｸﾊﾞ,011,ﾐﾂｶｲﾄﾞｳ
0131,ﾂｸﾊﾞ,012,ｲﾀｺ
0131,ﾂｸﾊﾞ,013,ｴﾄﾞｻｷﾆｼ
0131,ﾂｸﾊﾞ,014,ｲｼｹﾞ
0131,ﾂｸﾊﾞ,015,ｲｿﾊﾗ
0131,ﾂｸﾊﾞ,016,ﾎｺﾀﾁﾕｳｵｳ
0131,ﾂｸﾊﾞ,017,ﾄﾘﾃﾞ
0131,ﾂｸﾊﾞ,018,ﾅｶﾈ
0131,ﾂｸﾊﾞ,019,ｲﾅﾀﾞ
0131,ﾂｸﾊﾞ,020,ﾀｶﾞ
0131,ﾂｸﾊﾞ,021,ﾋﾀﾁﾅｶ
0131,ﾂｸﾊﾞ,022,ﾏﾂﾄﾞ
0131,ﾂｸﾊﾞ,025,ﾄｳｷﾖｳ
0131,ﾂｸﾊﾞ,026,ｻｸﾗﾏﾁ
0131,ﾂｸﾊﾞ,027,ｶﾐｽ
0131,ﾂｸﾊﾞ,030,ｱﾗｶﾜｵｷ
0131,ﾂｸﾊﾞ,031,ｳｼｸ
0131,ﾂｸﾊﾞ,032,ｾｷｼﾞﾖｳ
0131,ﾂｸﾊﾞ,033,ｲﾜｾ
0131,ﾂｸﾊﾞ,034,ｶｼﾏ
0131,ﾂｸﾊﾞ,035,ﾂｸﾊﾞ
0131,ﾂｸﾊﾞ,036,ﾌｼﾞｼﾛ
0131,ﾂｸﾊﾞ,038,ﾁﾖﾀﾞ
0131,ﾂｸﾊﾞ,039,ｲｼｶﾜﾁﾖｳ
0131,ﾂｸﾊﾞ,040,ｶﾞｸｴﾝﾅﾐｷ
0131,ﾂｸﾊﾞ,041,ｶｽﾐｶﾞｵｶ
0131,ﾂｸﾊﾞ,042,ｶﾜｼﾏ
0131,ﾂｸﾊﾞ,043,ﾄﾞｱｲ
0131,ﾂｸﾊﾞ,044,ｵｵﾐｶ
0131,ﾂｸﾊﾞ,045,ﾅｶ
0131,ﾂｸﾊﾞ,046,ｿｳﾜ
0131,ﾂｸﾊﾞ,047,ﾓﾘﾔﾐﾅﾐ
0131,ﾂｸﾊﾞ,048,ｱﾐ
0131,ﾂｸﾊﾞ,049,ﾂﾁｳﾗｷﾀ
0131,ﾂｸﾊﾞ,050,ｳｼｸﾋｶﾞｼ
0131,ﾂｸﾊﾞ,051,ｷﾖｳﾜ
0131,ﾂｸﾊﾞ,052,ﾀｶﾂ
0131,ﾂｸﾊﾞ,053,ﾄﾖｻﾄ
0131,ﾂｸﾊﾞ,054,ｲｿﾊﾏ
0131,ﾂｸﾊﾞ,056,ﾕｳｷﾐﾅﾐ
0131,ﾂｸﾊﾞ,058,ｼﾝﾄﾘﾃﾞ
0131,ﾂｸﾊﾞ,059,ｱﾗｶﾜｵｷﾋｶﾞｼ
0131,ﾂｸﾊﾞ,060,ｹﾝﾁﾖｳ
0131,ﾂｸﾊﾞ,064,ｲﾅ
0131,ﾂｸﾊﾞ,065,ｲｼｵｶﾋｶﾞｼ
0131,ﾂｸﾊﾞ,066,ﾐﾎ
0131,ﾂｸﾊﾞ,067,ｼﾓﾀﾞﾃｴｷﾅﾝ
0131,ﾂｸﾊﾞ,068,ｻﾝﾜﾐﾅﾐ
0131,ﾂｸﾊﾞ,071,ﾆﾉﾐﾔ
0131,ﾂｸﾊﾞ,072,ｶｽﾐｶﾞｳﾗ
0131,ﾂｸﾊﾞ,073,ﾐﾗｲﾀﾞｲﾗ
0131,ﾂｸﾊﾞ,074,ﾂｸﾊﾞﾌｸﾄｼﾝ
0131,ﾂｸﾊﾞ,076,ﾘﾕｳｶﾞｻｷﾆﾕ-ﾀｳﾝ
0131,ﾂｸﾊﾞ,077,ﾏﾅﾍﾞ
0131,ﾂｸﾊﾞ,101,ﾐﾄ
0131,ﾂｸﾊﾞ,102,ﾀﾞｲｸﾏﾁ
0131,ﾂｸﾊﾞ,103,ﾐﾄｴｷﾅﾝ
0131,ﾂｸﾊﾞ,104,ﾐﾜ
0131,ﾂｸﾊﾞ,105,ﾜﾀﾘ
0131,ﾂｸﾊﾞ,106,ﾋﾗｽ
0131,ﾂｸﾊﾞ,107,ﾖｼﾀﾞ
0131,ﾂｸﾊﾞ,109,ｱｶﾂｶ
0131,ﾂｸﾊﾞ,111,ｶﾂﾀ
0131,ﾂｸﾊﾞ,113,ｵｵﾀ
0131,ﾂｸﾊﾞ,114,ﾀﾞｲｺﾞ
0131,ﾂｸﾊﾞ,115,ｶｻﾏ
0131,ﾂｸﾊﾞ,116,ﾄｳｶｲ
0131,ﾂｸﾊﾞ,117,ｻﾜ
0131,ﾂｸﾊﾞ,118,ｽｶﾞﾔ
0131,ﾂｸﾊﾞ,119,ﾄﾓﾍﾞ
0131,ﾂｸﾊﾞ,121,ﾋﾀﾁﾁﾕｳｵｳ
0131,ﾂｸﾊﾞ,122,ﾀｶﾞｴｷﾏｴ
0131,ﾂｸﾊﾞ,123,ｵｵﾐｶｴｷﾏｴ
0131,ﾂｸﾊﾞ,124,ｶﾂﾀﾋｶﾞｼ
0131,ﾂｸﾊﾞ,125,ｵｵｱﾗｲ
0131,ﾂｸﾊﾞ,131,ﾀｶﾊｷﾞ
0131,ﾂｸﾊﾞ,132,ｵｵﾐﾔ
0131,ﾂｸﾊﾞ,133,ｼﾞﾖｳﾎｸ
0131,ﾂｸﾊﾞ,141,ﾂﾁｳﾗｴｷﾏｴ
0131,ﾂｸﾊﾞ,142,ｱﾗｶﾜﾎﾝｺﾞｳ
0131,ﾂｸﾊﾞ,143,ﾏﾂｼﾛ
0131,ﾂｸﾊﾞ,144,ｶﾝﾀﾞﾂ
0131,ﾂｸﾊﾞ,145,ｲﾅｲﾀﾊﾞｼ
0131,ﾂｸﾊﾞ,146,ﾐﾄﾞﾘﾉ
0131,ﾂｸﾊﾞ,147,ﾋﾀﾁﾉｳｼｸ
0131,ﾂｸﾊﾞ,151,ｲｼｵｶｴｷﾏｴ
0131,ﾂｸﾊﾞ,152,ﾘﾕｳｶﾞｻｷ
0131,ﾂｸﾊﾞ,153,ｴﾄﾞｻｷ
0131,ﾂｸﾊﾞ,154,ﾆｼﾄﾘﾃﾞ
0131,ﾂｸﾊﾞ,155,ｳｼｸﾁﾕｳｵｳ
0131,ﾂｸﾊﾞ,156,ﾓﾘﾔｹﾔｷﾀﾞｲ
0131,ﾂｸﾊﾞ,157,ｼﾝﾄﾈ
0131,ﾂｸﾊﾞ,158,ｻﾇｷ
0131,ﾂｸﾊﾞ,159,ﾐﾎﾐﾅﾐ
0131,ﾂｸﾊﾞ,161,ﾎｺﾀ
0131,ﾂｸﾊﾞ,162,ｱｿｳ
0131,ﾂｸﾊﾞ,163,ｶｼﾏﾐﾅﾐ
0131,ﾂｸﾊﾞ,164,ﾂｸﾘﾔ
0131,ﾂｸﾊﾞ,165,ｶﾐｽﾋｶﾞｼ
0131,ﾂｸﾊﾞ,166,ﾊｻｷ
0131,ﾂｸﾊﾞ,171,ﾏｶﾍﾞ
0131,ﾂｸﾊﾞ,172,ｼﾓﾀﾞﾃ
0131,ﾂｸﾊﾞ,173,ｺｶﾞ
0131,ﾂｸﾊﾞ,174,ｿｳﾜﾐﾅﾐ
0131,ﾂｸﾊﾞ,175,ﾕｳｷ
0131,ﾂｸﾊﾞ,176,ﾔﾏﾄ
0131,ﾂｸﾊﾞ,177,ｲﾜｲﾆｼ
0131,ﾂｸﾊﾞ,178,ｻｶｲﾋｶﾞｼ
0131,ﾂｸﾊﾞ,181,ﾁﾖｳｼ
0131,ﾂｸﾊﾞ,182,ｱｻﾋ
0131,ﾂｸﾊﾞ,183,ｺｶﾞﾈ
0131,ﾂｸﾊﾞ,184,ｷﾀｶｼﾜ
0131,ﾂｸﾊﾞ,191,ｱﾔｾ
0131,ﾂｸﾊﾞ,201,ｼﾓﾂﾏ
0131,ﾂｸﾊﾞ,202,ﾔﾀﾍﾞ
0131,ﾂｸﾊﾞ,204,ｲﾜｲ
0131,ﾂｸﾊﾞ,205,ｻｶｲ
0131,ﾂｸﾊﾞ,206,ﾂｸﾊﾞｷﾀ
0131,ﾂｸﾊﾞ,212,ｺｶﾞﾁﾕｳｵｳ
0131,ﾂｸﾊﾞ,215,ﾓﾘﾔ
0131,ﾂｸﾊﾞ,219,ｻｼﾏ
0131,ﾂｸﾊﾞ,221,ｲﾏｲﾁ
0131,ﾂｸﾊﾞ,222,ﾓｵｶ
0131,ﾂｸﾊﾞ,223,ｵﾔﾏ
0131,ﾂｸﾊﾞ,224,ｳﾂﾉﾐﾔﾋｶﾞｼ
0131,ﾂｸﾊﾞ,231,ｶｽｶﾍﾞ
0131,ﾂｸﾊﾞ,241,ﾐﾅﾐｶｼﾜ
0131,ﾂｸﾊﾞ,260,ｵｻｷ
0131,ﾂｸﾊﾞ,261,ｱｹﾉ
0131,ﾂｸﾊﾞ,262,ﾁﾖｶﾜ
0131,ﾂｸﾊﾞ,263,ﾔﾁﾖ
0131,ﾂｸﾊﾞ,265,ﾀﾏﾄﾞ
0131,ﾂｸﾊﾞ,267,ｶﾐﾂﾏ
0131,ﾂｸﾊﾞ,269,ﾀｶｻｲ
0131,ﾂｸﾊﾞ,270,ｼﾏﾅ
0131,ﾂｸﾊﾞ,298,ﾂｸﾊﾞﾉｶﾞﾏｸﾞﾁ
0131,ﾂｸﾊﾞ,301,ｳﾂﾉﾐﾔ
0131,ﾂｸﾊﾞ,311,ｶﾇﾏ
0131,ﾂｸﾊﾞ,312,ｵﾔﾏﾋｶﾞｼ
0133,ﾑｻｼﾉ,001,ﾎﾝﾃﾝ
0133,ﾑｻｼﾉ,002,ｳﾗﾜ
0133,ﾑｻｼﾉ,003,ﾜﾗﾋﾞ
0133,ﾑｻｼﾉ,004,ｶﾜｸﾞﾁ
0133,ﾑｻｼﾉ,005,ｻﾔﾏ
0133,ﾑｻｼﾉ,006,ﾁﾁﾌﾞ
0133,ﾑｻｼﾉ,007,ﾖﾘｲ
0133,ﾑｻｼﾉ,008,ｸﾏｶﾞﾔ
0133,ﾑｻｼﾉ,009,ﾊﾆﾕｳ
0133,ﾑｻｼﾉ,010,ｻﾂﾃ
0133,ﾑｻｼﾉ,011,ﾋｶﾞｼﾏﾂﾔﾏ
0133,ﾑｻｼﾉ,012,ｵｶﾞﾜ
0133,ﾑｻｼﾉ,013,ｷﾞﾖｳﾀﾞ
0133,ﾑｻｼﾉ,014,ｶｽｶﾍﾞ
0133,ﾑｻｼﾉ,015,ﾎﾝｼﾞﾖｳ
0133,ﾑｻｼﾉ,016,ﾊﾝﾉｳ
0133,ﾑｻｼﾉ,017,ｶﾜｺﾞｴ
0133,ﾑｻｼﾉ,018,ｿｳｶ
0133,ﾑｻｼﾉ,019,ﾄｺﾛｻﾞﾜ
0133,ﾑｻｼﾉ,020,ｺｳﾉｽ
0133,ﾑｻｼﾉ,021,ｷﾀｳﾗﾜ
0133,ﾑｻｼﾉ,022,ｼｷ
0133,ﾑｻｼﾉ,023,ｸｷ
0133,ﾑｻｼﾉ,024,ｱｹﾞｵ
0133,ﾑｻｼﾉ,025,ﾐﾔﾊﾗ
0133,ﾑｻｼﾉ,026,ｺｼｶﾞﾔ
0133,ﾑｻｼﾉ,027,ﾄﾀﾞ
0133,ﾑｻｼﾉ,028,ｱｻｶ
0133,ﾑｻｼﾉ,029,ﾄｳｷﾖｳ
0133,ﾑｻｼﾉ,030,ｲﾜﾂｷ
0133,ﾑｻｼﾉ,031,ｵｵｲ
0133,ﾑｻｼﾉ,032,ﾋｶﾞｼｵｵﾐﾔ
0133,ﾑｻｼﾉ,033,ﾐﾅﾐｳﾗﾜ
0133,ﾑｻｼﾉ,034,ｵｵﾐﾔ
0133,ﾑｻｼﾉ,035,ﾆｼｱｹﾞｵ
0133,ﾑｻｼﾉ,036,ﾆｼｶﾜｸﾞﾁ
0133,ﾑｻｼﾉ,037,ﾆｲｻﾞ
0133,ﾑｻｼﾉ,038,ﾖﾉ
0133,ﾑｻｼﾉ,039,ｷﾀﾓﾄ
0133,ﾑｻｼﾉ,040,ｼﾝﾄｺﾛｻﾞﾜ
0133,ﾑｻｼﾉ,041,ｻｶﾄﾞ
0133,ﾑｻｼﾉ,044,ﾅﾅｻﾄ
0133,ﾑｻｼﾉ,045,ｻｼｵｳｷﾞ
0133,ﾑｻｼﾉ,046,ｼﾝｶﾞｼ
0133,ﾑｻｼﾉ,047,ﾊｽﾀﾞ
0133,ﾑｻｼﾉ,050,ﾀｹｻﾄ
0133,ﾑｻｼﾉ,051,ﾌｼﾞｶﾞｵｶ
0133,ﾑｻｼﾉ,053,ｶｽﾐｶﾞｾｷ
0133,ﾑｻｼﾉ,054,ｶﾜｺﾞｴﾐﾅﾐ
0133,ﾑｻｼﾉ,055,ｵｵﾌﾞｸﾛ
0133,ﾑｻｼﾉ,056,ﾏﾂﾊﾞﾗ
0133,ﾑｻｼﾉ,057,ｹﾝﾁﾖｳﾏｴ
0133,ﾑｻｼﾉ,058,ﾐｻﾄ
0133,ﾑｻｼﾉ,059,ｵｵﾐﾔｷﾀ
0133,ﾑｻｼﾉ,060,ﾏﾂﾌﾞｼ
0133,ﾑｻｼﾉ,061,ｲﾅ
0133,ﾑｻｼﾉ,062,ﾌｶﾔ
0133,ﾑｻｼﾉ,063,ﾑｻｼｳﾗﾜ
0133,ﾑｻｼﾉ,064,ｲﾘｿ
0133,ﾑｻｼﾉ,065,ｵｹｶﾞﾜ
0133,ﾑｻｼﾉ,066,ｼﾓﾔﾏｸﾞﾁ
0133,ﾑｻｼﾉ,067,ﾎﾝｼﾞﾖｳﾐﾅﾐ
0133,ﾑｻｼﾉ,068,ﾆｲｻﾞﾐﾅﾐ
0133,ﾑｻｼﾉ,069,ﾄｺﾛｻﾞﾜｴｷﾏｴ
0133,ﾑｻｼﾉ,070,ｲﾙﾏ
0133,ﾑｻｼﾉ,071,ｼﾖｳﾜ
0133,ﾑｻｼﾉ,072,ｺﾞｶ
0133,ﾑｻｼﾉ,073,ｶﾜﾓﾄ
0133,ﾑｻｼﾉ,074,ｻﾔﾏﾆｼ
0133,ﾑｻｼﾉ,075,ﾀｶｻｶ
0133,ﾑｻｼﾉ,076,ﾐｽﾞﾎﾀﾞｲ
0133,ﾑｻｼﾉ,077,ｼﾗｸﾜ
0133,ﾑｻｼﾉ,078,ﾖｺｾﾞ
0133,ﾑｻｼﾉ,079,ｱﾏﾇﾏ
0133,ﾑｻｼﾉ,080,ﾋｶﾞｼﾄｺﾛｻﾞﾜ
0133,ﾑｻｼﾉ,082,ｷﾀｳﾗﾜﾆｼｸﾞﾁ
0133,ﾑｻｼﾉ,083,ﾂﾙｶﾞｼﾏ
0133,ﾑｻｼﾉ,084,ｽｷﾞﾄﾀｶﾉﾀﾞｲ
0133,ﾑｻｼﾉ,085,ｶﾀﾔﾅｷﾞ
0133,ﾑｻｼﾉ,086,ﾐﾔﾊﾗﾆｼｸﾞﾁ
0133,ﾑｻｼﾉ,087,ｸﾏｶﾞﾔﾋｶﾞｼ
0133,ﾑｻｼﾉ,088,ﾌｶｻｸ
0133,ﾑｻｼﾉ,089,ﾌｼﾞﾐﾉ
0133,ﾑｻｼﾉ,090,ﾋﾀﾞｶ
0133,ﾑｻｼﾉ,091,ﾊﾄｶﾞﾔ
0133,ﾑｻｼﾉ,092,ﾄﾀﾞﾆｼ
0133,ﾑｻｼﾉ,093,ｼﾝｼﾗｵｶ
0133,ﾑｻｼﾉ,094,ｻｲﾀﾏｼﾝﾄｼﾝ
0133,ﾑｻｼﾉ,095,ｶｿﾞ
0133,ﾑｻｼﾉ,096,ﾋｶﾞｼｶﾜｸﾞﾁ
0133,ﾑｻｼﾉ,097,ﾔｼｵ
0133,ﾑｻｼﾉ,098,ﾜｺｳ
0133,ﾑｻｼﾉ,099,ﾋｶﾞｼｳﾗﾜ
0133,ﾑｻｼﾉ,100,ﾖｼｶﾜ
0133,ﾑｻｼﾉ,101,ｸﾒｶﾞﾜ
0133,ﾑｻｼﾉ,102,ｲﾀﾊﾞｼ
0133,ﾑｻｼﾉ,103,ｳﾗﾜﾆｼｸﾞﾁ
0133,ﾑｻｼﾉ,104,ｼﾌﾞﾔ
0133,ﾑｻｼﾉ,105,ｲｹﾌﾞｸﾛ
0133,ﾑｻｼﾉ,106,ﾊﾏﾏﾂﾁﾖｳ
0133,ﾑｻｼﾉ,831,ﾃｲｹｲｴ-ﾃｲ-ｴﾑ
0134,ﾁﾊﾞ,001,ﾁﾕｳｵｳ
0134,ﾁﾊﾞ,002,ﾏｸﾊﾘ
0134,ﾁﾊﾞ,003,ｲﾅｹﾞ
0134,ﾁﾊﾞ,004,ｹﾝﾁﾖｳ
0134,ﾁﾊﾞ,005,ﾅｶﾞｽﾞ
0134,ﾁﾊﾞ,006,ｿｶﾞ
0134,ﾁﾊﾞ,007,ｱﾋﾞｺ
0134,ﾁﾊﾞ,008,ｶｼﾜ
0134,ﾁﾊﾞ,009,ﾉﾀﾞ
0134,ﾁﾊﾞ,010,ﾏﾂﾄﾞ
0134,ﾁﾊﾞ,011,ｲﾁｶﾜ
0134,ﾁﾊﾞ,012,ﾓﾄﾔﾜﾀ
0134,ﾁﾊﾞ,013,ｳﾗﾔｽ
0134,ﾁﾊﾞ,014,ﾅｶﾔﾏ
0134,ﾁﾊﾞ,015,ﾌﾅﾊﾞｼ
0134,ﾁﾊﾞ,016,ﾂﾀﾞﾇﾏ
0134,ﾁﾊﾞ,017,ｱｷﾊﾊﾞﾗ
0134,ﾁﾊﾞ,018,ﾄｳｷﾖｳ
0134,ﾁﾊﾞ,020,ｼﾝｼﾞﾕｸ
0134,ﾁﾊﾞ,023,ｺｲﾜ
0134,ﾁﾊﾞ,024,ｶﾅﾏﾁ
0134,ﾁﾊﾞ,025,ｹｲｾｲｴｷﾏｴ
0134,ﾁﾊﾞ,026,ﾁﾊﾞｴｷﾏｴ
0134,ﾁﾊﾞ,027,ﾀｶﾈﾀﾞｲ
0134,ﾁﾊﾞ,028,ﾄﾖｼｷ
0134,ﾁﾊﾞ,029,ﾆｼﾌﾅﾊﾞｼ
0134,ﾁﾊﾞ,030,ﾂﾀﾞﾇﾏｴｷﾏｴ
0134,ﾁﾊﾞ,031,ﾄｷﾜﾀﾞｲﾗ
0134,ﾁﾊﾞ,032,ｷﾝｼﾁﾖｳ
0134,ﾁﾊﾞ,034,ﾏﾂｶﾞｵｶ
0134,ﾁﾊﾞ,035,ｵｵﾜﾀﾞ
0134,ﾁﾊﾞ,036,ｱﾔﾒﾀﾞｲ
0134,ﾁﾊﾞ,037,ﾅﾗｼﾉﾀﾞｲ
0134,ﾁﾊﾞ,038,ﾅﾗｼﾉｿﾃﾞｶﾞｳﾗ
0134,ﾁﾊﾞ,039,ﾏﾊﾞｼ
0134,ﾁﾊﾞ,040,ｻｲﾜｲﾁﾖｳ
0134,ﾁﾊﾞ,041,ｶﾂﾀﾀﾞｲ
0134,ﾁﾊﾞ,042,ｺｶﾞﾈﾊﾗ
0134,ﾁﾊﾞ,043,ｶﾏｶﾞﾔ
0134,ﾁﾊﾞ,045,ﾔﾁﾖ
0134,ﾁﾊﾞ,046,ｷﾞﾖｳﾄｸ
0134,ﾁﾊﾞ,047,ｼﾝｹﾐｶﾞﾜ
0134,ﾁﾊﾞ,048,ﾔﾁﾖﾐﾄﾞﾘｶﾞｵｶ
0134,ﾁﾊﾞ,049,ﾅｶﾞﾚﾔﾏ
0134,ﾁﾊﾞ,051,ﾂｶﾞ
0134,ﾁﾊﾞ,052,ｶｼﾜﾆｼｸﾞﾁ
0134,ﾁﾊﾞ,053,ﾀｶﾂｶ
0134,ﾁﾊﾞ,054,ﾊﾂｲｼ
0134,ﾁﾊﾞ,055,ｵｵﾐﾔﾀﾞｲ
0134,ﾁﾊﾞ,056,ﾏﾂﾋﾀﾞｲ
0134,ﾁﾊﾞ,057,ﾔｷﾞﾘ
0134,ﾁﾊﾞ,058,ﾌﾅﾊﾞｼｷﾀｸﾞﾁ
0134,ﾁﾊﾞ,059,ﾏｽｵ
0134,ﾁﾊﾞ,061,ﾐﾂﾜﾀﾞｲ
0134,ﾁﾊﾞ,062,ﾊｻﾞﾏ
0134,ﾁﾊﾞ,063,ｱﾅｶﾞﾜ
0134,ﾁﾊﾞ,064,ﾁｼﾛﾀﾞｲ
0134,ﾁﾊﾞ,065,ﾏｻｺﾞ
0134,ﾁﾊﾞ,066,ｼﾝﾏﾂﾄﾞ
0134,ﾁﾊﾞ,067,ｺﾑﾛ
0134,ﾁﾊﾞ,068,ﾔﾊｼﾗ
0134,ﾁﾊﾞ,069,ﾌﾅﾊﾞｼｼﾔｸｼﾖ
0134,ﾁﾊﾞ,071,ｼﾝｲﾅｹﾞ
0134,ﾁﾊﾞ,072,ｼﾝｳﾗﾔｽ
0134,ﾁﾊﾞ,074,ﾐﾅﾐｶｼﾜ
0134,ﾁﾊﾞ,075,ｶﾜﾏ
0134,ﾁﾊﾞ,076,ﾁﾊﾞｼﾔｸｼﾖ
0134,ﾁﾊﾞ,077,ﾏﾂﾄﾞｼﾔｸｼﾖ
0134,ﾁﾊﾞ,078,ﾐﾓﾐ
0134,ﾁﾊﾞ,079,ｴﾄﾞｶﾞﾜﾀﾞｲ
0134,ﾁﾊﾞ,081,ｶｼﾜｼﾔｸｼﾖ
0134,ﾁﾊﾞ,083,ｼﾛｲ
0134,ﾁﾊﾞ,084,ﾌﾀﾜﾑｺｳﾀﾞｲ
0134,ﾁﾊﾞ,085,ﾎﾝﾀﾞ
0134,ﾁﾊﾞ,087,ﾊﾅﾉｲ
0134,ﾁﾊﾞ,089,ｲﾁｶﾜｼﾔｸｼﾖ
0134,ﾁﾊﾞ,091,ﾐﾅﾐｷﾞﾖｳﾄｸ
0134,ﾁﾊﾞ,092,ｶﾏﾄﾘ
0134,ﾁﾊﾞ,093,ｾｷﾔﾄﾞ
0134,ﾁﾊﾞ,096,ﾔｸｴﾝﾀﾞｲ
0134,ﾁﾊﾞ,097,ﾃﾝﾉｳﾀﾞｲ
0134,ﾁﾊﾞ,098,ｼﾖｳﾅﾝ
0134,ﾁﾊﾞ,100,ﾎﾝﾃﾝ
0134,ﾁﾊﾞ,101,ｺﾞｺｳ
0134,ﾁﾊﾞ,102,ﾑﾂﾐ
0134,ﾁﾊﾞ,106,ﾄｹ
0134,ﾁﾊﾞ,107,ﾐｽﾞｴ
0134,ﾁﾊﾞ,108,ﾐﾅﾐﾅｶﾞﾚﾔﾏ
0134,ﾁﾊﾞ,109,ﾓﾄﾔﾜﾀﾐﾅﾐ
0134,ﾁﾊﾞ,110,ｺﾎｸ
0134,ﾁﾊﾞ,111,ﾏｸﾊﾘｼﾝﾄｼﾝ
0134,ﾁﾊﾞ,112,ｼﾝﾔﾁﾖ
0134,ﾁﾊﾞ,113,ﾏｸﾊﾘﾎﾝｺﾞｳ
0134,ﾁﾊﾞ,114,ｲﾅｹﾞﾋｶﾞｼｸﾞﾁ
0134,ﾁﾊﾞ,115,ｼﾉｻﾞｷ
0134,ﾁﾊﾞ,120,ｶｻｲ
0134,ﾁﾊﾞ,121,ﾔｼｵｴｷﾏｴ
0134,ﾁﾊﾞ,122,ｶｼﾜﾉﾊｷﾔﾝﾊﾟｽ
0134,ﾁﾊﾞ,123,ｾﾝｼﾞﾕ
0134,ﾁﾊﾞ,124,ﾌｶｶﾞﾜ
0134,ﾁﾊﾞ,125,ｺｼｶﾞﾔﾚｲｸﾀｳﾝ
0134,ﾁﾊﾞ,126,ﾅｶﾞﾚﾔﾏｵｵﾀｶﾉﾓﾘ
0134,ﾁﾊﾞ,128,ｶﾐｽ
0134,ﾁﾊﾞ,131,ﾓﾘﾔ
0134,ﾁﾊﾞ,132,ﾁﾊﾗﾀﾞｲ
0134,ﾁﾊﾞ,133,ﾐｻﾄﾁﾕｳｵｳ
0134,ﾁﾊﾞ,134,ｲﾝｻﾞｲﾏｷﾉﾊﾗ
0134,ﾁﾊﾞ,135,ﾖﾂｶｲﾄﾞｳﾐﾅﾐ
0134,ﾁﾊﾞ,136,ﾂｸﾊﾞ
0134,ﾁﾊﾞ,139,ｼﾅｶﾞﾜ
0134,ﾁﾊﾞ,140,ｴﾋﾞｽ
0134,ﾁﾊﾞ,142,ｲｹﾌﾞｸﾛ
0134,ﾁﾊﾞ,143,ﾊﾏﾏﾂﾁﾖｳ
0134,ﾁﾊﾞ,144,ﾐﾄ
0134,ﾁﾊﾞ,201,ﾔﾜﾀ
0134,ﾁﾊﾞ,202,ｺﾞｲ
0134,ﾁﾊﾞ,203,ｱﾈｶﾞｻｷ
0134,ﾁﾊﾞ,204,ｳｼｸ
0134,ﾁﾊﾞ,205,ｷｻﾗﾂﾞ
0134,ﾁﾊﾞ,206,ｸﾙﾘ
0134,ﾁﾊﾞ,207,ﾌﾂﾂ
0134,ﾁﾊﾞ,209,ｵｵｻﾜ
0134,ﾁﾊﾞ,211,ﾐﾅﾄ
0134,ﾁﾊﾞ,212,ｷｻﾗﾂﾞﾋｶﾞｼ
0134,ﾁﾊﾞ,213,ｷﾐﾂ
0134,ﾁﾊﾞ,214,ｲﾁﾊﾗｼﾔｸｼﾖ
0134,ﾁﾊﾞ,215,ｿﾃﾞｶﾞｳﾗ
0134,ﾁﾊﾞ,216,ﾀﾂﾐﾀﾞｲ
0134,ﾁﾊﾞ,222,ｷﾖﾅﾝ
0134,ﾁﾊﾞ,223,ﾅｺﾌﾅｶﾀ
0134,ﾁﾊﾞ,224,ﾀﾃﾔﾏ
0134,ﾁﾊﾞ,225,ﾀﾃﾔﾏﾐﾅﾐ
0134,ﾁﾊﾞ,226,ｼﾗﾊﾏ
0134,ﾁﾊﾞ,227,ﾁｸﾗ
0134,ﾁﾊﾞ,228,ﾜﾀﾞ
0134,ﾁﾊﾞ,229,ｶﾓｶﾞﾜ
0134,ﾁﾊﾞ,231,ｱﾏﾂ
0134,ﾁﾊﾞ,242,ｶﾂｳﾗ
0134,ﾁﾊﾞ,243,ｵﾝｼﾞﾕｸ
0134,ﾁﾊﾞ,244,ｵｵﾊﾗ
0134,ﾁﾊﾞ,245,ﾁﾖｳｼﾞﾔ
0134,ﾁﾊﾞ,246,ｵｵﾀｷ
0134,ﾁﾊﾞ,247,ｲﾁﾉﾐﾔ
0134,ﾁﾊﾞ,248,ﾓﾊﾞﾗ
0134,ﾁﾊﾞ,249,ｵｵｱﾐ
0134,ﾁﾊﾞ,250,ﾄｳｶﾞﾈ
0134,ﾁﾊﾞ,251,ｸｼﾞﾕｳｸﾘ
0134,ﾁﾊﾞ,252,ﾓﾊﾞﾗﾋｶﾞｼ
0134,ﾁﾊﾞ,255,ﾓﾊﾞﾗﾐﾅﾐ
0134,ﾁﾊﾞ,261,ﾅﾙﾄｳ
0134,ﾁﾊﾞ,262,ﾖｺｼﾊﾞ
0134,ﾁﾊﾞ,263,ﾖｳｶｲﾁﾊﾞ
0134,ﾁﾊﾞ,264,ﾀｺ
0134,ﾁﾊﾞ,265,ｱｻﾋ
0134,ﾁﾊﾞ,266,ﾁﾖｳｼ
0134,ﾁﾊﾞ,281,ｻｻｶﾞﾜ
0134,ﾁﾊﾞ,282,ｵﾐｶﾞﾜ
0134,ﾁﾊﾞ,283,ｻﾜﾗ
0134,ﾁﾊﾞ,284,ｺｳｻﾞｷ
0134,ﾁﾊﾞ,285,ｲﾝｻﾞｲ
0134,ﾁﾊﾞ,286,ﾅﾘﾀ
0134,ﾁﾊﾞ,287,ｻｸﾗ
0134,ﾁﾊﾞ,288,ﾔﾁﾏﾀ
0134,ﾁﾊﾞ,289,ｼﾂﾞ
0134,ﾁﾊﾞ,290,ﾅﾘﾀﾆｼ
0134,ﾁﾊﾞ,292,ﾕ-ｶﾘｶﾞｵｶ
0134,ﾁﾊﾞ,293,ｱｼﾞｷ
0134,ﾁﾊﾞ,295,ﾄﾐｻﾄ
0134,ﾁﾊﾞ,296,ﾁﾊﾞﾆﾕ-ﾀｳﾝ
0134,ﾁﾊﾞ,297,ｼｽｲ
0134,ﾁﾊﾞ,298,ｳｽｲ
0134,ﾁﾊﾞ,300,ﾅﾘﾀｸｳｺｳ
0134,ﾁﾊﾞ,301,ﾖﾂｶｲﾄﾞｳ
0134,ﾁﾊﾞ,302,ﾋﾏﾜﾘﾀﾞｲｲﾁ
0134,ﾁﾊﾞ,303,ﾋﾏﾜﾘﾀﾞｲﾆ
0134,ﾁﾊﾞ,401,ｵｵｻｶ
0134,ﾁﾊﾞ,500,ｲﾝﾀ-ﾈﾂﾄ
0135,ﾁﾊﾞｺｳｷﾞﾖｳ,110,ﾎﾝﾃﾝ
0135,ﾁﾊﾞｺｳｷﾞﾖｳ,111,ﾁﾊﾞ
0135,ﾁﾊﾞｺｳｷﾞﾖｳ,120,ｿｶﾞ
0135,ﾁﾊﾞｺｳｷﾞﾖｳ,121,ﾊﾏﾉ
0135,ﾁﾊﾞｺｳｷﾞﾖｳ,122,ｼﾗﾊﾀ
0135,ﾁﾊﾞｺｳｷﾞﾖｳ,124,ｶﾏﾄﾘ
0135,ﾁﾊﾞｺｳｷﾞﾖｳ,130,ｲﾅｹﾞ
0135,ﾁﾊﾞｺｳｷﾞﾖｳ,140,ｹﾐｶﾞﾜ
0135,ﾁﾊﾞｺｳｷﾞﾖｳ,141,ﾏｻｺﾞ
0135,ﾁﾊﾞｺｳｷﾞﾖｳ,142,ﾏｸﾊﾘﾎﾝｺﾞｳ
0135,ﾁﾊﾞｺｳｷﾞﾖｳ,143,ﾏｸﾊﾘﾃｸﾉｶﾞ-ﾃﾞﾝ
0135,ﾁﾊﾞｺｳｷﾞﾖｳ,150,ｵｸﾞﾗﾀﾞｲ
0135,ﾁﾊﾞｺｳｷﾞﾖｳ,151,ﾁｼﾛﾀﾞｲ
0135,ﾁﾊﾞｺｳｷﾞﾖｳ,160,ﾁﾊﾞｴｷﾏｴ
0135,ﾁﾊﾞｺｳｷﾞﾖｳ,170,ﾊﾅﾐｶﾞﾜ
0135,ﾁﾊﾞｺｳｷﾞﾖｳ,181,ﾄｹﾐﾅﾐ
0135,ﾁﾊﾞｺｳｷﾞﾖｳ,190,ﾖﾂｶｲﾄﾞｳ
0135,ﾁﾊﾞｺｳｷﾞﾖｳ,210,ﾉﾀﾞ
0135,ﾁﾊﾞｺｳｷﾞﾖｳ,211,ｳﾒｻﾄ
0135,ﾁﾊﾞｺｳｷﾞﾖｳ,215,ｴﾄﾞｶﾞﾜﾀﾞｲ
0135,ﾁﾊﾞｺｳｷﾞﾖｳ,216,ﾐﾅﾐﾅｶﾞﾚﾔﾏ
0135,ﾁﾊﾞｺｳｷﾞﾖｳ,218,ｵｵﾀｶﾉﾓﾘ
0135,ﾁﾊﾞｺｳｷﾞﾖｳ,220,ｶｼﾜ
0135,ﾁﾊﾞｺｳｷﾞﾖｳ,221,ｻｶｻｲ
0135,ﾁﾊﾞｺｳｷﾞﾖｳ,222,ﾄﾖｼｷ
0135,ﾁﾊﾞｺｳｷﾞﾖｳ,230,ﾏﾂﾄﾞ
0135,ﾁﾊﾞｺｳｷﾞﾖｳ,231,ﾑﾂﾐ
0135,ﾁﾊﾞｺｳｷﾞﾖｳ,234,ﾋｶﾞｼﾏﾂﾄﾞ
0135,ﾁﾊﾞｺｳｷﾞﾖｳ,240,ｺｶﾞﾈ
0135,ﾁﾊﾞｺｳｷﾞﾖｳ,241,ﾏﾊﾞｼ
0135,ﾁﾊﾞｺｳｷﾞﾖｳ,250,ｱﾋﾞｺ
0135,ﾁﾊﾞｺｳｷﾞﾖｳ,310,ｲﾁｶﾜ
0135,ﾁﾊﾞｺｳｷﾞﾖｳ,320,ﾔﾜﾀ
0135,ﾁﾊﾞｺｳｷﾞﾖｳ,330,ﾅｶﾔﾏ
0135,ﾁﾊﾞｺｳｷﾞﾖｳ,340,ﾊﾞﾗｷﾅｶﾔﾏ
0135,ﾁﾊﾞｺｳｷﾞﾖｳ,360,ｳﾗﾔｽ
0135,ﾁﾊﾞｺｳｷﾞﾖｳ,410,ﾌﾅﾊﾞｼ
0135,ﾁﾊﾞｺｳｷﾞﾖｳ,420,ﾂﾀﾞﾇﾏ
0135,ﾁﾊﾞｺｳｷﾞﾖｳ,421,ﾔｸｴﾝﾀﾞｲ
0135,ﾁﾊﾞｺｳｷﾞﾖｳ,422,ﾀｶﾈ
0135,ﾁﾊﾞｺｳｷﾞﾖｳ,430,ﾔﾁﾖ
0135,ﾁﾊﾞｺｳｷﾞﾖｳ,431,ｼﾝﾔﾁﾖ
0135,ﾁﾊﾞｺｳｷﾞﾖｳ,440,ﾅﾗｼﾉ
0135,ﾁﾊﾞｺｳｷﾞﾖｳ,451,ﾅﾂﾐ
0135,ﾁﾊﾞｺｳｷﾞﾖｳ,460,ﾖﾅﾓﾄ
0135,ﾁﾊﾞｺｳｷﾞﾖｳ,461,ﾑﾗｶﾐ
0135,ﾁﾊﾞｺｳｷﾞﾖｳ,462,ｶﾂﾀﾀﾞｲ
0135,ﾁﾊﾞｺｳｷﾞﾖｳ,470,ｶﾏｶﾞﾔ
0135,ﾁﾊﾞｺｳｷﾞﾖｳ,480,ｼﾛｲ
0135,ﾁﾊﾞｺｳｷﾞﾖｳ,490,ﾁﾊﾞﾆﾕ-ﾀｳﾝ
0135,ﾁﾊﾞｺｳｷﾞﾖｳ,510,ｺﾞｲ
0135,ﾁﾊﾞｺｳｷﾞﾖｳ,520,ｷｻﾗﾂﾞ
0135,ﾁﾊﾞｺｳｷﾞﾖｳ,530,ﾀﾂﾐﾀﾞｲ
0135,ﾁﾊﾞｺｳｷﾞﾖｳ,540,ｿﾃﾞｶﾞｳﾗ
0135,ﾁﾊﾞｺｳｷﾞﾖｳ,550,ｺｸﾌﾞﾝｼﾞﾀﾞｲ
0135,ﾁﾊﾞｺｳｷﾞﾖｳ,570,ｺｳﾌｳﾀﾞｲ
0135,ﾁﾊﾞｺｳｷﾞﾖｳ,590,ｷﾐﾂ
0135,ﾁﾊﾞｺｳｷﾞﾖｳ,610,ﾀﾃﾔﾏ
0135,ﾁﾊﾞｺｳｷﾞﾖｳ,620,ｶﾓｶﾞﾜ
0135,ﾁﾊﾞｺｳｷﾞﾖｳ,630,ｵｵﾊﾗ
0135,ﾁﾊﾞｺｳｷﾞﾖｳ,640,ｶﾂｳﾗ
0135,ﾁﾊﾞｺｳｷﾞﾖｳ,710,ﾓﾊﾞﾗ
0135,ﾁﾊﾞｺｳｷﾞﾖｳ,715,ｵｵｱﾐ
0135,ﾁﾊﾞｺｳｷﾞﾖｳ,721,ﾄｳｶﾞﾈｻﾝﾋﾟｱ
0135,ﾁﾊﾞｺｳｷﾞﾖｳ,730,ﾖｳｶｲﾁﾊﾞ
0135,ﾁﾊﾞｺｳｷﾞﾖｳ,740,ｱｻﾋ
0135,ﾁﾊﾞｺｳｷﾞﾖｳ,750,ﾁﾖｳｼ
0135,ﾁﾊﾞｺｳｷﾞﾖｳ,820,ｻﾜﾗ
0135,ﾁﾊﾞｺｳｷﾞﾖｳ,830,ﾅﾘﾀ
0135,ﾁﾊﾞｺｳｷﾞﾖｳ,831,ﾅﾘﾀﾆｼ
0135,ﾁﾊﾞｺｳｷﾞﾖｳ,840,ｻｸﾗ
0135,ﾁﾊﾞｺｳｷﾞﾖｳ,850,ﾔﾁﾏﾀ
0135,ﾁﾊﾞｺｳｷﾞﾖｳ,911,ﾆｼｶｻｲ
0135,ﾁﾊﾞｺｳｷﾞﾖｳ,920,ﾄｳｷﾖｳ
0137,ｷﾗﾎﾞｼ,001,ﾎﾝﾃﾝ
0137,ｷﾗﾎﾞｼ,002,ｵｶﾁﾏﾁ
0137,ｷﾗﾎﾞｼ,004,ｶｽｶﾞﾁﾖｳ
0137,ｷﾗﾎﾞｼ,005,ｲｹﾌﾞｸﾛ
0137,ｷﾗﾎﾞｼ,006,ｼﾝｼﾞﾕｸ
0137,ｷﾗﾎﾞｼ,009,ﾌｶｶﾞﾜ
0137,ｷﾗﾎﾞｼ,010,ｶﾏﾀ
0137,ｷﾗﾎﾞｼ,011,ｴｺﾀﾞ
0137,ｷﾗﾎﾞｼ,012,ｵｳｼﾞ
0137,ｷﾗﾎﾞｼ,013,ｶﾝﾀﾞﾁﾕｳｵｳ
0137,ｷﾗﾎﾞｼ,014,ｾﾝｼﾞﾕ
0137,ｷﾗﾎﾞｼ,015,ﾋｶﾞｼﾆﾎﾝﾊﾞｼ
0137,ｷﾗﾎﾞｼ,016,ｱｻｶﾞﾔ
0137,ｷﾗﾎﾞｼ,017,ｵｵﾓﾘ
0137,ｷﾗﾎﾞｼ,018,ﾅｶﾉ
0137,ｷﾗﾎﾞｼ,019,ﾊﾁｵｳｼﾞﾁﾕｳｵｳ
0137,ｷﾗﾎﾞｼ,020,ｱｻﾞﾌﾞ
0137,ｷﾗﾎﾞｼ,021,ﾑｻｼｺﾔﾏ
0137,ｷﾗﾎﾞｼ,022,ｲﾀﾊﾞｼﾎﾝﾁﾖｳ
0137,ｷﾗﾎﾞｼ,023,ﾐｶﾜｼﾏ
0137,ｷﾗﾎﾞｼ,024,ﾐﾀｶ
0137,ｷﾗﾎﾞｼ,025,ｵｳﾒ
0137,ｷﾗﾎﾞｼ,026,ﾀﾃｲｼ
0137,ｷﾗﾎﾞｼ,028,ｶﾔﾊﾞﾁﾖｳ
0137,ｷﾗﾎﾞｼ,029,ｺｲﾜ
0137,ｷﾗﾎﾞｼ,030,ｶﾞｸﾀﾞｲﾏｴ
0137,ｷﾗﾎﾞｼ,031,ｼﾌﾞﾔﾁﾕｳｵｳ
0137,ｷﾗﾎﾞｼ,032,ｾﾀｶﾞﾔ
0137,ｷﾗﾎﾞｼ,033,ﾀﾁｶﾜ
0137,ｷﾗﾎﾞｼ,035,ｺﾏｴ
0137,ｷﾗﾎﾞｼ,036,ﾎｳﾔ
0137,ｷﾗﾎﾞｼ,037,ﾖｺﾊﾏ
0137,ｷﾗﾎﾞｼ,038,ｸﾎﾝﾌﾞﾂ
0137,ｷﾗﾎﾞｼ,039,ﾀﾞｲﾀ
0137,ｷﾗﾎﾞｼ,040,ｼﾞﾝﾀﾞｲ
0137,ｷﾗﾎﾞｼ,041,ｼﾞﾖｳﾄｳ
0137,ｷﾗﾎﾞｼ,042,ｷﾝｼﾁﾖｳ
0137,ｷﾗﾎﾞｼ,043,ﾆｼｵｵｸﾎﾞ
0137,ｷﾗﾎﾞｼ,044,ｶﾐｲﾀﾊﾞｼ
0137,ｷﾗﾎﾞｼ,045,ﾆﾎﾝﾊﾞｼ
0137,ｷﾗﾎﾞｼ,046,ｶﾒｱﾘ
0137,ｷﾗﾎﾞｼ,047,ｶﾐｼﾔｸｼﾞｲｷﾀ
0137,ｷﾗﾎﾞｼ,048,ｵｵｲｽﾞﾐｶﾞｸｴﾝｴｷﾏｴ
0137,ｷﾗﾎﾞｼ,049,ｸﾒｶﾞﾜｴｷﾏｴ
0137,ｷﾗﾎﾞｼ,050,ﾓｸﾞｻ
0137,ｷﾗﾎﾞｼ,051,ﾀｹﾉﾂﾞｶ
0137,ｷﾗﾎﾞｼ,052,ﾀﾏ
0137,ｷﾗﾎﾞｼ,053,ﾋｶﾞｼｸﾙﾒ
0137,ｷﾗﾎﾞｼ,054,ｵｳｼﾞｷﾀ
0137,ｷﾗﾎﾞｼ,055,ｱｷﾂ
0137,ｷﾗﾎﾞｼ,056,ｲﾅｷﾞ
0137,ｷﾗﾎﾞｼ,057,ﾄﾀﾞ
0137,ｷﾗﾎﾞｼ,058,ﾐﾅﾐｽﾅ
0137,ｷﾗﾎﾞｼ,060,ﾀﾏｶﾞﾜｶﾞｸｴﾝ
0137,ｷﾗﾎﾞｼ,061,ﾈﾘﾏ
0137,ｷﾗﾎﾞｼ,062,ﾄﾖﾀﾞ
0137,ｷﾗﾎﾞｼ,063,ﾑｻｼﾉ
0137,ｷﾗﾎﾞｼ,064,ﾌﾅﾊﾞｼ
0137,ｷﾗﾎﾞｼ,065,ｺﾀﾞｲﾗ
0137,ｷﾗﾎﾞｼ,066,ﾆｼﾊﾁｵｳｼﾞ
0137,ｷﾗﾎﾞｼ,067,ｶｻｲ
0137,ｷﾗﾎﾞｼ,068,ｶｼﾞｶﾞﾔ
0137,ｷﾗﾎﾞｼ,069,ﾀｷﾔﾏ
0137,ｷﾗﾎﾞｼ,070,ｱｻｶ
0137,ｷﾗﾎﾞｼ,071,ﾋｶﾞｼｼﾝｼﾞﾕｸ
0137,ｷﾗﾎﾞｼ,072,ﾋｶﾞｼﾌｼﾐ
0137,ｷﾗﾎﾞｼ,073,ﾌﾅﾎﾞﾘ
0137,ｷﾗﾎﾞｼ,075,ﾄｳﾖｳﾁﾖｳ
0137,ｷﾗﾎﾞｼ,076,ﾊﾏﾏﾂﾁﾖｳ
0137,ｷﾗﾎﾞｼ,079,ﾎﾘﾉｳﾁ
0137,ｷﾗﾎﾞｼ,080,ﾆｼｺｸﾌﾞﾝｼﾞ
0137,ｷﾗﾎﾞｼ,082,ｺﾀｹﾑｶｲﾊﾗ
0137,ｷﾗﾎﾞｼ,083,ﾜｶﾊﾞﾀﾞｲ
0137,ｷﾗﾎﾞｼ,084,ｺﾞﾀﾝﾀﾞ
0137,ｷﾗﾎﾞｼ,086,ｼﾝﾊﾞｼﾎｳｼﾞﾝ
0137,ｷﾗﾎﾞｼ,087,ｶﾜｻｷﾎｳｼﾞﾝ
0137,ｷﾗﾎﾞｼ,088,ﾌｼﾞｻﾜ
0137,ｷﾗﾎﾞｼ,089,ｼﾝﾂﾅｼﾏ
0137,ｷﾗﾎﾞｼ,100,ﾄｳｷﾖｳﾐﾗｲ
0137,ｷﾗﾎﾞｼ,101,ｼﾝｼﾞﾕｸｴｽｼﾞ-
0137,ｷﾗﾎﾞｼ,102,ｶﾏﾀｴｽｼﾞ-
0137,ｷﾗﾎﾞｼ,103,ｳｴﾉｴｽｼﾞ-
0137,ｷﾗﾎﾞｼ,104,ﾀﾁｶﾜｴｽｼﾞ-
0137,ｷﾗﾎﾞｼ,105,ｷﾝｼﾁﾖｳｴｽｼﾞ-
0137,ｷﾗﾎﾞｼ,106,ｲｹﾌﾞｸﾛｴｽｼﾞ-
0137,ｷﾗﾎﾞｼ,107,ｼﾌﾞﾔｴｽｼﾞ-
0137,ｷﾗﾎﾞｼ,108,ｼﾝﾊﾞｼｴｽｼﾞ-
0137,ｷﾗﾎﾞｼ,115,ｹｲｵｳｽﾃ-ｼﾖﾝ
0137,ｷﾗﾎﾞｼ,160,ｲﾝﾀ-ﾈﾂﾄ
0137,ｷﾗﾎﾞｼ,801,ｼﾝｼﾞﾕｸﾎﾝﾃﾝ
0137,ｷﾗﾎﾞｼ,802,ﾖﾖｷﾞ
0137,ｷﾗﾎﾞｼ,803,ｼﾌﾞﾔ
0137,ｷﾗﾎﾞｼ,805,ｻｻﾂﾞｶ
0137,ｷﾗﾎﾞｼ,806,ｺｳｴﾝｼﾞ
0137,ｷﾗﾎﾞｼ,807,ｶﾗｽﾔﾏ
0137,ｷﾗﾎﾞｼ,808,ｿｼｶﾞﾔ
0137,ｷﾗﾎﾞｼ,809,ﾆｼｲｹﾌﾞｸﾛ
0137,ｷﾗﾎﾞｼ,810,ﾏﾁﾀﾞ
0137,ｷﾗﾎﾞｼ,811,ﾌﾁﾕｳ
0137,ｷﾗﾎﾞｼ,812,ﾔﾏﾄ
0137,ｷﾗﾎﾞｼ,813,ﾌﾁﾉﾍﾞ
0137,ｷﾗﾎﾞｼ,814,ﾁﾖｳﾌ
0137,ｷﾗﾎﾞｼ,815,ﾅｶﾞﾂﾀﾞ
0137,ｷﾗﾎﾞｼ,816,ｲﾀﾊﾞｼ
0137,ｷﾗﾎﾞｼ,817,ﾊｼﾓﾄ
0137,ｷﾗﾎﾞｼ,818,ﾋｶﾞｼｲｹﾌﾞｸﾛ
0137,ｷﾗﾎﾞｼ,819,ﾀｷﾉｶﾞﾜ
0137,ｷﾗﾎﾞｼ,820,ｼﾔｸｼﾞｲ
0137,ｷﾗﾎﾞｼ,821,ｱｶﾂｶ
0137,ｷﾗﾎﾞｼ,822,ｸﾒｶﾞﾜ
0137,ｷﾗﾎﾞｼ,823,ﾅｶｲﾀﾊﾞｼ
0137,ｷﾗﾎﾞｼ,824,ｻｶﾞﾐﾀﾞｲ
0137,ｷﾗﾎﾞｼ,825,ｷﾎﾞｳｶﾞｵｶ
0137,ｷﾗﾎﾞｼ,826,ﾐﾅﾐﾘﾝｶﾝ
0137,ｷﾗﾎﾞｼ,827,ﾉﾎﾞﾘﾄ
0137,ｷﾗﾎﾞｼ,828,ｻｶﾞﾐｵｵﾉ
0137,ｷﾗﾎﾞｼ,829,ﾐﾅﾐﾏﾁﾀﾞ
0137,ｷﾗﾎﾞｼ,830,ｲｽﾞﾐﾀﾏｶﾞﾜ
0137,ｷﾗﾎﾞｼ,831,ｻｶﾞﾐﾊﾗ
0137,ｷﾗﾎﾞｼ,832,ﾏﾁﾀﾞｷｿ
0137,ｷﾗﾎﾞｼ,833,ｱｲﾊﾗ
0137,ｷﾗﾎﾞｼ,834,ｾﾔ
0137,ｷﾗﾎﾞｼ,835,ﾅﾙｾ
0137,ｷﾗﾎﾞｼ,836,ﾐﾅﾐﾌﾁﾉﾍﾞ
0137,ｷﾗﾎﾞｼ,837,ｺｳｻﾞｼﾌﾞﾔ
0137,ｷﾗﾎﾞｼ,838,ｿｳﾌﾞﾀﾞｲ
0137,ｷﾗﾎﾞｼ,839,ﾋｶﾞｼﾌﾁﾕｳ
0137,ｷﾗﾎﾞｼ,840,ﾓｸﾞｻｴﾝ
0137,ｷﾗﾎﾞｼ,841,ｵｵﾇﾏ
0137,ｷﾗﾎﾞｼ,842,ﾆﾎﾝﾏﾂ
0137,ｷﾗﾎﾞｼ,843,ｵｵｲｽﾞﾐ
0137,ｷﾗﾎﾞｼ,844,ｴﾋﾞﾅ
0137,ｷﾗﾎﾞｼ,845,ﾋｶﾞｼﾘﾝｶﾝ
0137,ｷﾗﾎﾞｼ,846,ﾅｶｶﾞﾜﾗ
0137,ｷﾗﾎﾞｼ,847,ｶﾐｼﾔｸｼﾞｲ
0137,ｷﾗﾎﾞｼ,848,ｶﾐﾐｿﾞ
0137,ｷﾗﾎﾞｼ,849,ﾂﾙｶﾜ
0137,ｷﾗﾎﾞｼ,850,ｲﾅｷﾞｺｳﾖｳﾀﾞｲ
0137,ｷﾗﾎﾞｼ,851,ﾊﾀｶﾞﾔ
0137,ｷﾗﾎﾞｼ,852,ｼﾝﾕﾘｶﾞｵｶ
0137,ｷﾗﾎﾞｼ,853,ﾅｶﾔﾏ
0137,ｷﾗﾎﾞｼ,854,ﾀﾅ
0137,ｷﾗﾎﾞｼ,855,ｺﾌﾞﾁ
0137,ｷﾗﾎﾞｼ,856,ｲﾅﾀﾞﾂﾞﾂﾐ
0137,ｷﾗﾎﾞｼ,857,ｻｶﾞﾐﾉ
0137,ｷﾗﾎﾞｼ,858,ｼﾖｳﾅﾝﾀﾞｲ
0137,ｷﾗﾎﾞｼ,859,ｱﾂｷﾞ
0137,ｷﾗﾎﾞｼ,860,ｻｶﾞﾐﾊﾗﾎｳｼﾞﾝ
0137,ｷﾗﾎﾞｼ,861,ｼﾛﾔﾏ
0137,ｷﾗﾎﾞｼ,862,ﾋﾊﾞﾘｶﾞｵｶ
0137,ｷﾗﾎﾞｼ,863,ﾁﾖﾀﾞ
0137,ｷﾗﾎﾞｼ,864,ｶﾝﾀﾞ
0137,ｷﾗﾎﾞｼ,865,ﾊﾁｵｳｼﾞ
0137,ｷﾗﾎﾞｼ,868,ｱｵﾔﾏﾄﾞｵﾘ
0137,ｷﾗﾎﾞｼ,869,ｼﾞﾕｳｶﾞｵｶ
0137,ｷﾗﾎﾞｼ,871,ｱﾂﾞﾏ
0137,ｷﾗﾎﾞｼ,872,ｼﾝｺｲﾜ
0137,ｷﾗﾎﾞｼ,873,ｼｲﾅﾏﾁ
0137,ｷﾗﾎﾞｼ,874,ﾊﾗｼﾞﾕｸ
0137,ｷﾗﾎﾞｼ,875,ｱｷｼﾏ
0137,ｷﾗﾎﾞｼ,876,ﾊﾄｶﾞﾔ
0137,ｷﾗﾎﾞｼ,877,ｲﾁｶﾞｵ
0137,ｷﾗﾎﾞｼ,879,ﾆｼﾛｸｺﾞｳ
0137,ｷﾗﾎﾞｼ,880,ｸｼﾞ
0137,ｷﾗﾎﾞｼ,881,ｷﾀｱﾔｾ
0137,ｷﾗﾎﾞｼ,882,ﾑｻｼｻｶｲﾐﾅﾐ
0137,ｷﾗﾎﾞｼ,883,ﾄｼﾏｴﾝ
0137,ｷﾗﾎﾞｼ,884,ﾊﾂﾁﾖｳﾎﾞﾘ
0137,ｷﾗﾎﾞｼ,885,ﾌｼﾞﾐｶﾞｵｶ
0137,ｷﾗﾎﾞｼ,887,ﾒｸﾞﾛ
0137,ｷﾗﾎﾞｼ,888,ﾖｺﾊﾏﾆｼｸﾞﾁ
0138,ﾖｺﾊﾏ,200,ﾎﾝﾃﾝ
0138,ﾖｺﾊﾏ,305,ﾀｶﾀ
0138,ﾖｺﾊﾏ,307,ﾐﾅﾄﾐﾗｲ
0138,ﾖｺﾊﾏ,308,ﾆﾂﾊﾟ
0138,ﾖｺﾊﾏ,309,ｷﾀﾔﾏﾀ
0138,ﾖｺﾊﾏ,310,ｶﾝﾅｲ
0138,ﾖｺﾊﾏ,311,ﾓﾄﾏﾁ
0138,ﾖｺﾊﾏ,313,ﾊﾞﾝﾄﾞｳﾊﾞｼ
0138,ﾖｺﾊﾏ,314,ｲｾｻﾞｷﾁﾖｳ
0138,ﾖｺﾊﾏ,315,ﾎﾝﾓｸ
0138,ﾖｺﾊﾏ,316,ｹﾝﾁﾖｳ
0138,ﾖｺﾊﾏ,317,ﾖｺﾊﾏｼﾁﾖｳ
0138,ﾖｺﾊﾏ,318,ﾑﾂｶﾜ
0138,ﾖｺﾊﾏ,319,ｼﾝﾎﾝﾓｸ
0138,ﾖｺﾊﾏ,320,ｻｸﾗｷﾞﾁﾖｳﾄｸﾍﾞﾂ
0138,ﾖｺﾊﾏ,321,ｸﾞﾐﾖｳｼﾞ
0138,ﾖｺﾊﾏ,322,ｶﾐｵｵｵｶ
0138,ﾖｺﾊﾏ,323,ｶﾐﾅｶﾞﾔ
0138,ﾖｺﾊﾏ,324,ﾎﾝｺﾞｳﾀﾞｲ
0138,ﾖｺﾊﾏ,325,ﾉﾊﾞ
0138,ﾖｺﾊﾏ,326,ｼﾖｳﾅﾝｶﾂﾗﾀﾞｲ
0138,ﾖｺﾊﾏ,327,ﾋｶﾞｼﾄﾂｶｴｷﾏｴ
0138,ﾖｺﾊﾏ,328,ｲｽﾞﾐﾉ
0138,ﾖｺﾊﾏ,331,ﾎﾄﾞｶﾞﾔ
0138,ﾖｺﾊﾏ,332,ｷﾎﾞｳｶﾞｵｶ
0138,ﾖｺﾊﾏ,333,ﾂﾙｶﾞﾐﾈ
0138,ﾖｺﾊﾏ,334,ﾜﾀﾞﾏﾁ
0138,ﾖｺﾊﾏ,335,ﾌﾀﾏﾀｶﾞﾜ
0138,ﾖｺﾊﾏ,337,ｻｺﾝﾔﾏ
0138,ﾖｺﾊﾏ,338,ﾆｼﾔ
0138,ﾖｺﾊﾏ,339,ｼﾗﾈ
0138,ﾖｺﾊﾏ,340,ｼﾝﾄﾂｶ
0138,ﾖｺﾊﾏ,341,ｲｿｺﾞ
0138,ﾖｺﾊﾏ,342,ｽｷﾞﾀ
0138,ﾖｺﾊﾏ,343,ﾖｳｺｳﾀﾞｲ
0138,ﾖｺﾊﾏ,344,ｲｿｺﾞｴｷﾏｴ
0138,ﾖｺﾊﾏ,345,ﾅﾝﾌﾞｼｼﾞﾖｳ
0138,ﾖｺﾊﾏ,346,ｺｳﾅﾝﾀﾞｲ
0138,ﾖｺﾊﾏ,347,ﾉｳｹﾝﾀﾞｲｴｷﾏｴ
0138,ﾖｺﾊﾏ,348,ｶﾅｻﾞﾜｼ-ｻｲﾄﾞ
0138,ﾖｺﾊﾏ,349,ｶﾅｻﾞﾜｻﾝｷﾞﾖｳｾﾝﾀ-
0138,ﾖｺﾊﾏ,350,ｶﾅｻﾞﾜﾌﾞﾝｺ
0138,ﾖｺﾊﾏ,351,ｶﾅｻﾞﾜ
0138,ﾖｺﾊﾏ,352,ﾄﾂｶﾐﾅﾐ
0138,ﾖｺﾊﾏ,353,ｻｶｲｷﾞ
0138,ﾖｺﾊﾏ,354,ｲｽﾞﾐ
0138,ﾖｺﾊﾏ,356,ｾﾔ
0138,ﾖｺﾊﾏ,358,ﾐﾂｷﾖｳ
0138,ﾖｺﾊﾏ,359,ﾄﾂｶ
0138,ﾖｺﾊﾏ,360,ﾘﾃ-ﾙｷﾞﾖｳﾑｾﾝﾀ-
0138,ﾖｺﾊﾏ,361,ﾂﾙﾐ
0138,ﾖｺﾊﾏ,362,ｶﾓﾒ
0138,ﾖｺﾊﾏ,363,ﾂﾙﾐﾆｼｸﾞﾁ
0138,ﾖｺﾊﾏ,364,ｼﾝﾖｺﾊﾏ
0138,ﾖｺﾊﾏ,365,ﾄｵｶｲﾁﾊﾞ
0138,ﾖｺﾊﾏ,366,ｱｻﾞﾐﾉ
0138,ﾖｺﾊﾏ,367,ﾘﾖｸｴﾝﾄｼ
0138,ﾖｺﾊﾏ,370,ｼﾝｺﾔｽ
0138,ﾖｺﾊﾏ,371,ﾛﾂｶｸﾊﾞｼ
0138,ﾖｺﾊﾏ,373,ｵｵｸﾞﾁ
0138,ﾖｺﾊﾏ,374,ﾁﾕｳｵｳｲﾁﾊﾞ
0138,ﾖｺﾊﾏ,375,ﾀﾝﾏﾁ
0138,ﾖｺﾊﾏ,378,ｺｳﾎｸﾆﾕ-ﾀｳﾝﾐﾅﾐ
0138,ﾖｺﾊﾏ,379,ｺｳﾎｸﾆﾕ-ﾀｳﾝｷﾀ
0138,ﾖｺﾊﾏ,380,ﾅｶﾏﾁﾀﾞｲ
0138,ﾖｺﾊﾏ,382,ﾌｼﾞﾀﾞﾅ
0138,ﾖｺﾊﾏ,383,ﾖｺﾊﾏｴｷﾏｴ
0138,ﾖｺﾊﾏ,384,ｶﾓｲｴｷﾏｴ
0138,ﾖｺﾊﾏ,385,ｲﾁｶﾞｵ
0138,ﾖｺﾊﾏ,387,ﾖｺﾊﾏﾜｶﾊﾞﾀﾞｲ
0138,ﾖｺﾊﾏ,388,ｱｵﾊﾞﾀﾞｲ
0138,ﾖｺﾊﾏ,389,ﾀｹﾔﾏ
0138,ﾖｺﾊﾏ,390,ﾌｼﾞｶﾞｵｶ
0138,ﾖｺﾊﾏ,391,ﾅｶﾔﾏ
0138,ﾖｺﾊﾏ,392,ﾐﾖｳﾚﾝｼﾞ
0138,ﾖｺﾊﾏ,393,ﾂﾅｼﾏ
0138,ﾖｺﾊﾏ,394,ﾋﾖｼ
0138,ﾖｺﾊﾏ,395,ｷｸﾅ
0138,ﾖｺﾊﾏ,396,ﾅｶﾞﾂﾀﾞ
0138,ﾖｺﾊﾏ,397,ﾀﾏﾌﾟﾗ-ｻﾞ
0138,ﾖｺﾊﾏ,398,ｵｵｸﾗﾔﾏ
0138,ﾖｺﾊﾏ,411,ﾌﾁﾉﾍﾞ
0138,ﾖｺﾊﾏ,412,ｶﾐﾐｿﾞ
0138,ﾖｺﾊﾏ,413,ﾊｼﾓﾄ
0138,ﾖｺﾊﾏ,414,ｻｶﾞﾐｵｵﾉ
0138,ﾖｺﾊﾏ,415,ｻｶﾞﾐﾊﾗｴｷﾏｴ
0138,ﾖｺﾊﾏ,416,ｿｳﾌﾞﾀﾞｲｷﾀ
0138,ﾖｺﾊﾏ,417,ｺﾌﾞﾁ
0138,ﾖｺﾊﾏ,418,ﾋｶﾞｼﾘﾝｶﾝ
0138,ﾖｺﾊﾏ,421,ﾅｶﾉ
0138,ﾖｺﾊﾏ,432,ｱｲｶﾜ
0138,ﾖｺﾊﾏ,441,ｻﾞﾏ
0138,ﾖｺﾊﾏ,442,ｻｶﾞﾐﾀﾞｲ
0138,ﾖｺﾊﾏ,443,ﾐﾅﾐｴﾋﾞﾅ
0138,ﾖｺﾊﾏ,445,ｴﾋﾞﾅ
0138,ﾖｺﾊﾏ,446,ｻﾞﾏｴｷﾏｴ
0138,ﾖｺﾊﾏ,451,ｱﾂｷﾞ
0138,ﾖｺﾊﾏ,452,ﾐﾄﾞﾘｶﾞｵｶ
0138,ﾖｺﾊﾏ,453,ｻｶﾞﾐﾉ
0138,ﾖｺﾊﾏ,454,ｱﾔｾ
0138,ﾖｺﾊﾏ,455,ﾓﾘﾉｻﾄ
0138,ﾖｺﾊﾏ,511,ｶﾏｸﾗ
0138,ﾖｺﾊﾏ,512,ｵｵﾌﾅ
0138,ﾖｺﾊﾏ,521,ｽﾞｼ
0138,ﾖｺﾊﾏ,531,ﾊﾔﾏ
0138,ﾖｺﾊﾏ,541,ﾖｺｽｶ
0138,ﾖｺﾊﾏ,542,ｵﾂﾊﾟﾏ
0138,ﾖｺﾊﾏ,546,ｳﾗｶﾞ
0138,ﾖｺﾊﾏ,547,ｷﾇｶﾞｻ
0138,ﾖｺﾊﾏ,548,ｸﾘﾊﾏ
0138,ﾖｺﾊﾏ,549,ﾏﾎﾞﾘ
0138,ﾖｺﾊﾏ,551,ﾐｻｷ
0138,ﾖｺﾊﾏ,554,ｷﾀｸﾘﾊﾏ
0138,ﾖｺﾊﾏ,611,ﾌｼﾞｻﾜ
0138,ﾖｺﾊﾏ,612,ｶﾀｾ
0138,ﾖｺﾊﾏ,613,ｸｹﾞﾇﾏ
0138,ﾖｺﾊﾏ,614,ﾂｼﾞﾄﾞｳ
0138,ﾖｺﾊﾏ,615,ﾁﾖｳｺﾞ
0138,ﾖｺﾊﾏ,616,ｾﾞﾝｷﾞﾖｳ
0138,ﾖｺﾊﾏ,617,ｼﾖｳﾅﾝｼ-ｸﾛｽ
0138,ﾖｺﾊﾏ,618,ﾌｼﾞｻﾜﾁﾕｳｵｳ
0138,ﾖｺﾊﾏ,619,ｼﾖｳﾅﾝﾗｲﾌﾀｳﾝ
0138,ﾖｺﾊﾏ,621,ﾔﾏﾄ
0138,ﾖｺﾊﾏ,622,ﾐﾅﾐﾘﾝｶﾝ
0138,ﾖｺﾊﾏ,623,ｺｳｻﾞｼﾌﾞﾔ
0138,ﾖｺﾊﾏ,624,ﾁﾕｳｵｳﾘﾝｶﾝ
0138,ﾖｺﾊﾏ,625,ｼﾖｳﾅﾝﾀﾞｲ
0138,ﾖｺﾊﾏ,626,ｻｸﾗｶﾞｵｶ
0138,ﾖｺﾊﾏ,631,ﾁｶﾞｻｷ
0138,ﾖｺﾊﾏ,632,ﾁｶﾞｻｷﾐﾅﾐｸﾞﾁ
0138,ﾖｺﾊﾏ,633,ｻﾑｶﾜ
0138,ﾖｺﾊﾏ,641,ﾋﾗﾂｶ
0138,ﾖｺﾊﾏ,642,ﾋﾗﾂｶｱｻﾋ
0138,ﾖｺﾊﾏ,643,ﾊﾅﾐｽﾞﾀﾞｲ
0138,ﾖｺﾊﾏ,651,ｵｵｲｿ
0138,ﾖｺﾊﾏ,652,ﾆﾉﾐﾔ
0138,ﾖｺﾊﾏ,653,ｲｾﾊﾗ
0138,ﾖｺﾊﾏ,654,ﾆﾉﾐﾔｷﾀ
0138,ﾖｺﾊﾏ,655,ｱｲｺｳｲｼﾀﾞ
0138,ﾖｺﾊﾏ,661,ﾊﾀﾉ
0138,ﾖｺﾊﾏ,662,ｼﾌﾞｻﾜ
0138,ﾖｺﾊﾏ,663,ﾄｳｶｲﾀﾞｲｶﾞｸｴｷﾏｴ
0138,ﾖｺﾊﾏ,721,ｵﾀﾞﾜﾗ
0138,ﾖｺﾊﾏ,723,ｺｳﾂﾞ
0138,ﾖｺﾊﾏ,724,ｼﾓｿｶﾞ
0138,ﾖｺﾊﾏ,725,ｶﾓﾉﾐﾔ
0138,ﾖｺﾊﾏ,731,ﾏﾂﾀﾞ
0138,ﾖｺﾊﾏ,732,ﾔﾏｷﾀ
0138,ﾖｺﾊﾏ,733,ﾀﾞｲﾕｳｻﾞﾝ
0138,ﾖｺﾊﾏ,734,ｶｲｾｲ
0138,ﾖｺﾊﾏ,741,ﾊｺﾈﾕﾓﾄ
0138,ﾖｺﾊﾏ,742,ﾕｶﾞﾜﾗ
0138,ﾖｺﾊﾏ,810,ｶﾜｻｷ
0138,ﾖｺﾊﾏ,812,ｶﾜｻｷﾆｼｸﾞﾁ
0138,ﾖｺﾊﾏ,813,ｴﾋﾞﾅｴｷﾏｴ
0138,ﾖｺﾊﾏ,821,ｵｵｼﾏ
0138,ﾖｺﾊﾏ,822,ﾀﾞｲｼ
0138,ﾖｺﾊﾏ,823,ﾐﾕｷ
0138,ﾖｺﾊﾏ,824,ﾑｻｼｺｽｷﾞ
0138,ﾖｺﾊﾏ,825,ﾐｿﾞﾉｸﾁ
0138,ﾖｺﾊﾏ,826,ﾉﾎﾞﾘﾄ
0138,ﾖｺﾊﾏ,827,ﾕﾘｶﾞｵｶ
0138,ﾖｺﾊﾏ,828,ｶｼﾏﾀﾞ
0138,ﾖｺﾊﾏ,829,ｼﾝｼﾞﾖｳ
0138,ﾖｺﾊﾏ,830,ｼﾝﾕﾘｶﾞｵｶ
0138,ﾖｺﾊﾏ,831,ﾓﾄｽﾐﾖｼ
0138,ﾖｺﾊﾏ,832,ｲﾅﾀﾞﾂﾞﾂﾐ
0138,ﾖｺﾊﾏ,833,ﾖﾐｳﾘﾗﾝﾄﾞｴｷﾏｴ
0138,ﾖｺﾊﾏ,834,ｻｷﾞﾇﾏ
0138,ﾖｺﾊﾏ,837,ｶｷｵ
0138,ﾖｺﾊﾏ,838,ｶﾜｻｷﾎｸﾌﾞｼｼﾞﾖｳ
0138,ﾖｺﾊﾏ,841,ｲｸﾀ
0138,ﾖｺﾊﾏ,842,ﾐﾔﾏｴﾀﾞｲﾗ
0138,ﾖｺﾊﾏ,904,ｼﾅｶﾞﾜ
0138,ﾖｺﾊﾏ,906,ｺﾞﾀﾝﾀﾞｴｷﾏｴ
0138,ﾖｺﾊﾏ,907,ｴﾋﾞｽ
0138,ﾖｺﾊﾏ,910,ﾄｳｷﾖｳ
0138,ﾖｺﾊﾏ,914,ｼﾝﾊﾞｼ
0138,ﾖｺﾊﾏ,915,ﾁﾖｳﾌ
0138,ﾖｺﾊﾏ,917,ﾀﾏｶﾞﾜ
0138,ﾖｺﾊﾏ,920,ｵｵﾓﾘ
0138,ﾖｺﾊﾏ,922,ｶﾏﾀ
0138,ﾖｺﾊﾏ,923,ｼﾞﾕｳｶﾞｵｶ
0138,ﾖｺﾊﾏ,925,ｼﾝｼﾞﾕｸ
0138,ﾖｺﾊﾏ,926,ｼﾓｷﾀｻﾞﾜ
0138,ﾖｺﾊﾏ,927,ｼﾌﾞﾔ
0138,ﾖｺﾊﾏ,929,ﾀﾏﾁ
0138,ﾖｺﾊﾏ,931,ﾏﾁﾀﾞ
0138,ﾖｺﾊﾏ,932,ﾂﾙｶﾜﾆｼ
0138,ﾖｺﾊﾏ,933,ﾂｸｼﾉ
0138,ﾖｺﾊﾏ,934,ﾂﾙｶﾜ
0138,ﾖｺﾊﾏ,936,ﾅﾙｾ
0138,ﾖｺﾊﾏ,938,ﾀﾏｾﾝﾀ-
0138,ﾖｺﾊﾏ,941,ﾏｴﾊﾞｼ
0138,ﾖｺﾊﾏ,942,ﾀｶｻｷ
0138,ﾖｺﾊﾏ,943,ｷﾘﾕｳ
0138,ﾖｺﾊﾏ,951,ﾀﾁｶﾜ
0138,ﾖｺﾊﾏ,952,ｷﾁｼﾞﾖｳｼﾞ
0138,ﾖｺﾊﾏ,953,ｾｲｼﾞﾖｳ
0138,ﾖｺﾊﾏ,954,ｷﾝｼﾁﾖｳ
0138,ﾖｺﾊﾏ,956,ﾊﾁﾏﾝﾔﾏ
0138,ﾖｺﾊﾏ,961,ﾅｺﾞﾔ
0138,ﾖｺﾊﾏ,971,ｵｵｻｶ
0140,ﾀﾞｲｼﾎｸｴﾂ,020,ﾅｶﾞｵｶﾎﾝﾃﾝ
0140,ﾀﾞｲｼﾎｸｴﾂ,021,ﾅｶﾞｵｶｷﾀ
0140,ﾀﾞｲｼﾎｸｴﾂ,022,ﾅｶﾞｵｶｼﾔｸｼﾖ
0140,ﾀﾞｲｼﾎｸｴﾂ,030,ﾐﾔｳﾁ
0140,ﾀﾞｲｼﾎｸｴﾂ,040,ｾﾝｼﾞﾕ
0140,ﾀﾞｲｼﾎｸｴﾂ,049,ﾅｶﾞｵｶﾋｶﾞｼ
0140,ﾀﾞｲｼﾎｸｴﾂ,051,ﾄﾞｱｲ
0140,ﾀﾞｲｼﾎｸｴﾂ,070,ｶﾝﾀﾞ
0140,ﾀﾞｲｼﾎｸｴﾂ,071,ｶﾜｻｷ
0140,ﾀﾞｲｼﾎｸｴﾂ,080,ｱﾗﾏﾁ
0140,ﾀﾞｲｼﾎｸｴﾂ,083,ｺｳﾖｳ
0140,ﾀﾞｲｼﾎｸｴﾂ,085,ｵｵｼﾞﾏ
0140,ﾀﾞｲｼﾎｸｴﾂ,087,ﾅｶﾞｵｶｼﾝｻﾝ
0140,ﾀﾞｲｼﾎｸｴﾂ,090,ｲﾄｲｶﾞﾜﾁﾕｳｵｳ
0140,ﾀﾞｲｼﾎｸｴﾂ,096,ｶｷﾉﾐ
0140,ﾀﾞｲｼﾎｸｴﾂ,100,ｵｳﾐ
0140,ﾀﾞｲｼﾎｸｴﾂ,110,ﾅｵｴﾂﾁﾕｳｵｳ
0140,ﾀﾞｲｼﾎｸｴﾂ,120,ﾀｶﾀﾞﾁﾕｳｵｳ
0140,ﾀﾞｲｼﾎｸｴﾂ,121,ﾐﾅﾐﾀｶﾀﾞ
0140,ﾀﾞｲｼﾎｸｴﾂ,125,ｱﾗｲﾁﾕｳｵｳ
0140,ﾀﾞｲｼﾎｸｴﾂ,130,ｶｼﾜｻﾞｷﾁﾕｳｵｳ
0140,ﾀﾞｲｼﾎｸｴﾂ,140,ｶｼﾜｻﾞｷﾋｶﾞｼﾎﾝﾁﾖｳ
0140,ﾀﾞｲｼﾎｸｴﾂ,145,ｶｼﾜｻﾞｷﾋﾖｼﾁﾖｳ
0140,ﾀﾞｲｼﾎｸｴﾂ,151,ﾄﾁｵﾁﾕｳｵｳ
0140,ﾀﾞｲｼﾎｸｴﾂ,160,ﾐﾂｹ
0140,ﾀﾞｲｼﾎｸｴﾂ,161,ｲﾏﾏﾁ
0140,ﾀﾞｲｼﾎｸｴﾂ,170,ｻﾝｼﾞﾖｳﾁﾕｳｵｳ
0140,ﾀﾞｲｼﾎｸｴﾂ,190,ｶﾓﾁﾕｳｵｳ
0140,ﾀﾞｲｼﾎｸｴﾂ,191,ｺﾝﾋﾞﾆｴｲﾃｲｴﾑ
0140,ﾀﾞｲｼﾎｸｴﾂ,200,ﾎﾝﾃﾝ
0140,ﾀﾞｲｼﾎｸｴﾂ,201,ｵｷﾞｶﾜ
0140,ﾀﾞｲｼﾎｸｴﾂ,209,ﾆｲﾂﾁﾕｳｵｳ
0140,ﾀﾞｲｼﾎｸｴﾂ,210,ｺﾞｾﾝﾁﾕｳｵｳ
0140,ﾀﾞｲｼﾎｸｴﾂ,215,ﾑﾗﾏﾂ
0140,ﾀﾞｲｼﾎｸｴﾂ,220,ｽｲﾊﾞﾗﾁﾕｳｵｳ
0140,ﾀﾞｲｼﾎｸｴﾂ,230,ｼﾊﾞﾀﾁﾕｳｵｳ
0140,ﾀﾞｲｼﾎｸｴﾂ,231,ﾊｸｻﾝ
0140,ﾀﾞｲｼﾎｸｴﾂ,233,ｼﾊﾞﾀｽﾐﾖｼﾁﾖｳ
0140,ﾀﾞｲｼﾎｸｴﾂ,234,ﾌﾙﾏﾁﾁﾕｳｵｳ
0140,ﾀﾞｲｼﾎｸｴﾂ,236,ｺﾊﾞﾘｶﾞｵｶ
0140,ﾀﾞｲｼﾎｸｴﾂ,237,ｳﾁﾉ
0140,ﾀﾞｲｼﾎｸｴﾂ,238,ｻｶﾔ
0140,ﾀﾞｲｼﾎｸｴﾂ,239,ｹﾝﾁﾖｳ
0140,ﾀﾞｲｼﾎｸｴﾂ,240,ﾅｶｼﾞﾖｳ
0140,ﾀﾞｲｼﾎｸｴﾂ,241,ｽﾐﾖｼﾁﾖｳ
0140,ﾀﾞｲｼﾎｸｴﾂ,246,ﾃﾗｵ
0140,ﾀﾞｲｼﾎｸｴﾂ,247,ｾｷﾔﾁﾕｳｵｳ
0140,ﾀﾞｲｼﾎｸｴﾂ,248,ｻｶｲ
0140,ﾀﾞｲｼﾎｸｴﾂ,249,ﾍｲｼﾞﾏ
0140,ﾀﾞｲｼﾎｸｴﾂ,250,ﾑﾗｶﾐﾁﾕｳｵｳ
0140,ﾀﾞｲｼﾎｸｴﾂ,251,ﾇﾂﾀﾘ
0140,ﾀﾞｲｼﾎｸｴﾂ,253,ﾆｲｶﾞﾀｴｷﾏｴ
0140,ﾀﾞｲｼﾎｸｴﾂ,255,ﾘﾝｺｳ
0140,ﾀﾞｲｼﾎｸｴﾂ,256,ﾏﾂﾊﾏ
0140,ﾀﾞｲｼﾎｸｴﾂ,257,ﾅｶﾔﾏ
0140,ﾀﾞｲｼﾎｸｴﾂ,258,ﾆｲｶﾞﾀﾁﾕｳｵｳｲﾁﾊﾞ
0140,ﾀﾞｲｼﾎｸｴﾂ,259,ﾐﾅﾐﾆｲｶﾞﾀ
0140,ﾀﾞｲｼﾎｸｴﾂ,260,ﾄﾖｻｶ
0140,ﾀﾞｲｼﾎｸｴﾂ,261,ﾊﾔﾄﾞｵﾘ
0140,ﾀﾞｲｼﾎｸｴﾂ,262,ｺｳﾄﾞ
0140,ﾀﾞｲｼﾎｸｴﾂ,263,ｵﾛｼｼﾝﾏﾁ
0140,ﾀﾞｲｼﾎｸｴﾂ,264,ｲｼﾔﾏﾁﾕｳｵｳ
0140,ﾀﾞｲｼﾎｸｴﾂ,265,ﾒｲｹ
0140,ﾀﾞｲｼﾎｸｴﾂ,266,ｼﾁｸ
0140,ﾀﾞｲｼﾎｸｴﾂ,267,ｵｵｶﾞﾀ
0140,ﾀﾞｲｼﾎｸｴﾂ,268,ﾄﾔﾉ
0140,ﾀﾞｲｼﾎｸｴﾂ,269,ｳﾊﾞｶﾞﾔﾏ
0140,ﾀﾞｲｼﾎｸｴﾂ,270,ﾆｲｶﾞﾀ
0140,ﾀﾞｲｼﾎｸｴﾂ,271,ｺﾊﾞﾘﾁﾕｳｵｳ
0140,ﾀﾞｲｼﾎｸｴﾂ,273,ﾘﾕｳﾂｳｾﾝﾀ-
0140,ﾀﾞｲｼﾎｸｴﾂ,274,ﾃﾞｷｼﾞﾏ
0140,ﾀﾞｲｼﾎｸｴﾂ,275,ｿﾉｷ
0140,ﾀﾞｲｼﾎｸｴﾂ,276,ﾆｲｻﾞｷ
0140,ﾀﾞｲｼﾎｸｴﾂ,277,ﾆｼｳﾁﾉ
0140,ﾀﾞｲｼﾎｸｴﾂ,278,ﾆｲｶﾞﾀﾋｶﾞｼｺｳ
0140,ﾀﾞｲｼﾎｸｴﾂ,279,ﾆｲｶﾞﾀｹﾝﾁﾖｳ
0140,ﾀﾞｲｼﾎｸｴﾂ,280,ﾌﾙﾏﾁ
0140,ﾀﾞｲｼﾎｸｴﾂ,281,ﾆｲｶﾞﾀｼﾔｸｼﾖ
0140,ﾀﾞｲｼﾎｸｴﾂ,284,ﾓﾉﾐﾔﾏ
0140,ﾀﾞｲｼﾎｸｴﾂ,286,ｱﾜﾔﾏ
0140,ﾀﾞｲｼﾎｸｴﾂ,287,ﾆｲｶﾞﾀｸｳｺｳ
0140,ﾀﾞｲｼﾎｸｴﾂ,291,ｾｷﾔ
0140,ﾀﾞｲｼﾎｸｴﾂ,292,ﾀﾏﾁ
0140,ﾀﾞｲｼﾎｸｴﾂ,293,ｺﾊﾞﾘ
0140,ﾀﾞｲｼﾎｸｴﾂ,294,ｺﾊﾞﾘﾐﾅﾐ
0140,ﾀﾞｲｼﾎｸｴﾂ,295,ﾃﾗｵﾁﾕｳｵｳ
0140,ﾀﾞｲｼﾎｸｴﾂ,297,ﾆｲｶﾞﾀﾘﾕｳﾂｳｾﾝﾀ-
0140,ﾀﾞｲｼﾎｸｴﾂ,299,ｸﾛｻｷ
0140,ﾀﾞｲｼﾎｸｴﾂ,300,ﾇﾂﾀﾘﾁﾕｳｵｳ
0140,ﾀﾞｲｼﾎｸｴﾂ,301,ﾆｲｶﾞﾀｴｷﾅﾝ
0140,ﾀﾞｲｼﾎｸｴﾂ,305,ﾋｶﾞｼﾆｲｶﾞﾀ
0140,ﾀﾞｲｼﾎｸｴﾂ,306,ﾓﾉﾐﾔﾏﾁﾕｳｵｳ
0140,ﾀﾞｲｼﾎｸｴﾂ,310,ﾆｲｶﾞﾀﾋｶﾞｼｵｵﾄﾞｵﾘ
0140,ﾀﾞｲｼﾎｸｴﾂ,311,ﾑﾗｶﾐ
0140,ﾀﾞｲｼﾎｸｴﾂ,312,ｷﾄﾞ
0140,ﾀﾞｲｼﾎｸｴﾂ,313,ｲﾜﾌﾈ
0140,ﾀﾞｲｼﾎｸｴﾂ,315,ｻﾝﾎﾟｸ
0140,ﾀﾞｲｼﾎｸｴﾂ,316,ｻｶﾏﾁ
0140,ﾀﾞｲｼﾎｸｴﾂ,317,ｲｼﾔﾏ
0140,ﾀﾞｲｼﾎｸｴﾂ,318,ﾃﾞｷｼﾞﾏﾁﾕｳｵｳ
0140,ﾀﾞｲｼﾎｸｴﾂ,319,ｶﾒﾀﾞﾁﾕｳｵｳ
0140,ﾀﾞｲｼﾎｸｴﾂ,320,ﾘﾖｳﾂﾁﾕｳｵｳ
0140,ﾀﾞｲｼﾎｸｴﾂ,321,ｼﾊﾞﾀ
0140,ﾀﾞｲｼﾎｸｴﾂ,324,ｼﾊﾞﾀﾆｼ
0140,ﾀﾞｲｼﾎｸｴﾂ,325,ﾅｶｼﾞﾖｳﾁﾕｳｵｳ
0140,ﾀﾞｲｼﾎｸｴﾂ,326,ﾄﾖｻｶﾁﾕｳｵｳ
0140,ﾀﾞｲｼﾎｸｴﾂ,327,ｽｲﾊﾞﾗ
0140,ﾀﾞｲｼﾎｸｴﾂ,328,ﾋｶﾞｼｺｳ
0140,ﾀﾞｲｼﾎｸｴﾂ,330,ｻﾜﾀﾞﾁﾕｳｵｳ
0140,ﾀﾞｲｼﾎｸｴﾂ,331,ﾆｲﾂ
0140,ﾀﾞｲｼﾎｸｴﾂ,332,ｺﾞｾﾝ
0140,ﾀﾞｲｼﾎｸｴﾂ,333,ｼﾛﾈ
0140,ﾀﾞｲｼﾎｸｴﾂ,335,ﾂｶﾞﾜ
0140,ﾀﾞｲｼﾎｸｴﾂ,336,ﾑﾗﾏﾂﾁﾕｳｵｳ
0140,ﾀﾞｲｼﾎｸｴﾂ,337,ｶﾒﾀﾞ
0140,ﾀﾞｲｼﾎｸｴﾂ,338,ｺｽﾄﾞ
0140,ﾀﾞｲｼﾎｸｴﾂ,339,ﾆｲﾂﾐﾅﾐ
0140,ﾀﾞｲｼﾎｸｴﾂ,340,ｼﾛﾈﾁﾕｳｵｳ
0140,ﾀﾞｲｼﾎｸｴﾂ,341,ｶﾒﾀﾞｴｷﾏｴ
0140,ﾀﾞｲｼﾎｸｴﾂ,342,ﾖｺｺﾞｼ
0140,ﾀﾞｲｼﾎｸｴﾂ,345,ﾏｷ
0140,ﾀﾞｲｼﾎｸｴﾂ,346,ｵｵﾉ
0140,ﾀﾞｲｼﾎｸｴﾂ,347,ﾆｼｶﾜ
0140,ﾀﾞｲｼﾎｸｴﾂ,348,ﾂｷｶﾞﾀ
0140,ﾀﾞｲｼﾎｸｴﾂ,349,ﾖｼﾀﾞ
0140,ﾀﾞｲｼﾎｸｴﾂ,350,ﾂﾊﾞﾒﾁﾕｳｵｳ
0140,ﾀﾞｲｼﾎｸｴﾂ,351,ﾂﾊﾞﾒ
0140,ﾀﾞｲｼﾎｸｴﾂ,352,ﾂﾊﾞﾒﾌﾞﾂﾘﾕｳｾﾝﾀ-
0140,ﾀﾞｲｼﾎｸｴﾂ,353,ﾂﾊﾞﾒﾐﾅﾐ
0140,ﾀﾞｲｼﾎｸｴﾂ,355,ﾌﾞﾝｽｲ
0140,ﾀﾞｲｼﾎｸｴﾂ,360,ﾏｷﾁﾕｳｵｳ
0140,ﾀﾞｲｼﾎｸｴﾂ,370,ﾖｼﾀﾞﾁﾕｳｵｳ
0140,ﾀﾞｲｼﾎｸｴﾂ,380,ﾌﾞﾝｽｲﾁﾕｳｵｳ
0140,ﾀﾞｲｼﾎｸｴﾂ,390,ﾃﾗﾄﾞﾏﾘ
0140,ﾀﾞｲｼﾎｸｴﾂ,400,ｼﾏｻﾞｷ
0140,ﾀﾞｲｼﾎｸｴﾂ,410,ﾖｲﾀ
0140,ﾀﾞｲｼﾎｸｴﾂ,411,ｻﾝｼﾞﾖｳ
0140,ﾀﾞｲｼﾎｸｴﾂ,412,ｻﾝｼﾞﾖｳﾋｶﾞｼ
0140,ﾀﾞｲｼﾎｸｴﾂ,413,ｻﾝｼﾞﾖｳｷﾀ
0140,ﾀﾞｲｼﾎｸｴﾂ,414,ｻﾝｼﾞﾖｳﾐﾅﾐ
0140,ﾀﾞｲｼﾎｸｴﾂ,420,ﾐｼﾏ
0140,ﾀﾞｲｼﾎｸｴﾂ,421,ｶﾓ
0140,ﾀﾞｲｼﾎｸｴﾂ,422,ﾐﾂｹﾁﾕｳｵｳ
0140,ﾀﾞｲｼﾎｸｴﾂ,423,ｲﾏﾏﾁﾁﾕｳｵｳ
0140,ﾀﾞｲｼﾎｸｴﾂ,424,ﾆｼｶﾓ
0140,ﾀﾞｲｼﾎｸｴﾂ,425,ﾅｶﾞｵｶﾐﾅﾐ
0140,ﾀﾞｲｼﾎｸｴﾂ,426,ﾅｶﾞｵｶｴｷﾋｶﾞｼ
0140,ﾀﾞｲｼﾎｸｴﾂ,430,ｾｷﾊﾗ
0140,ﾀﾞｲｼﾎｸｴﾂ,431,ﾅｶﾞｵｶ
0140,ﾀﾞｲｼﾎｸｴﾂ,432,ｶﾝﾀﾞﾁﾕｳｵｳ
0140,ﾀﾞｲｼﾎｸｴﾂ,434,ﾄﾁｵ
0140,ﾀﾞｲｼﾎｸｴﾂ,436,ｲｽﾞﾓｻﾞｷ
0140,ﾀﾞｲｼﾎｸｴﾂ,438,ﾅｶﾞｵｶﾆｼ
0140,ﾀﾞｲｼﾎｸｴﾂ,439,ﾅｶﾞｵｶｼﾝｻﾝｾﾝﾀ-
0140,ﾀﾞｲｼﾎｸｴﾂ,440,ﾗｲｺｳｼﾞ
0140,ﾀﾞｲｼﾎｸｴﾂ,441,ｶｼﾜｻﾞｷ
0140,ﾀﾞｲｼﾎｸｴﾂ,442,ｶｼﾜｻﾞｷﾋｶﾞｼ
0140,ﾀﾞｲｼﾎｸｴﾂ,443,ｶｼﾜｻﾞｷﾐﾅﾐ
0140,ﾀﾞｲｼﾎｸｴﾂ,445,ﾆｼﾔﾏ
0140,ﾀﾞｲｼﾎｸｴﾂ,450,ｶﾀｶｲ
0140,ﾀﾞｲｼﾎｸｴﾂ,451,ｵﾁﾞﾔﾁﾕｳｵｳ
0140,ﾀﾞｲｼﾎｸｴﾂ,452,ﾋｶﾞｼｵﾁﾞﾔ
0140,ﾀﾞｲｼﾎｸｴﾂ,453,ﾄｵｶﾏﾁﾁﾕｳｵｳ
0140,ﾀﾞｲｼﾎｸｴﾂ,455,ﾎﾘﾉｳﾁ
0140,ﾀﾞｲｼﾎｸｴﾂ,456,ｺｲﾃﾞﾁﾕｳｵｳ
0140,ﾀﾞｲｼﾎｸｴﾂ,457,ﾑｲｶﾏﾁﾁﾕｳｵｳ
0140,ﾀﾞｲｼﾎｸｴﾂ,458,ｼｵｻﾞﾜ
0140,ﾀﾞｲｼﾎｸｴﾂ,459,ﾕｻﾞﾜ
0140,ﾀﾞｲｼﾎｸｴﾂ,460,ｵﾁﾞﾔ
0140,ﾀﾞｲｼﾎｸｴﾂ,470,ｺｲﾃﾞ
0140,ﾀﾞｲｼﾎｸｴﾂ,480,ﾄｳｶﾏﾁ
0140,ﾀﾞｲｼﾎｸｴﾂ,490,ﾂﾅﾝ
0140,ﾀﾞｲｼﾎｸｴﾂ,500,ﾑｲｶﾏﾁ
0140,ﾀﾞｲｼﾎｸｴﾂ,510,ﾔﾏﾄ
0140,ﾀﾞｲｼﾎｸｴﾂ,511,ﾀｶﾀﾞ
0140,ﾀﾞｲｼﾎｸｴﾂ,514,ｲﾅﾀﾞ
0140,ﾀﾞｲｼﾎｸｴﾂ,515,ﾔｽﾂﾞｶ
0140,ﾀﾞｲｼﾎｸｴﾂ,516,ﾏﾂﾀﾞｲ
0140,ﾀﾞｲｼﾎｸｴﾂ,520,ﾀｶｻｷ
0140,ﾀﾞｲｼﾎｸｴﾂ,521,ﾅｵｴﾂ
0140,ﾀﾞｲｼﾎｸｴﾂ,522,ｱﾗｲ
0140,ﾀﾞｲｼﾎｸｴﾂ,523,ﾅｵｴﾂﾆｼ
0140,ﾀﾞｲｼﾎｸｴﾂ,525,ｶｷｻﾞｷ
0140,ﾀﾞｲｼﾎｸｴﾂ,526,ﾏｴﾊﾞｼﾋｶﾞｼ
0140,ﾀﾞｲｼﾎｸｴﾂ,527,ｲﾀｸﾗ
0140,ﾀﾞｲｼﾎｸｴﾂ,530,ｸﾏｶﾞﾔ
0140,ﾀﾞｲｼﾎｸｴﾂ,531,ｲﾄｲｶﾞﾜ
0140,ﾀﾞｲｼﾎｸｴﾂ,532,ｷﾀｳﾗﾜ
0140,ﾀﾞｲｼﾎｸｴﾂ,540,ﾄｳｷﾖｳﾁﾕｳｵｳ
0140,ﾀﾞｲｼﾎｸｴﾂ,555,ﾉｳ
0140,ﾀﾞｲｼﾎｸｴﾂ,556,ｵｳﾐﾁﾕｳｵｳ
0140,ﾀﾞｲｼﾎｸｴﾂ,582,ｼﾞﾖｳｴﾂｼﾔｸｼﾖ
0140,ﾀﾞｲｼﾎｸｴﾂ,611,ﾘﾖｳﾂ
0140,ﾀﾞｲｼﾎｸｴﾂ,616,ｻﾜﾀﾞ
0140,ﾀﾞｲｼﾎｸｴﾂ,618,ﾐﾅﾐｻﾄﾞ
0140,ﾀﾞｲｼﾎｸｴﾂ,711,ｲﾝﾀ-ﾈﾂﾄ
0140,ﾀﾞｲｼﾎｸｴﾂ,800,ﾌﾘｺﾐｾﾝﾖｳ
0140,ﾀﾞｲｼﾎｸｴﾂ,811,ﾄｳｷﾖｳ
0140,ﾀﾞｲｼﾎｸｴﾂ,812,ｲｹﾌﾞｸﾛ
0140,ﾀﾞｲｼﾎｸｴﾂ,815,ﾖｺﾊﾏ
0140,ﾀﾞｲｼﾎｸｴﾂ,816,ｵｵﾐﾔ
0140,ﾀﾞｲｼﾎｸｴﾂ,821,ｻﾂﾎﾟﾛ
0140,ﾀﾞｲｼﾎｸｴﾂ,831,ｱｲﾂﾞ
0140,ﾀﾞｲｼﾎｸｴﾂ,841,ﾄﾔﾏ
0140,ﾀﾞｲｼﾎｸｴﾂ,852,ｵｵｻｶ
0140,ﾀﾞｲｼﾎｸｴﾂ,861,ﾅｺﾞﾔ
0142,ﾔﾏﾅｼﾁﾕｳｵｳ,101,ﾎﾝﾃﾝ
0142,ﾔﾏﾅｼﾁﾕｳｵｳ,102,ｺｳﾌｼﾔｸｼﾖ
0142,ﾔﾏﾅｼﾁﾕｳｵｳ,103,ｼﾞﾁｶｲｶﾝ
0142,ﾔﾏﾅｼﾁﾕｳｵｳ,201,ﾄｳｷﾖｳ
0142,ﾔﾏﾅｼﾁﾕｳｵｳ,202,ｼﾝｼﾞﾕｸ
0142,ﾔﾏﾅｼﾁﾕｳｵｳ,203,ﾊﾁｵｳｼﾞ
0142,ﾔﾏﾅｼﾁﾕｳｵｳ,204,ﾒｼﾞﾛﾀﾞｲ
0142,ﾔﾏﾅｼﾁﾕｳｵｳ,205,ｺｸﾌﾞﾝｼﾞ
0142,ﾔﾏﾅｼﾁﾕｳｵｳ,206,ﾁﾖｳﾌ
0142,ﾔﾏﾅｼﾁﾕｳｵｳ,207,ﾀﾁｶﾜ
0142,ﾔﾏﾅｼﾁﾕｳｵｳ,209,ｵｷﾞｸﾎﾞ
0142,ﾔﾏﾅｼﾁﾕｳｵｳ,210,ｷﾁｼﾞﾖｳｼﾞ
0142,ﾔﾏﾅｼﾁﾕｳｵｳ,211,ﾋﾉ
0142,ﾔﾏﾅｼﾁﾕｳｵｳ,212,ｺｶﾞﾈｲ
0142,ﾔﾏﾅｼﾁﾕｳｵｳ,213,ﾐﾅﾐﾉｼﾃｲ
0142,ﾔﾏﾅｼﾁﾕｳｵｳ,214,ﾏﾁﾀﾞ
0142,ﾔﾏﾅｼﾁﾕｳｵｳ,215,ﾌﾁﾕｳ
0142,ﾔﾏﾅｼﾁﾕｳｵｳ,216,ﾊﾑﾗ
0142,ﾔﾏﾅｼﾁﾕｳｵｳ,217,ｻｶﾞﾐﾊﾗ
0142,ﾔﾏﾅｼﾁﾕｳｵｳ,218,ﾋｶﾞｼﾑﾗﾔﾏ
0142,ﾔﾏﾅｼﾁﾕｳｵｳ,251,ﾔﾅｷﾞﾏﾁ
0142,ﾔﾏﾅｼﾁﾕｳｵｳ,252,ﾋｶﾞｼ
0142,ﾔﾏﾅｼﾁﾕｳｵｳ,253,ﾐﾅﾐ
0142,ﾔﾏﾅｼﾁﾕｳｵｳ,255,ﾕﾑﾗ
0142,ﾔﾏﾅｼﾁﾕｳｵｳ,257,ｺｳﾌｴｷﾏｴ
0142,ﾔﾏﾅｼﾁﾕｳｵｳ,258,ｹﾝﾁﾖｳ
0142,ﾔﾏﾅｼﾁﾕｳｵｳ,259,ﾀｹﾀﾞﾄﾞｵﾘ
0142,ﾔﾏﾅｼﾁﾕｳｵｳ,260,ｺｸﾎﾞ
0142,ﾔﾏﾅｼﾁﾕｳｵｳ,261,ﾁﾕｳｵｳｲﾁﾊﾞ
0142,ﾔﾏﾅｼﾁﾕｳｵｳ,262,ﾘﾕｳﾂｳｾﾝﾀ-
0142,ﾔﾏﾅｼﾁﾕｳｵｳ,263,ｸｶﾞﾜ
0142,ﾔﾏﾅｼﾁﾕｳｵｳ,264,ｱｵﾇﾏ
0142,ﾔﾏﾅｼﾁﾕｳｵｳ,265,ﾐﾅﾐﾘﾕｳｵｳ
0142,ﾔﾏﾅｼﾁﾕｳｵｳ,266,ﾁﾂﾞｶ
0142,ﾔﾏﾅｼﾁﾕｳｵｳ,267,ｼﾞﾖｳﾅﾝ
0142,ﾔﾏﾅｼﾁﾕｳｵｳ,268,ｷﾀｼﾝ
0142,ﾔﾏﾅｼﾁﾕｳｵｳ,269,ｻｶｵﾘ
0142,ﾔﾏﾅｼﾁﾕｳｵｳ,270,ｼﾖｳﾜ
0142,ﾔﾏﾅｼﾁﾕｳｵｳ,271,ﾋﾞｼﾞﾕﾂｶﾝﾏｴ
0142,ﾔﾏﾅｼﾁﾕｳｵｳ,272,ｽﾐﾖｼ
0142,ﾔﾏﾅｼﾁﾕｳｵｳ,274,ｼﾓｲｲﾀﾞ
0142,ﾔﾏﾅｼﾁﾕｳｵｳ,275,ｳｼﾛﾔ
0142,ﾔﾏﾅｼﾁﾕｳｵｳ,276,ﾅｶﾐﾁ
0142,ﾔﾏﾅｼﾁﾕｳｵｳ,277,ﾜﾄﾞ
0142,ﾔﾏﾅｼﾁﾕｳｵｳ,301,ｸｻｶﾍﾞ
0142,ﾔﾏﾅｼﾁﾕｳｵｳ,302,ｴﾝｻﾞﾝ
0142,ﾔﾏﾅｼﾁﾕｳｵｳ,303,ﾏｷｵｶ
0142,ﾔﾏﾅｼﾁﾕｳｵｳ,304,ｶﾂﾇﾏ
0142,ﾔﾏﾅｼﾁﾕｳｵｳ,305,ｲｻﾜ
0142,ﾔﾏﾅｼﾁﾕｳｵｳ,306,ﾐｻｶ
0142,ﾔﾏﾅｼﾁﾕｳｵｳ,307,ｲﾁﾉﾐﾔ
0142,ﾔﾏﾅｼﾁﾕｳｵｳ,308,ﾔﾂｼﾛ
0142,ﾔﾏﾅｼﾁﾕｳｵｳ,309,ｶｽｶﾞｲ
0142,ﾔﾏﾅｼﾁﾕｳｵｳ,310,ﾌｼﾞﾐ
0142,ﾔﾏﾅｼﾁﾕｳｵｳ,311,ﾋｶﾞｼﾔﾏﾅｼ
0142,ﾔﾏﾅｼﾁﾕｳｵｳ,312,ｶﾉｲﾜ
0142,ﾔﾏﾅｼﾁﾕｳｵｳ,351,ｲﾁｶﾜ
0142,ﾔﾏﾅｼﾁﾕｳｵｳ,353,ﾛｸｺﾞｳ
0142,ﾔﾏﾅｼﾁﾕｳｵｳ,354,ﾐﾉﾌﾞ
0142,ﾔﾏﾅｼﾁﾕｳｵｳ,355,ﾅﾝﾌﾞ
0142,ﾔﾏﾅｼﾁﾕｳｵｳ,356,ﾀﾄﾐ
0142,ﾔﾏﾅｼﾁﾕｳｵｳ,357,ｲﾀﾞｲﾏｴ
0142,ﾔﾏﾅｼﾁﾕｳｵｳ,401,ｶｼﾞｶｻﾞﾜ
0142,ﾔﾏﾅｼﾁﾕｳｵｳ,402,ｱｵﾔｷﾞ
0142,ﾔﾏﾅｼﾁﾕｳｵｳ,403,ｵｶﾞｻﾊﾗ
0142,ﾔﾏﾅｼﾁﾕｳｵｳ,404,ｼﾗﾈ
0142,ﾔﾏﾅｼﾁﾕｳｵｳ,405,ﾘﾕｳｵｳ
0142,ﾔﾏﾅｼﾁﾕｳｵｳ,406,ｼｷｼﾏ
0142,ﾔﾏﾅｼﾁﾕｳｵｳ,407,ｺｳｻｲ
0142,ﾔﾏﾅｼﾁﾕｳｵｳ,451,ﾆﾗｻｷ
0142,ﾔﾏﾅｼﾁﾕｳｵｳ,452,ｽﾀﾞﾏ
0142,ﾔﾏﾅｼﾁﾕｳｵｳ,453,ﾅｶﾞｻｶ
0142,ﾔﾏﾅｼﾁﾕｳｵｳ,454,ｺﾌﾞﾁｻﾞﾜ
0142,ﾔﾏﾅｼﾁﾕｳｵｳ,455,ﾌｼﾞｲ
0142,ﾔﾏﾅｼﾁﾕｳｵｳ,456,ﾊﾂﾀ
0142,ﾔﾏﾅｼﾁﾕｳｵｳ,457,ﾀｶﾈ
0142,ﾔﾏﾅｼﾁﾕｳｵｳ,458,ﾑｶﾜ
0142,ﾔﾏﾅｼﾁﾕｳｵｳ,501,ﾖｼﾀﾞ
0142,ﾔﾏﾅｼﾁﾕｳｵｳ,502,ﾔﾏﾅｶｺ
0142,ﾔﾏﾅｼﾁﾕｳｵｳ,503,ﾂﾙ
0142,ﾔﾏﾅｼﾁﾕｳｵｳ,504,ｵﾇﾏ
0142,ﾔﾏﾅｼﾁﾕｳｵｳ,505,ｱｽﾐ
0142,ﾔﾏﾅｼﾁﾕｳｵｳ,507,ｶﾜｸﾞﾁｺ
0142,ﾔﾏﾅｼﾁﾕｳｵｳ,508,ｺﾀﾞﾁ
0142,ﾔﾏﾅｼﾁﾕｳｵｳ,509,ｵｼﾉ
0142,ﾔﾏﾅｼﾁﾕｳｵｳ,510,ｶｾｲ
0142,ﾔﾏﾅｼﾁﾕｳｵｳ,514,ﾀﾂｶﾞｵｶ
0142,ﾔﾏﾅｼﾁﾕｳｵｳ,551,ｵｵﾂｷ
0142,ﾔﾏﾅｼﾁﾕｳｵｳ,552,ｻﾙﾊｼ
0142,ﾔﾏﾅｼﾁﾕｳｵｳ,553,ｳｴﾉﾊﾗ
0142,ﾔﾏﾅｼﾁﾕｳｵｳ,590,ｲﾝﾀ-ﾈﾂﾄﾌｼﾞｻﾝ
0143,ﾊﾁｼﾞﾕｳﾆﾅｶﾞﾉ,210,ﾎﾝﾃﾝ
0143,ﾊﾁｼﾞﾕｳﾆﾅｶﾞﾉ,211,ﾅｶﾞﾉ
0143,ﾊﾁｼﾞﾕｳﾆﾅｶﾞﾉ,212,ｹﾝﾁﾖｳﾅｲ
0143,ﾊﾁｼﾞﾕｳﾆﾅｶﾞﾉ,213,ﾀﾞｲﾓﾝﾁﾖｳ
0143,ﾊﾁｼﾞﾕｳﾆﾅｶﾞﾉ,214,ｼﾖｳﾜﾄﾞｵﾘ
0143,ﾊﾁｼﾞﾕｳﾆﾅｶﾞﾉ,215,ﾅｶﾞﾉｴｷﾏｴ
0143,ﾊﾁｼﾞﾕｳﾆﾅｶﾞﾉ,216,ﾅｶﾞﾉﾋｶﾞｼ
0143,ﾊﾁｼﾞﾕｳﾆﾅｶﾞﾉ,217,ﾅﾅｾ
0143,ﾊﾁｼﾞﾕｳﾆﾅｶﾞﾉ,218,ﾖｼﾀﾞ
0143,ﾊﾁｼﾞﾕｳﾆﾅｶﾞﾉ,219,ﾅｶﾞﾉﾐﾅﾐ
0143,ﾊﾁｼﾞﾕｳﾆﾅｶﾞﾉ,220,ﾅｶﾞﾉｷﾀ
0143,ﾊﾁｼﾞﾕｳﾆﾅｶﾞﾉ,221,ﾋｶﾞｼﾜﾀﾞ
0143,ﾊﾁｼﾞﾕｳﾆﾅｶﾞﾉ,222,ﾅｶﾞﾉｼﾔｸｼﾖ
0143,ﾊﾁｼﾞﾕｳﾆﾅｶﾞﾉ,225,ｱｻｶﾜﾜｶﾂｷ
0143,ﾊﾁｼﾞﾕｳﾆﾅｶﾞﾉ,226,ｱｻﾋ
0143,ﾊﾁｼﾞﾕｳﾆﾅｶﾞﾉ,227,ｶｻﾞﾏ
0143,ﾊﾁｼﾞﾕｳﾆﾅｶﾞﾉ,228,ｱﾓﾘ
0143,ﾊﾁｼﾞﾕｳﾆﾅｶﾞﾉ,229,ｻﾝｻｲ
0143,ﾊﾁｼﾞﾕｳﾆﾅｶﾞﾉ,231,ﾄﾖﾉ
0143,ﾊﾁｼﾞﾕｳﾆﾅｶﾞﾉ,232,ｼﾅﾉﾏﾁ
0143,ﾊﾁｼﾞﾕｳﾆﾅｶﾞﾉ,233,ｼﾝﾏﾁ
0143,ﾊﾁｼﾞﾕｳﾆﾅｶﾞﾉ,234,ﾜｶﾎ
0143,ﾊﾁｼﾞﾕｳﾆﾅｶﾞﾉ,237,ﾐﾅﾐﾅｶﾞｲｹ
0143,ﾊﾁｼﾞﾕｳﾆﾅｶﾞﾉ,250,ｽｻﾞｶｴｷﾏｴ
0143,ﾊﾁｼﾞﾕｳﾆﾅｶﾞﾉ,251,ｽｻﾞｶ
0143,ﾊﾁｼﾞﾕｳﾆﾅｶﾞﾉ,252,ｵﾌﾞｾ
0143,ﾊﾁｼﾞﾕｳﾆﾅｶﾞﾉ,253,ﾅｶﾉ
0143,ﾊﾁｼﾞﾕｳﾆﾅｶﾞﾉ,254,ﾔﾏﾉｳﾁ
0143,ﾊﾁｼﾞﾕｳﾆﾅｶﾞﾉ,255,ｲｲﾔﾏ
0143,ﾊﾁｼﾞﾕｳﾆﾅｶﾞﾉ,256,ｽｻﾞｶｼﾔｸｼﾖ
0143,ﾊﾁｼﾞﾕｳﾆﾅｶﾞﾉ,260,ﾅｶﾉﾆｼ
0143,ﾊﾁｼﾞﾕｳﾆﾅｶﾞﾉ,280,ｺｳﾎｸ
0143,ﾊﾁｼﾞﾕｳﾆﾅｶﾞﾉ,281,ｶﾜﾅｶｼﾞﾏ
0143,ﾊﾁｼﾞﾕｳﾆﾅｶﾞﾉ,282,ﾏﾂｼﾛ
0143,ﾊﾁｼﾞﾕｳﾆﾅｶﾞﾉ,283,ｼﾉﾉｲ
0143,ﾊﾁｼﾞﾕｳﾆﾅｶﾞﾉ,284,ｲﾅﾘﾔﾏ
0143,ﾊﾁｼﾞﾕｳﾆﾅｶﾞﾉ,285,ﾔｼﾛ
0143,ﾊﾁｼﾞﾕｳﾆﾅｶﾞﾉ,286,ｶﾐﾔﾏﾀﾞ
0143,ﾊﾁｼﾞﾕｳﾆﾅｶﾞﾉ,287,ﾄｸﾞﾗ
0143,ﾊﾁｼﾞﾕｳﾆﾅｶﾞﾉ,288,ｲﾏｲ
0143,ﾊﾁｼﾞﾕｳﾆﾅｶﾞﾉ,311,ｻｶｷ
0143,ﾊﾁｼﾞﾕｳﾆﾅｶﾞﾉ,312,ｳｴﾀﾞ
0143,ﾊﾁｼﾞﾕｳﾆﾅｶﾞﾉ,313,ｳｴﾀﾞﾋｶﾞｼ
0143,ﾊﾁｼﾞﾕｳﾆﾅｶﾞﾉ,315,ﾏﾙｺ
0143,ﾊﾁｼﾞﾕｳﾆﾅｶﾞﾉ,316,ﾀﾅｶ
0143,ﾊﾁｼﾞﾕｳﾆﾅｶﾞﾉ,317,ｳｴﾀﾞｼﾔｸｼﾖ
0143,ﾊﾁｼﾞﾕｳﾆﾅｶﾞﾉ,318,ﾐﾖｼﾁﾖｳ
0143,ﾊﾁｼﾞﾕｳﾆﾅｶﾞﾉ,319,ｼｵﾀﾞ
0143,ﾊﾁｼﾞﾕｳﾆﾅｶﾞﾉ,320,ﾊﾅｿﾞﾉ
0143,ﾊﾁｼﾞﾕｳﾆﾅｶﾞﾉ,322,ｶﾜﾆｼ
0143,ﾊﾁｼﾞﾕｳﾆﾅｶﾞﾉ,324,ｶﾐｼﾅ
0143,ﾊﾁｼﾞﾕｳﾆﾅｶﾞﾉ,325,ｻﾅﾀﾞ
0143,ﾊﾁｼﾞﾕｳﾆﾅｶﾞﾉ,351,ｺﾓﾛ
0143,ﾊﾁｼﾞﾕｳﾆﾅｶﾞﾉ,352,ﾅｶｶﾙｲｻﾞﾜ
0143,ﾊﾁｼﾞﾕｳﾆﾅｶﾞﾉ,353,ｶﾙｲｻﾞﾜ
0143,ﾊﾁｼﾞﾕｳﾆﾅｶﾞﾉ,354,ﾓﾁｽﾞｷ
0143,ﾊﾁｼﾞﾕｳﾆﾅｶﾞﾉ,381,ｲﾜﾑﾗﾀﾞ
0143,ﾊﾁｼﾞﾕｳﾆﾅｶﾞﾉ,382,ﾅｶｺﾞﾐ
0143,ﾊﾁｼﾞﾕｳﾆﾅｶﾞﾉ,383,ﾉｻﾞﾜ
0143,ﾊﾁｼﾞﾕｳﾆﾅｶﾞﾉ,384,ｳｽﾀﾞ
0143,ﾊﾁｼﾞﾕｳﾆﾅｶﾞﾉ,385,ｻｸﾎ
0143,ﾊﾁｼﾞﾕｳﾆﾅｶﾞﾉ,386,ｺｳﾐ
0143,ﾊﾁｼﾞﾕｳﾆﾅｶﾞﾉ,387,ｻｸｼﾔｸｼﾖ
0143,ﾊﾁｼﾞﾕｳﾆﾅｶﾞﾉ,388,ﾐﾖﾀ
0143,ﾊﾁｼﾞﾕｳﾆﾅｶﾞﾉ,389,ｻｸﾁﾕｳｵｳ
0143,ﾊﾁｼﾞﾕｳﾆﾅｶﾞﾉ,411,ﾏﾂﾓﾄ
0143,ﾊﾁｼﾞﾕｳﾆﾅｶﾞﾉ,412,ﾏﾂﾓﾄｴｷﾏｴ
0143,ﾊﾁｼﾞﾕｳﾆﾅｶﾞﾉ,414,ﾌｶｼ
0143,ﾊﾁｼﾞﾕｳﾆﾅｶﾞﾉ,415,ﾐﾅﾐﾏﾂﾓﾄ
0143,ﾊﾁｼﾞﾕｳﾆﾅｶﾞﾉ,416,ﾑﾗｲ
0143,ﾊﾁｼﾞﾕｳﾆﾅｶﾞﾉ,417,ﾋﾗﾀ
0143,ﾊﾁｼﾞﾕｳﾆﾅｶﾞﾉ,419,ﾏﾂﾓﾄｼﾔｸｼﾖ
0143,ﾊﾁｼﾞﾕｳﾆﾅｶﾞﾉ,420,ｺﾄﾌﾞｷ
0143,ﾊﾁｼﾞﾕｳﾆﾅｶﾞﾉ,421,ｼﾝｼﾕｳﾀﾞｲｶﾞｸﾏｴ
0143,ﾊﾁｼﾞﾕｳﾆﾅｶﾞﾉ,422,ｿｳｻﾞ
0143,ﾊﾁｼﾞﾕｳﾆﾅｶﾞﾉ,424,ｼﾐｽﾞ
0143,ﾊﾁｼﾞﾕｳﾆﾅｶﾞﾉ,425,ﾆｼﾏﾂﾓﾄ
0143,ﾊﾁｼﾞﾕｳﾆﾅｶﾞﾉ,428,ｻｻｶﾞ
0143,ﾊﾁｼﾞﾕｳﾆﾅｶﾞﾉ,429,ﾂｶﾏ
0143,ﾊﾁｼﾞﾕｳﾆﾅｶﾞﾉ,430,ﾏﾂﾓﾄﾅｷﾞｻ
0143,ﾊﾁｼﾞﾕｳﾆﾅｶﾞﾉ,431,ｱｻﾏｵﾝｾﾝ
0143,ﾊﾁｼﾞﾕｳﾆﾅｶﾞﾉ,432,ｱｶｼﾅ
0143,ﾊﾁｼﾞﾕｳﾆﾅｶﾞﾉ,433,ｼｵｼﾞﾘ
0143,ﾊﾁｼﾞﾕｳﾆﾅｶﾞﾉ,434,ｼｵｼﾞﾘﾆｼ
0143,ﾊﾁｼﾞﾕｳﾆﾅｶﾞﾉ,435,ﾋﾛｵｶ
0143,ﾊﾁｼﾞﾕｳﾆﾅｶﾞﾉ,436,ﾊﾀ
0143,ﾊﾁｼﾞﾕｳﾆﾅｶﾞﾉ,439,ﾋﾗｻﾜ
0143,ﾊﾁｼﾞﾕｳﾆﾅｶﾞﾉ,451,ﾌｸｼﾏ
0143,ﾊﾁｼﾞﾕｳﾆﾅｶﾞﾉ,452,ｱｹﾞﾏﾂ
0143,ﾊﾁｼﾞﾕｳﾆﾅｶﾞﾉ,453,ﾅｷﾞｿ
0143,ﾊﾁｼﾞﾕｳﾆﾅｶﾞﾉ,481,ﾐｻﾄ
0143,ﾊﾁｼﾞﾕｳﾆﾅｶﾞﾉ,482,ﾄﾖｼﾅ
0143,ﾊﾁｼﾞﾕｳﾆﾅｶﾞﾉ,483,ﾎﾀｶ
0143,ﾊﾁｼﾞﾕｳﾆﾅｶﾞﾉ,484,ｲｹﾀﾞ
0143,ﾊﾁｼﾞﾕｳﾆﾅｶﾞﾉ,485,ｵｵﾏﾁ
0143,ﾊﾁｼﾞﾕｳﾆﾅｶﾞﾉ,486,ﾊｸﾊﾞ
0143,ﾊﾁｼﾞﾕｳﾆﾅｶﾞﾉ,490,ｱｽﾞｻｶﾞﾜ
0143,ﾊﾁｼﾞﾕｳﾆﾅｶﾞﾉ,495,ｱﾂﾞﾐﾏﾂｶﾜ
0143,ﾊﾁｼﾞﾕｳﾆﾅｶﾞﾉ,511,ｵｶﾔ
0143,ﾊﾁｼﾞﾕｳﾆﾅｶﾞﾉ,514,ｼﾓｽﾜ
0143,ﾊﾁｼﾞﾕｳﾆﾅｶﾞﾉ,515,ｽﾜ
0143,ﾊﾁｼﾞﾕｳﾆﾅｶﾞﾉ,516,ｶﾐｽﾜｴｷﾏｴ
0143,ﾊﾁｼﾞﾕｳﾆﾅｶﾞﾉ,517,ｽﾜﾐﾅﾐ
0143,ﾊﾁｼﾞﾕｳﾆﾅｶﾞﾉ,518,ｵｻﾁ
0143,ﾊﾁｼﾞﾕｳﾆﾅｶﾞﾉ,525,ｵｶﾔｼﾔｸｼﾖ
0143,ﾊﾁｼﾞﾕｳﾆﾅｶﾞﾉ,531,ﾁﾉ
0143,ﾊﾁｼﾞﾕｳﾆﾅｶﾞﾉ,532,ﾌｼﾞﾐ
0143,ﾊﾁｼﾞﾕｳﾆﾅｶﾞﾉ,533,ﾁﾉｴｷﾏｴ
0143,ﾊﾁｼﾞﾕｳﾆﾅｶﾞﾉ,550,ｲﾅｼｴｷﾏｴ
0143,ﾊﾁｼﾞﾕｳﾆﾅｶﾞﾉ,551,ﾀﾂﾉ
0143,ﾊﾁｼﾞﾕｳﾆﾅｶﾞﾉ,552,ﾐﾉﾜ
0143,ﾊﾁｼﾞﾕｳﾆﾅｶﾞﾉ,553,ｲﾅ
0143,ﾊﾁｼﾞﾕｳﾆﾅｶﾞﾉ,554,ｲﾅｷﾀ
0143,ﾊﾁｼﾞﾕｳﾆﾅｶﾞﾉ,555,ﾀｶﾄｳ
0143,ﾊﾁｼﾞﾕｳﾆﾅｶﾞﾉ,556,ﾐﾔﾀﾞ
0143,ﾊﾁｼﾞﾕｳﾆﾅｶﾞﾉ,557,ｺﾏｶﾞﾈ
0143,ﾊﾁｼﾞﾕｳﾆﾅｶﾞﾉ,558,ｲｲｼﾞﾏ
0143,ﾊﾁｼﾞﾕｳﾆﾅｶﾞﾉ,559,ｲﾅｼﾔｸｼﾖ
0143,ﾊﾁｼﾞﾕｳﾆﾅｶﾞﾉ,565,ﾐﾅﾐﾐﾉﾜ
0143,ﾊﾁｼﾞﾕｳﾆﾅｶﾞﾉ,581,ﾏﾂｶﾜ
0143,ﾊﾁｼﾞﾕｳﾆﾅｶﾞﾉ,582,ｲﾁﾀﾞ
0143,ﾊﾁｼﾞﾕｳﾆﾅｶﾞﾉ,583,ｲｲﾀﾞ
0143,ﾊﾁｼﾞﾕｳﾆﾅｶﾞﾉ,584,ｲｲﾀﾞｴｷﾏｴ
0143,ﾊﾁｼﾞﾕｳﾆﾅｶﾞﾉ,585,ﾃﾝﾏﾁﾖｳ
0143,ﾊﾁｼﾞﾕｳﾆﾅｶﾞﾉ,586,ﾔﾜﾀ
0143,ﾊﾁｼﾞﾕｳﾆﾅｶﾞﾉ,588,ﾃﾝﾘﾕｳｷﾖｳ
0143,ﾊﾁｼﾞﾕｳﾆﾅｶﾞﾉ,589,ｶﾐｻﾄ
0143,ﾊﾁｼﾞﾕｳﾆﾅｶﾞﾉ,590,ｲｲﾀﾞﾋｶﾞｼ
0143,ﾊﾁｼﾞﾕｳﾆﾅｶﾞﾉ,591,ｶﾅｴ
0143,ﾊﾁｼﾞﾕｳﾆﾅｶﾞﾉ,592,ｲｶﾞﾗ
0143,ﾊﾁｼﾞﾕｳﾆﾅｶﾞﾉ,594,ｻｸﾗﾏﾁ
0143,ﾊﾁｼﾞﾕｳﾆﾅｶﾞﾉ,611,ﾄｳｷﾖｳ
0143,ﾊﾁｼﾞﾕｳﾆﾅｶﾞﾉ,612,ｼﾝｼﾞﾕｸ
0143,ﾊﾁｼﾞﾕｳﾆﾅｶﾞﾉ,613,ｲｹﾌﾞｸﾛ
0143,ﾊﾁｼﾞﾕｳﾆﾅｶﾞﾉ,614,ｱｵﾔﾏ
0143,ﾊﾁｼﾞﾕｳﾆﾅｶﾞﾉ,621,ﾊﾁｵｳｼﾞ
0143,ﾊﾁｼﾞﾕｳﾆﾅｶﾞﾉ,623,ﾐﾀｶ
0143,ﾊﾁｼﾞﾕｳﾆﾅｶﾞﾉ,631,ｵｵﾐﾔ
0143,ﾊﾁｼﾞﾕｳﾆﾅｶﾞﾉ,632,ｶﾜｺﾞｴ
0143,ﾊﾁｼﾞﾕｳﾆﾅｶﾞﾉ,633,ｸﾏｶﾞﾔ
0143,ﾊﾁｼﾞﾕｳﾆﾅｶﾞﾉ,637,ﾄｺﾛｻﾞﾜ
0143,ﾊﾁｼﾞﾕｳﾆﾅｶﾞﾉ,638,ｶﾜｸﾞﾁ
0143,ﾊﾁｼﾞﾕｳﾆﾅｶﾞﾉ,641,ﾀｶｻｷ
0143,ﾊﾁｼﾞﾕｳﾆﾅｶﾞﾉ,644,ｵｵﾀ
0143,ﾊﾁｼﾞﾕｳﾆﾅｶﾞﾉ,711,ﾅｺﾞﾔ
0143,ﾊﾁｼﾞﾕｳﾆﾅｶﾞﾉ,721,ﾅｶﾂｶﾞﾜ
0143,ﾊﾁｼﾞﾕｳﾆﾅｶﾞﾉ,751,ｵｵｻｶ
0143,ﾊﾁｼﾞﾕｳﾆﾅｶﾞﾉ,811,ｱﾗｲ
0143,ﾊﾁｼﾞﾕｳﾆﾅｶﾞﾉ,812,ﾀｶﾀﾞ
0143,ﾊﾁｼﾞﾕｳﾆﾅｶﾞﾉ,813,ﾅｵｴﾂ
0143,ﾊﾁｼﾞﾕｳﾆﾅｶﾞﾉ,814,ｶﾀﾏﾁ
0143,ﾊﾁｼﾞﾕｳﾆﾅｶﾞﾉ,831,ﾃｲｹｲｴ-ﾃｲ-ｴﾑ
0143,ﾊﾁｼﾞﾕｳﾆﾅｶﾞﾉ,832,ﾀﾞｲｲﾁﾌﾘｺﾐ
0144,ﾎｸﾘｸ,095,ｺﾝﾋﾞﾆATM
0144,ﾎｸﾘｸ,101,ﾎﾝﾃﾝ
0144,ﾎｸﾘｸ,102,ｱﾗﾏﾁ
0144,ﾎｸﾘｸ,103,ﾃﾞﾝｷﾋﾞﾙ
0144,ﾎｸﾘｸ,104,ﾄﾔﾏｴｷﾏｴ
0144,ﾎｸﾘｸ,105,ｷﾖｳﾎｸ
0144,ﾎｸﾘｸ,106,ｹﾝﾁﾖｳﾅｲ
0144,ﾎｸﾘｸ,107,ﾄﾔﾏﾏﾙﾉｳﾁ
0144,ﾎｸﾘｸ,108,ｴﾁｾﾞﾝﾏﾁ
0144,ﾎｸﾘｸ,109,ﾅｶﾉ
0144,ﾎｸﾘｸ,110,ﾎﾘｶﾜ
0144,ﾎｸﾘｸ,111,ｼﾐｽﾞﾏﾁ
0144,ﾎｸﾘｸ,112,ｼﾝｼﾞﾖｳ
0144,ﾎｸﾘｸ,113,ｲﾅﾘﾏﾁ
0144,ﾎｸﾘｸ,114,ｲﾜｾ
0144,ﾎｸﾘｸ,115,ｵｸﾀﾞ
0144,ﾎｸﾘｸ,116,ﾑｺｳｶﾞﾜﾗﾏﾁ
0144,ﾎｸﾘｸ,117,ﾖｶﾀ
0144,ﾎｸﾘｸ,118,ﾊﾔﾎｼ
0144,ﾎｸﾘｸ,119,ﾔﾂｵ
0144,ﾎｸﾘｸ,120,ｸﾚﾊ
0144,ﾎｸﾘｸ,121,ｵｵｻﾜﾉ
0144,ﾎｸﾘｸ,123,ｶﾐﾀﾞｷ
0144,ﾎｸﾘｸ,124,ｳｵﾂﾞ
0144,ﾎｸﾘｸ,126,ﾅﾒﾘｶﾜ
0144,ﾎｸﾘｸ,127,ﾐｽﾞﾊｼ
0144,ﾎｸﾘｸ,128,ｶﾐｲﾁ
0144,ﾎｸﾘｸ,129,ﾀﾃﾔﾏ
0144,ﾎｸﾘｸ,130,ｸﾛﾍﾞ
0144,ﾎｸﾘｸ,131,ｳﾅﾂﾞｷ
0144,ﾎｸﾘｸ,132,ｲｸﾁﾞ
0144,ﾎｸﾘｸ,133,ﾆﾕｳｾﾞﾝ
0144,ﾎｸﾘｸ,134,ﾄﾏﾘ
0144,ﾎｸﾘｸ,135,ﾄﾔﾏｲﾁﾊﾞ
0144,ﾎｸﾘｸ,136,ﾀｶﾊﾗﾏﾁ
0144,ﾎｸﾘｸ,137,ｳｵﾂﾞｴｷﾏｴ
0144,ﾎｸﾘｸ,138,ﾌｼﾞﾉｷ
0144,ﾎｸﾘｸ,139,ﾄﾔﾏﾄｲﾔﾏﾁ
0144,ﾎｸﾘｸ,140,ｺﾞﾌｸ
0144,ﾎｸﾘｸ,141,ﾄﾖﾀ
0144,ﾎｸﾘｸ,143,ｸﾏﾉ
0144,ﾎｸﾘｸ,144,ﾐﾅﾐﾄﾔﾏ
0144,ﾎｸﾘｸ,145,ﾆｼﾃﾞﾝﾁﾞｶﾞﾀ
0144,ﾎｸﾘｸ,147,ﾄﾔﾏｼﾐﾝﾋﾞﾖｳｲﾝ
0144,ﾎｸﾘｸ,148,ﾂｷｵｶ
0144,ﾎｸﾘｸ,151,YKK
0144,ﾎｸﾘｸ,152,ﾅｶｼﾞﾏ
0144,ﾎｸﾘｸ,157,ﾎｸﾃﾞﾝﾋﾞﾙ
0144,ﾎｸﾘｸ,158,ｷﾝｾﾝｼﾞ
0144,ﾎｸﾘｸ,159,ﾄﾔﾏﾐﾅﾐﾁﾕｳｵｳ
0144,ﾎｸﾘｸ,160,ﾋｶﾞｼﾄﾔﾏ
0144,ﾎｸﾘｸ,163,ﾎｸｷﾞﾝﾀﾞｲﾚｸﾄ
0144,ﾎｸﾘｸ,164,ｼﾞﾝﾂﾞｳ
0144,ﾎｸﾘｸ,191,ﾄﾔﾏｼﾔｸｼﾖ
0144,ﾎｸﾘｸ,192,ﾁﾕｳｵｳﾋﾞﾖｳｲﾝ
0144,ﾎｸﾘｸ,201,ﾀｶｵｶ
0144,ﾎｸﾘｸ,203,ｼﾖｳﾜﾄﾞｵﾘ
0144,ﾎｸﾘｸ,206,ﾀｶｵｶﾋﾛｺｳｼﾞ
0144,ﾎｸﾘｸ,207,ﾀｶｵｶｴｷﾏｴ
0144,ﾎｸﾘｸ,208,ﾌｼｷ
0144,ﾎｸﾘｸ,210,ｼﾝﾐﾅﾄ
0144,ﾎｸﾘｸ,212,ﾎﾘｵｶ
0144,ﾎｸﾘｸ,213,ﾀﾞｲﾓﾝ
0144,ﾎｸﾘｸ,214,ｺｽｷﾞ
0144,ﾎｸﾘｸ,215,ﾋﾐ
0144,ﾎｸﾘｸ,217,ﾄﾅﾐ
0144,ﾎｸﾘｸ,218,ﾄｲﾃﾞ
0144,ﾎｸﾘｸ,219,ﾅｶﾀﾞ
0144,ﾎｸﾘｸ,220,ﾌｸｵｶ
0144,ﾎｸﾘｸ,221,ｲｽﾙｷﾞ
0144,ﾎｸﾘｸ,222,ﾂｻﾞﾜ
0144,ﾎｸﾘｸ,223,ﾌｸﾉ
0144,ﾎｸﾘｸ,224,ｲﾅﾐ
0144,ﾎｸﾘｸ,226,ﾌｸﾐﾂ
0144,ﾎｸﾘｸ,227,ｼﾞﾖｳﾊﾅ
0144,ﾎｸﾘｸ,228,ﾀｶｵｶﾐﾅﾐﾁﾕｳｵｳ
0144,ﾎｸﾘｸ,229,ｼﾝﾐﾅﾄﾆｼ
0144,ﾎｸﾘｸ,230,ﾀｶｵｶｼﾐｽﾞﾁﾖｳ
0144,ﾎｸﾘｸ,231,ﾉﾑﾗ
0144,ﾎｸﾘｸ,232,ﾆｼﾀｶｵｶ
0144,ﾎｸﾘｸ,234,ｼﾖｳｶﾞﾜ
0144,ﾎｸﾘｸ,235,ﾉｳﾏﾁ
0144,ﾎｸﾘｸ,236,ﾊﾋﾞﾛ
0144,ﾎｸﾘｸ,238,ｵｵｼﾏ
0144,ﾎｸﾘｸ,291,ﾀｶｵｶｿｳｺﾞｳｲﾁﾊﾞ
0144,ﾎｸﾘｸ,292,ﾀｲｺｳﾔﾏ
0144,ﾎｸﾘｸ,293,ﾀｶｵｶｼﾔｸｼﾖ
0144,ﾎｸﾘｸ,301,ｶﾅｻﾞﾜ
0144,ﾎｸﾘｸ,303,ﾋｶﾞｼｵｵﾄﾞｵﾘ
0144,ﾎｸﾘｸ,304,ﾊﾅﾌｻﾁﾖｳ
0144,ﾎｸﾘｸ,305,ｶﾅｻﾞﾜｴｷﾏｴ
0144,ﾎｸﾘｸ,307,ﾊｼﾊﾞ
0144,ﾎｸﾘｸ,308,ｹﾝｻｶﾂｼﾞ
0144,ﾎｸﾘｸ,309,ｺﾀﾞﾂﾉ
0144,ﾎｸﾘｸ,310,ﾉﾏﾁ
0144,ﾎｸﾘｸ,311,ｻｲｶﾞﾜ
0144,ﾎｸﾘｸ,312,ﾂﾊﾞﾀ
0144,ﾎｸﾘｸ,313,ｶﾎｸ
0144,ﾎｸﾘｸ,314,ｺﾏﾂ
0144,ﾎｸﾘｸ,315,ｺﾏﾂﾐﾅﾐ
0144,ﾎｸﾘｸ,316,ﾐｶﾜ
0144,ﾎｸﾘｸ,317,ﾀﾞｲｼﾖｳｼﾞ
0144,ﾎｸﾘｸ,318,ﾔﾏｼﾛ
0144,ﾎｸﾘｸ,319,ﾔﾏﾅｶ
0144,ﾎｸﾘｸ,320,ﾅﾅｵ
0144,ﾎｸﾘｸ,322,ﾊｸｲ
0144,ﾎｸﾘｸ,323,ﾜｼﾞﾏ
0144,ﾎｸﾘｸ,324,ｽｽﾞ
0144,ﾎｸﾘｸ,325,ｶﾅｻﾞﾜﾄｲﾔﾏﾁ
0144,ﾎｸﾘｸ,326,ｲｽﾞﾐﾉ
0144,ﾎｸﾘｸ,327,ｶﾅｻﾞﾜﾁﾕｳｵｳ
0144,ﾎｸﾘｸ,328,ﾉﾉｲﾁ
0144,ﾎｸﾘｸ,330,ｼﾝｶﾝﾀﾞ
0144,ﾎｸﾘｸ,331,ﾏﾂﾄｳ
0144,ﾎｸﾘｸ,332,ﾆｼｶﾅｻﾞﾜ
0144,ﾎｸﾘｸ,333,ﾋｶﾘｶﾞｵｶ
0144,ﾎｸﾘｸ,334,ﾉﾐ
0144,ﾎｸﾘｸ,335,ﾋｶﾞｼｶﾅｻﾞﾜ
0144,ﾎｸﾘｸ,336,ﾀﾞｲﾄｸ
0144,ﾎｸﾘｸ,337,ｶﾅｻﾞﾜﾆｼｲﾝﾀ-
0144,ﾎｸﾘｸ,339,ｶﾅｻﾞﾜﾐﾅﾐﾁﾕｳｵｳ
0144,ﾎｸﾘｸ,341,ﾓﾘﾉｻﾄ
0144,ﾎｸﾘｸ,401,ﾌｸｲ
0144,ﾎｸﾘｸ,402,ﾌｸｲｴｷﾏｴ
0144,ﾎｸﾘｸ,403,ﾌｸｲﾏﾂﾓﾄ
0144,ﾎｸﾘｸ,404,ﾌｸｲﾆｼﾁﾕｳｵｳ
0144,ﾎｸﾘｸ,405,ｷﾀﾞ
0144,ﾎｸﾘｸ,406,ｶﾅﾂﾞ
0144,ﾎｸﾘｸ,407,ｱﾜﾗ
0144,ﾎｸﾘｸ,408,ﾐｸﾆ
0144,ﾎｸﾘｸ,410,ｶﾂﾔﾏ
0144,ﾎｸﾘｸ,411,ｵｵﾉ
0144,ﾎｸﾘｸ,412,ﾀｹﾌ
0144,ﾎｸﾘｸ,413,ｻﾊﾞｴ
0144,ﾎｸﾘｸ,414,ｲﾏﾀﾞﾃ
0144,ﾎｸﾘｸ,415,ﾂﾙｶﾞ
0144,ﾎｸﾘｸ,416,ﾌｸｲﾋｶﾞｼ
0144,ﾎｸﾘｸ,417,ﾂﾙｶﾞﾆｼ
0144,ﾎｸﾘｸ,419,ﾆﾉﾐﾔ
0144,ﾎｸﾘｸ,420,ｶｲﾎﾂ
0144,ﾎｸﾘｸ,421,ﾊﾅﾝﾄﾞｳ
0144,ﾎｸﾘｸ,422,ﾖﾈﾏﾂ
0144,ﾎｸﾘｸ,423,ｼﾝﾒｲ
0144,ﾎｸﾘｸ,424,ﾀｹﾌﾋｶﾞｼ
0144,ﾎｸﾘｸ,501,ｻﾂﾎﾟﾛ
0144,ﾎｸﾘｸ,502,ﾅｴﾎﾞ
0144,ﾎｸﾘｸ,503,ﾄﾖﾋﾗ
0144,ﾎｸﾘｸ,504,ｴﾍﾞﾂ
0144,ﾎｸﾘｸ,505,ﾊｺﾀﾞﾃ
0144,ﾎｸﾘｸ,509,ｵﾀﾙ
0144,ﾎｸﾘｸ,510,ｵｸｻﾜ
0144,ﾎｸﾘｸ,512,ｱｻﾋｶﾜ
0144,ﾎｸﾘｸ,518,ｸｼﾛ
0144,ﾎｸﾘｸ,520,ｵﾋﾞﾋﾛ
0144,ﾎｸﾘｸ,521,ｺﾄﾆ
0144,ﾎｸﾘｸ,522,ｺﾞﾘﾖｳｶｸ
0144,ﾎｸﾘｸ,523,ﾄﾏｺﾏｲ
0144,ﾎｸﾘｸ,524,ｱｻﾌﾞ
0144,ﾎｸﾘｸ,525,ﾆｼｵｶ
0144,ﾎｸﾘｸ,526,ｼﾛｲｼ
0144,ﾎｸﾘｸ,527,ﾊｺﾀﾞﾃﾋｶﾞｼ
0144,ﾎｸﾘｸ,529,ﾓﾄﾏﾁ
0144,ﾎｸﾘｸ,591,ﾋｶﾞｼｼﾉﾛ
0144,ﾎｸﾘｸ,601,ﾄｳｷﾖｳ
0144,ﾎｸﾘｸ,602,ｱｻｸｻ
0144,ﾎｸﾘｸ,604,ﾖｺﾊﾏ
0144,ﾎｸﾘｸ,605,ﾆｲｶﾞﾀ
0144,ﾎｸﾘｸ,606,ﾅｶﾞﾉ
0144,ﾎｸﾘｸ,607,ｼﾝｼﾞﾕｸ
0144,ﾎｸﾘｸ,609,ｼﾌﾞﾔ
0144,ﾎｸﾘｸ,610,ｳｴﾉ
0144,ﾎｸﾘｸ,612,ﾊｸｻﾝ
0144,ﾎｸﾘｸ,615,ｺｸｻｲｼﾞﾑｾﾝﾀ-
0144,ﾎｸﾘｸ,701,ﾅｺﾞﾔ
0144,ﾎｸﾘｸ,702,ｶﾅﾔﾏﾊﾞｼ
0144,ﾎｸﾘｸ,703,ﾅｶﾑﾗ
0144,ﾎｸﾘｸ,704,ﾀｶﾔﾏ
0144,ﾎｸﾘｸ,801,ｵｵｻｶ
0144,ﾎｸﾘｸ,802,ｲﾏｻﾞﾄ
0144,ﾎｸﾘｸ,804,ｷﾖｳﾄ
0144,ﾎｸﾘｸ,806,ﾋﾗﾉ
0144,ﾎｸﾘｸ,870,ﾗｲﾁﾖｳ
0145,ﾄﾔﾏ,011,ﾎﾝﾃﾝ
0145,ﾄﾔﾏ,014,ｶﾓｼﾞﾏ
0145,ﾄﾔﾏ,015,ﾖｺﾀ
0145,ﾄﾔﾏ,016,ｴｷﾅﾝ
0145,ﾄﾔﾏ,017,ﾉﾑﾗ
0145,ﾄﾔﾏ,018,ｾｲﾋﾞ
0145,ﾄﾔﾏ,019,ｱｻﾋｶﾞｵｶ
0145,ﾄﾔﾏ,021,ｼﾝﾐﾅﾄ
0145,ﾄﾔﾏ,022,ﾋﾐ
0145,ﾄﾔﾏ,023,ｲｽﾙｷﾞ
0145,ﾄﾔﾏ,024,ﾄﾅﾐ
0145,ﾄﾔﾏ,025,ｲﾅﾐ
0145,ﾄﾔﾏ,026,ｼﾖｳｶﾞﾜ
0145,ﾄﾔﾏ,027,ｼﾞﾖｳﾊﾅ
0145,ﾄﾔﾏ,028,ｺｽｷﾞ
0145,ﾄﾔﾏ,029,ﾌｸｵｶ
0145,ﾄﾔﾏ,031,ﾄﾔﾏ
0145,ﾄﾔﾏ,032,ﾄﾔﾏｴｷﾏｴ
0145,ﾄﾔﾏ,033,ﾔﾅｷﾞﾏﾁ
0145,ﾄﾔﾏ,034,ｽﾜｶﾞﾜﾗ
0145,ﾄﾔﾏ,035,ｵｸﾀﾞ
0145,ﾄﾔﾏ,036,ﾎﾘｶﾜ
0145,ﾄﾔﾏ,037,ｼﾝｼﾞﾖｳ
0145,ﾄﾔﾏ,038,ｺﾞﾌｸ
0145,ﾄﾔﾏ,039,ﾅｶｼﾞﾏ
0145,ﾄﾔﾏ,041,ｸﾛﾍﾞ
0145,ﾄﾔﾏ,042,ｳｵﾂﾞ
0145,ﾄﾔﾏ,043,ﾅﾒﾘｶﾜ
0145,ﾄﾔﾏ,044,ｶﾐｲﾁ
0145,ﾄﾔﾏ,045,ﾌﾁﾕｳ
0145,ﾄﾔﾏ,046,ﾆﾕｳｾﾞﾝ
0145,ﾄﾔﾏ,047,ﾀﾃﾔﾏ
0145,ﾄﾔﾏ,048,ｵｵｻﾜﾉ
0145,ﾄﾔﾏ,049,ﾔﾂｵ
0145,ﾄﾔﾏ,051,ﾌｼﾞｺｼﾏﾁ
0145,ﾄﾔﾏ,071,ﾄﾅﾐﾁﾕ-ﾘﾂﾌﾟ
0145,ﾄﾔﾏ,072,ﾌｸﾐﾂ
0145,ﾄﾔﾏ,073,ﾌｸﾐﾂﾁﾕｳｵｳ
0145,ﾄﾔﾏ,101,ｶﾅｻﾞﾜ
0146,ﾎﾂｺｸ,101,ﾎﾝﾃﾝ
0146,ﾎﾂｺｸ,102,ﾑｻｼｶﾞﾂｼﾞ
0146,ﾎﾂｺｸ,103,ｹﾝﾁﾖｳ
0146,ﾎﾂｺｸ,104,ｺｳﾘﾝﾎﾞｳ
0146,ﾎﾂｺｸ,105,ｶﾀﾏﾁ
0146,ﾎﾂｺｸ,106,ﾉﾏﾁ
0146,ﾎﾂｺｸ,107,ｲｽﾞﾐ
0146,ﾎﾂｺｸ,108,ﾃﾗﾏﾁ
0146,ﾎﾂｺｸ,109,ﾉﾀﾞ
0146,ﾎﾂｺｸ,111,ﾊﾅﾌｻﾁﾖｳ
0146,ﾎﾂｺｸ,112,ｻｲｶﾞﾜﾁﾕｳｵｳ
0146,ﾎﾂｺｸ,114,ｶﾅｻﾞﾜｴｷﾏｴ
0146,ﾎﾂｺｸ,115,ｶｻｲﾁ
0146,ﾎﾂｺｸ,116,ｶﾅｲﾜ
0146,ﾎﾂｺｸ,117,ﾄｲﾔﾏﾁ
0146,ﾎﾂｺｸ,118,ｱｻﾉｶﾞﾜ
0146,ﾎﾂｺｸ,119,ｶﾅｻﾞﾜｼﾞﾖｳﾎｸ
0146,ﾎﾂｺｸ,121,ｺﾀﾞﾂﾉ
0146,ﾎﾂｺｸ,122,ｹﾝｻｶﾂｼﾞ
0146,ﾎﾂｺｸ,123,ﾓﾘﾓﾄ
0146,ﾎﾂｺｸ,124,ｴﾝｺｳｼﾞ
0146,ﾎﾂｺｸ,125,ｳﾁﾅﾀﾞ
0146,ﾎﾂｺｸ,126,ｼﾞﾖｳﾅﾝ
0146,ﾎﾂｺｸ,127,ｵｵｸﾜﾊﾞｼ
0146,ﾎﾂｺｸ,128,ﾀﾞｲﾄｸ
0146,ﾎﾂｺｸ,129,ｶﾅｻﾞﾜｾｲﾌﾞ
0146,ﾎﾂｺｸ,130,ﾌｼﾐﾀﾞｲ
0146,ﾎﾂｺｸ,131,ﾆｼｶﾅｻﾞﾜ
0146,ﾎﾂｺｸ,132,ﾇｶ
0146,ﾎﾂｺｸ,133,ｷﾀﾔｽｴ
0146,ﾎﾂｺｸ,134,ﾅﾙﾜ
0146,ﾎﾂｺｸ,136,ｱｻﾋﾏﾁ
0146,ﾎﾂｺｸ,137,ﾏｽｲｽﾞﾐ
0146,ﾎﾂｺｸ,138,ｳﾁﾅﾀﾞﾀﾞｲｶﾞｸﾄﾞｵﾘ
0146,ﾎﾂｺｸ,139,ﾀｶｵ
0146,ﾎﾂｺｸ,140,ﾎｺﾞﾏﾁ
0146,ﾎﾂｺｸ,143,ﾐﾄﾞﾘ
0146,ﾎﾂｺｸ,144,ﾀﾏﾎﾞｺ
0146,ﾎﾂｺｸ,147,ﾐｽﾞｷ
0146,ﾎﾂｺｸ,151,ﾎﾂｺｸｼﾝﾌﾞﾝｼﾔ
0146,ﾎﾂｺｸ,154,ﾖｳｶｲﾁ
0146,ﾎﾂｺｸ,155,ｶﾐﾔﾁ
0146,ﾎﾂｺｸ,158,ﾓﾘﾉｻﾄ
0146,ﾎﾂｺｸ,159,ｵｼﾉ
0146,ﾎﾂｺｸ,191,ﾁﾕｳｵｳｲﾁﾊﾞ
0146,ﾎﾂｺｸ,192,ｶﾅｻﾞﾜｼﾔｸｼﾖ
0146,ﾎﾂｺｸ,201,ﾀﾞｲｼﾖｳｼﾞ
0146,ﾎﾂｺｸ,202,ﾔﾏﾅｶ
0146,ﾎﾂｺｸ,203,ﾔﾏｼﾛ
0146,ﾎﾂｺｸ,204,ｲﾌﾞﾘﾊﾞｼ
0146,ﾎﾂｺｸ,205,ｶﾀﾔﾏﾂﾞ
0146,ﾎﾂｺｸ,206,ｺﾏﾂ
0146,ﾎﾂｺｸ,208,ｺﾏﾂﾁﾕｳｵｳ
0146,ﾎﾂｺｸ,212,ｱﾜﾂﾞｴｷﾏｴ
0146,ﾎﾂｺｸ,215,ﾈｱｶﾞﾘ
0146,ﾎﾂｺｸ,216,ﾃﾗｲ
0146,ﾎﾂｺｸ,217,ﾀﾂﾉｸﾁ
0146,ﾎﾂｺｸ,218,ﾏﾂﾄｳ
0146,ﾎﾂｺｸ,219,ﾂﾙｷﾞ
0146,ﾎﾂｺｸ,220,ﾐｶﾜ
0146,ﾎﾂｺｸ,221,ﾉﾉｲﾁ
0146,ﾎﾂｺｸ,222,ｶﾙﾐ
0146,ﾎﾂｺｸ,224,ﾏﾂｶﾞｵｶ
0146,ﾎﾂｺｸ,226,ﾏﾂﾄｳｷﾀ
0146,ﾎﾂｺｸ,227,ｱﾜﾀﾞ
0146,ﾎﾂｺｸ,229,ｺﾏﾂﾐﾅﾐ
0146,ﾎﾂｺｸ,231,ｶﾜｷﾀ
0146,ﾎﾂｺｸ,291,ｺﾏﾂﾋｶﾞｼ
0146,ﾎﾂｺｸ,301,ﾂﾊﾞﾀ
0146,ﾎﾂｺｸ,302,ｳﾉｹ
0146,ﾎﾂｺｸ,304,ﾅﾅﾂｶ
0146,ﾎﾂｺｸ,305,ﾀｶﾏﾂ
0146,ﾎﾂｺｸ,306,ﾊｸｲ
0146,ﾎﾂｺｸ,308,ｵｼﾐｽﾞ
0146,ﾎﾂｺｸ,310,ﾀｶﾊﾏ
0146,ﾎﾂｺｸ,311,ﾄｷﾞ
0146,ﾎﾂｺｸ,312,ﾅﾅｵ
0146,ﾎﾂｺｸ,315,ﾅｶﾉﾄ
0146,ﾎﾂｺｸ,317,ｶｼﾞﾏﾁ
0146,ﾎﾂｺｸ,319,ﾜｸﾗ
0146,ﾎﾂｺｸ,322,ﾅｶｼﾞﾏ
0146,ﾎﾂｺｸ,323,ﾜｼﾞﾏ
0146,ﾎﾂｺｸ,324,ｱﾅﾐｽﾞ
0146,ﾎﾂｺｸ,325,ﾓﾝｾﾞﾝ
0146,ﾎﾂｺｸ,329,ｽｽﾞ
0146,ﾎﾂｺｸ,330,ｳｼﾂ
0146,ﾎﾂｺｸ,334,ﾏﾂﾅﾐ
0146,ﾎﾂｺｸ,401,ﾀｶｵｶ
0146,ﾎﾂｺｸ,402,ｲｽﾙｷﾞ
0146,ﾎﾂｺｸ,403,ｼﾝﾐﾅﾄ
0146,ﾎﾂｺｸ,404,ﾋﾐ
0146,ﾎﾂｺｸ,405,ﾄﾔﾏ
0146,ﾎﾂｺｸ,407,ﾄﾔﾏﾐﾅﾐ
0146,ﾎﾂｺｸ,408,ｴｷﾅﾝ
0146,ﾎﾂｺｸ,410,ﾄﾅﾐ
0146,ﾎﾂｺｸ,411,ﾄﾔﾏﾄｳﾌﾞ
0146,ﾎﾂｺｸ,412,ｳｵﾂﾞ
0146,ﾎﾂｺｸ,413,ﾅﾝﾄ
0146,ﾎﾂｺｸ,501,ﾌｸｲ
0146,ﾎﾂｺｸ,503,ﾌｸｲﾎｸﾌﾞ
0146,ﾎﾂｺｸ,504,ﾀﾝﾅﾝ
0146,ﾎﾂｺｸ,550,ﾊﾞ-ｽﾄｳｶﾂ
0146,ﾎﾂｺｸ,551,ﾌｲﾝｻ-
0146,ﾎﾂｺｸ,601,ｵｵｻｶ
0146,ﾎﾂｺｸ,602,ﾄｳｷﾖｳ
0146,ﾎﾂｺｸ,603,ﾅｺﾞﾔ
0146,ﾎﾂｺｸ,615,ﾁﾔﾈﾙﾄｳｶﾂ
0147,ﾌｸｲ,002,ﾀﾞｲﾆ
0147,ﾌｸｲ,007,ﾌｴﾆﾂｸｽﾄﾞｵﾘ
0147,ﾌｸｲ,008,ﾋﾉﾃﾞ
0147,ﾌｸｲ,009,ﾆﾂﾀﾂﾞｶﾁﾕｳｵｳ
0147,ﾌｸｲ,010,ﾜｶｽｷﾞ
0147,ﾌｸｲ,020,ﾎﾘﾉﾐﾔﾁﾕｳｵｳ
0147,ﾌｸｲ,030,ｾｲﾜ
0147,ﾌｸｲ,040,ﾀｶｷﾞ
0147,ﾌｸｲ,048,ﾌﾘｺﾐｾﾝﾖｳ
0147,ﾌｸｲ,050,ﾓﾘﾀﾁﾕｳｵｳ
0147,ﾌｸｲ,074,ｶｽｶﾞﾁﾕｳｵｳ
0147,ﾌｸｲ,100,ﾎﾝﾃﾝ
0147,ﾌｸｲ,101,ﾌｸｲﾁﾕｳｵｳ
0147,ﾌｸｲ,104,ｶｹﾞﾂ
0147,ﾌｸｲ,105,ﾀﾜﾗﾏﾁ
0147,ﾌｸｲ,106,ﾏﾂﾓﾄ
0147,ﾌｸｲ,109,ｻｸﾗﾄﾞｵﾘ
0147,ﾌｸｲ,110,ﾊﾙｴﾁﾕｳｵｳ
0147,ﾌｸｲ,112,ｶﾂﾐ
0147,ﾌｸｲ,114,ｷﾀﾞ
0147,ﾌｸｲ,115,ﾊﾅﾝﾄﾞｳ
0147,ﾌｸｲ,116,ｷﾖｳﾅﾝ
0147,ﾌｸｲ,117,ﾓﾘﾀﾞ
0147,ﾌｸｲ,118,ｶﾜﾆｼ
0147,ﾌｸｲ,120,ﾐｸﾆﾁﾕｳｵｳ
0147,ﾌｸｲ,121,ﾄｳｺﾞｳ
0147,ﾌｸｲ,122,ﾏﾂｵｶ
0147,ﾌｸｲ,123,ｲﾏｲﾁ
0147,ﾌｸｲ,125,ｵｵﾜﾀﾞ
0147,ﾌｸｲ,127,ﾁﾕｳｵｳｲﾁﾊﾞ
0147,ﾌｸｲ,128,ﾌｸｲｼﾔｸｼﾖ
0147,ﾌｸｲ,130,ｶﾅﾂﾞﾁﾕｳｵｳ
0147,ﾌｸｲ,131,ﾌﾞﾝｷﾖｳ
0147,ﾌｸｲ,133,ｼﾐｽﾞﾁﾖｳ
0147,ﾌｸｲ,134,ﾆﾂﾀﾂﾞｶ
0147,ﾌｸｲ,136,ｹﾝﾁﾖｳ
0147,ﾌｸｲ,138,ｼﾝﾎﾞ
0147,ﾌｸｲ,139,ｲﾀｶﾞｷ
0147,ﾌｸｲ,140,ﾏﾙｵｶﾁﾕｳｵｳ
0147,ﾌｸｲ,141,ｶﾞｸｴﾝ
0147,ﾌｸｲ,143,ﾌｸｲｲﾀﾞｲ
0147,ﾌｸｲ,144,ﾀﾅｲｹ
0147,ﾌｸｲ,146,ｲｲﾂﾞｶ
0147,ﾌｸｲ,147,ｷﾖｳﾃﾞﾝ
0147,ﾌｸｲ,150,ﾏﾂｵｶﾁﾕｳｵｳ
0147,ﾌｸｲ,160,ｶﾂﾔﾏﾁﾕｳｵｳ
0147,ﾌｸｲ,170,ｵｵﾉﾁﾕｳｵｳ
0147,ﾌｸｲ,175,ﾔｼﾛ
0147,ﾌｸｲ,176,ﾊﾅﾝﾄﾞｳﾁﾕｳｵｳ
0147,ﾌｸｲ,177,ｶｲﾎﾂ
0147,ﾌｸｲ,191,ｼﾞﾕﾗﾁﾂｸｵｳｺｸ
0147,ﾌｸｲ,200,ｻﾊﾞｴ
0147,ﾌｸｲ,202,ｼﾝﾒｲ
0147,ﾌｸｲ,203,ｶﾜﾀﾞ
0147,ﾌｸｲ,204,ｽﾐﾖｼ
0147,ﾌｸｲ,207,ﾋｶﾞｼｻﾊﾞｴ
0147,ﾌｸｲ,210,ｻﾊﾞｴﾁﾕｳｵｳ
0147,ﾌｸｲ,211,ｱｻﾋﾁﾖｳ
0147,ﾌｸｲ,212,ｵﾀﾞ
0147,ﾌｸｲ,213,ｴﾁｾﾞﾝﾁﾖｳ
0147,ﾌｸｲ,217,ｼﾝﾒｲﾁﾕｳｵｳ
0147,ﾌｸｲ,220,ﾀｹﾌ
0147,ﾌｸｲ,223,ﾀｹﾌﾆｼ
0147,ﾌｸｲ,225,ｱｼﾞﾏﾉ
0147,ﾌｸｲ,227,ﾑﾗｸﾆ
0147,ﾌｸｲ,228,ﾀｹﾌﾐﾅﾐ
0147,ﾌｸｲ,229,ﾀｹﾌｷﾀ
0147,ﾌｸｲ,230,ﾀｹﾌﾁﾕｳｵｳ
0147,ﾌｸｲ,231,ｺｳﾉ
0147,ﾌｸｲ,232,ﾅﾝｼﾞﾖｳ
0147,ﾌｸｲ,233,ｲﾏｼﾞﾖｳ
0147,ﾌｸｲ,234,ｲﾏﾀﾞﾃ
0147,ﾌｸｲ,235,ｵｶﾓﾄ
0147,ﾌｸｲ,240,ｴﾁｾﾞﾝﾁﾖｳﾁﾕｳｵｳ
0147,ﾌｸｲ,250,ｲﾏﾀﾞﾃﾁﾕｳｵｳ
0147,ﾌｸｲ,253,ﾑﾗｸﾆﾁﾕｳｵｳ
0147,ﾌｸｲ,300,ｵｵﾉ
0147,ﾌｸｲ,302,ｻﾝﾊﾞﾝﾄﾞｵﾘ
0147,ﾌｸｲ,310,ﾂﾙｶﾞﾁﾕｳｵｳ
0147,ﾌｸｲ,311,ｶﾂﾔﾏ
0147,ﾌｸｲ,320,ﾐﾊﾏﾁﾕｳｵｳ
0147,ﾌｸｲ,321,ｶﾐｼﾋ
0147,ﾌｸｲ,322,ｴｲﾍｲｼﾞ
0147,ﾌｸｲ,323,ﾐﾔﾏ
0147,ﾌｸｲ,330,ﾏﾙｵｶ
0147,ﾌｸｲ,332,ｻｶｲﾁﾖｳ
0147,ﾌｸｲ,333,ｶﾅﾂﾞ
0147,ﾌｸｲ,334,ﾊﾙｴ
0147,ﾌｸｲ,336,ﾊﾙｴﾆｼ
0147,ﾌｸｲ,340,ﾐｸﾆ
0147,ﾌｸｲ,341,ﾐｸﾆﾎﾝﾏﾁ
0147,ﾌｸｲ,344,ｱﾜﾗ
0147,ﾌｸｲ,350,ｵﾊﾞﾏﾁﾕｳｵｳ
0147,ﾌｸｲ,360,ﾀｶﾊﾏﾁﾕｳｵｳ
0147,ﾌｸｲ,400,ﾂﾙｶﾞ
0147,ﾌｸｲ,401,ﾂﾙｶﾞﾐﾅﾄ
0147,ﾌｸｲ,403,ｱﾜﾉ
0147,ﾌｸｲ,404,ﾏﾂｼﾏ
0147,ﾌｸｲ,410,ｺﾏﾂﾁﾕｳｵｳ
0147,ﾌｸｲ,411,ﾐﾊﾏ
0147,ﾌｸｲ,414,ﾐｶﾀ
0147,ﾌｸｲ,420,ｵﾊﾞﾏ
0147,ﾌｸｲ,424,ﾋｶﾞｼｵﾊﾞﾏ
0147,ﾌｸｲ,425,ﾅﾀｼﾖｳ
0147,ﾌｸｲ,431,ｶﾐﾅｶ
0147,ﾌｸｲ,432,ｵｵｲ
0147,ﾌｸｲ,433,ﾀｶﾊﾏ
0147,ﾌｸｲ,453,ﾐｶﾀﾁﾕｳｵｳ
0147,ﾌｸｲ,454,ｶﾐﾅｶﾁﾕｳｵｳ
0147,ﾌｸｲ,500,ｶﾅｻﾞﾜ
0147,ﾌｸｲ,502,ｶﾅｻﾞﾜﾋｶﾞｼﾔﾏ
0147,ﾌｸｲ,504,ｲｽﾞﾐﾉ
0147,ﾌｸｲ,505,ﾉﾉｲﾁ
0147,ﾌｸｲ,506,ｶﾅｻﾞﾜｲﾀﾞｲ
0147,ﾌｸｲ,507,ｶﾅｻﾞﾜﾆｼｲﾝﾀ-
0147,ﾌｸｲ,509,ｶﾐｱﾗﾔ
0147,ﾌｸｲ,510,ﾏｲﾂﾞﾙﾁﾕｳｵｳ
0147,ﾌｸｲ,511,ﾏﾂﾄｳ
0147,ﾌｸｲ,520,ﾋｶﾞｼﾏｲﾂﾞﾙ
0147,ﾌｸｲ,521,ｺﾏﾂ
0147,ﾌｸｲ,530,ｷﾖｳﾄﾁﾕｳｵｳ
0147,ﾌｸｲ,531,ﾀﾞｲｼﾖｳｼﾞ
0147,ﾌｸｲ,541,ｶﾅｻﾞﾜﾁﾕｳｵｳ
0147,ﾌｸｲ,560,ﾄﾔﾏ
0147,ﾌｸｲ,561,ｼﾝｼﾞﾖｳ
0147,ﾌｸｲ,562,ﾄﾔﾏﾐﾅﾐ
0147,ﾌｸｲ,570,ﾀｶｵｶ
0147,ﾌｸｲ,600,ﾄｳｷﾖｳ
0147,ﾌｸｲ,610,ｵｵｻｶ
0147,ﾌｸｲ,620,ﾅｺﾞﾔ
0147,ﾌｸｲ,630,ｷﾖｳﾄ
0147,ﾌｸｲ,632,ﾏｲﾂﾞﾙ
0147,ﾌｸｲ,650,ｵｵﾂ
0147,ﾌｸｲ,651,ｸｻﾂ
0147,ﾌｸｲ,663,ｵｵｻｶﾁﾕｳｵｳ
0147,ﾌｸｲ,750,ﾋﾞｼﾞﾈｽｾﾝﾀ-
0147,ﾌｸｲ,961,ｲ-ﾈﾂﾄ
0147,ﾌｸｲ,962,ﾛ-ｿﾝ
0147,ﾌｸｲ,963,ｾﾌﾞﾝ
0149,ｼｽﾞｵｶ,111,ﾎﾝﾃﾝ
0149,ｼｽﾞｵｶ,112,ｺﾞﾌｸﾁﾖｳ
0149,ｼｽﾞｵｶ,113,ｼｽﾞﾊﾀ
0149,ｼｽﾞｵｶ,114,ｼﾝﾄｵﾘ
0149,ｼｽﾞｵｶ,116,ｱﾝｻﾞｲ
0149,ｼｽﾞｵｶ,122,ﾃﾝﾏﾁﾖｳ
0149,ｼｽﾞｵｶ,124,ｴｷﾅﾝ
0149,ｼｽﾞｵｶ,126,ﾏﾘｺ
0149,ｼｽﾞｵｶ,127,ﾓﾁﾑﾈ
0149,ｼｽﾞｵｶ,128,ｹﾝﾁﾖｳ
0149,ｼｽﾞｵｶ,129,ｷﾀｱﾝﾄﾞｳ
0149,ｼｽﾞｵｶ,131,ｲｹﾀﾞ
0149,ｼｽﾞｵｶ,132,ﾄﾛ
0149,ｼｽﾞｵｶ,133,ｸﾂﾉﾔ
0149,ｼｽﾞｵｶ,134,ﾏﾌﾞﾁ
0149,ｼｽﾞｵｶ,136,ﾘﾕｳﾂｳｾﾝﾀ-
0149,ｼｽﾞｵｶ,138,ｼﾓｼﾞﾏ
0149,ｼｽﾞｵｶ,139,ｾﾅ
0149,ｼｽﾞｵｶ,141,ｼﾐｽﾞ
0149,ｼｽﾞｵｶ,142,ﾐﾎ
0149,ｼｽﾞｵｶ,144,ｼﾐｽﾞﾁﾕｳｵｳ
0149,ｼｽﾞｵｶ,147,ｸｻﾅｷﾞ
0149,ｼｽﾞｵｶ,148,ｵｷﾂ
0149,ｼｽﾞｵｶ,149,ｼﾐｽﾞﾐﾅﾐ
0149,ｼｽﾞｵｶ,152,ｶﾝﾊﾞﾗ
0149,ｼｽﾞｵｶ,154,ﾕｲ
0149,ｼｽﾞｵｶ,155,ｼﾐｽﾞｷﾀ
0149,ｼｽﾞｵｶ,156,ｵｲﾜｹ
0149,ｼｽﾞｵｶ,157,ﾋｶﾞｼｼｽﾞｵｶｴｷ
0149,ｼｽﾞｵｶ,161,ﾔｲﾂﾞ
0149,ｼｽﾞｵｶ,163,ﾔｲﾂﾞﾐﾅﾐ
0149,ｼｽﾞｵｶ,164,ﾌｼﾞｴﾀﾞ
0149,ｼｽﾞｵｶ,166,ﾌｼﾞｴﾀﾞｴｷ
0149,ｼｽﾞｵｶ,168,ｵｵｲｶﾞﾜ
0149,ｼｽﾞｵｶ,171,ｼﾏﾀﾞ
0149,ｼｽﾞｵｶ,172,ｼﾏﾀﾞﾋｶﾞｼ
0149,ｼｽﾞｵｶ,173,ｶﾅﾔ
0149,ｼｽﾞｵｶ,174,ｲｴﾔﾏ
0149,ｼｽﾞｵｶ,176,ﾊﾂｸﾗ
0149,ｼｽﾞｵｶ,177,ﾆｼﾔｲﾂﾞ
0149,ｼｽﾞｵｶ,181,ｻｶﾞﾗ
0149,ｼｽﾞｵｶ,182,ﾖｼﾀﾞ
0149,ｼｽﾞｵｶ,183,ﾊｲﾊﾞﾗ
0149,ｼｽﾞｵｶ,184,ｵﾏｴｻﾞｷ
0149,ｼｽﾞｵｶ,211,ｼﾓﾀﾞ
0149,ｼｽﾞｵｶ,213,ｲﾅﾄﾘ
0149,ｼｽﾞｵｶ,214,ｶﾜﾂﾞ
0149,ｼｽﾞｵｶ,215,ﾏﾂｻﾞｷ
0149,ｼｽﾞｵｶ,217,ﾄｲ
0149,ｼｽﾞｵｶ,221,ｱﾀﾐ
0149,ｼｽﾞｵｶ,225,ｲﾄｳ
0149,ｼｽﾞｵｶ,227,ｲｽﾞｺｳｹﾞﾝ
0149,ｼｽﾞｵｶ,231,ﾐｼﾏ
0149,ｼｽﾞｵｶ,232,ｼﾐｽﾞﾁﾖｳ
0149,ｼｽﾞｵｶ,233,ﾅｶｼﾞﾏ
0149,ｼｽﾞｵｶ,234,ﾐｼﾏｴｷﾎｸ
0149,ｼｽﾞｵｶ,235,ﾅｶﾞｲｽﾞﾐ
0149,ｼｽﾞｵｶ,242,ｼﾕｾﾞﾝｼﾞ
0149,ｼｽﾞｵｶ,244,ｵｵﾋﾄ
0149,ｼｽﾞｵｶ,245,ｲｽﾞﾅｶﾞｵｶ
0149,ｼｽﾞｵｶ,246,ﾆﾗﾔﾏ
0149,ｼｽﾞｵｶ,248,ｼﾓﾄｶﾞﾘ
0149,ｼｽﾞｵｶ,249,ｶﾝﾅﾐ
0149,ｼｽﾞｵｶ,251,ﾇﾏﾂﾞ
0149,ｼｽﾞｵｶ,253,ｼﾓｶﾇｷ
0149,ｼｽﾞｵｶ,254,ﾎﾝﾁﾖｳ
0149,ｼｽﾞｵｶ,255,ﾇﾏﾂﾞﾆｼ
0149,ｼｽﾞｵｶ,256,ﾇﾏﾂﾞｴｷﾎｸ
0149,ｼｽﾞｵｶ,259,ﾇﾏﾂﾞｶﾅｵｶ
0149,ｼｽﾞｵｶ,262,ﾊﾗﾏﾁ
0149,ｼｽﾞｵｶ,264,ｺﾞﾃﾝﾊﾞ
0149,ｼｽﾞｵｶ,265,ｽｿﾉ
0149,ｼｽﾞｵｶ,266,ｺﾞﾃﾝﾊﾞﾋｶﾞｼ
0149,ｼｽﾞｵｶ,268,ｺﾞﾃﾝﾊﾞﾆｼ
0149,ｼｽﾞｵｶ,271,ﾖｼﾜﾗ
0149,ｼｽﾞｵｶ,273,ﾖｼﾜﾗｷﾀ
0149,ｼｽﾞｵｶ,274,ﾌｼﾞﾉﾐﾔ
0149,ｼｽﾞｵｶ,275,ﾌｼﾞﾉﾐﾔﾋｶﾞｼ
0149,ｼｽﾞｵｶ,276,ﾀｶｵｶ
0149,ｼｽﾞｵｶ,277,ﾌｼﾞ
0149,ｼｽﾞｵｶ,278,ﾌｼﾞｶﾜ
0149,ｼｽﾞｵｶ,281,ﾌｼﾞﾁﾕｳｵｳ
0149,ｼｽﾞｵｶ,282,ﾋﾛﾐ
0149,ｼｽﾞｵｶ,283,ﾌｼﾞｴｷﾅﾝ
0149,ｼｽﾞｵｶ,284,ﾌｼﾞﾉﾐﾔｷﾀ
0149,ｼｽﾞｵｶ,285,ﾌｼﾞﾉﾐﾔｼﾔｸｼﾖﾏｴ
0149,ｼｽﾞｵｶ,311,ｶｹｶﾞﾜ
0149,ｼｽﾞｵｶ,312,ｶｹｶﾞﾜﾋｶﾞｼ
0149,ｼｽﾞｵｶ,313,ｷｸｶﾞﾜ
0149,ｼｽﾞｵｶ,314,ｵｶﾞｻ
0149,ｼｽﾞｵｶ,315,ｵﾏｴｻﾞｷﾁﾕｳｵｳ
0149,ｼｽﾞｵｶ,316,ﾓﾘﾏﾁ
0149,ｼｽﾞｵｶ,317,ｶｹｶﾞﾜﾆｼ
0149,ｼｽﾞｵｶ,321,ｲﾜﾀ
0149,ｼｽﾞｵｶ,322,ﾐﾂｹ
0149,ｼｽﾞｵｶ,323,ﾌｸﾃﾞ
0149,ｼｽﾞｵｶ,324,ﾘﾕｳﾖｳ
0149,ｼｽﾞｵｶ,325,ﾌｸﾛｲ
0149,ｼｽﾞｵｶ,326,ﾔﾏﾅｼ
0149,ｼｽﾞｵｶ,327,ｵｵｽｶ
0149,ｼｽﾞｵｶ,328,ﾀﾞｲﾄｳ
0149,ｼｽﾞｵｶ,329,ｱｻﾊﾞ
0149,ｼｽﾞｵｶ,333,ﾄﾖﾀﾞ
0149,ｼｽﾞｵｶ,334,ﾌｸﾛｲﾆｼ
0149,ｼｽﾞｵｶ,341,ﾃﾝﾘﾕｳ
0149,ｼｽﾞｵｶ,342,ﾆｼｶｼﾞﾏ
0149,ｼｽﾞｵｶ,346,ｱﾘﾀﾏ
0149,ｼｽﾞｵｶ,347,ｲﾅｻ
0149,ｼｽﾞｵｶ,352,ﾎｿｴ
0149,ｼｽﾞｵｶ,353,ﾐﾂｶﾋﾞ
0149,ｼｽﾞｵｶ,354,ﾐｶﾀｶﾞﾊﾗ
0149,ｼｽﾞｵｶ,355,ｶﾐｱﾗﾔ
0149,ｼｽﾞｵｶ,356,ﾊﾏﾏﾂﾀｶｵｶ
0149,ｼｽﾞｵｶ,357,ｲﾘﾉ
0149,ｼｽﾞｵｶ,359,ﾊﾏﾏﾂﾐﾅﾐ
0149,ｼｽﾞｵｶ,361,ﾊﾏﾏﾂ
0149,ｼｽﾞｵｶ,362,ｽﾅﾔﾏ
0149,ｼｽﾞｵｶ,363,ﾅﾙｺ
0149,ｼｽﾞｵｶ,364,ﾅﾂﾞｶ
0149,ｼｽﾞｵｶ,365,ﾄﾐﾂｶ
0149,ｼｽﾞｵｶ,366,ﾅｺﾞﾘ
0149,ｼｽﾞｵｶ,367,ﾔﾏｼﾀ
0149,ｼｽﾞｵｶ,368,ﾊﾏﾏﾂﾁﾕｳｵｳ
0149,ｼｽﾞｵｶ,369,ｱｲｵｲ
0149,ｼｽﾞｵｶ,372,ｶｻｲ
0149,ｼｽﾞｵｶ,373,ｲﾁﾉ
0149,ｼｽﾞｵｶ,374,ｻｻｶﾞｾ
0149,ｼｽﾞｵｶ,376,ｶﾐ
0149,ｼｽﾞｵｶ,378,ｼﾉﾊﾗ
0149,ｼｽﾞｵｶ,382,ﾕｳﾄｳ
0149,ｼｽﾞｵｶ,383,ﾏｲｻｶ
0149,ｼｽﾞｵｶ,384,ｱﾗｲ
0149,ｼｽﾞｵｶ,385,ｺｻｲ
0149,ｼｽﾞｵｶ,386,ｶﾝｻﾞﾝｼﾞ
0149,ｼｽﾞｵｶ,388,ｱｵｲﾁﾖｳ
0149,ｼｽﾞｵｶ,389,ｶﾐｼﾞﾏ
0149,ｼｽﾞｵｶ,391,ｻﾅﾙﾀﾞｲ
0149,ｼｽﾞｵｶ,392,ｺﾊﾞﾔｼ
0149,ｼｽﾞｵｶ,393,ﾊﾏｷﾀ
0149,ｼｽﾞｵｶ,394,ｺﾏﾂ
0149,ｼｽﾞｵｶ,395,ﾊﾏﾏﾂﾆｼ
0149,ｼｽﾞｵｶ,396,ｽﾐﾖｼ
0149,ｼｽﾞｵｶ,398,ｼｼﾞﾐﾂﾞｶ
0149,ｼｽﾞｵｶ,399,ﾊﾏﾏﾂﾁﾕｳｵｳｼｼﾞﾖｳ
0149,ｼｽﾞｵｶ,411,ﾄｳｷﾖｳ
0149,ｼｽﾞｵｶ,414,ｵｵｲﾏﾁ
0149,ｼｽﾞｵｶ,416,ｼﾝｼﾞﾕｸ
0149,ｼｽﾞｵｶ,511,ﾖｺﾊﾏ
0149,ｼｽﾞｵｶ,512,ﾌｼﾞｻﾜ
0149,ｼｽﾞｵｶ,513,ｵﾀﾞﾜﾗ
0149,ｼｽﾞｵｶ,515,ﾋﾗﾂｶ
0149,ｼｽﾞｵｶ,516,ﾂｼﾞﾄﾞｳ
0149,ｼｽﾞｵｶ,517,ｵｵﾌﾅ
0149,ｼｽﾞｵｶ,518,ﾔﾏﾄ
0149,ｼｽﾞｵｶ,519,ｻｶﾞﾐｵｵﾉ
0149,ｼｽﾞｵｶ,522,ｼﾝﾖｺﾊﾏ
0149,ｼｽﾞｵｶ,525,ﾅｶﾔﾏ
0149,ｼｽﾞｵｶ,526,ｺｳﾎｸﾆﾕ-ﾀｳﾝ
0149,ｼｽﾞｵｶ,527,ｱﾂｷﾞ
0149,ｼｽﾞｵｶ,528,ｼﾖｳﾅﾝﾀﾞｲ
0149,ｼｽﾞｵｶ,529,ﾄﾂｶ
0149,ｼｽﾞｵｶ,531,ﾐｿﾞﾉｸﾁ
0149,ｼｽﾞｵｶ,532,ﾊｼﾓﾄ
0149,ｼｽﾞｵｶ,533,ｶﾜｻｷ
0149,ｼｽﾞｵｶ,534,ﾑｻｼｺｽｷﾞ
0149,ｼｽﾞｵｶ,535,ﾊﾀﾞﾉ
0149,ｼｽﾞｵｶ,611,ﾅｺﾞﾔ
0149,ｼｽﾞｵｶ,615,ｵｵｿﾞﾈ
0149,ｼｽﾞｵｶ,621,ﾄﾖﾊｼ
0149,ｼｽﾞｵｶ,711,ｵｵｻｶ
0149,ｼｽﾞｵｶ,731,ｲﾝﾀ-ﾈﾂﾄ
0149,ｼｽﾞｵｶ,961,ﾌﾘｺﾐﾀﾞｲｲﾁ
0150,ｽﾙｶﾞ,150,ﾄｳｷﾖｳ
0150,ｽﾙｶﾞ,155,ｼﾌﾞﾔ
0150,ｽﾙｶﾞ,156,ｼﾝｼﾞﾕｸ
0150,ｽﾙｶﾞ,180,ｺｼﾞﾝｾﾝﾖｳ
0150,ｽﾙｶﾞ,208,ｶﾅｶﾞﾜｹﾝﾁﾖｳ
0150,ｽﾙｶﾞ,209,ﾖｺﾊﾏﾔﾖｲﾀﾞｲ
0150,ｽﾙｶﾞ,210,ﾖｺﾊﾏ
0150,ｽﾙｶﾞ,211,ﾖｺﾊﾏﾋｶﾞｼｸﾞﾁ
0150,ｽﾙｶﾞ,212,ﾖｺﾊﾏﾄﾂｶ
0150,ｽﾙｶﾞ,214,ﾖｺﾊﾏﾋﾖｼ
0150,ｽﾙｶﾞ,216,ﾖｺﾊﾏﾑﾂｶﾜ
0150,ｽﾙｶﾞ,217,ﾖｺﾊﾏﾜｶﾊﾞﾀﾞｲ
0150,ｽﾙｶﾞ,220,ﾖｺｽｶ
0150,ｽﾙｶﾞ,223,ｸﾘﾊﾏ
0150,ｽﾙｶﾞ,225,ﾐｳﾗｶｲｶﾞﾝ
0150,ｽﾙｶﾞ,226,ﾖｺｽｶﾀｹﾔﾏ
0150,ｽﾙｶﾞ,230,ｶﾏｸﾗ
0150,ｽﾙｶﾞ,300,ﾌｼﾞｻﾜ
0150,ｽﾙｶﾞ,302,ﾂｼﾞﾄﾞｳ
0150,ｽﾙｶﾞ,303,ｼﾖｳﾅﾝﾀﾞｲ
0150,ｽﾙｶﾞ,304,ｼﾖｳﾅﾝﾗｲﾌﾀｳﾝ
0150,ｽﾙｶﾞ,310,ﾁｶﾞｻｷ
0150,ｽﾙｶﾞ,311,ﾊﾏﾐﾀﾞｲﾗ
0150,ｽﾙｶﾞ,312,ﾁｶﾞｻｷﾂﾙｶﾞﾀﾞｲ
0150,ｽﾙｶﾞ,320,ﾋﾗﾂｶ
0150,ｽﾙｶﾞ,330,ｱﾂｷﾞ
0150,ｽﾙｶﾞ,331,ｱﾂｷﾞﾄﾋﾞｵ
0150,ｽﾙｶﾞ,340,ﾊﾀﾉ
0150,ｽﾙｶﾞ,350,ｻｶﾞﾐﾊﾗ
0150,ｽﾙｶﾞ,352,ﾋｶﾞｼﾘﾝｶﾝ
0150,ｽﾙｶﾞ,360,ﾁﾕｳｵｳﾘﾝｶﾝ
0150,ｽﾙｶﾞ,370,ｴﾋﾞﾅ
0150,ｽﾙｶﾞ,400,ｵﾀﾞﾜﾗ
0150,ｽﾙｶﾞ,403,ｵﾀﾞﾜﾗﾋｶﾞｼ
0150,ｽﾙｶﾞ,471,ｵｵｲﾏﾂﾀﾞ
0150,ｽﾙｶﾞ,473,ﾐﾅﾐｱｼｶﾞﾗ
0150,ｽﾙｶﾞ,481,ﾕｶﾞﾜﾗ
0150,ｽﾙｶﾞ,484,ﾊｺﾈ
0150,ｽﾙｶﾞ,600,ｱﾀﾐ
0150,ｽﾙｶﾞ,601,ｱﾀﾐｴｷ
0150,ｽﾙｶﾞ,610,ｲﾄｳ
0150,ｽﾙｶﾞ,620,ﾐｼﾏｾﾝﾄﾗﾙ
0150,ｽﾙｶﾞ,621,ﾐｼﾏ
0150,ｽﾙｶﾞ,622,ｶﾝﾅﾐ
0150,ｽﾙｶﾞ,630,ｺﾞﾃﾝﾊﾞｴｷ
0150,ｽﾙｶﾞ,631,ｺﾞﾃﾝﾊﾞﾆｼ
0150,ｽﾙｶﾞ,632,ｺﾞﾃﾝﾊﾞﾋｶﾞｼ
0150,ｽﾙｶﾞ,640,ﾎﾝﾃﾝ
0150,ｽﾙｶﾞ,641,ﾇﾏﾂﾞｴｷ
0150,ｽﾙｶﾞ,643,ﾇﾏﾂﾞｵｶﾉﾐﾔ
0150,ｽﾙｶﾞ,644,ﾇﾏﾂﾞﾐﾅﾄ
0150,ｽﾙｶﾞ,646,ﾇﾏﾂﾞﾐﾅﾐ
0150,ｽﾙｶﾞ,648,ﾇﾏﾂﾞｵｵﾉ
0150,ｽﾙｶﾞ,652,ﾇﾏﾂﾞｾﾝﾄﾗﾙ
0150,ｽﾙｶﾞ,653,ﾇﾏﾂﾞｼﾔｸｼﾖ
0150,ｽﾙｶﾞ,655,ﾌｼﾞﾖｼﾜﾗ
0150,ｽﾙｶﾞ,660,ﾌｼﾞﾉﾐﾔ
0150,ｽﾙｶﾞ,671,ｵﾔﾏ
0150,ｽﾙｶﾞ,672,ｽｿﾉ
0150,ｽﾙｶﾞ,673,ﾅｶﾞｲｽﾞﾐ
0150,ｽﾙｶﾞ,674,ｼﾐｽﾞﾁﾖｳ
0150,ｽﾙｶﾞ,675,ﾇﾏﾂﾞﾊﾗﾏﾁ
0150,ｽﾙｶﾞ,677,ﾄｸﾗ
0150,ｽﾙｶﾞ,678,ﾌｼﾞﾀｶｵｶ
0150,ｽﾙｶﾞ,681,ｼﾕｾﾞﾝｼﾞ
0150,ｽﾙｶﾞ,683,ｲｽﾞﾅｶﾞｵｶ
0150,ｽﾙｶﾞ,691,ｼﾓﾀﾞ
0150,ｽﾙｶﾞ,696,ｲ-ﾋﾞｼﾞﾈｽﾀﾞｲﾚｸﾄ
0150,ｽﾙｶﾞ,698,ﾀﾞｲﾚｸﾄﾜﾝ
0150,ｽﾙｶﾞ,699,ﾄﾞﾘ-ﾑﾀﾞｲﾚｸﾄ
0150,ｽﾙｶﾞ,700,ｼﾐｽﾞ
0150,ｽﾙｶﾞ,704,ｼﾐｽﾞﾐﾎ
0150,ｽﾙｶﾞ,705,ｼﾐｽﾞﾀｶﾊｼ
0150,ｽﾙｶﾞ,706,ｵｷﾂ
0150,ｽﾙｶﾞ,709,ｸｻﾅｷﾞ
0150,ｽﾙｶﾞ,720,ｼｽﾞｵｶ
0150,ｽﾙｶﾞ,723,ｼｽﾞｵｶﾐﾅﾐ
0150,ｽﾙｶﾞ,724,ｼｽﾞｵｶｹﾝﾁﾖｳ
0150,ｽﾙｶﾞ,725,ｼｽﾞｵｶﾋｶﾞｼ
0150,ｽﾙｶﾞ,730,ﾔｲﾂﾞ
0150,ｽﾙｶﾞ,741,ﾌｼﾞｴﾀﾞ
0150,ｽﾙｶﾞ,800,ｶｹｶﾞﾜ
0150,ｽﾙｶﾞ,810,ﾌｸﾛｲ
0150,ｽﾙｶﾞ,830,ﾊﾏﾏﾂ
0150,ｽﾙｶﾞ,832,ﾊﾏﾏﾂｵｲﾜｹ
0150,ｽﾙｶﾞ,834,ﾊﾏﾏﾂｷﾀ
0150,ｽﾙｶﾞ,850,ANA
0150,ｽﾙｶﾞ,852,ﾀｳﾝﾈﾂﾄﾜ-ｸ
0150,ｽﾙｶﾞ,855,ﾌﾞｲﾎﾟｲﾝﾄ
0150,ｽﾙｶﾞ,856,ﾘｸﾙ-ﾄ
0150,ｽﾙｶﾞ,881,ﾊｳｼﾞﾝｸﾞﾛ-ﾝ
0150,ｽﾙｶﾞ,882,ﾃﾞｲﾊﾞﾝｸ
0150,ｽﾙｶﾞ,910,ﾅｺﾞﾔ
0151,ｼﾐｽﾞ,101,ﾇﾏﾂﾞ
0151,ｼﾐｽﾞ,102,ｲﾄｳ
0151,ｼﾐｽﾞ,103,ﾐｼﾏ
0151,ｼﾐｽﾞ,104,ﾇﾏﾂﾞｷﾀ
0151,ｼﾐｽﾞ,105,ｼﾓｶﾇｷ
0151,ｼﾐｽﾞ,106,ﾏﾂﾓﾄ
0151,ｼﾐｽﾞ,107,ｽｿﾉ
0151,ｼﾐｽﾞ,151,ﾌｼﾞ
0151,ｼﾐｽﾞ,152,ﾖｼﾜﾗ
0151,ｼﾐｽﾞ,153,ﾌｼﾞﾉﾐﾔ
0151,ｼﾐｽﾞ,154,ｶﾜﾅﾘｼﾞﾏ
0151,ｼﾐｽﾞ,155,ﾃﾞﾝﾎﾞｳ
0151,ｼﾐｽﾞ,156,ﾌｼﾞｴｷﾅﾝ
0151,ｼﾐｽﾞ,157,ｵｵﾐﾔ
0151,ｼﾐｽﾞ,158,ﾉﾅｶ
0151,ｼﾐｽﾞ,160,ﾏﾂｵｶ
0151,ｼﾐｽﾞ,161,ｽﾄﾞ
0151,ｼﾐｽﾞ,162,ﾀｶｵｶ
0151,ｼﾐｽﾞ,164,ﾋﾛﾐ
0151,ｼﾐｽﾞ,201,ｶﾝﾊﾞﾗ
0151,ｼﾐｽﾞ,202,ﾏﾂﾉ
0151,ｼﾐｽﾞ,204,ﾌｼﾞｶﾜ
0151,ｼﾐｽﾞ,205,ﾎﾝﾁﾖｳ
0151,ｼﾐｽﾞ,206,ﾕｲ
0151,ｼﾐｽﾞ,207,ｲｵﾝﾀｳﾝｶﾝﾊﾞﾗ
0151,ｼﾐｽﾞ,250,ｼﾐｽﾞﾐﾅﾄｲﾝﾀ-ﾈﾂﾄ
0151,ｼﾐｽﾞ,251,ﾎﾝﾃﾝ
0151,ｼﾐｽﾞ,252,ｵｷﾂ
0151,ｼﾐｽﾞ,253,ｿﾃﾞｼ
0151,ｼﾐｽﾞ,254,ｲﾊﾗ
0151,ｼﾐｽﾞ,255,ﾀｶﾊｼ
0151,ｼﾐｽﾞ,256,ｲﾘｴ
0151,ｼﾐｽﾞ,257,ｴｼﾞﾘ
0151,ｼﾐｽﾞ,258,ｳﾒﾀﾞﾁﾖｳ
0151,ｼﾐｽﾞ,259,ｸｻﾅｷﾞ
0151,ｼﾐｽﾞ,260,ﾄﾞｳﾊﾞﾔｼ
0151,ｼﾐｽﾞ,261,ﾐﾄﾞﾘｶﾞｵｶ
0151,ｼﾐｽﾞ,262,ｵｼｷﾘ
0151,ｼﾐｽﾞ,263,ｺﾏｺﾞｴ
0151,ｼﾐｽﾞ,264,ﾂｼﾞ
0151,ｼﾐｽﾞ,265,ｼﾓﾉ
0151,ｼﾐｽﾞ,266,ｳﾄｳｻﾞｶ
0151,ｼﾐｽﾞ,267,ﾔﾍﾞ
0151,ｼﾐｽﾞ,268,ﾔｷﾞﾏ
0151,ｼﾐｽﾞ,269,ｵｲﾜｹ
0151,ｼﾐｽﾞ,270,ﾋﾞｼﾞﾕﾂｶﾝﾏｴ
0151,ｼﾐｽﾞ,271,ﾅｶﾞｻｷ
0151,ｼﾐｽﾞ,272,ﾐﾎ
0151,ｼﾐｽﾞ,301,ｼｽﾞｵｶ
0151,ｼﾐｽﾞ,302,ﾀｶｼﾞﾖｳﾏﾁ
0151,ｼﾐｽﾞ,303,ｼｽﾞｵｶﾐﾅﾐ
0151,ｼﾐｽﾞ,304,ﾁﾖﾀﾞ
0151,ｼﾐｽﾞ,305,ﾋｶﾞｼｼｽﾞｵｶ
0151,ｼﾐｽﾞ,306,ｵｵｲﾜ
0151,ｼﾐｽﾞ,307,ﾘﾕｳﾂｳｾﾝﾀ-
0151,ｼﾐｽﾞ,308,ﾅｶﾀﾞ
0151,ｼﾐｽﾞ,309,ｱﾍﾞｶﾜ
0151,ｼﾐｽﾞ,351,ﾔｲﾂﾞ
0151,ｼﾐｽﾞ,352,ﾌｼﾞｴﾀﾞ
0151,ｼﾐｽﾞ,353,ｼﾏﾀﾞ
0151,ｼﾐｽﾞ,354,ﾌｼﾞｴﾀﾞｴｷﾆｼ
0151,ｼﾐｽﾞ,355,ﾀｼﾞﾘ
0151,ｼﾐｽﾞ,356,ｵｵﾄﾐ
0151,ｼﾐｽﾞ,357,ｵｵｲｶﾞﾜ
0151,ｼﾐｽﾞ,358,ﾊﾂｸﾗ
0151,ｼﾐｽﾞ,371,ｷｸｶﾞﾜ
0151,ｼﾐｽﾞ,401,ｶｹｶﾞﾜ
0151,ｼﾐｽﾞ,402,ｲﾜﾀ
0151,ｼﾐｽﾞ,403,ﾌｸﾛｲ
0151,ｼﾐｽﾞ,451,ﾊﾏﾏﾂ
0151,ｼﾐｽﾞ,452,ﾊﾏﾏﾂﾋｶﾞｼ
0151,ｼﾐｽﾞ,453,ﾊﾏﾏﾂｷﾀ
0151,ｼﾐｽﾞ,454,ﾋｸﾏ
0151,ｼﾐｽﾞ,456,ｻｻｶﾞｾ
0151,ｼﾐｽﾞ,457,ｱﾘﾀﾏ
0151,ｼﾐｽﾞ,458,ｱｵｲﾁﾖｳ
0151,ｼﾐｽﾞ,501,ﾄｳｷﾖｳ
0151,ｼﾐｽﾞ,601,ﾅｺﾞﾔ
0151,ｼﾐｽﾞ,621,ﾄﾖﾊｼ
0152,ｵｵｶﾞｷｷﾖｳﾘﾂ,001,ﾎﾝﾃﾝ
0152,ｵｵｶﾞｷｷﾖｳﾘﾂ,002,ｵｵｶﾞｷｴｷﾏｴ
0152,ｵｵｶﾞｷｷﾖｳﾘﾂ,003,ﾌﾅﾏﾁ
0152,ｵｵｶﾞｷｷﾖｳﾘﾂ,004,ｸｾﾞｶﾞﾜ
0152,ｵｵｶﾞｷｷﾖｳﾘﾂ,005,ﾌｼﾞｴ
0152,ｵｵｶﾞｷｷﾖｳﾘﾂ,006,ｷﾞﾌ
0152,ｵｵｶﾞｷｷﾖｳﾘﾂ,007,ｷﾞﾌｴｷﾏｴ
0152,ｵｵｶﾞｷｷﾖｳﾘﾂ,008,ｲﾏｺﾏﾁ
0152,ｵｵｶﾞｷｷﾖｳﾘﾂ,009,ｾﾝｼﾞﾕﾄﾞｳ
0152,ｵｵｶﾞｷｷﾖｳﾘﾂ,010,ﾀｼﾞﾐ
0152,ｵｵｶﾞｷｷﾖｳﾘﾂ,011,ｾｷ
0152,ｵｵｶﾞｷｷﾖｳﾘﾂ,012,ﾊｼﾏ
0152,ｵｵｶﾞｷｷﾖｳﾘﾂ,013,ﾐﾉｶﾓ
0152,ｵｵｶﾞｷｷﾖｳﾘﾂ,014,ﾐﾉ
0152,ｵｵｶﾞｷｷﾖｳﾘﾂ,015,ｲﾋﾞ
0152,ｵｵｶﾞｷｷﾖｳﾘﾂ,016,ﾋｺﾈ
0152,ｵｵｶﾞｷｷﾖｳﾘﾂ,017,ｲｹﾀﾞ
0152,ｵｵｶﾞｷｷﾖｳﾘﾂ,018,ﾖｳﾛｳ
0152,ｵｵｶﾞｷｷﾖｳﾘﾂ,019,ｱｶｻｶ
0152,ｵｵｶﾞｷｷﾖｳﾘﾂ,020,ﾀﾙｲ
0152,ｵｵｶﾞｷｷﾖｳﾘﾂ,021,ｾｷｶﾞﾊﾗ
0152,ｵｵｶﾞｷｷﾖｳﾘﾂ,022,ｽﾉﾏﾀ
0152,ｵｵｶﾞｷｷﾖｳﾘﾂ,023,ｺﾞｳﾄﾞ
0152,ｵｵｶﾞｷｷﾖｳﾘﾂ,024,ｶｲﾂﾞ
0152,ｵｵｶﾞｷｷﾖｳﾘﾂ,025,ｲﾏｵ
0152,ｵｵｶﾞｷｷﾖｳﾘﾂ,026,ﾅﾝﾉｳ
0152,ｵｵｶﾞｷｷﾖｳﾘﾂ,027,ﾉﾃﾞﾗ
0152,ｵｵｶﾞｷｷﾖｳﾘﾂ,028,ｶｻﾏﾂ
0152,ｵｵｶﾞｷｷﾖｳﾘﾂ,029,ｷﾀｶﾞﾀ
0152,ｵｵｶﾞｷｷﾖｳﾘﾂ,030,ﾎﾂﾞﾐ
0152,ｵｵｶﾞｷｷﾖｳﾘﾂ,031,ｶﾜﾍﾞ
0152,ｵｵｶﾞｷｷﾖｳﾘﾂ,032,ｼﾗｶﾜｸﾞﾁ
0152,ｵｵｶﾞｷｷﾖｳﾘﾂ,033,ｶｶﾐｶﾞﾊﾗ
0152,ｵｵｶﾞｷｷﾖｳﾘﾂ,034,ﾅｺﾞﾔ
0152,ｵｵｶﾞｷｷﾖｳﾘﾂ,035,ｵｵｿﾞﾈ
0152,ｵｵｶﾞｷｷﾖｳﾘﾂ,036,ｶﾁｶﾞﾜ
0152,ｵｵｶﾞｷｷﾖｳﾘﾂ,037,ｶｽｶﾞｲ
0152,ｵｵｶﾞｷｷﾖｳﾘﾂ,038,ﾃﾗﾂｾﾅﾔﾊﾞｼ
0152,ｵｵｶﾞｷｷﾖｳﾘﾂ,039,ｺﾏｷ
0152,ｵｵｶﾞｷｷﾖｳﾘﾂ,040,ｸﾜﾅ
0152,ｵｵｶﾞｷｷﾖｳﾘﾂ,041,ﾀﾄﾞ
0152,ｵｵｶﾞｷｷﾖｳﾘﾂ,042,ﾅｶﾞﾊﾏ
0152,ｵｵｶﾞｷｷﾖｳﾘﾂ,043,ﾁﾔﾔｶﾞｻｶ
0152,ｵｵｶﾞｷｷﾖｳﾘﾂ,044,ｲﾁﾉﾐﾔ
0152,ｵｵｶﾞｷｷﾖｳﾘﾂ,045,ﾀｶﾂｼﾞ
0152,ｵｵｶﾞｷｷﾖｳﾘﾂ,046,ﾊﾞｲﾘﾝ
0152,ｵｵｶﾞｷｷﾖｳﾘﾂ,047,ｵｵｻｶ
0152,ｵｵｶﾞｷｷﾖｳﾘﾂ,048,ｵﾄｳﾊﾞｼ
0152,ｵｵｶﾞｷｷﾖｳﾘﾂ,049,ｶﾉｳ
0152,ｵｵｶﾞｷｷﾖｳﾘﾂ,050,ﾄｳｷﾖｳ
0152,ｵｵｶﾞｷｷﾖｳﾘﾂ,051,ﾄﾐﾀﾞ
0152,ｵｵｶﾞｷｷﾖｳﾘﾂ,052,ｳﾁﾀﾞﾊﾞｼ
0152,ｵｵｶﾞｷｷﾖｳﾘﾂ,053,ｸﾛｶﾜ
0152,ｵｵｶﾞｷｷﾖｳﾘﾂ,054,ｱﾝｼﾞﾖｳ
0152,ｵｵｶﾞｷｷﾖｳﾘﾂ,055,ﾉﾘﾀｹ
0152,ｵｵｶﾞｷｷﾖｳﾘﾂ,056,ｼﾞﾖｳﾄｳ
0152,ｵｵｶﾞｷｷﾖｳﾘﾂ,057,ｲﾅｻﾞﾜ
0152,ｵｵｶﾞｷｷﾖｳﾘﾂ,058,ﾆﾕ-ﾀｳﾝ
0152,ｵｵｶﾞｷｷﾖｳﾘﾂ,059,ｵｵﾌﾞ
0152,ｵｵｶﾞｷｷﾖｳﾘﾂ,060,ｳﾇﾏ
0152,ｵｵｶﾞｷｷﾖｳﾘﾂ,061,ﾓﾘﾔﾏ
0152,ｵｵｶﾞｷｷﾖｳﾘﾂ,062,ｺｳﾅﾝ
0152,ｵｵｶﾞｷｷﾖｳﾘﾂ,064,ｱﾘﾏﾂ
0152,ｵｵｶﾞｷｷﾖｳﾘﾂ,065,ｷﾞﾅﾝ
0152,ｵｵｶﾞｷｷﾖｳﾘﾂ,066,ｶｶﾞｼﾏ
0152,ｵｵｶﾞｷｷﾖｳﾘﾂ,067,ｾｲﾉｳｿｳｺﾞｳﾁﾖｳｼﾔ
0152,ｵｵｶﾞｷｷﾖｳﾘﾂ,068,ﾅｶﾞﾗ
0152,ｵｵｶﾞｷｷﾖｳﾘﾂ,069,ﾆｼﾔﾏ
0152,ｵｵｶﾞｷｷﾖｳﾘﾂ,070,ｶｽｶﾞｲｼﾔｸｼﾖ
0152,ｵｵｶﾞｷｷﾖｳﾘﾂ,071,ｵｵｻﾄ
0152,ｵｵｶﾞｷｷﾖｳﾘﾂ,072,ﾀｶﾞﾀ
0152,ｵｵｶﾞｷｷﾖｳﾘﾂ,073,ﾋｶﾞｼﾅｶｼﾞﾏ
0152,ｵｵｶﾞｷｷﾖｳﾘﾂ,074,ｸﾛﾉ
0152,ｵｵｶﾞｷｷﾖｳﾘﾂ,075,ﾀｶﾄﾐ
0152,ｵｵｶﾞｷｷﾖｳﾘﾂ,076,ｻｵﾘ
0152,ｵｵｶﾞｷｷﾖｳﾘﾂ,077,ｽﾅﾐ
0152,ｵｵｶﾞｷｷﾖｳﾘﾂ,078,ﾅｶﾞﾏﾂ
0152,ｵｵｶﾞｷｷﾖｳﾘﾂ,079,ｱｻﾞｲ
0152,ｵｵｶﾞｷｷﾖｳﾘﾂ,080,ﾕｳﾋｶﾞｵｶ
0152,ｵｵｶﾞｷｷﾖｳﾘﾂ,081,ｼﾞﾓｸｼﾞ
0152,ｵｵｶﾞｷｷﾖｳﾘﾂ,082,ﾅｶｶﾞﾜ
0152,ｵｵｶﾞｷｷﾖｳﾘﾂ,083,ﾓﾄﾔﾏ
0152,ｵｵｶﾞｷｷﾖｳﾘﾂ,085,ｺﾏﾉ
0152,ｵｵｶﾞｷｷﾖｳﾘﾂ,086,ﾊﾔｼﾏﾁ
0152,ｵｵｶﾞｷｷﾖｳﾘﾂ,087,ﾂﾙﾐ
0152,ｵｵｶﾞｷｷﾖｳﾘﾂ,088,ﾋｶﾞｼﾉ
0152,ｵｵｶﾞｷｷﾖｳﾘﾂ,089,ｱﾝﾊﾟﾁ
0152,ｵｵｶﾞｷｷﾖｳﾘﾂ,090,ｱﾗｵ
0152,ｵｵｶﾞｷｷﾖｳﾘﾂ,091,ﾘﾖｳｹﾞ
0152,ｵｵｶﾞｷｷﾖｳﾘﾂ,092,ﾏｻｷ
0152,ｵｵｶﾞｷｷﾖｳﾘﾂ,093,ｱｼﾞﾖｼ
0152,ｵｵｶﾞｷｷﾖｳﾘﾂ,094,ｼﾕｸｼﾞ
0152,ｵｵｶﾞｷｷﾖｳﾘﾂ,095,ｵｶﾞｾ
0152,ｵｵｶﾞｷｷﾖｳﾘﾂ,096,ｶﾐｲｼﾂﾞ
0152,ｵｵｶﾞｷｷﾖｳﾘﾂ,097,ｼｶﾂ
0152,ｵｵｶﾞｷｷﾖｳﾘﾂ,098,ｿﾌﾞｴ
0152,ｵｵｶﾞｷｷﾖｳﾘﾂ,099,ｶﾝﾀﾞﾏﾁ
0152,ｵｵｶﾞｷｷﾖｳﾘﾂ,100,ｹﾝﾁﾖｳﾏｴ
0152,ｵｵｶﾞｷｷﾖｳﾘﾂ,101,ｲﾅﾊﾞ
0152,ｵｵｶﾞｷｷﾖｳﾘﾂ,102,ｲﾁﾉﾐﾔﾋｶﾞｼ
0152,ｵｵｶﾞｷｷﾖｳﾘﾂ,103,ｵｵｶﾞｷｼﾔｸｼﾖ
0152,ｵｵｶﾞｷｷﾖｳﾘﾂ,104,ｶﾆ
0152,ｵｵｶﾞｷｷﾖｳﾘﾂ,105,ﾄﾞﾀ
0152,ｵｵｶﾞｷｷﾖｳﾘﾂ,106,ﾌｿｳ
0152,ｵｵｶﾞｷｷﾖｳﾘﾂ,107,ﾄｷ
0152,ｵｵｶﾞｷｷﾖｳﾘﾂ,109,ﾎｼｶﾜ
0152,ｵｵｶﾞｷｷﾖｳﾘﾂ,110,ｼﾂﾎﾟｳ
0152,ｵｵｶﾞｷｷﾖｳﾘﾂ,111,ﾅｶﾞﾓﾘ
0152,ｵｵｶﾞｷｷﾖｳﾘﾂ,112,ｵｵﾉ
0152,ｵｵｶﾞｷｷﾖｳﾘﾂ,114,ﾐｽﾞﾅﾐ
0152,ｵｵｶﾞｷｷﾖｳﾘﾂ,116,ｺｳｿﾞｳｼﾞ
0152,ｵｵｶﾞｷｷﾖｳﾘﾂ,117,ｼﾝｾｲ
0152,ｵｵｶﾞｷｷﾖｳﾘﾂ,118,ﾆﾖｲｻﾙ
0152,ｵｵｶﾞｷｷﾖｳﾘﾂ,119,ｿﾊﾗ
0152,ｵｵｶﾞｷｷﾖｳﾘﾂ,120,ｼﾏ
0152,ｵｵｶﾞｷｷﾖｳﾘﾂ,121,ｷｿｶﾞﾜ
0152,ｵｵｶﾞｷｷﾖｳﾘﾂ,122,ｱｸﾀﾐ
0152,ｵｵｶﾞｷｷﾖｳﾘﾂ,123,ﾆｼｶﾆ
0152,ｵｵｶﾞｷｷﾖｳﾘﾂ,124,ｵｼｺｼ
0152,ｵｵｶﾞｷｷﾖｳﾘﾂ,125,ｴﾅﾐ
0152,ｵｵｶﾞｷｷﾖｳﾘﾂ,126,ｾｷｸﾞﾁ
0152,ｵｵｶﾞｷｷﾖｳﾘﾂ,127,ｶﾆｴ
0152,ｵｵｶﾞｷｷﾖｳﾘﾂ,128,ｴﾅ
0152,ｵｵｶﾞｷｷﾖｳﾘﾂ,129,ﾄﾖﾀ
0152,ｵｵｶﾞｷｷﾖｳﾘﾂ,130,ｲﾁﾉﾐﾔﾐﾅﾐ
0152,ｵｵｶﾞｷｷﾖｳﾘﾂ,131,ﾅｶﾂｶﾞﾜ
0152,ｵｵｶﾞｷｷﾖｳﾘﾂ,132,ﾄｳｶｲ
0152,ｵｵｶﾞｷｷﾖｳﾘﾂ,133,ｾﾄ
0152,ｵｵｶﾞｷｷﾖｳﾘﾂ,135,ﾎﾂﾞﾐｷﾀ
0152,ｵｵｶﾞｷｷﾖｳﾘﾂ,136,ｵﾀｲ
0152,ｵｵｶﾞｷｷﾖｳﾘﾂ,137,ｴﾌﾞﾘﾃﾞ-ﾌﾟﾗｻﾞｷﾞﾌ
0152,ｵｵｶﾞｷｷﾖｳﾘﾂ,138,ﾅｶﾑﾗ
0152,ｵｵｶﾞｷｷﾖｳﾘﾂ,139,ｲｵﾝｶｽｶﾞｲ
0152,ｵｵｶﾞｷｷﾖｳﾘﾂ,140,ﾀｶﾔﾏ
0152,ｵｵｶﾞｷｷﾖｳﾘﾂ,141,ｴﾌﾞﾘﾃﾞ-ﾀｶﾔﾏ
0152,ｵｵｶﾞｷｷﾖｳﾘﾂ,142,ﾊﾁﾏﾝ
0152,ｵｵｶﾞｷｷﾖｳﾘﾂ,143,ｼﾛﾄﾘ
0152,ｵｵｶﾞｷｷﾖｳﾘﾂ,144,ﾐﾅﾐ
0152,ｵｵｶﾞｷｷﾖｳﾘﾂ,146,ﾈﾂﾄﾌﾟﾗｻﾞ
0152,ｵｵｶﾞｷｷﾖｳﾘﾂ,147,ﾔﾅｲﾂﾞ
0152,ｵｵｶﾞｷｷﾖｳﾘﾂ,148,ﾀｼﾞﾐｷﾀ
0152,ｵｵｶﾞｷｷﾖｳﾘﾂ,149,ｱｸｱｳｵ-ｸｵｵｶﾞｷ
0152,ｵｵｶﾞｷｷﾖｳﾘﾂ,150,ｵｶｻﾞｷ
0152,ｵｵｶﾞｷｷﾖｳﾘﾂ,151,ﾊﾝﾀﾞ
0152,ｵｵｶﾞｷｷﾖｳﾘﾂ,152,ﾒｲｴｷ
0152,ｵｵｶﾞｷｷﾖｳﾘﾂ,153,ﾍｲﾜﾄﾞｳﾅｶﾞｸﾃ
0152,ｵｵｶﾞｷｷﾖｳﾘﾂ,154,ﾅｶﾞｸﾃ
0152,ｵｵｶﾞｷｷﾖｳﾘﾂ,155,ﾄﾞﾗｲﾌﾞｽﾙ-ﾅｶﾞｸﾃ
0152,ｵｵｶﾞｷｷﾖｳﾘﾂ,156,ｲｼｶﾜﾊﾞｼ
0152,ｵｵｶﾞｷｷﾖｳﾘﾂ,157,ｷﾞﾌｹﾝﾁﾖｳ
0152,ｵｵｶﾞｷｷﾖｳﾘﾂ,158,ﾄﾖﾊｼ
0152,ｵｵｶﾞｷｷﾖｳﾘﾂ,159,ﾌｼﾞｻﾜ
0152,ｵｵｶﾞｷｷﾖｳﾘﾂ,160,ｹﾞﾛ
0152,ｵｵｶﾞｷｷﾖｳﾘﾂ,161,ﾋﾀﾞﾌﾙｶﾜ
0152,ｵｵｶﾞｷｷﾖｳﾘﾂ,162,ｹﾝﾐﾝﾌﾚｱｲｶｲｶﾝ
0152,ｵｵｶﾞｷｷﾖｳﾘﾂ,163,ｱｶｲｹ
0153,ｼﾞﾕｳﾛｸ,100,ﾎﾝﾃﾝ
0153,ｼﾞﾕｳﾛｸ,101,ｹﾝﾐﾝﾌﾚｱｲｶｲｶﾝ
0153,ｼﾞﾕｳﾛｸ,102,ｷﾞﾌｼﾔｸｼﾖ
0153,ｼﾞﾕｳﾛｸ,103,ｶﾗﾌﾙﾀｳﾝｷﾞﾌ
0153,ｼﾞﾕｳﾛｸ,105,ﾀｶﾞﾐ
0153,ｼﾞﾕｳﾛｸ,106,ｷﾀﾅｶﾞﾗ
0153,ｼﾞﾕｳﾛｸ,107,ﾉﾘﾀｹ
0153,ｼﾞﾕｳﾛｸ,108,ﾐﾀﾎﾗ
0153,ｼﾞﾕｳﾛｸ,111,ｸﾛﾉ
0153,ｼﾞﾕｳﾛｸ,113,ﾁﾕｳｾﾂ
0153,ｼﾞﾕｳﾛｸ,114,ﾀｶﾐ
0153,ｼﾞﾕｳﾛｸ,115,ｼﾏ
0153,ｼﾞﾕｳﾛｸ,116,ﾅｶﾞﾗ
0153,ｼﾞﾕｳﾛｸ,120,ﾏｻｷ
0153,ｼﾞﾕｳﾛｸ,123,ｷﾞﾌﾁﾕｳｵｳ
0153,ｼﾞﾕｳﾛｸ,126,ﾆｼﾉﾏﾁ
0153,ｼﾞﾕｳﾛｸ,131,ｲﾏｻﾞﾜﾁﾖｳ
0153,ｼﾞﾕｳﾛｸ,141,ﾔﾅｶﾞｾ
0153,ｼﾞﾕｳﾛｸ,143,ﾊﾞｲﾘﾝ
0153,ｼﾞﾕｳﾛｸ,145,ｲﾜﾁ
0153,ｼﾞﾕｳﾛｸ,146,ﾉｲｼｷ
0153,ｼﾞﾕｳﾛｸ,148,ﾋﾉ
0153,ｼﾞﾕｳﾛｸ,150,ｱｸﾀﾐ
0153,ｼﾞﾕｳﾛｸ,153,ﾏｻｺﾞﾁﾖｳ
0153,ｼﾞﾕｳﾛｸ,154,ﾎﾝｼﾞﾖｳ
0153,ｼﾞﾕｳﾛｸ,156,ｷﾞﾌｴｷﾏｴ
0153,ｼﾞﾕｳﾛｸ,158,ｶｶﾞｼﾏ
0153,ｼﾞﾕｳﾛｸ,160,ｲﾁﾊｼ
0153,ｼﾞﾕｳﾛｸ,161,ﾛｸｼﾞﾖｳ
0153,ｼﾞﾕｳﾛｸ,162,ｳｽﾞﾗ
0153,ｼﾞﾕｳﾛｸ,163,ｹﾝﾁﾖｳ
0153,ｼﾞﾕｳﾛｸ,166,ｱｶﾅﾍﾞ
0153,ｼﾞﾕｳﾛｸ,171,ｶﾉｳ
0153,ｼﾞﾕｳﾛｸ,173,ｾｲﾎﾝﾏﾁ
0153,ｼﾞﾕｳﾛｸ,176,ﾋｶﾞｼｶﾉｳ
0153,ｼﾞﾕｳﾛｸ,181,ｷﾞﾅﾝ
0153,ｼﾞﾕｳﾛｸ,188,ﾋｶﾞｼｶｶﾐｶﾞﾊﾗ
0153,ｼﾞﾕｳﾛｸ,190,ｵｻﾞｷ
0153,ｼﾞﾕｳﾛｸ,191,ｶｶﾐｶﾞﾊﾗ
0153,ｼﾞﾕｳﾛｸ,193,ﾀｶﾄﾐ
0153,ｼﾞﾕｳﾛｸ,195,ｿﾊﾗ
0153,ｼﾞﾕｳﾛｸ,196,ｳﾇﾏ
0153,ｼﾞﾕｳﾛｸ,197,ｷﾀﾎﾂﾞﾐ
0153,ｼﾞﾕｳﾛｸ,198,ﾎﾂﾞﾐ
0153,ｼﾞﾕｳﾛｸ,200,ｼﾝｾｲ
0153,ｼﾞﾕｳﾛｸ,201,ｷﾀｶﾞﾀ
0153,ｼﾞﾕｳﾛｸ,203,ｵｵﾉ
0153,ｼﾞﾕｳﾛｸ,204,ｿﾌﾄﾋﾟｱｼﾞﾔﾊﾟﾝ
0153,ｼﾞﾕｳﾛｸ,205,ｼﾓｴﾄﾞ
0153,ｼﾞﾕｳﾛｸ,206,ｲﾋﾞｶﾞﾜ
0153,ｼﾞﾕｳﾛｸ,207,ｲｹﾀﾞ
0153,ｼﾞﾕｳﾛｸ,208,ｺﾞｳﾄﾞ
0153,ｼﾞﾕｳﾛｸ,210,ｵｵｶﾞｷﾐﾅﾐ
0153,ｼﾞﾕｳﾛｸ,211,ｱｶｻｶ
0153,ｼﾞﾕｳﾛｸ,212,ｵｵｶﾞｷｷﾀ
0153,ｼﾞﾕｳﾛｸ,214,ｵｵｶﾞｷﾆｼ
0153,ｼﾞﾕｳﾛｸ,215,ｵｵｶﾞｷﾋｶﾞｼ
0153,ｼﾞﾕｳﾛｸ,216,ｵｵｶﾞｷ
0153,ｼﾞﾕｳﾛｸ,218,ｱﾝﾊﾟﾁ
0153,ｼﾞﾕｳﾛｸ,219,ﾀｶｽ
0153,ｼﾞﾕｳﾛｸ,222,ﾀﾙｲ
0153,ｼﾞﾕｳﾛｸ,226,ｾｷｶﾞﾊﾗ
0153,ｼﾞﾕｳﾛｸ,230,ﾖｳﾛｳ
0153,ｼﾞﾕｳﾛｸ,250,ﾋｶﾞｼｾｷ
0153,ｼﾞﾕｳﾛｸ,251,ｾｷ
0153,ｼﾞﾕｳﾛｸ,252,ﾆｼｾｷ
0153,ｼﾞﾕｳﾛｸ,253,ﾐﾉ
0153,ｼﾞﾕｳﾛｸ,256,ﾊﾁﾏﾝ
0153,ｼﾞﾕｳﾛｸ,261,ｼﾛﾄﾘ
0153,ｼﾞﾕｳﾛｸ,271,ﾐﾉｶﾓ
0153,ｼﾞﾕｳﾛｸ,273,ｶﾆ
0153,ｼﾞﾕｳﾛｸ,274,ﾆｼｶﾆ
0153,ｼﾞﾕｳﾛｸ,276,ﾐﾀｹ
0153,ｼﾞﾕｳﾛｸ,280,ｲﾏﾜﾀﾘ
0153,ｼﾞﾕｳﾛｸ,281,ﾔｵﾂ
0153,ｼﾞﾕｳﾛｸ,283,ｺﾋﾞ
0153,ｼﾞﾕｳﾛｸ,303,ﾀｼﾞﾐ
0153,ｼﾞﾕｳﾛｸ,306,ﾆｼﾀｼﾞﾐ
0153,ｼﾞﾕｳﾛｸ,311,ﾄｷ
0153,ｼﾞﾕｳﾛｸ,313,ﾂﾏｷﾞｵﾛｼ
0153,ｼﾞﾕｳﾛｸ,316,ﾀﾞﾁ
0153,ｼﾞﾕｳﾛｸ,321,ﾐｽﾞﾅﾐ
0153,ｼﾞﾕｳﾛｸ,326,ｱｹﾁ
0153,ｼﾞﾕｳﾛｸ,333,ｲﾜﾑﾗ
0153,ｼﾞﾕｳﾛｸ,336,ｴﾅ
0153,ｼﾞﾕｳﾛｸ,341,ﾅｶﾂｶﾞﾜ
0153,ｼﾞﾕｳﾛｸ,345,ﾐﾅﾐﾅｶﾂｶﾞﾜ
0153,ｼﾞﾕｳﾛｸ,353,ｹﾞﾛ
0153,ｼﾞﾕｳﾛｸ,356,ﾏｼﾀ
0153,ｼﾞﾕｳﾛｸ,363,ﾀｶﾔﾏｴｷﾏｴ
0153,ｼﾞﾕｳﾛｸ,366,ﾀｶﾔﾏ
0153,ｼﾞﾕｳﾛｸ,368,ﾆｼﾀｶﾔﾏ
0153,ｼﾞﾕｳﾛｸ,371,ﾌﾙｶﾜ
0153,ｼﾞﾕｳﾛｸ,460,ｷﾀﾊｼﾏ
0153,ｼﾞﾕｳﾛｸ,461,ﾊｼﾏ
0153,ｼﾞﾕｳﾛｸ,463,ｶｻﾏﾂ
0153,ｼﾞﾕｳﾛｸ,465,ﾔﾅｲﾂﾞ
0153,ｼﾞﾕｳﾛｸ,467,ﾘﾕｳﾂｳｾﾝﾀ-
0153,ｼﾞﾕｳﾛｸ,501,ｷｿｶﾞﾜ
0153,ｼﾞﾕｳﾛｸ,502,ｶﾜｼﾏ
0153,ｼﾞﾕｳﾛｸ,503,ｲﾁﾉﾐﾔ
0153,ｼﾞﾕｳﾛｸ,504,ｲﾁﾉﾐﾔﾋｶﾞｼ
0153,ｼﾞﾕｳﾛｸ,505,ｲﾁﾉﾐﾔﾐﾅﾐ
0153,ｼﾞﾕｳﾛｸ,506,ﾋﾞｻｲ
0153,ｼﾞﾕｳﾛｸ,507,ｲﾅｻﾞﾜ
0153,ｼﾞﾕｳﾛｸ,508,ﾋｶﾞｼｲﾅｻﾞﾜ
0153,ｼﾞﾕｳﾛｸ,509,ｶﾁｶﾞﾜ
0153,ｼﾞﾕｳﾛｸ,511,ﾄｳｶｲ
0153,ｼﾞﾕｳﾛｸ,512,ｾﾄ
0153,ｼﾞﾕｳﾛｸ,513,ｶﾆｴ
0153,ｼﾞﾕｳﾛｸ,514,ﾘｿﾗｵｵﾌﾞ
0153,ｼﾞﾕｳﾛｸ,515,ｲﾜｸﾗ
0153,ｼﾞﾕｳﾛｸ,516,ｺﾏｷ
0153,ｼﾞﾕｳﾛｸ,517,ｼｶﾂ
0153,ｼﾞﾕｳﾛｸ,518,ｶｽｶﾞｲ
0153,ｼﾞﾕｳﾛｸ,519,ﾌｿｳ
0153,ｼﾞﾕｳﾛｸ,520,ｺｳﾅﾝ
0153,ｼﾞﾕｳﾛｸ,521,ｲﾇﾔﾏ
0153,ｼﾞﾕｳﾛｸ,522,ﾌﾘｺﾐｼﾕｳﾁﾕｳ
0153,ｼﾞﾕｳﾛｸ,523,Qﾛ-ﾝ
0153,ｼﾞﾕｳﾛｸ,545,ｵﾜﾘｱｻﾋ
0153,ｼﾞﾕｳﾛｸ,549,ｷﾖｽ
0153,ｼﾞﾕｳﾛｸ,550,ﾐﾜ
0153,ｼﾞﾕｳﾛｸ,551,ﾅｶﾑﾗ
0153,ｼﾞﾕｳﾛｸ,553,ﾅｺﾞﾔｴｷﾏｴ
0153,ｼﾞﾕｳﾛｸ,556,ﾅｺﾞﾔ
0153,ｼﾞﾕｳﾛｸ,557,ｵｵｽ
0153,ｼﾞﾕｳﾛｸ,558,ｵﾀｲ
0153,ｼﾞﾕｳﾛｸ,559,ｸｽﾉｷﾁﾖｳ
0153,ｼﾞﾕｳﾛｸ,560,ﾓﾘﾔﾏ
0153,ｼﾞﾕｳﾛｸ,561,ｵｵｿﾞﾈ
0153,ｼﾞﾕｳﾛｸ,562,ｲｹｼﾀ
0153,ｼﾞﾕｳﾛｸ,563,ｲﾏｲｹ
0153,ｼﾞﾕｳﾛｸ,564,ﾒｲﾄｳ
0153,ｼﾞﾕｳﾛｸ,565,ﾎﾝｺﾞｳ
0153,ｼﾞﾕｳﾛｸ,566,ｻｸﾗﾔﾏ
0153,ｼﾞﾕｳﾛｸ,567,ﾃﾝﾊﾟｸ
0153,ｼﾞﾕｳﾛｸ,568,ﾐﾄﾞﾘ
0153,ｼﾞﾕｳﾛｸ,569,ﾎｼｶﾞｵｶ
0153,ｼﾞﾕｳﾛｸ,571,ｱﾂﾀ
0153,ｼﾞﾕｳﾛｸ,572,ﾅｶｶﾞﾜ
0153,ｼﾞﾕｳﾛｸ,573,ｳﾁﾀﾞﾊﾞｼ
0153,ｼﾞﾕｳﾛｸ,576,ﾛｸﾊﾞﾝﾁﾖｳ
0153,ｼﾞﾕｳﾛｸ,578,ﾐﾅﾄ
0153,ｼﾞﾕｳﾛｸ,579,ﾔﾏﾉﾃ
0153,ｼﾞﾕｳﾛｸ,580,ﾄﾖﾀ
0153,ｼﾞﾕｳﾛｸ,581,ｶﾘﾔ
0153,ｼﾞﾕｳﾛｸ,583,ｵｶｻﾞｷ
0153,ｼﾞﾕｳﾛｸ,584,ｵｶｻﾞｷﾊﾈ
0153,ｼﾞﾕｳﾛｸ,586,ﾍｷﾅﾝ
0153,ｼﾞﾕｳﾛｸ,587,ﾊﾝﾀﾞ
0153,ｼﾞﾕｳﾛｸ,588,ｱｶｲｹ
0153,ｼﾞﾕｳﾛｸ,590,ﾄﾖﾊｼ
0153,ｼﾞﾕｳﾛｸ,601,ｸﾜﾅ
0153,ｼﾞﾕｳﾛｸ,801,ｵｵｻｶ
0153,ｼﾞﾕｳﾛｸ,805,ｴｲﾃｲｴﾑﾄｳｶﾂ
0153,ｼﾞﾕｳﾛｸ,901,ﾄｳｷﾖｳ
0154,ｻﾝｼﾞﾕｳｻﾝ,020,ﾏﾂｻｶﾎﾝﾃﾝ
0154,ｻﾝｼﾞﾕｳｻﾝ,021,ﾏﾂｻｶｼﾔｸｼﾖ
0154,ｻﾝｼﾞﾕｳｻﾝ,024,ｳﾒﾑﾗｶﾞｸｴﾝﾏｴ
0154,ｻﾝｼﾞﾕｳｻﾝ,025,ｸｼﾀﾞ
0154,ｻﾝｼﾞﾕｳｻﾝ,027,ﾏﾂｻｶﾏ-ﾑ
0154,ｻﾝｼﾞﾕｳｻﾝ,050,ｸﾏﾉ
0154,ｻﾝｼﾞﾕｳｻﾝ,051,ｸﾏﾉｼﾔｸｼﾖ
0154,ｻﾝｼﾞﾕｳｻﾝ,052,ﾐﾊﾏ
0154,ｻﾝｼﾞﾕｳｻﾝ,060,ｵﾜｾ
0154,ｻﾝｼﾞﾕｳｻﾝ,070,ﾐﾔﾏ
0154,ｻﾝｼﾞﾕｳｻﾝ,080,ﾅｶﾞｼﾏ
0154,ｻﾝｼﾞﾕｳｻﾝ,090,ﾄﾊﾞ
0154,ｻﾝｼﾞﾕｳｻﾝ,095,ｲｿﾍﾞ
0154,ｻﾝｼﾞﾕｳｻﾝ,100,ｳｶﾞﾀ
0154,ｻﾝｼﾞﾕｳｻﾝ,101,ﾎﾝﾃﾝ
0154,ｻﾝｼﾞﾕｳｻﾝ,103,ﾖﾂｶｲﾁｴｷﾏｴ
0154,ｻﾝｼﾞﾕｳｻﾝ,104,ﾆｼ
0154,ｻﾝｼﾞﾕｳｻﾝ,105,ﾖﾂｶｲﾁｼﾔｸｼﾖﾅｲ
0154,ｻﾝｼﾞﾕｳｻﾝ,106,ﾄﾐﾀﾞｴｷﾏｴ
0154,ｻﾝｼﾞﾕｳｻﾝ,107,ｶﾜｺﾞｴ
0154,ｻﾝｼﾞﾕｳｻﾝ,108,ｼｵﾊﾏ
0154,ｻﾝｼﾞﾕｳｻﾝ,109,ｵｲﾜｹ
0154,ｻﾝｼﾞﾕｳｻﾝ,110,ｼﾝﾄﾞｳ
0154,ｻﾝｼﾞﾕｳｻﾝ,111,ﾐｴ
0154,ｻﾝｼﾞﾕｳｻﾝ,112,ｻｸﾗ
0154,ｻﾝｼﾞﾕｳｻﾝ,113,ﾄｷﾜ
0154,ｻﾝｼﾞﾕｳｻﾝ,114,ﾖｺﾞｳ
0154,ｻﾝｼﾞﾕｳｻﾝ,115,ﾎｸｾｲｲﾁﾊﾞ
0154,ｻﾝｼﾞﾕｳｻﾝ,117,ｱｸﾗｶﾞﾜ
0154,ｻﾝｼﾞﾕｳｻﾝ,118,ｸｽ
0154,ｻﾝｼﾞﾕｳｻﾝ,119,ｶﾜｼﾏ
0154,ｻﾝｼﾞﾕｳｻﾝ,120,ﾋﾅｶﾞ
0154,ｻﾝｼﾞﾕｳｻﾝ,121,ｱｻﾋ
0154,ｻﾝｼﾞﾕｳｻﾝ,123,ｵｵﾔﾁ
0154,ｻﾝｼﾞﾕｳｻﾝ,124,ｸﾎﾞﾀ
0154,ｻﾝｼﾞﾕｳｻﾝ,130,ﾀｶﾔﾅｷﾞ
0154,ｻﾝｼﾞﾕｳｻﾝ,140,ﾊﾁｹﾝﾄﾞｵﾘ
0154,ｻﾝｼﾞﾕｳｻﾝ,145,ｶﾐﾔｼﾛｸﾞﾁ
0154,ｻﾝｼﾞﾕｳｻﾝ,150,ﾂｼﾞｸﾙ
0154,ｻﾝｼﾞﾕｳｻﾝ,155,ｲｾ
0154,ｻﾝｼﾞﾕｳｻﾝ,165,ｵﾊﾞﾀ
0154,ｻﾝｼﾞﾕｳｻﾝ,166,ﾒｲﾜ
0154,ｻﾝｼﾞﾕｳｻﾝ,170,ﾊﾅｵｶ
0154,ｻﾝｼﾞﾕｳｻﾝ,180,ﾏﾂｻｶﾋｶﾞｼ
0154,ｻﾝｼﾞﾕｳｻﾝ,181,ﾔﾏｼﾞﾖｳ
0154,ｻﾝｼﾞﾕｳｻﾝ,182,ﾚｲﾎｳ
0154,ｻﾝｼﾞﾕｳｻﾝ,183,ｲｶﾞｼﾝﾄﾞｳ
0154,ｻﾝｼﾞﾕｳｻﾝ,190,ｶﾜｲﾏﾁ
0154,ｻﾝｼﾞﾕｳｻﾝ,200,ｱﾀｺﾞﾏﾁ
0154,ｻﾝｼﾞﾕｳｻﾝ,205,ｵｵﾔﾏﾀﾞ
0154,ｻﾝｼﾞﾕｳｻﾝ,206,ｷﾀｺﾓﾉ
0154,ｻﾝｼﾞﾕｳｻﾝ,207,ﾄｳｲﾝ
0154,ｻﾝｼﾞﾕｳｻﾝ,208,ﾎｼｶﾜ
0154,ｻﾝｼﾞﾕｳｻﾝ,210,ｲﾅﾍﾞ
0154,ｻﾝｼﾞﾕｳｻﾝ,211,ｱｹﾞｷ
0154,ｻﾝｼﾞﾕｳｻﾝ,212,ｸﾜﾅﾁﾕｳｵｳ
0154,ｻﾝｼﾞﾕｳｻﾝ,213,ｺﾓﾉ
0154,ｻﾝｼﾞﾕｳｻﾝ,214,ｶﾝﾍﾞ
0154,ｻﾝｼﾞﾕｳｻﾝ,215,ｼﾛｺ
0154,ｻﾝｼﾞﾕｳｻﾝ,216,ｱｻﾋｶﾞｵｶ
0154,ｻﾝｼﾞﾕｳｻﾝ,217,ﾁﾖｻﾞｷ
0154,ｻﾝｼﾞﾕｳｻﾝ,218,ｽｽﾞｶﾁﾕｳｵｳ
0154,ｻﾝｼﾞﾕｳｻﾝ,220,ﾅﾊﾞﾘ
0154,ｻﾝｼﾞﾕｳｻﾝ,225,ｷｷﾖｳｶﾞｵｶ
0154,ｻﾝｼﾞﾕｳｻﾝ,226,ｱｶﾒ
0154,ｻﾝｼﾞﾕｳｻﾝ,228,ﾋﾗﾀﾁﾖｳｴｷﾏｴ
0154,ｻﾝｼﾞﾕｳｻﾝ,230,ﾁｻﾄ
0154,ｻﾝｼﾞﾕｳｻﾝ,232,ﾅｺﾞ
0154,ｻﾝｼﾞﾕｳｻﾝ,233,ｲｼﾔｸｼﾐﾅﾐ
0154,ｻﾝｼﾞﾕｳｻﾝ,234,ﾐﾅﾐﾀﾏｶﾞｷ
0154,ｻﾝｼﾞﾕｳｻﾝ,240,ﾂ
0154,ｻﾝｼﾞﾕｳｻﾝ,245,ﾂｴｷﾏｴ
0154,ｻﾝｼﾞﾕｳｻﾝ,250,ﾂﾐﾅﾐ
0154,ｻﾝｼﾞﾕｳｻﾝ,255,ﾂｴｷﾆｼ
0154,ｻﾝｼﾞﾕｳｻﾝ,256,ﾀｶﾁﾔﾔ
0154,ｻﾝｼﾞﾕｳｻﾝ,257,ｲｼﾝﾃﾞﾝ
0154,ｻﾝｼﾞﾕｳｻﾝ,260,ﾋｻｲ
0154,ｻﾝｼﾞﾕｳｻﾝ,265,ﾁｻﾄｶﾞｵｶ
0154,ｻﾝｼﾞﾕｳｻﾝ,270,ｶﾒﾔﾏ
0154,ｻﾝｼﾞﾕｳｻﾝ,280,ｽｽﾞｶ
0154,ｻﾝｼﾞﾕｳｻﾝ,285,ﾋﾗﾀﾁﾖｳ
0154,ｻﾝｼﾞﾕｳｻﾝ,286,ｲﾉｳ
0154,ｻﾝｼﾞﾕｳｻﾝ,287,ｽﾐﾖｼ
0154,ｻﾝｼﾞﾕｳｻﾝ,290,ｼﾛｺﾎﾝﾏﾁ
0154,ｻﾝｼﾞﾕｳｻﾝ,292,ｼﾛｺﾁﾕｳｵｳ
0154,ｻﾝｼﾞﾕｳｻﾝ,295,ﾀﾏｶﾞｷ
0154,ｻﾝｼﾞﾕｳｻﾝ,296,ｲｼﾔｸｼ
0154,ｻﾝｼﾞﾕｳｻﾝ,300,ﾂｼﾝﾏﾁ
0154,ｻﾝｼﾞﾕｳｻﾝ,310,ﾁﾕｳｵｳﾄﾞｵﾘ
0154,ｻﾝｼﾞﾕｳｻﾝ,314,ﾐｽﾞﾎﾀﾞｲ
0154,ｻﾝｼﾞﾕｳｻﾝ,315,ｶﾒﾔﾏﾁﾕｳｵｳ
0154,ｻﾝｼﾞﾕｳｻﾝ,316,ﾂﾁﾕｳｵｳ
0154,ｻﾝｼﾞﾕｳｻﾝ,317,ﾋｻｲｴｷﾏｴ
0154,ｻﾝｼﾞﾕｳｻﾝ,318,ﾏﾂｻｶﾁﾕｳｵｳ
0154,ｻﾝｼﾞﾕｳｻﾝ,319,ｲｾﾁﾕｳｵｳ
0154,ｻﾝｼﾞﾕｳｻﾝ,320,ﾐｴﾀﾞｲｶﾞｸﾏｴ
0154,ｻﾝｼﾞﾕｳｻﾝ,324,ﾀｶﾁﾞﾔﾔｺﾓﾘ
0154,ｻﾝｼﾞﾕｳｻﾝ,325,ﾄﾊﾞﾁﾕｳｵｳ
0154,ｻﾝｼﾞﾕｳｻﾝ,326,ｼﾏ
0154,ｻﾝｼﾞﾕｳｻﾝ,330,ﾆｼｱｸﾗｶﾞﾜ
0154,ｻﾝｼﾞﾕｳｻﾝ,335,ﾏﾂﾓﾄ
0154,ｻﾝｼﾞﾕｳｻﾝ,340,ｺﾓﾉﾁﾕｳｵｳ
0154,ｻﾝｼﾞﾕｳｻﾝ,350,ﾄﾐﾀﾞ
0154,ｻﾝｼﾞﾕｳｻﾝ,355,ｵｵﾔﾁﾋｶﾞｼ
0154,ｻﾝｼﾞﾕｳｻﾝ,360,ｸﾜﾅ
0154,ｻﾝｼﾞﾕｳｻﾝ,363,ｲｾﾅｶﾞｼﾏ
0154,ｻﾝｼﾞﾕｳｻﾝ,369,ﾋﾀﾞﾏﾘﾉｵｶ
0154,ｻﾝｼﾞﾕｳｻﾝ,370,ﾏｽｵ
0154,ｻﾝｼﾞﾕｳｻﾝ,380,ﾅﾅﾜ
0154,ｻﾝｼﾞﾕｳｻﾝ,400,ｼﾖｳﾅｲ
0154,ｻﾝｼﾞﾕｳｻﾝ,410,ﾅｺﾞﾔ
0154,ｻﾝｼﾞﾕｳｻﾝ,415,ﾋﾛｼﾞ
0154,ｻﾝｼﾞﾕｳｻﾝ,425,ﾎﾝｼﾞﾝ
0154,ｻﾝｼﾞﾕｳｻﾝ,427,ﾊﾂﾀ
0154,ｻﾝｼﾞﾕｳｻﾝ,430,ﾅｺﾞﾔﾎｳｼﾞﾝ
0154,ｻﾝｼﾞﾕｳｻﾝ,432,ﾅｺﾞﾔｴｷﾏｴ
0154,ｻﾝｼﾞﾕｳｻﾝ,433,ｶﾆｴ
0154,ｻﾝｼﾞﾕｳｻﾝ,434,ｲﾏｲｹ
0154,ｻﾝｼﾞﾕｳｻﾝ,435,ﾅｶﾑﾗｺｳｴﾝﾏｴ
0154,ｻﾝｼﾞﾕｳｻﾝ,436,ﾄｳｶｲ
0154,ｻﾝｼﾞﾕｳｻﾝ,437,ﾄﾖﾀ
0154,ｻﾝｼﾞﾕｳｻﾝ,438,ｶｽｶﾞｲ
0154,ｻﾝｼﾞﾕｳｻﾝ,439,ﾅﾙﾐ
0154,ｻﾝｼﾞﾕｳｻﾝ,440,ﾎﾘﾀ
0154,ｻﾝｼﾞﾕｳｻﾝ,445,ﾐﾄﾞﾘ
0154,ｻﾝｼﾞﾕｳｻﾝ,448,ﾄｸｼｹﾞ
0154,ｻﾝｼﾞﾕｳｻﾝ,450,ﾒｲﾄｳ
0154,ｻﾝｼﾞﾕｳｻﾝ,451,ﾁﾘﾕｳ
0154,ｻﾝｼﾞﾕｳｻﾝ,452,ﾆﾂｼﾝ
0154,ｻﾝｼﾞﾕｳｻﾝ,453,ﾐﾅﾄ
0154,ｻﾝｼﾞﾕｳｻﾝ,455,ｱﾝｼﾞﾖｳ
0154,ｻﾝｼﾞﾕｳｻﾝ,456,ﾃﾝﾊﾟｸﾊﾗｴｷﾏｴ
0154,ｻﾝｼﾞﾕｳｻﾝ,460,ｻｺｷﾞ
0154,ｻﾝｼﾞﾕｳｻﾝ,465,ﾄﾀﾞ
0154,ｻﾝｼﾞﾕｳｻﾝ,470,ｵｶｻﾞｷ
0154,ｻﾝｼﾞﾕｳｻﾝ,480,ﾄﾖﾊｼ
0154,ｻﾝｼﾞﾕｳｻﾝ,490,ｼﾝｺｳﾄﾞｵﾘ
0154,ｻﾝｼﾞﾕｳｻﾝ,510,ｵｵｻｶ
0154,ｻﾝｼﾞﾕｳｻﾝ,521,ｲｶﾞ
0154,ｻﾝｼﾞﾕｳｻﾝ,522,ｻﾅｸﾞ
0154,ｻﾝｼﾞﾕｳｻﾝ,526,ｼﾏｶﾞﾊﾗ
0154,ｻﾝｼﾞﾕｳｻﾝ,527,ﾅﾊﾞﾘﾁﾕｳｵｳ
0154,ｻﾝｼﾞﾕｳｻﾝ,530,ﾊﾝﾅﾝ
0154,ｻﾝｼﾞﾕｳｻﾝ,540,ﾔｵ
0154,ｻﾝｼﾞﾕｳｻﾝ,550,ﾋｶﾞｼｵｵｻｶ
0154,ｻﾝｼﾞﾕｳｻﾝ,570,ｻｶｲ
0154,ｻﾝｼﾞﾕｳｻﾝ,601,ﾄｳｷﾖｳﾎｳｼﾞﾝ
0154,ｻﾝｼﾞﾕｳｻﾝ,610,ﾜｶﾔﾏ
0154,ｻﾝｼﾞﾕｳｻﾝ,620,ｼﾝｸﾞｳ
0154,ｻﾝｼﾞﾕｳｻﾝ,630,ﾀﾅﾍﾞ
0154,ｻﾝｼﾞﾕｳｻﾝ,640,ｶﾂｳﾗ
0154,ｻﾝｼﾞﾕｳｻﾝ,650,ｺｻﾞ
0154,ｻﾝｼﾞﾕｳｻﾝ,701,ｵｵｻｶﾎｳｼﾞﾝ
0154,ｻﾝｼﾞﾕｳｻﾝ,740,ｵｵｶﾞｷ
0154,ｻﾝｼﾞﾕｳｻﾝ,751,ﾊﾏｼﾞﾏ
0154,ｻﾝｼﾞﾕｳｻﾝ,752,ﾜｸﾞ
0154,ｻﾝｼﾞﾕｳｻﾝ,753,ｵｲｼ
0154,ｻﾝｼﾞﾕｳｻﾝ,754,ｳﾚｼﾉ
0154,ｻﾝｼﾞﾕｳｻﾝ,755,ｳｴﾉ
0154,ｻﾝｼﾞﾕｳｻﾝ,756,ﾖﾂｶｲﾁ
0154,ｻﾝｼﾞﾕｳｻﾝ,757,ﾋﾅｶﾞﾆｼ
0154,ｻﾝｼﾞﾕｳｻﾝ,758,ｶﾐﾏｴﾂﾞ
0154,ｻﾝｼﾞﾕｳｻﾝ,759,ｷﾀﾔﾏ
0154,ｻﾝｼﾞﾕｳｻﾝ,760,ｲﾉｺｲｼ
0154,ｻﾝｼﾞﾕｳｻﾝ,761,ｶﾐｲｲﾀﾞ
0154,ｻﾝｼﾞﾕｳｻﾝ,762,ﾃﾝﾊﾟｸ
0154,ｻﾝｼﾞﾕｳｻﾝ,763,ﾅｶｶﾞﾜ
0154,ｻﾝｼﾞﾕｳｻﾝ,800,ﾄｳｷﾖｳ
0154,ｻﾝｼﾞﾕｳｻﾝ,801,ﾌｱ-ｽﾄ
0154,ｻﾝｼﾞﾕｳｻﾝ,810,ﾅﾗ
0154,ｻﾝｼﾞﾕｳｻﾝ,820,ｻｸﾗｲ
0154,ｻﾝｼﾞﾕｳｻﾝ,890,ﾈﾂﾄ
0155,ﾋﾔｸｺﾞ,011,ﾄｳｷﾖｳ
0155,ﾋﾔｸｺﾞ,021,ﾅｺﾞﾔ
0155,ﾋﾔｸｺﾞ,022,ﾅｶﾑﾗ
0155,ﾋﾔｸｺﾞ,023,ｶﾐﾏｴﾂﾞ
0155,ﾋﾔｸｺﾞ,026,ｸﾛｶﾜ
0155,ﾋﾔｸｺﾞ,028,ﾆｼﾊﾙ
0155,ﾋﾔｸｺﾞ,029,ﾄﾐﾖｼ
0155,ﾋﾔｸｺﾞ,030,ﾄﾀﾞ
0155,ﾋﾔｸｺﾞ,031,ﾊﾂﾀ
0155,ﾋﾔｸｺﾞ,033,ﾄｳﾁ
0155,ﾋﾔｸｺﾞ,034,ﾐﾅﾄ
0155,ﾋﾔｸｺﾞ,035,ﾔﾄﾐ
0155,ﾋﾔｸｺﾞ,036,ﾁﾕｳﾌﾞﾎｳｼﾞﾝ
0155,ﾋﾔｸｺﾞ,037,ｶﾘﾔ
0155,ﾋﾔｸｺﾞ,038,ｶｽｶﾞｲ
0155,ﾋﾔｸｺﾞ,039,ﾋﾗﾊﾞﾘ
0155,ﾋﾔｸｺﾞ,040,ﾄﾖﾀ
0155,ﾋﾔｸｺﾞ,041,ｵｵﾀﾞｶ
0155,ﾋﾔｸｺﾞ,043,ﾌｼﾞｶﾞｵｶ
0155,ﾋﾔｸｺﾞ,044,ｵｶｻﾞｷ
0155,ﾋﾔｸｺﾞ,045,ｲﾁﾉﾐﾔ
0155,ﾋﾔｸｺﾞ,046,ﾓﾘﾔﾏ
0155,ﾋﾔｸｺﾞ,051,ｵｵｻｶ
0155,ﾋﾔｸｺﾞ,061,ｼﾝｸﾞｳ
0155,ﾋﾔｸｺﾞ,071,ｵｵｻｶﾈﾂﾄ
0155,ﾋﾔｸｺﾞ,072,ｱｲﾁﾈﾂﾄ
0155,ﾋﾔｸｺﾞ,101,ｸﾜﾅ
0155,ﾋﾔｸｺﾞ,102,ｸﾜﾅｴｷﾏｴ
0155,ﾋﾔｸｺﾞ,103,ﾔﾀﾞ
0155,ﾋﾔｸｺﾞ,104,ｲﾅﾍﾞ
0155,ﾋﾔｸｺﾞ,105,ｸﾜﾅｵｵﾔﾏﾀﾞ
0155,ﾋﾔｸｺﾞ,106,ﾚﾝｹﾞｼﾞ
0155,ﾋﾔｸｺﾞ,107,ﾀﾞｲｱﾝ
0155,ﾋﾔｸｺﾞ,109,ﾀﾄﾞ
0155,ﾋﾔｸｺﾞ,110,ﾄｳｲﾝ
0155,ﾋﾔｸｺﾞ,111,ｴﾊﾞ
0155,ﾋﾔｸｺﾞ,112,ｱｹﾞｷ
0155,ﾋﾔｸｺﾞ,201,ﾖﾂｶｲﾁ
0155,ﾋﾔｸｺﾞ,202,ﾄﾐﾀﾞ
0155,ﾋﾔｸｺﾞ,203,ﾄﾐﾀﾞｴｷﾏｴ
0155,ﾋﾔｸｺﾞ,204,ﾖﾂｶｲﾁｴｷﾏｴ
0155,ﾋﾔｸｺﾞ,205,ｶﾜﾗﾏﾁ
0155,ﾋﾔｸｺﾞ,206,ｸｽ
0155,ﾋﾔｸｺﾞ,207,ｺﾓﾉ
0155,ﾋﾔｸｺﾞ,208,ﾋﾅｶﾞ
0155,ﾋﾔｸｺﾞ,209,ﾖﾂｶｲﾁﾆｼ
0155,ﾋﾔｸｺﾞ,210,ｱｸﾗｶﾞﾜ
0155,ﾋﾔｸｺﾞ,211,ｲｸﾜ
0155,ﾋﾔｸｺﾞ,212,ｱｶﾂｷﾀﾞｲ
0155,ﾋﾔｸｺﾞ,213,ｻｸﾗ
0155,ﾋﾔｸｺﾞ,214,ﾏﾂﾓﾄ
0155,ﾋﾔｸｺﾞ,215,ｵｲﾜｹ
0155,ﾋﾔｸｺﾞ,253,ｻｻｶﾞﾜ
0155,ﾋﾔｸｺﾞ,301,ｽｽﾞｶ
0155,ﾋﾔｸｺﾞ,302,ｶｻﾄﾞ
0155,ﾋﾔｸｺﾞ,303,ｼﾛｺ
0155,ﾋﾔｸｺﾞ,304,ｶﾒﾔﾏ
0155,ﾋﾔｸｺﾞ,305,ｾｷ
0155,ﾋﾔｸｺﾞ,306,ﾋﾗﾀﾁﾖｳｴｷﾏｴ
0155,ﾋﾔｸｺﾞ,307,ｱｻﾋｶﾞｵｶ
0155,ﾋﾔｸｺﾞ,308,ﾜｶﾏﾂ
0155,ﾋﾔｸｺﾞ,309,ｲｿﾔﾏ
0155,ﾋﾔｸｺﾞ,310,ﾋｶﾞｼﾐﾕｷ
0155,ﾋﾔｸｺﾞ,311,ｲﾉｳ
0155,ﾋﾔｸｺﾞ,400,ｳｴﾉ
0155,ﾋﾔｸｺﾞ,401,ｳｴﾉﾁﾕｳｵｳ
0155,ﾋﾔｸｺﾞ,402,ｻﾅｸﾞ
0155,ﾋﾔｸｺﾞ,403,ﾅﾊﾞﾘ
0155,ﾋﾔｸｺﾞ,404,ｱｵﾔﾏ
0155,ﾋﾔｸｺﾞ,405,ｷｷﾖｳｶﾞｵｶ
0155,ﾋﾔｸｺﾞ,408,ｼﾞﾖｳﾎｸ
0155,ﾋﾔｸｺﾞ,501,ﾎﾝﾃﾝ
0155,ﾋﾔｸｺﾞ,502,ﾂｴｷﾏｴ
0155,ﾋﾔｸｺﾞ,503,ｹﾝﾁﾖｳ
0155,ﾋﾔｸｺﾞ,504,ﾀﾞｲﾓﾝﾁﾖｳ
0155,ﾋﾔｸｺﾞ,505,ﾂｼﾝﾏﾁ
0155,ﾋﾔｸｺﾞ,506,ｷﾖｳﾅﾝ
0155,ﾋﾔｸｺﾞ,507,ｲｼﾝﾃﾞﾝ
0155,ﾋﾔｸｺﾞ,508,ｼﾗﾂｶ
0155,ﾋﾔｸｺﾞ,509,ﾑｸﾓﾄ
0155,ﾋﾔｸｺﾞ,510,ｶﾜｹﾞ
0155,ﾋﾔｸｺﾞ,511,ﾋｻｲ
0155,ﾋﾔｸｺﾞ,512,ｶﾗｽ
0155,ﾋﾔｸｺﾞ,515,ﾂｴｷﾆｼｸﾞﾁ
0155,ﾋﾔｸｺﾞ,516,ﾀｶｼﾞﾔﾔ
0155,ﾋﾔｸｺﾞ,517,ｳﾚｼﾉ
0155,ﾋﾔｸｺﾞ,518,ﾂｼﾔｸｼﾖ
0155,ﾋﾔｸｺﾞ,519,ﾁﾕｳｵｳｲﾁﾊﾞ
0155,ﾋﾔｸｺﾞ,521,ｲﾁｼ
0155,ﾋﾔｸｺﾞ,522,ｸﾘﾏ
0155,ﾋﾔｸｺﾞ,523,ｺﾞｹﾝﾁﾖｳ
0155,ﾋﾔｸｺﾞ,524,ｱﾉｳ
0155,ﾋﾔｸｺﾞ,525,ﾍｷ
0155,ﾋﾔｸｺﾞ,526,ﾂｼﾛﾔﾏ
0155,ﾋﾔｸｺﾞ,601,ﾏﾂｻｶ
0155,ﾋﾔｸｺﾞ,603,ﾋﾗｵﾏﾁ
0155,ﾋﾔｸｺﾞ,604,ﾛｸｹﾝ
0155,ﾋﾔｸｺﾞ,605,ｲｴｷ
0155,ﾋﾔｸｺﾞ,606,ｻｲｸｳ
0155,ﾋﾔｸｺﾞ,607,ﾀｷ
0155,ﾋﾔｸｺﾞ,609,ｵｲｼ
0155,ﾋﾔｸｺﾞ,610,ﾐｾﾀﾞﾆ
0155,ﾋﾔｸｺﾞ,611,ｵｲﾂﾞ
0155,ﾋﾔｸｺﾞ,612,ﾏﾂｻｶｴｷﾏｴ
0155,ﾋﾔｸｺﾞ,614,ﾏﾂｻｶﾁﾕｳｵｳ
0155,ﾋﾔｸｺﾞ,616,ｳﾒﾑﾗｶﾞｸｴﾝﾏｴ
0155,ﾋﾔｸｺﾞ,701,ｲｾ
0155,ﾋﾔｸｺﾞ,702,ｽｼﾞｶｲﾊﾞｼ
0155,ﾋﾔｸｺﾞ,703,ｼﾝﾐﾁ
0155,ﾋﾔｸｺﾞ,705,ﾅｲｸｳﾏｴ
0155,ﾋﾔｸｺﾞ,706,ｶﾜｻｷ
0155,ﾋﾔｸｺﾞ,708,ﾀﾏﾙ
0155,ﾋﾔｸｺﾞ,709,ﾐﾔｶﾞﾜ
0155,ﾋﾔｸｺﾞ,710,ﾌﾀﾐｳﾗ
0155,ﾋﾔｸｺﾞ,711,ｺﾞｶｼﾖ
0155,ﾋﾔｸｺﾞ,712,ｲｾﾐｿﾉ
0155,ﾋﾔｸｺﾞ,713,ｲｾｼﾏｲﾁﾊﾞ
0155,ﾋﾔｸｺﾞ,714,ｸｽﾍﾞ
0155,ﾋﾔｸｺﾞ,801,ﾄﾊﾞ
0155,ﾋﾔｸｺﾞ,802,ｲｿﾍﾞ
0155,ﾋﾔｸｺﾞ,803,ｳｶﾞﾀ
0155,ﾋﾔｸｺﾞ,804,ﾅｷﾘ
0155,ﾋﾔｸｺﾞ,805,ﾜｸﾞ
0155,ﾋﾔｸｺﾞ,806,ﾊﾏｼﾞﾏ
0155,ﾋﾔｸｺﾞ,807,ﾄﾊﾞﾋｶﾞｼ
0155,ﾋﾔｸｺﾞ,808,ｳｶﾞﾀｴｷﾏｴ
0155,ﾋﾔｸｺﾞ,901,ｵﾜｾ
0155,ﾋﾔｸｺﾞ,904,ﾅｶﾞｼﾏ
0155,ﾋﾔｸｺﾞ,908,ｸﾏﾉ
0155,ﾋﾔｸｺﾞ,910,ﾐﾔﾏ
0155,ﾋﾔｸｺﾞ,916,ｺﾝﾋﾞﾆｴ-ﾃｲ-ｴﾑ
0155,ﾋﾔｸｺﾞ,919,ｲ-ﾎﾟｹﾂﾄ
0157,ｼｶﾞ,110,ﾎﾝﾃﾝ
0157,ｼｶﾞ,111,ｻｶﾓﾄ
0157,ｼｶﾞ,112,ﾆｼｺｵﾘ
0157,ｼｶﾞ,113,ｵｵﾂｼﾔｸｼﾖ
0157,ｼｶﾞ,115,ｶﾗｻｷ
0157,ｼｶﾞ,116,ﾆｼｵｵﾂｴｷﾏｴ
0157,ｼｶﾞ,120,ｾﾞｾﾞ
0157,ｼｶﾞ,121,ｾﾞｾﾞｴｷﾏｴ
0157,ｼｶﾞ,130,ｲｼﾔﾏ
0157,ｼｶﾞ,131,ﾃﾗﾍﾞ
0157,ｼｶﾞ,132,ﾅﾝｺﾞｳ
0157,ｼｶﾞ,135,ﾀﾅｶﾐ
0157,ｼｶﾞ,140,ｾﾀ
0157,ｼｶﾞ,150,ﾅｶﾏﾁ
0157,ｼｶﾞ,160,ｹﾝﾁﾖｳ
0157,ｼｶﾞ,171,ﾋﾞﾜｺﾛ-ｽﾞﾀｳﾝ
0157,ｼｶﾞ,172,ｼｶﾞﾁﾖｳ
0157,ｼｶﾞ,175,ｶﾀﾀｴｷﾏｴ
0157,ｼｶﾞ,176,ｵｵｷﾞｵｺﾞﾄ
0157,ｼｶﾞ,180,ｵｵﾂｴｷﾏｴ
0157,ｼｶﾞ,190,ｾﾀｴｷﾏｴ
0157,ｼｶﾞ,191,ｵｵｴ
0157,ｼｶﾞ,192,ｸﾞﾘ-ﾝﾋﾙ
0157,ｼｶﾞ,195,ｵｵﾂｼｼﾞﾖｳ
0157,ｼｶﾞ,211,ｸｻﾂ
0157,ｼｶﾞ,212,ﾘﾂﾄｳ
0157,ｼｶﾞ,213,ﾘﾂﾄｳﾄﾚｾﾝﾏｴ
0157,ｼｶﾞ,214,ﾐﾅﾐｸｻﾂｴｷﾏｴ
0157,ｼｶﾞ,216,ﾐﾅﾐｶﾞｻ
0157,ｼｶﾞ,217,ｸｻﾂｼﾔｸｼﾖ
0157,ｼｶﾞ,218,ｸｻﾂﾊﾟ-ｿﾅﾙ
0157,ｼｶﾞ,219,ﾐﾅﾐｸｻﾂﾊﾟ-ｿﾅﾙ
0157,ｼｶﾞ,222,ﾀﾞｲﾎｳ
0157,ｼｶﾞ,223,ﾘﾂﾄｳｴｷﾏｴ
0157,ｼｶﾞ,225,ｸｻﾂﾆｼ
0157,ｼｶﾞ,231,ｼﾓｶﾞｻ
0157,ｼｶﾞ,241,ﾓﾘﾔﾏ
0157,ｼｶﾞ,242,ｺﾉﾊﾏ
0157,ｼｶﾞ,244,ﾓﾘﾔﾏﾋｶﾞｼ
0157,ｼｶﾞ,251,ﾔｽ
0157,ｼｶﾞ,252,ｷﾞｵｳ
0157,ｼｶﾞ,253,ﾐｶﾐ
0157,ｼｶﾞ,261,ﾁﾕｳｽﾞ
0157,ｼｶﾞ,271,ﾓﾘﾔﾏｷﾀ
0157,ｼｶﾞ,272,ﾊﾘﾏﾀﾞ
0157,ｼｶﾞ,312,ﾊﾁﾏﾝ
0157,ｼｶﾞ,322,ﾊﾁﾏﾝｴｷﾏｴ
0157,ｼｶﾞ,323,ﾘﾕｳｵｳ
0157,ｼｶﾞ,325,ﾊﾁﾏﾝﾆｼ
0157,ｼｶﾞ,326,ﾊﾁﾏﾝﾐﾅﾐ
0157,ｼｶﾞ,332,ｴｶﾞｼﾗ
0157,ｼｶﾞ,333,ｷﾘﾊﾗ
0157,ｼｶﾞ,342,ﾑｻ
0157,ｼｶﾞ,352,ｱﾂﾞﾁ
0157,ｼｶﾞ,362,ﾉﾄｶﾞﾜ
0157,ｼｶﾞ,413,ﾋｺﾈ
0157,ｼｶﾞ,414,ｵｵﾔﾌﾞ
0157,ｼｶﾞ,423,ﾋｺﾈｴｷﾏｴ
0157,ｼｶﾞ,427,ﾋｺﾈﾋｶﾞｼ
0157,ｼｶﾞ,437,ﾋｺﾈﾐﾅﾐ
0157,ｼｶﾞ,443,ﾀｶﾐﾔ
0157,ｼｶﾞ,444,ｶﾜｾ
0157,ｼｶﾞ,448,ｺｳﾗ
0157,ｼｶﾞ,453,ｲﾅｴ
0157,ｼｶﾞ,463,ﾀｶﾞ
0157,ｼｶﾞ,473,ﾄﾖｻﾄ
0157,ｼｶﾞ,483,ｴﾁｶﾞﾜ
0157,ｼｶﾞ,484,ﾊﾀｼﾖｳ
0157,ｼｶﾞ,493,ｺﾄｳ
0157,ｼｶﾞ,514,ﾖｳｶｲﾁ
0157,ｼｶﾞ,524,ｺﾞｶｼﾖｳ
0157,ｼｶﾞ,534,ｴｲｹﾞﾝｼﾞ
0157,ｼｶﾞ,544,ｻｸﾗｶﾞﾜ
0157,ｼｶﾞ,554,ﾋﾉ
0157,ｼｶﾞ,564,ﾖｳｶｲﾁﾋｶﾞｼ
0157,ｼｶﾞ,615,ﾐﾅｸﾁ
0157,ｼｶﾞ,617,ｱﾔﾉ
0157,ｼｶﾞ,625,ﾂﾁﾔﾏ
0157,ｼｶﾞ,635,ｷﾌﾞｶﾜ
0157,ｼｶﾞ,645,ｺｳﾅﾝ
0157,ｼｶﾞ,655,ｵｵﾊﾗ
0157,ｼｶﾞ,665,ｼｶﾞﾗｷ
0157,ｼｶﾞ,675,ｳｴﾉ
0157,ｼｶﾞ,685,ｲｼﾍﾞ
0157,ｼｶﾞ,686,ｺｳｾｲ
0157,ｼｶﾞ,687,ｲﾜﾈ
0157,ｼｶﾞ,690,ｺｳｾｲﾁﾕｳｵｳ
0157,ｼｶﾞ,695,ﾎﾞﾀﾞｲｼﾞ
0157,ｼｶﾞ,716,ｲﾏﾂﾞ
0157,ｼｶﾞ,717,ｵｳﾐﾏｷﾉ
0157,ｼｶﾞ,726,ｼﾝｱｻﾋ
0157,ｼｶﾞ,736,ｱﾄﾞｶﾞﾜ
0157,ｼｶﾞ,746,ﾀｶｼﾏ
0157,ｼｶﾞ,817,ﾅｶﾞﾊﾏ
0157,ｼｶﾞ,837,ﾅｶﾞﾊﾏｷﾀ
0157,ｼｶﾞ,847,ﾏｲﾊﾞﾗ
0157,ｼｶﾞ,849,ｵｳﾐﾁﾖｳ
0157,ｼｶﾞ,857,ｻﾒｶﾞｲ
0157,ｼｶﾞ,867,ﾄﾗﾋﾒ
0157,ｼｶﾞ,869,ﾋﾞﾜﾁﾖｳ
0157,ｼｶﾞ,870,ｺﾎｸ
0157,ｼｶﾞ,877,ﾀｶﾂｷ
0157,ｼｶﾞ,887,ｷﾉﾓﾄ
0157,ｼｶﾞ,896,ｻﾝﾄｳ
0157,ｼｶﾞ,897,ﾅｶﾞﾊﾏｴｷﾏｴ
0157,ｼｶﾞ,898,ｲﾌﾞｷ
0157,ｼｶﾞ,899,ｱｻﾞｲ
0157,ｼｶﾞ,906,ｲﾁｼﾞﾖｳｼﾞ
0157,ｼｶﾞ,907,ﾔﾏｼﾅﾐﾅﾐ
0157,ｼｶﾞ,908,ｳｽﾞﾏｻ
0157,ｼｶﾞ,909,ﾏｷﾉ
0157,ｼｶﾞ,910,ｼﾉﾐﾔ
0157,ｼｶﾞ,913,ﾀﾞｲｺﾞ
0157,ｼｶﾞ,914,ｷﾖｳﾄﾐﾅﾐ
0157,ｼｶﾞ,915,ｳｼﾞ
0157,ｼｶﾞ,918,ｷﾖｳﾄ
0157,ｼｶﾞ,919,ｵｵｻｶ
0157,ｼｶﾞ,928,ｷﾀｵｵｼﾞ
0157,ｼｶﾞ,929,ｳﾒﾀﾞ
0157,ｼｶﾞ,930,ｼﾝｵｵｻｶ
0157,ｼｶﾞ,938,ｸｼﾞﾖｳ
0157,ｼｶﾞ,948,ﾋｶﾞｼﾔﾏ
0157,ｼｶﾞ,949,ﾊﾝｷﾕｳﾀｶﾂｷ
0157,ｼｶﾞ,958,ﾏﾙﾀﾏﾁ
0157,ｼｶﾞ,959,ﾄｳｷﾖｳ
0157,ｼｶﾞ,968,ﾆｼｼﾞﾝ
0157,ｼｶﾞ,978,ﾔﾏｼﾅ
0157,ｼｶﾞ,979,ｵｵｶﾞｷ
0157,ｼｶﾞ,980,ﾐｴ
0157,ｼｶﾞ,988,ｶﾂﾗ
0157,ｼｶﾞ,989,ﾅｺﾞﾔ
0158,ｷﾖｳﾄ,101,ﾎﾝﾃﾝ
0158,ｷﾖｳﾄ,102,ﾌﾁﾖｳ
0158,ｷﾖｳﾄ,111,ｼｼﾞﾖｳ
0158,ｷﾖｳﾄ,112,ｼﾁｼﾞﾖｳ
0158,ｷﾖｳﾄ,113,ｷﾖｳﾄｴｷﾏｴ
0158,ｷﾖｳﾄ,114,ｶﾜﾗﾏﾁ
0158,ｷﾖｳﾄ,115,ｵｵﾐﾔ
0158,ｷﾖｳﾄ,121,ｻﾝｼﾞﾖｳ
0158,ｷﾖｳﾄ,122,ﾌﾁﾖｳﾏｴ
0158,ｷﾖｳﾄ,123,ｻｲ
0158,ｷﾖｳﾄ,125,ﾆｼﾅﾅｼﾞﾖｳ
0158,ｷﾖｳﾄ,126,ﾆｼﾖﾝｼﾞﾖｳ
0158,ｷﾖｳﾄ,127,ｷﾖｳﾄｼﾔｸｼﾖﾏｴ
0158,ｷﾖｳﾄ,128,ｴﾝﾏﾁ
0158,ｷﾖｳﾄ,129,ﾆｼﾞﾖｳｴｷﾏｴ
0158,ｷﾖｳﾄ,130,ｼﾖｳｺﾞｲﾝ
0158,ｷﾖｳﾄ,131,ﾆｼｼﾞﾝ
0158,ｷﾖｳﾄ,141,ｷﾞﾝｶｸｼﾞ
0158,ｷﾖｳﾄ,142,ｼﾓｶﾞﾓ
0158,ｷﾖｳﾄ,143,ﾀｶﾉ
0158,ｷﾖｳﾄ,144,ﾃﾞﾏﾁ
0158,ｷﾖｳﾄ,145,ｼﾕｳｶﾞｸｲﾝ
0158,ｷﾖｳﾄ,146,ﾋﾔｸﾏﾝﾍﾞﾝ
0158,ｷﾖｳﾄ,147,ﾐﾔｹﾊﾁﾏﾝ
0158,ｷﾖｳﾄ,150,ﾄｷﾜ
0158,ｷﾖｳﾄ,151,ｶﾀﾋﾞﾗﾉﾂｼﾞ
0158,ｷﾖｳﾄ,152,ｻｶﾞ
0158,ｷﾖｳﾄ,153,ｶﾂﾗ
0158,ｷﾖｳﾄ,154,ｶﾐｶﾂﾗ
0158,ｷﾖｳﾄ,155,ｳｽﾞﾏｻﾔｽｲ
0158,ｷﾖｳﾄ,156,ﾆｼｷﾖｳｺﾞｸ
0158,ｷﾖｳﾄ,157,ﾗｸｻｲ
0158,ｷﾖｳﾄ,158,ﾏﾂｵ
0158,ｷﾖｳﾄ,159,ﾆｼｶﾂﾗ
0158,ｷﾖｳﾄ,161,ﾊｸﾊﾞｲﾁﾖｳ
0158,ｷﾖｳﾄ,162,ﾑﾗｻｷﾉ
0158,ｷﾖｳﾄ,163,ｸﾗﾏｸﾞﾁ
0158,ｷﾖｳﾄ,164,ｶﾐﾎﾘｶﾜ
0158,ｷﾖｳﾄ,165,ｷﾝｶｸｼﾞ
0158,ｷﾖｳﾄ,166,ｼﾁｸ
0158,ｷﾖｳﾄ,171,ｸｼﾞﾖｳ
0158,ｷﾖｳﾄ,172,ﾀﾞｲﾆｼｼﾞﾖｳ
0158,ｷﾖｳﾄ,173,ｷﾂｼﾖｳｲﾝ
0158,ｷﾖｳﾄ,174,ﾋｶﾞｼｸｼﾞﾖｳ
0158,ｷﾖｳﾄ,175,ｸｾﾞ
0158,ｷﾖｳﾄ,181,ﾋｶﾞｼﾔﾏ
0158,ｷﾖｳﾄ,182,ﾔﾏｼﾅ
0158,ｷﾖｳﾄ,183,ﾔﾏｼﾅﾁﾕｳｵｳ
0158,ｷﾖｳﾄ,184,ﾆｼﾔﾏｼﾅ
0158,ｷﾖｳﾄ,185,ﾔﾏｼﾅｵﾉ
0158,ｷﾖｳﾄ,189,ｷﾖｳﾄｹｲｻﾞｲｾﾝﾀ-
0158,ｷﾖｳﾄ,190,ｼﾓﾄﾊﾞ
0158,ｷﾖｳﾄ,191,ｲﾅﾘ
0158,ｷﾖｳﾄ,192,ﾌｼﾐ
0158,ｷﾖｳﾄ,193,ﾖﾄﾞ
0158,ｷﾖｳﾄ,194,ｽﾐｿﾞﾒ
0158,ｷﾖｳﾄ,196,ｵｸﾞﾙｽ
0158,ｷﾖｳﾄ,197,ﾑｶｲｼﾞﾏ
0158,ｷﾖｳﾄ,198,ﾌｼﾞﾉﾓﾘ
0158,ｷﾖｳﾄ,290,ｶﾂﾗｶﾞﾜ
0158,ｷﾖｳﾄ,291,ﾅｶﾞｵｶｷﾖｳｴｷﾏｴ
0158,ｷﾖｳﾄ,292,ﾅｶﾞｵｶｲﾏｻﾞﾄ
0158,ｷﾖｳﾄ,293,ﾏﾂｲﾔﾏﾃ
0158,ｷﾖｳﾄ,295,ﾔﾜﾀﾁﾕｳｵｳ
0158,ｷﾖｳﾄ,296,ﾐﾔﾏｷﾞ
0158,ｷﾖｳﾄ,297,ｳｼﾞﾀﾜﾗ
0158,ｷﾖｳﾄ,298,ﾐﾑﾛﾄﾞ
0158,ｷﾖｳﾄ,299,ﾋｶﾞｼﾅｶﾞｵｶ
0158,ｷﾖｳﾄ,300,ｸﾂｶﾜ
0158,ｷﾖｳﾄ,302,ｵｵｽﾐ
0158,ｷﾖｳﾄ,303,ｲｾﾀﾞ
0158,ｷﾖｳﾄ,305,ｾｲｶﾁﾖｳ
0158,ｷﾖｳﾄ,306,ｺﾊﾀ
0158,ｷﾖｳﾄ,307,ｵﾄｺﾔﾏ
0158,ｷﾖｳﾄ,308,ﾄﾉｼﾖｳ
0158,ｷﾖｳﾄ,309,ﾛｸｼﾞｿﾞｳ
0158,ｷﾖｳﾄ,310,ｸﾐﾔﾏﾁﾖｳ
0158,ｷﾖｳﾄ,311,ﾑｺｳﾏﾁ
0158,ｷﾖｳﾄ,312,ﾅｶﾞｵｶ
0158,ｷﾖｳﾄ,313,ｳｼﾞ
0158,ｷﾖｳﾄ,314,ﾔﾜﾀ
0158,ｷﾖｳﾄ,315,ｵｵｸﾎﾞ
0158,ｷﾖｳﾄ,316,ｷﾂﾞ
0158,ｷﾖｳﾄ,317,ﾋｶﾞｼﾑｺｳﾏﾁ
0158,ｷﾖｳﾄ,318,ｵｸﾞﾗ
0158,ｷﾖｳﾄ,319,ﾀﾅﾍﾞ
0158,ｷﾖｳﾄ,320,ｼﾞﾖｳﾖｳ
0158,ｷﾖｳﾄ,321,ｶﾒｵｶ
0158,ｷﾖｳﾄ,322,ﾎｸｿｳ
0158,ｷﾖｳﾄ,323,ﾐﾔﾏ
0158,ｷﾖｳﾄ,324,ﾔｷﾞ
0158,ｷﾖｳﾄ,325,ｿﾉﾍﾞ
0158,ｷﾖｳﾄ,326,ｼﾕｳﾁ
0158,ｷﾖｳﾄ,327,ﾁﾖｶﾜ
0158,ｷﾖｳﾄ,328,ｵｵｲ
0158,ｷﾖｳﾄ,329,ﾋｶﾞｼｶﾒｵｶ
0158,ｷﾖｳﾄ,331,ﾌｸﾁﾔﾏ
0158,ｷﾖｳﾄ,333,ｵｻﾀﾞﾉ
0158,ｷﾖｳﾄ,334,ｱﾔﾍﾞ
0158,ｷﾖｳﾄ,335,ﾌｸﾁﾔﾏｴｷﾅﾝ
0158,ｷﾖｳﾄ,341,ﾋｶﾞｼﾏｲﾂﾞﾙ
0158,ｷﾖｳﾄ,342,ﾆｼﾏｲﾂﾞﾙ
0158,ｷﾖｳﾄ,351,ﾐﾔﾂﾞ
0158,ｷﾖｳﾄ,353,ｲﾜﾀｷ
0158,ｷﾖｳﾄ,354,ｶﾔﾀﾞﾆ
0158,ｷﾖｳﾄ,361,ﾐﾈﾔﾏ
0158,ｷﾖｳﾄ,363,ｱﾐﾉ
0158,ｷﾖｳﾄ,365,ｸﾐﾊﾏ
0158,ｷﾖｳﾄ,500,ｸｻﾂ
0158,ｷﾖｳﾄ,501,ｾﾀ
0158,ｷﾖｳﾄ,502,ﾘﾂﾄｳ
0158,ｷﾖｳﾄ,503,ﾆｼｵｵﾂ
0158,ｷﾖｳﾄ,504,ﾋｺﾈ
0158,ｷﾖｳﾄ,505,ｶﾀﾀ
0158,ｷﾖｳﾄ,506,ｵｳﾐﾊﾁﾏﾝ
0158,ｷﾖｳﾄ,507,ﾐﾅﾐｸｻﾂ
0158,ｷﾖｳﾄ,508,ｵｵﾂ
0158,ｷﾖｳﾄ,509,ｲｼﾔﾏ
0158,ｷﾖｳﾄ,511,ｵｵｻｶ
0158,ｷﾖｳﾄ,513,ｼﾝｵｵｻｶ
0158,ｷﾖｳﾄ,514,ﾅﾝﾊﾞ
0158,ｷﾖｳﾄ,515,ｼﾞﾖｳﾄｳ
0158,ｷﾖｳﾄ,516,ｳﾀｼﾞﾏﾊﾞｼ
0158,ｷﾖｳﾄ,520,ﾋﾗｶﾀ
0158,ｷﾖｳﾄ,521,ﾏｷﾉ
0158,ｷﾖｳﾄ,522,ﾀｶﾂｷ
0158,ｷﾖｳﾄ,523,ﾔﾏｻﾞｷ
0158,ｷﾖｳﾄ,524,ﾈﾔｶﾞﾜ
0158,ｷﾖｳﾄ,526,ﾀｶﾂｷﾐﾅﾐ
0158,ｷﾖｳﾄ,528,ｸｽﾞﾊ
0158,ｷﾖｳﾄ,530,ﾂﾀﾞ
0158,ｷﾖｳﾄ,531,ｶﾄﾞﾏ
0158,ｷﾖｳﾄ,532,ｲﾊﾞﾗｷ
0158,ｷﾖｳﾄ,533,ﾋｶﾞｼｵｵｻｶ
0158,ｷﾖｳﾄ,534,ﾔｵ
0158,ｷﾖｳﾄ,535,ｺｳﾉｲｹｼﾝﾃﾞﾝ
0158,ｷﾖｳﾄ,536,ｾﾝﾘﾁﾕｳｵｳ
0158,ｷﾖｳﾄ,537,ｻｶｲ
0158,ｷﾖｳﾄ,538,ﾄﾖﾅｶ
0158,ｷﾖｳﾄ,539,ｽｲﾀ
0158,ｷﾖｳﾄ,540,ﾀｶﾉﾊﾗ
0158,ｷﾖｳﾄ,542,ﾅﾗ
0158,ｷﾖｳﾄ,543,ﾄﾐｶﾞｵｶ
0158,ｷﾖｳﾄ,544,ｶｼﾊﾗ
0158,ｷﾖｳﾄ,545,ﾔﾏﾄｺｵﾘﾔﾏ
0158,ｷﾖｳﾄ,546,ｲｺﾏ
0158,ｷﾖｳﾄ,547,ｵｳｼﾞ
0158,ｷﾖｳﾄ,551,ﾄｳｷﾖｳ
0158,ｷﾖｳﾄ,555,ﾅｺﾞﾔ
0158,ｷﾖｳﾄ,556,ｶﾘﾔ
0158,ｷﾖｳﾄ,560,ｱﾏｶﾞｻｷ
0158,ｷﾖｳﾄ,562,ｺｳﾍﾞ
0158,ｷﾖｳﾄ,563,ｶﾜﾆｼ
0158,ｷﾖｳﾄ,564,ﾛﾂｺｳﾐﾁ
0158,ｷﾖｳﾄ,565,ﾆｼﾉﾐﾔ
0158,ｷﾖｳﾄ,566,ｲﾀﾐ
0158,ｷﾖｳﾄ,567,JRｱﾏｶﾞｻｷｴｷﾏｴ
0158,ｷﾖｳﾄ,568,ｱﾏｶﾞｻｷｷﾀ
0158,ｷﾖｳﾄ,570,ｼﾝｲｼｷﾘ
0158,ｷﾖｳﾄ,571,ｶﾀﾉ
0158,ｷﾖｳﾄ,572,ｾﾂﾂ
0158,ｷﾖｳﾄ,573,ﾀﾞｲﾆﾁ
0158,ｷﾖｳﾄ,574,ｲｹﾀﾞ
0158,ｷﾖｳﾄ,575,ｻｶｲｷﾀﾊﾅﾀﾞ
0158,ｷﾖｳﾄ,576,ﾀｶﾂｷｼﾞﾖｳﾎｸ
0158,ｷﾖｳﾄ,577,ｷﾀﾉﾀﾞ
0158,ｷﾖｳﾄ,578,ｵｵﾄﾘ
0158,ｷﾖｳﾄ,592,ﾖｳｶｲﾁ
0158,ｷﾖｳﾄ,593,ﾐﾅｸﾁ
0158,ｷﾖｳﾄ,594,ﾓﾘﾔﾏ
0158,ｷﾖｳﾄ,595,ﾅｶﾞﾊﾏ
0158,ｷﾖｳﾄ,801,ﾈﾂﾄﾀﾞｲﾚｸﾄ
0158,ｷﾖｳﾄ,802,ﾌﾘｺﾐｾﾝﾖｳ
0159,ｶﾝｻｲﾐﾗｲ,001,ｼﾝｻｲﾊﾞｼ
0159,ｶﾝｻｲﾐﾗｲ,003,ﾅﾝﾊﾞﾐﾅﾐ
0159,ｶﾝｻｲﾐﾗｲ,004,ﾃﾝﾉｳｼﾞ
0159,ｶﾝｻｲﾐﾗｲ,005,ﾀﾏﾃﾞｴｷﾏｴ
0159,ｶﾝｻｲﾐﾗｲ,008,ｳﾒﾀﾞ
0159,ｶﾝｻｲﾐﾗｲ,010,ｼﾞﾖｳﾄｳ
0159,ｶﾝｻｲﾐﾗｲ,011,ﾊﾅﾃﾝ
0159,ｶﾝｻｲﾐﾗｲ,012,ｶﾐｼﾝｼﾞﾖｳ
0159,ｶﾝｻｲﾐﾗｲ,013,ｲｸﾉ
0159,ｶﾝｻｲﾐﾗｲ,014,ｶﾐ
0159,ｶﾝｻｲﾐﾗｲ,015,ﾏﾂﾀ
0159,ｶﾝｻｲﾐﾗｲ,016,ﾋﾗﾉ
0159,ｶﾝｻｲﾐﾗｲ,017,ｽﾐﾖｼ
0159,ｶﾝｻｲﾐﾗｲ,018,ﾃﾞｷｼﾞﾏ
0159,ｶﾝｻｲﾐﾗｲ,021,ﾀｲｼﾖｳ
0159,ｶﾝｻｲﾐﾗｲ,024,ｽﾐﾉｴ
0159,ｶﾝｻｲﾐﾗｲ,027,ｵｵｻｶﾆｼ
0159,ｶﾝｻｲﾐﾗｲ,030,ﾄﾖﾅｶﾊﾂﾄﾘ
0159,ｶﾝｻｲﾐﾗｲ,031,ﾄﾖﾂ
0159,ｶﾝｻｲﾐﾗｲ,032,ｲﾊﾞﾗｷ
0159,ｶﾝｻｲﾐﾗｲ,033,ｺｳﾘ
0159,ｶﾝｻｲﾐﾗｲ,034,ﾓﾘｸﾞﾁﾐﾅﾐ
0159,ｶﾝｻｲﾐﾗｲ,035,ﾋｶﾞｼｵｵｻｶ
0159,ｶﾝｻｲﾐﾗｲ,036,ﾋﾗｵｶ
0159,ｶﾝｻｲﾐﾗｲ,037,ｶﾜﾁﾊﾅｿﾞﾉ
0159,ｶﾝｻｲﾐﾗｲ,038,ﾔｵ
0159,ｶﾝｻｲﾐﾗｲ,039,ｽﾐﾉﾄﾞｳｴｷﾏｴ
0159,ｶﾝｻｲﾐﾗｲ,041,ﾀｶﾔｽ
0159,ｶﾝｻｲﾐﾗｲ,043,ﾇﾉｾ
0159,ｶﾝｻｲﾐﾗｲ,044,ｶﾝｻﾞｷｶﾞﾜ
0159,ｶﾝｻｲﾐﾗｲ,045,ｶﾄﾞﾏ
0159,ｶﾝｻｲﾐﾗｲ,047,ｾﾝﾘﾔﾏﾀﾞ
0159,ｶﾝｻｲﾐﾗｲ,049,ｶｼﾜﾗ
0159,ｶﾝｻｲﾐﾗｲ,050,ｵｵｻｶｻﾔﾏ
0159,ｶﾝｻｲﾐﾗｲ,051,ﾊﾂｼﾊﾞ
0159,ｶﾝｻｲﾐﾗｲ,053,ﾘﾖｸﾁｺｳｴﾝ
0159,ｶﾝｻｲﾐﾗｲ,054,ｲｹﾀﾞ
0159,ｶﾝｻｲﾐﾗｲ,056,ﾐﾅﾐｲﾊﾞﾗｷ
0159,ｶﾝｻｲﾐﾗｲ,059,ｷﾝﾀﾞ
0159,ｶﾝｻｲﾐﾗｲ,061,ｶﾜﾆｼｳﾈﾉ
0159,ｶﾝｻｲﾐﾗｲ,063,ｱﾏｶﾞｻｷ
0159,ｶﾝｻｲﾐﾗｲ,070,ｷﾖｳﾄ
0159,ｶﾝｻｲﾐﾗｲ,071,ｷﾀﾉ
0159,ｶﾝｻｲﾐﾗｲ,074,ﾌｼﾞﾉﾓﾘ
0159,ｶﾝｻｲﾐﾗｲ,090,ﾄｳｷﾖｳ
0159,ｶﾝｻｲﾐﾗｲ,098,ｻｶｲｽｼﾞ
0159,ｶﾝｻｲﾐﾗｲ,100,ﾋﾞﾜｺ
0159,ｶﾝｻｲﾐﾗｲ,101,ﾎﾝﾏﾁ
0159,ｶﾝｻｲﾐﾗｲ,102,ﾊﾋﾞｷﾉ
0159,ｶﾝｻｲﾐﾗｲ,103,ﾋﾗｶﾀ
0159,ｶﾝｻｲﾐﾗｲ,104,ﾀｶﾂｷｴｷﾏｴ
0159,ｶﾝｻｲﾐﾗｲ,108,ｸｼﾞﾖｳ
0159,ｶﾝｻｲﾐﾗｲ,109,ﾄﾖﾅｶ
0159,ｶﾝｻｲﾐﾗｲ,110,ﾃﾝｼﾞﾝﾊﾞｼｽｼﾞ
0159,ｶﾝｻｲﾐﾗｲ,111,ｵｵｼﾞ
0159,ｶﾝｻｲﾐﾗｲ,112,ｵｵﾐﾉ
0159,ｶﾝｻｲﾐﾗｲ,113,ｺｳﾉｲｹｼﾝﾃﾞﾝ
0159,ｶﾝｻｲﾐﾗｲ,114,ﾂﾙﾊｼ
0159,ｶﾝｻｲﾐﾗｲ,115,ﾀｲｼﾖｳﾄﾞｵﾘ
0159,ｶﾝｻｲﾐﾗｲ,116,ｽﾐﾖｼﾁﾕｳｵｳ
0159,ｶﾝｻｲﾐﾗｲ,117,ｲｸﾉﾁﾕｳｵｳ
0159,ｶﾝｻｲﾐﾗｲ,118,ﾎﾘｴ
0159,ｶﾝｻｲﾐﾗｲ,119,ﾐﾔｺｼﾞﾏ
0159,ｶﾝｻｲﾐﾗｲ,122,ｵｵｼﾞﾔﾏ
0159,ｶﾝｻｲﾐﾗｲ,123,ﾋﾗﾉﾁﾕｳｵｳ
0159,ｶﾝｻｲﾐﾗｲ,124,ｾﾝﾘﾔﾏ
0159,ｶﾝｻｲﾐﾗｲ,125,ﾆｼﾀﾅﾍﾞ
0159,ｶﾝｻｲﾐﾗｲ,126,ﾔﾀ
0159,ｶﾝｻｲﾐﾗｲ,127,ｻｶｲﾋｶﾞｼ
0159,ｶﾝｻｲﾐﾗｲ,128,ｾﾝﾘｵｶｴｷﾏｴ
0159,ｶﾝｻｲﾐﾗｲ,129,ﾀｶﾂｷ
0159,ｶﾝｻｲﾐﾗｲ,130,ﾂｶﾓﾄ
0159,ｶﾝｻｲﾐﾗｲ,131,ｷﾀﾀﾅﾍﾞ
0159,ｶﾝｻｲﾐﾗｲ,132,ｼｼﾞﾖｳﾅﾜﾃ
0159,ｶﾝｻｲﾐﾗｲ,133,ﾊﾂﾄﾘ
0159,ｶﾝｻｲﾐﾗｲ,134,ﾋｶﾞｼｵｵｻｶﾁﾕｳｵｳ
0159,ｶﾝｻｲﾐﾗｲ,135,ﾐﾄ
0159,ｶﾝｻｲﾐﾗｲ,136,ｶﾔｼﾏ
0159,ｶﾝｻｲﾐﾗｲ,137,ｶﾀﾉ
0159,ｶﾝｻｲﾐﾗｲ,138,ｳﾒﾀﾞﾁﾕｳｵｳ
0159,ｶﾝｻｲﾐﾗｲ,139,ﾂﾙﾔﾏﾀﾞｲ
0159,ｶﾝｻｲﾐﾗｲ,140,ﾄﾞｳﾐﾖｳｼﾞ
0159,ｶﾝｻｲﾐﾗｲ,141,ﾋﾈﾉ
0159,ｶﾝｻｲﾐﾗｲ,142,ｲﾀｶﾉ
0159,ｶﾝｻｲﾐﾗｲ,143,ｿｳｼﾞｼﾞ
0159,ｶﾝｻｲﾐﾗｲ,146,ﾀｶﾂｷﾐﾅﾐ
0159,ｶﾝｻｲﾐﾗｲ,147,ﾈﾔｶﾞﾜﾋｶﾞｼ
0159,ｶﾝｻｲﾐﾗｲ,148,ﾅｶﾞﾖｼ
0159,ｶﾝｻｲﾐﾗｲ,149,ﾐﾉｵｱｵ
0159,ｶﾝｻｲﾐﾗｲ,150,ﾀｶｲｼ
0159,ｶﾝｻｲﾐﾗｲ,151,ﾄﾖﾂﾆｼ
0159,ｶﾝｻｲﾐﾗｲ,154,ﾊｼﾗﾓﾄ
0159,ｶﾝｻｲﾐﾗｲ,155,ﾔｵﾁﾕｳｵｳ
0159,ｶﾝｻｲﾐﾗｲ,156,ﾓﾘｸﾞﾁ
0159,ｶﾝｻｲﾐﾗｲ,164,ｼﾉﾌﾞｶﾞｵｶ
0159,ｶﾝｻｲﾐﾗｲ,166,ｽﾐﾉｴｴｷﾏｴ
0159,ｶﾝｻｲﾐﾗｲ,176,ﾀｶｲﾀﾞ
0159,ｶﾝｻｲﾐﾗｲ,186,ｲﾏｻﾞﾄ
0159,ｶﾝｻｲﾐﾗｲ,190,ｷｼ
0159,ｶﾝｻｲﾐﾗｲ,200,ｲﾁﾖｳﾅﾐｷ
0159,ｶﾝｻｲﾐﾗｲ,201,ﾅﾗ
0159,ｶﾝｻｲﾐﾗｲ,202,ﾀｶﾀﾞ
0159,ｶﾝｻｲﾐﾗｲ,206,ｷﾂﾞ
0159,ｶﾝｻｲﾐﾗｲ,209,ﾐﾉｵ
0159,ｶﾝｻｲﾐﾗｲ,210,ｷﾖｳﾄﾔﾜﾀ
0159,ｶﾝｻｲﾐﾗｲ,211,ｸｻﾂ
0159,ｶﾝｻｲﾐﾗｲ,212,ｸｻﾂﾆｼ
0159,ｶﾝｻｲﾐﾗｲ,213,ｸｻﾂﾐﾅﾐ
0159,ｶﾝｻｲﾐﾗｲ,214,ﾘﾂﾄｳ
0159,ｶﾝｻｲﾐﾗｲ,216,ﾘﾂﾄｳﾆｼ
0159,ｶﾝｻｲﾐﾗｲ,217,ｻｶｲｽｼﾞﾎﾝﾏﾁ
0159,ｶﾝｻｲﾐﾗｲ,219,ﾌｸﾁﾔﾏ
0159,ｶﾝｻｲﾐﾗｲ,220,ｽｲﾀｴｷﾏｴ
0159,ｶﾝｻｲﾐﾗｲ,221,ﾓﾘﾔﾏ
0159,ｶﾝｻｲﾐﾗｲ,222,ﾔｽ
0159,ｶﾝｻｲﾐﾗｲ,223,ﾓﾘﾔﾏｴｷﾏｴ
0159,ｶﾝｻｲﾐﾗｲ,226,ﾁﾕｳｽﾞ
0159,ｶﾝｻｲﾐﾗｲ,227,ｵｵﾄﾘ
0159,ｶﾝｻｲﾐﾗｲ,228,ｾﾝﾘﾁﾕｳｵｳ
0159,ｶﾝｻｲﾐﾗｲ,229,ｱｼﾔ
0159,ｶﾝｻｲﾐﾗｲ,230,ｴｻｶ
0159,ｶﾝｻｲﾐﾗｲ,233,ｻｶｲ
0159,ｶﾝｻｲﾐﾗｲ,236,ﾈﾔｶﾞﾜｴｷﾏｴ
0159,ｶﾝｻｲﾐﾗｲ,238,ｼｼﾞﾖｳﾅﾜﾃｴｷﾏｴ
0159,ｶﾝｻｲﾐﾗｲ,239,ｾﾞｾﾞ
0159,ｶﾝｻｲﾐﾗｲ,240,ｲｼﾔﾏ
0159,ｶﾝｻｲﾐﾗｲ,241,ﾀﾂｶﾞｵｶ
0159,ｶﾝｻｲﾐﾗｲ,242,ｻｶﾓﾄ
0159,ｶﾝｻｲﾐﾗｲ,243,ｼｶﾞﾁﾖｳ
0159,ｶﾝｻｲﾐﾗｲ,245,ﾐﾅｸﾁ
0159,ｶﾝｻｲﾐﾗｲ,246,ﾉﾄｶﾞﾜ
0159,ｶﾝｻｲﾐﾗｲ,247,ﾄﾘｶｲ
0159,ｶﾝｻｲﾐﾗｲ,248,ﾅｶﾓｽﾞ
0159,ｶﾝｻｲﾐﾗｲ,249,ｷｼﾜﾀﾞｴｷﾏｴ
0159,ｶﾝｻｲﾐﾗｲ,250,ｾﾀ
0159,ｶﾝｻｲﾐﾗｲ,251,ﾊﾝｼﾝｱﾏｶﾞｻｷ
0159,ｶﾝｻｲﾐﾗｲ,254,ｺｳﾍﾞﾁﾕｳｵｳ
0159,ｶﾝｻｲﾐﾗｲ,256,ﾀｶﾗﾂﾞｶ
0159,ｶﾝｻｲﾐﾗｲ,257,ﾒﾌ
0159,ｶﾝｻｲﾐﾗｲ,258,ｶﾜﾆｼﾊｷﾞﾊﾗ
0159,ｶﾝｻｲﾐﾗｲ,259,ｺｳﾄｳｴﾝ
0159,ｶﾝｻｲﾐﾗｲ,261,ﾆｼﾉﾐﾔﾁﾕｳｵｳ
0159,ｶﾝｻｲﾐﾗｲ,263,ﾑｺﾉｿｳ
0159,ｶﾝｻｲﾐﾗｲ,265,ｾﾀｴｷﾏｴ
0159,ｶﾝｻｲﾐﾗｲ,266,ﾅﾝｺﾞｳ
0159,ｶﾝｻｲﾐﾗｲ,267,ｶﾀﾀ
0159,ｶﾝｻｲﾐﾗｲ,268,ｶﾗｻｷ
0159,ｶﾝｻｲﾐﾗｲ,269,ｱﾄﾞｶﾞﾜ
0159,ｶﾝｻｲﾐﾗｲ,272,ｼﾞﾕｳｿｳｴｷﾏｴ
0159,ｶﾝｻｲﾐﾗｲ,273,ｾﾝﾊﾞﾔｼ
0159,ｶﾝｻｲﾐﾗｲ,274,ｲﾏﾂﾞ
0159,ｶﾝｻｲﾐﾗｲ,275,ｼﾝｱｻﾋ
0159,ｶﾝｻｲﾐﾗｲ,276,ﾉﾀﾞﾊﾝｼﾝ
0159,ｶﾝｻｲﾐﾗｲ,277,ｺｳｾｲ
0159,ｶﾝｻｲﾐﾗｲ,279,ｼﾝｵｵｻｶ
0159,ｶﾝｻｲﾐﾗｲ,280,ｺｳｶﾞ
0159,ｶﾝｻｲﾐﾗｲ,281,ﾐﾅﾄ
0159,ｶﾝｻｲﾐﾗｲ,282,ｲｼﾍﾞ
0159,ｶﾝｻｲﾐﾗｲ,283,ﾖｳｶｲﾁ
0159,ｶﾝｻｲﾐﾗｲ,284,ｲﾏｶﾞﾜ
0159,ｶﾝｻｲﾐﾗｲ,285,ﾋﾉ
0159,ｶﾝｻｲﾐﾗｲ,286,ﾊﾁﾏﾝ
0159,ｶﾝｻｲﾐﾗｲ,287,ﾊﾁﾏﾝｴｷﾏｴ
0159,ｶﾝｻｲﾐﾗｲ,288,ｼﾉﾊﾗ
0159,ｶﾝｻｲﾐﾗｲ,289,ｱﾂﾞﾁ
0159,ｶﾝｻｲﾐﾗｲ,290,ﾘﾕｳｵｳ
0159,ｶﾝｻｲﾐﾗｲ,291,ﾅｶﾞﾊﾏ
0159,ｶﾝｻｲﾐﾗｲ,302,ﾅﾝﾊﾞ
0159,ｶﾝｻｲﾐﾗｲ,303,ﾉﾀﾞ
0159,ｶﾝｻｲﾐﾗｲ,305,ｱﾍﾞﾉ
0159,ｶﾝｻｲﾐﾗｲ,309,ｼﾞﾕｳｿｳ
0159,ｶﾝｻｲﾐﾗｲ,310,ﾆｼｱﾜｼﾞ
0159,ｶﾝｻｲﾐﾗｲ,312,ﾀﾆﾏﾁ
0159,ｶﾝｻｲﾐﾗｲ,313,ﾃﾝｶﾞﾁﾔﾔ
0159,ｶﾝｻｲﾐﾗｲ,314,ｼｶﾞﾗｷ
0159,ｶﾝｻｲﾐﾗｲ,315,ﾎﾞﾀﾞｲｼﾞ
0159,ｶﾝｻｲﾐﾗｲ,316,ﾐﾄﾞﾘﾊﾞｼ
0159,ｶﾝｻｲﾐﾗｲ,317,ｼﾞﾖｳﾄｳﾁﾕｳｵｳ
0159,ｶﾝｻｲﾐﾗｲ,318,ｺｳﾅﾝ
0159,ｶﾝｻｲﾐﾗｲ,319,ﾊﾘﾅｶﾉ
0159,ｶﾝｻｲﾐﾗｲ,321,ﾊﾅﾃﾝｴｷﾏｴ
0159,ｶﾝｻｲﾐﾗｲ,322,ﾋｶﾞｼﾖﾄﾞｶﾞﾜ
0159,ｶﾝｻｲﾐﾗｲ,323,ﾂﾙﾐ
0159,ｶﾝｻｲﾐﾗｲ,324,ﾅｶﾞｲ
0159,ｶﾝｻｲﾐﾗｲ,325,ｷﾚ
0159,ｶﾝｻｲﾐﾗｲ,330,ﾋﾗｶﾀﾁﾕｳｵｳ
0159,ｶﾝｻｲﾐﾗｲ,331,ﾀｶﾂｷﾁﾕｳｵｳ
0159,ｶﾝｻｲﾐﾗｲ,332,ｽﾐﾉﾄﾞｳ
0159,ｶﾝｻｲﾐﾗｲ,333,ﾄﾖﾅｶｴｷﾏｴ
0159,ｶﾝｻｲﾐﾗｲ,334,ｽｲﾀ
0159,ｶﾝｻｲﾐﾗｲ,335,ﾋｶﾞｼｵｵｻｶｴｲﾜ
0159,ｶﾝｻｲﾐﾗｲ,336,ｷｼﾜﾀﾞ
0159,ｶﾝｻｲﾐﾗｲ,337,ｻｶｲﾁﾕｳｵｳ
0159,ｶﾝｻｲﾐﾗｲ,338,ｻﾉ
0159,ｶﾝｻｲﾐﾗｲ,339,ﾄﾝﾀﾞﾊﾞﾔｼ
0159,ｶﾝｻｲﾐﾗｲ,340,ﾔｵﾎﾝﾏﾁ
0159,ｶﾝｻｲﾐﾗｲ,342,ｲﾊﾞﾗｷﾁﾕｳｵｳ
0159,ｶﾝｻｲﾐﾗｲ,343,ﾌｼﾞｲﾃﾞﾗ
0159,ｶﾝｻｲﾐﾗｲ,345,ﾈﾔｶﾞﾜ
0159,ｶﾝｻｲﾐﾗｲ,346,ﾏﾂﾊﾞﾗ
0159,ｶﾝｻｲﾐﾗｲ,347,ﾄﾝﾀﾞ
0159,ｶﾝｻｲﾐﾗｲ,348,ﾊﾅｿﾞﾉ
0159,ｶﾝｻｲﾐﾗｲ,349,ﾏｷﾉ
0159,ｶﾝｻｲﾐﾗｲ,350,ﾔﾏﾓﾄ
0159,ｶﾝｻｲﾐﾗｲ,351,ｲｼﾊﾞｼ
0159,ｶﾝｻｲﾐﾗｲ,352,ｽｹﾏﾂ
0159,ｶﾝｻｲﾐﾗｲ,353,ｼﾖｳｼﾞﾔｸ
0159,ｶﾝｻｲﾐﾗｲ,354,ｻﾔﾏ
0159,ｶﾝｻｲﾐﾗｲ,355,ｱｻｶ
0159,ｶﾝｻｲﾐﾗｲ,357,ｵｵﾄﾘｴｷﾏｴ
0159,ｶﾝｻｲﾐﾗｲ,358,ﾊﾋﾞｷｶﾞｵｶ
0159,ｶﾝｻｲﾐﾗｲ,359,ﾌｶｲ
0159,ｶﾝｻｲﾐﾗｲ,360,ｶﾀﾉｺｳﾂﾞ
0159,ｶﾝｻｲﾐﾗｲ,361,ｶﾗｽﾏ
0159,ｶﾝｻｲﾐﾗｲ,362,ｶﾄﾞﾏﾐﾅﾐ
0159,ｶﾝｻｲﾐﾗｲ,363,ｲｼｷﾘ
0159,ｶﾝｻｲﾐﾗｲ,364,ｾﾝﾘｵｶ
0159,ｶﾝｻｲﾐﾗｲ,365,ﾐﾊﾗ
0159,ｶﾝｻｲﾐﾗｲ,366,ｼｷ
0159,ｶﾝｻｲﾐﾗｲ,370,ﾐﾊﾗｻﾂｷﾉ
0159,ｶﾝｻｲﾐﾗｲ,371,ｴｶﾞﾉｼﾖｳ
0159,ｶﾝｻｲﾐﾗｲ,372,ｺﾝｺﾞｳﾋｶﾞｼ
0159,ｶﾝｻｲﾐﾗｲ,374,ﾅｶﾞｵ
0159,ｶﾝｻｲﾐﾗｲ,377,ﾂﾀﾞ
0159,ｶﾝｻｲﾐﾗｲ,378,ﾊｺﾞﾛﾓ
0159,ｶﾝｻｲﾐﾗｲ,411,ﾋｺﾈ
0159,ｶﾝｻｲﾐﾗｲ,412,ﾋｺﾈﾐﾅﾐ
0159,ｶﾝｻｲﾐﾗｲ,413,ｴﾁｶﾞﾜ
0159,ｶﾝｻｲﾐﾗｲ,414,ｺﾄｳ
0159,ｶﾝｻｲﾐﾗｲ,417,ｶﾜｾ
0159,ｶﾝｻｲﾐﾗｲ,421,ｺｳｾﾞﾝｼﾞｴｷﾏｴ
0159,ｶﾝｻｲﾐﾗｲ,422,ﾓﾘｸﾞﾁｷﾝﾀﾞ
0159,ｶﾝｻｲﾐﾗｲ,423,ｷﾉﾓﾄ
0159,ｶﾝｻｲﾐﾗｲ,424,ﾏｲﾊﾞﾗ
0159,ｶﾝｻｲﾐﾗｲ,425,ｺﾎｸ
0159,ｶﾝｻｲﾐﾗｲ,426,ﾅｶﾞﾊﾏｴｷﾏｴ
0159,ｶﾝｻｲﾐﾗｲ,427,ｱｻﾞｲ
0159,ｶﾝｻｲﾐﾗｲ,466,ﾀｶﾀﾞﾁﾕｳｵｳ
0159,ｶﾝｻｲﾐﾗｲ,467,ﾄﾐｵ
0159,ｶﾝｻｲﾐﾗｲ,511,ｵｲｹ
0159,ｶﾝｻｲﾐﾗｲ,514,ﾔﾏｼﾅ
0159,ｶﾝｻｲﾐﾗｲ,601,ﾅｺﾞﾔ
0159,ｶﾝｻｲﾐﾗｲ,621,ｾﾝﾊﾞﾔｼﾆｼ
0159,ｶﾝｻｲﾐﾗｲ,648,ﾌﾙｶﾜﾊﾞｼ
0159,ｶﾝｻｲﾐﾗｲ,651,ﾀﾏﾃﾞ
0159,ｶﾝｻｲﾐﾗｲ,701,ｺｳﾍﾞ
0159,ｶﾝｻｲﾐﾗｲ,708,ｱﾜｼﾞｼﾏ
0159,ｶﾝｻｲﾐﾗｲ,710,ﾆｼﾉﾐﾔ
0159,ｶﾝｻｲﾐﾗｲ,714,ｶﾜﾆｼ
0159,ｶﾝｻｲﾐﾗｲ,715,ﾀﾁﾊﾞﾅ
0159,ｶﾝｻｲﾐﾗｲ,716,ﾐﾉｵﾁﾕｳｵｳ
0159,ｶﾝｻｲﾐﾗｲ,724,ｺｳﾘﾁﾕｳｵｳ
0159,ｶﾝｻｲﾐﾗｲ,780,ﾅｺﾞﾔﾁﾕｳｵｳ
0159,ｶﾝｻｲﾐﾗｲ,801,ﾜｶﾔﾏ
0159,ｶﾝｻｲﾐﾗｲ,802,ﾊｼﾓﾄ
0161,ｲｹﾀﾞｾﾝｼﾕｳ,001,ｾﾝｼﾕｳ
0161,ｲｹﾀﾞｾﾝｼﾕｳ,002,ｶｲﾂﾞｶ
0161,ｲｹﾀﾞｾﾝｼﾕｳ,003,ｾﾝﾅﾝ
0161,ｲｹﾀﾞｾﾝｼﾕｳ,004,ﾀﾀﾞｵｶ
0161,ｲｹﾀﾞｾﾝｼﾕｳ,005,ｸﾏﾄﾘ
0161,ｲｹﾀﾞｾﾝｼﾕｳ,006,ﾊﾝﾅﾝ
0161,ｲｹﾀﾞｾﾝｼﾕｳ,007,ｵｵﾄﾘ
0161,ｲｹﾀﾞｾﾝｼﾕｳ,008,ｲｽﾞﾐ
0161,ｲｹﾀﾞｾﾝｼﾕｳ,009,ｲｽﾞﾐｻﾉ
0161,ｲｹﾀﾞｾﾝｼﾕｳ,011,ｲｽﾞﾐｵｵﾂ
0161,ｲｹﾀﾞｾﾝｼﾕｳ,012,ﾐﾊﾞﾔｼ
0161,ｲｹﾀﾞｾﾝｼﾕｳ,013,ｻｶｲ
0161,ｲｹﾀﾞｾﾝｼﾕｳ,014,ﾅｶﾞﾀｷｴｷﾏｴ
0161,ｲｹﾀﾞｾﾝｼﾕｳ,015,ﾅﾝﾊﾞ
0161,ｲｹﾀﾞｾﾝｼﾕｳ,016,ﾀｶｲｼ
0161,ｲｹﾀﾞｾﾝｼﾕｳ,017,ｸﾒﾀﾞ
0161,ｲｹﾀﾞｾﾝｼﾕｳ,018,ﾜｶﾔﾏ
0161,ｲｹﾀﾞｾﾝｼﾕｳ,020,ｽﾜﾉﾓﾘ
0161,ｲｹﾀﾞｾﾝｼﾕｳ,021,ﾃﾂﾞｶﾔﾏ
0161,ｲｹﾀﾞｾﾝｼﾕｳ,022,ﾊﾂｼﾊﾞ
0161,ｲｹﾀﾞｾﾝｼﾕｳ,023,ｼﾖｳﾜﾁﾖｳ
0161,ｲｹﾀﾞｾﾝｼﾕｳ,024,ｼﾗｻｷﾞ
0161,ｲｹﾀﾞｾﾝｼﾕｳ,025,ｳｴﾉｼﾊﾞ
0161,ｲｹﾀﾞｾﾝｼﾕｳ,026,ﾅｶﾞｲ
0161,ｲｹﾀﾞｾﾝｼﾕｳ,027,ｺﾏｶﾞﾜﾁﾖｳ
0161,ｲｹﾀﾞｾﾝｼﾕｳ,028,ﾊﾋﾞｷﾉ
0161,ｲｹﾀﾞｾﾝｼﾕｳ,029,ﾏﾂﾊﾞﾗ
0161,ｲｹﾀﾞｾﾝｼﾕｳ,030,ｻｶｲｼｴｷﾏｴ
0161,ｲｹﾀﾞｾﾝｼﾕｳ,031,ｺﾝｺﾞｳ
0161,ｲｹﾀﾞｾﾝｼﾕｳ,032,ﾔｵ
0161,ｲｹﾀﾞｾﾝｼﾕｳ,033,ｲｽﾞﾐｶﾞｵｶ
0161,ｲｹﾀﾞｾﾝｼﾕｳ,034,ﾀﾞｲﾄｳ
0161,ｲｹﾀﾞｾﾝｼﾕｳ,036,ﾋｶﾞｼｵｵｻｶ
0161,ｲｹﾀﾞｾﾝｼﾕｳ,037,ﾂｸﾉ
0161,ｲｹﾀﾞｾﾝｼﾕｳ,042,ｷﾀﾉﾀﾞ
0161,ｲｹﾀﾞｾﾝｼﾕｳ,043,ｼﾞﾖｳﾄｳ
0161,ｲｹﾀﾞｾﾝｼﾕｳ,044,ｽﾐﾉｴ
0161,ｲｹﾀﾞｾﾝｼﾕｳ,045,ﾋﾗｶﾀｷﾀ
0161,ｲｹﾀﾞｾﾝｼﾕｳ,047,ﾊﾙｷ
0161,ｲｹﾀﾞｾﾝｼﾕｳ,049,ﾋｶﾞｼｷｼﾜﾀﾞ
0161,ｲｹﾀﾞｾﾝｼﾕｳ,050,ｶﾀﾉ
0161,ｲｹﾀﾞｾﾝｼﾕｳ,051,ﾌｼﾞｲﾃﾞﾗ
0161,ｲｹﾀﾞｾﾝｼﾕｳ,052,ﾋﾈﾉ
0161,ｲｹﾀﾞｾﾝｼﾕｳ,053,ﾀﾙｲ
0161,ｲｹﾀﾞｾﾝｼﾕｳ,054,ﾀｼﾞﾘ
0161,ｲｹﾀﾞｾﾝｼﾕｳ,055,ﾋｶﾞｼｶｲﾂﾞｶ
0161,ｲｹﾀﾞｾﾝｼﾕｳ,056,ﾋｶﾞｼﾔﾏ
0161,ｲｹﾀﾞｾﾝｼﾕｳ,057,ｽﾐﾉﾄﾞｳ
0161,ｲｹﾀﾞｾﾝｼﾕｳ,058,ﾐｻｷﾁﾖｳ
0161,ｲｹﾀﾞｾﾝｼﾕｳ,060,ｲｽﾞﾐﾐﾅﾐ
0161,ｲｹﾀﾞｾﾝｼﾕｳ,061,ﾂﾀﾞ
0161,ｲｹﾀﾞｾﾝｼﾕｳ,071,ﾓｽﾞ
0161,ｲｹﾀﾞｾﾝｼﾕｳ,072,ｻｶｲﾆｼ
0161,ｲｹﾀﾞｾﾝｼﾕｳ,073,ｲｽﾞﾐﾁﾕｳｵｳ
0161,ｲｹﾀﾞｾﾝｼﾕｳ,074,ﾊｺﾂｸﾘ
0161,ｲｹﾀﾞｾﾝｼﾕｳ,075,ｷｼ
0161,ｲｹﾀﾞｾﾝｼﾕｳ,079,ﾀﾞｲﾚｸﾄ
0161,ｲｹﾀﾞｾﾝｼﾕｳ,101,ｲｹﾀﾞ
0161,ｲｹﾀﾞｾﾝｼﾕｳ,102,ｲｼﾊﾞｼ
0161,ｲｹﾀﾞｾﾝｼﾕｳ,104,ｲｹﾀﾞｴｷﾏｴ
0161,ｲｹﾀﾞｾﾝｼﾕｳ,105,ｲｹﾀﾞﾋｶﾞｼ
0161,ｲｹﾀﾞｾﾝｼﾕｳ,111,ﾄﾖﾅｶ
0161,ｲｹﾀﾞｾﾝｼﾕｳ,112,ﾊﾂﾄﾘ
0161,ｲｹﾀﾞｾﾝｼﾕｳ,113,ｼﾖｳﾅｲ
0161,ｲｹﾀﾞｾﾝｼﾕｳ,114,ﾋｶﾞｼﾄﾖﾅｶ
0161,ｲｹﾀﾞｾﾝｼﾕｳ,115,ｱｻﾋｶﾞｵｶ
0161,ｲｹﾀﾞｾﾝｼﾕｳ,116,ｷﾀﾄﾖﾅｶ
0161,ｲｹﾀﾞｾﾝｼﾕｳ,117,ﾘﾖｸﾁｺｳｴﾝ
0161,ｲｹﾀﾞｾﾝｼﾕｳ,118,ｿﾈ
0161,ｲｹﾀﾞｾﾝｼﾕｳ,119,ﾎﾀﾙｶﾞｲｹ
0161,ｲｹﾀﾞｾﾝｼﾕｳ,121,ｽｲﾀ
0161,ｲｹﾀﾞｾﾝｼﾕｳ,122,ﾐﾅﾐｾﾝﾘ
0161,ｲｹﾀﾞｾﾝｼﾕｳ,123,ｷﾀｾﾝﾘ
0161,ｲｹﾀﾞｾﾝｼﾕｳ,124,ｾﾝﾘﾁﾕｳｵｳ
0161,ｲｹﾀﾞｾﾝｼﾕｳ,125,ﾓﾓﾔﾏﾀﾞｲ
0161,ｲｹﾀﾞｾﾝｼﾕｳ,126,ｴｻｶ
0161,ｲｹﾀﾞｾﾝｼﾕｳ,127,ｻｲﾃﾞﾗ
0161,ｲｹﾀﾞｾﾝｼﾕｳ,131,ﾐﾉｵ
0161,ｲｹﾀﾞｾﾝｼﾕｳ,132,ﾐﾉｵｴｷﾏｴ
0161,ｲｹﾀﾞｾﾝｼﾕｳ,133,ｵﾉﾊﾗ
0161,ｲｹﾀﾞｾﾝｼﾕｳ,141,ﾄﾝﾀﾞ
0161,ｲｹﾀﾞｾﾝｼﾕｳ,143,ﾀｶﾂｷ
0161,ｲｹﾀﾞｾﾝｼﾕｳ,151,ﾀｶﾔｽ
0161,ｲｹﾀﾞｾﾝｼﾕｳ,161,ﾋｶﾞｼｵｵｻｶﾁﾕｳｵｳ
0161,ｲｹﾀﾞｾﾝｼﾕｳ,171,ｻｲﾄ
0161,ｲｹﾀﾞｾﾝｼﾕｳ,181,ｾﾂﾂ
0161,ｲｹﾀﾞｾﾝｼﾕｳ,182,ｾﾝﾘｵｶ
0161,ｲｹﾀﾞｾﾝｼﾕｳ,191,ﾉｾ
0161,ｲｹﾀﾞｾﾝｼﾕｳ,192,ﾄｷﾜﾀﾞｲ
0161,ｲｹﾀﾞｾﾝｼﾕｳ,201,ﾎﾝﾏﾁ
0161,ｲｹﾀﾞｾﾝｼﾕｳ,202,ｵｵｻｶﾆｼ
0161,ｲｹﾀﾞｾﾝｼﾕｳ,203,ｻｶｲｽｼﾞ
0161,ｲｹﾀﾞｾﾝｼﾕｳ,204,ｱﾍﾞﾉﾊﾙｶｽ
0161,ｲｹﾀﾞｾﾝｼﾕｳ,205,ﾋｶﾞｼﾅﾘ
0161,ｲｹﾀﾞｾﾝｼﾕｳ,211,ｳﾒﾀﾞ
0161,ｲｹﾀﾞｾﾝｼﾕｳ,212,ﾄﾞｳｼﾞﾏ
0161,ｲｹﾀﾞｾﾝｼﾕｳ,213,ﾎﾝﾃﾝ
0161,ｲｹﾀﾞｾﾝｼﾕｳ,221,ｱﾜｼﾞ
0161,ｲｹﾀﾞｾﾝｼﾕｳ,222,ｶﾐｼﾝｼﾞﾖｳ
0161,ｲｹﾀﾞｾﾝｼﾕｳ,223,ﾄﾖｻﾄ
0161,ｲｹﾀﾞｾﾝｼﾕｳ,231,ｵｵﾐﾔﾁﾖｳ
0161,ｲｹﾀﾞｾﾝｼﾕｳ,241,ｼﾝｵｵｻｶ
0161,ｲｹﾀﾞｾﾝｼﾕｳ,301,ｺｳﾍﾞ
0161,ｲｹﾀﾞｾﾝｼﾕｳ,302,ﾛﾂｺｳ
0161,ｲｹﾀﾞｾﾝｼﾕｳ,303,ｽﾐﾖｼﾐｶｹﾞ
0161,ｲｹﾀﾞｾﾝｼﾕｳ,311,ﾆｼﾉﾐﾔｷﾀｸﾞﾁ
0161,ｲｹﾀﾞｾﾝｼﾕｳ,312,ｸﾗｸｴﾝ
0161,ｲｹﾀﾞｾﾝｼﾕｳ,313,ﾅｼﾞｵ
0161,ｲｹﾀﾞｾﾝｼﾕｳ,314,ｼﾕｸｶﾞﾜ
0161,ｲｹﾀﾞｾﾝｼﾕｳ,321,ﾑｺﾉｿｳ
0161,ｲｹﾀﾞｾﾝｼﾕｳ,322,ﾆｼﾑｺ
0161,ｲｹﾀﾞｾﾝｼﾕｳ,323,ﾂｶｸﾞﾁ
0161,ｲｹﾀﾞｾﾝｼﾕｳ,331,ｶﾜﾆｼ
0161,ｲｹﾀﾞｾﾝｼﾕｳ,332,ﾔﾏｼﾀ
0161,ｲｹﾀﾞｾﾝｼﾕｳ,333,ﾀﾀﾞｸﾞﾘ-ﾝﾊｲﾂ
0161,ｲｹﾀﾞｾﾝｼﾕｳ,334,ﾀﾀﾞ
0161,ｲｹﾀﾞｾﾝｼﾕｳ,335,ｶﾜﾆｼｾｲﾜﾀﾞｲ
0161,ｲｹﾀﾞｾﾝｼﾕｳ,336,ｳﾈﾉ
0161,ｲｹﾀﾞｾﾝｼﾕｳ,341,ｲﾀﾐ
0161,ｲｹﾀﾞｾﾝｼﾕｳ,342,ｲﾅﾉ
0161,ｲｹﾀﾞｾﾝｼﾕｳ,343,ｲﾀﾐｺｳﾉｲｹ
0161,ｲｹﾀﾞｾﾝｼﾕｳ,351,ﾀｶﾗﾂﾞｶ
0161,ｲｹﾀﾞｾﾝｼﾕｳ,352,ﾆｶﾞﾜ
0161,ｲｹﾀﾞｾﾝｼﾕｳ,353,ﾒﾌ
0161,ｲｹﾀﾞｾﾝｼﾕｳ,354,ﾅｶﾔﾏﾀﾞｲ
0161,ｲｹﾀﾞｾﾝｼﾕｳ,355,ﾔﾏﾓﾄ
0161,ｲｹﾀﾞｾﾝｼﾕｳ,356,ﾀｶﾗﾂﾞｶｴｷﾏｴ
0161,ｲｹﾀﾞｾﾝｼﾕｳ,357,ｻｶｾｶﾞﾜ
0161,ｲｹﾀﾞｾﾝｼﾕｳ,361,ｻﾝﾀﾞ
0161,ｲｹﾀﾞｾﾝｼﾕｳ,362,ｻﾝﾀﾞｳﾂﾃﾞｲﾀｳﾝ
0161,ｲｹﾀﾞｾﾝｼﾕｳ,371,ﾆﾂｾｲﾁﾕｳｵｳ
0161,ｲｹﾀﾞｾﾝｼﾕｳ,381,ｱｼﾔ
0161,ｲｹﾀﾞｾﾝｼﾕｳ,501,ｷﾖｳﾄ
0161,ｲｹﾀﾞｾﾝｼﾕｳ,503,ｼﾝｶﾅｵｶ
0161,ｲｹﾀﾞｾﾝｼﾕｳ,701,ﾄｳｷﾖｳ
0161,ｲｹﾀﾞｾﾝｼﾕｳ,801,ｽﾃ-ｼﾖﾝﾈﾂﾄ
0161,ｲｹﾀﾞｾﾝｼﾕｳ,802,ｲﾝﾀ-ﾈﾂﾄ
0161,ｲｹﾀﾞｾﾝｼﾕｳ,811,ﾌﾘｺﾐｾﾝﾖｳ
0162,ﾅﾝﾄ,010,ﾎﾝﾃﾝ
0162,ﾅﾝﾄ,020,ｹﾝﾁﾖｳ
0162,ﾅﾝﾄ,025,ﾅﾗｼﾔｸｼﾖ
0162,ﾅﾝﾄ,030,ｵｵﾐﾔ
0162,ﾅﾝﾄ,040,JRﾅﾗｴｷﾏｴ
0162,ﾅﾝﾄ,050,ﾃｶﾞｲ
0162,ﾅﾝﾄ,060,ﾐﾅﾐ
0162,ﾅﾝﾄ,070,ｷﾃﾞﾗ
0162,ﾅﾝﾄ,080,ｵﾋﾞﾄｹ
0162,ﾅﾝﾄ,090,ｻｲﾀﾞｲｼﾞ
0162,ﾅﾝﾄ,096,ﾆｼﾉｷﾖｳ
0162,ﾅﾝﾄ,097,ﾍｲｼﾞﾖｳ
0162,ﾅﾝﾄ,099,ｱﾔﾒｲｹ
0162,ﾅﾝﾄ,100,ｶﾞｸｴﾝﾏｴ
0162,ﾅﾝﾄ,115,ﾍｲｼﾞﾖｳﾆｼ
0162,ﾅﾝﾄ,120,ﾄﾐｶﾞｵｶ
0162,ﾅﾝﾄ,130,ﾄﾐｵ
0162,ﾅﾝﾄ,150,ｲｺﾏ
0162,ﾅﾝﾄ,152,ﾏﾕﾐ
0162,ﾅﾝﾄ,154,ｼﾗﾆﾜﾀﾞｲｴｷﾏｴ
0162,ﾅﾝﾄ,155,ﾋｶﾞｼｲｺﾏ
0162,ﾅﾝﾄ,156,ｼｶﾉﾀﾞｲ
0162,ﾅﾝﾄ,157,ﾐﾅﾐｲｺﾏ
0162,ﾅﾝﾄ,160,ｺｵﾘﾔﾏ
0162,ﾅﾝﾄ,170,ﾂﾂｲ
0162,ﾅﾝﾄ,175,ﾁﾕｳｵｳｲﾁﾊﾞ
0162,ﾅﾝﾄ,180,ﾃﾝﾘ
0162,ﾅﾝﾄ,190,ｲﾁﾉﾓﾄ
0162,ﾅﾝﾄ,220,ﾃﾝﾘﾐﾅﾐ
0162,ﾅﾝﾄ,230,ﾒｲﾊﾝﾊﾘ
0162,ﾅﾝﾄ,240,ｻｸﾗｲ
0162,ﾅﾝﾄ,250,ﾐﾜ
0162,ﾅﾝﾄ,260,ﾊｾ
0162,ﾅﾝﾄ,270,ﾊｲﾊﾞﾗ
0162,ﾅﾝﾄ,280,ｵｵｳﾀﾞ
0162,ﾅﾝﾄ,290,ｳﾀﾉ
0162,ﾅﾝﾄ,300,ｵｵﾖﾄﾞ
0162,ﾅﾝﾄ,310,ｼﾓｲﾁ
0162,ﾅﾝﾄ,320,ｸﾛﾀｷ
0162,ﾅﾝﾄ,330,ｶﾐｲﾁ
0162,ﾅﾝﾄ,340,ｷﾀﾔﾏ
0162,ﾅﾝﾄ,350,ｱﾀﾗｼ
0162,ﾅﾝﾄ,360,ｵｶﾞﾜ
0162,ﾅﾝﾄ,370,ｶﾜｶﾐ
0162,ﾅﾝﾄ,380,ﾀｶﾀﾞ
0162,ﾅﾝﾄ,389,ｴｲﾃｲｴﾑﾄｳｶﾂ
0162,ﾅﾝﾄ,390,ﾀｶﾀﾞﾎﾝﾏﾁ
0162,ﾅﾝﾄ,395,ﾀｶﾀﾞｷﾀ
0162,ﾅﾝﾄ,410,ｳﾏﾐ
0162,ﾅﾝﾄ,420,ﾊｼｵ
0162,ﾅﾝﾄ,425,ｶﾝﾏｷ
0162,ﾅﾝﾄ,430,ｶｼﾊﾞ
0162,ﾅﾝﾄ,433,ﾏﾐｶﾞｵｶ
0162,ﾅﾝﾄ,434,ﾆｼﾞﾖｳ
0162,ﾅﾝﾄ,436,ｼﾔｸﾄﾞ
0162,ﾅﾝﾄ,440,ｼﾝｼﾞﾖｳ
0162,ﾅﾝﾄ,450,ｺﾞｾ
0162,ﾅﾝﾄ,460,ﾜｷｶﾞﾐ
0162,ﾅﾝﾄ,480,ﾖｼﾉｸﾞﾁ
0162,ﾅﾝﾄ,490,ｶｼﾊﾗ
0162,ﾅﾝﾄ,495,ｷﾝﾃﾂﾔｷﾞｴｷﾏｴ
0162,ﾅﾝﾄ,497,ﾐﾐﾅｼ
0162,ﾅﾝﾄ,500,ｳﾈﾋﾞ
0162,ﾅﾝﾄ,505,ﾏｽｶﾞ
0162,ﾅﾝﾄ,510,ｼﾞﾝｸﾞｳﾏｴ
0162,ﾅﾝﾄ,515,ｼﾗｶｼ
0162,ﾅﾝﾄ,517,ﾎﾞｳｼﾞﾖｳ
0162,ﾅﾝﾄ,520,ｱｽｶ
0162,ﾅﾝﾄ,530,ﾀｶﾄﾘ
0162,ﾅﾝﾄ,540,ｵｳｼﾞ
0162,ﾅﾝﾄ,543,ｵｳｼﾞﾐﾅﾐ
0162,ﾅﾝﾄ,545,ﾆｼﾔﾏﾄ
0162,ﾅﾝﾄ,546,ｻﾝｺﾞｳ
0162,ﾅﾝﾄ,547,ﾍｸﾞﾘ
0162,ﾅﾝﾄ,548,ﾍｸﾞﾘｷﾀ
0162,ﾅﾝﾄ,550,ﾎｳﾘﾕｳｼﾞ
0162,ﾅﾝﾄ,560,ｶﾜﾆｼ
0162,ﾅﾝﾄ,565,ﾕｳｻﾞｷ
0162,ﾅﾝﾄ,570,ﾀﾜﾗﾓﾄ
0162,ﾅﾝﾄ,580,ｺﾞｼﾞﾖｳ
0162,ﾅﾝﾄ,590,ｵｵﾄｳ
0162,ﾅﾝﾄ,600,ﾉﾊﾗ
0162,ﾅﾝﾄ,610,ｼﾞﾖｳﾄﾞ
0162,ﾅﾝﾄ,620,ﾄﾂｶﾜ
0162,ﾅﾝﾄ,630,ﾊｼﾓﾄ
0162,ﾅﾝﾄ,635,ﾘﾝｶﾝｴｷﾏｴ
0162,ﾅﾝﾄ,640,ｺｳﾔｸﾞﾁ
0162,ﾅﾝﾄ,660,ｺｳﾔｻﾝ
0162,ﾅﾝﾄ,670,ｺｶﾜ
0162,ﾅﾝﾄ,680,ｲﾜﾃﾞ
0162,ﾅﾝﾄ,688,ﾜｶﾔﾏ
0162,ﾅﾝﾄ,690,ｷﾂﾞ
0162,ﾅﾝﾄ,695,ﾔﾏﾀﾞｶﾞﾜ
0162,ﾅﾝﾄ,700,ｾｲｶ
0162,ﾅﾝﾄ,705,ｹｲﾊﾝﾅﾌﾟﾗｻﾞ
0162,ﾅﾝﾄ,710,ｶﾐｺﾏ
0162,ﾅﾝﾄ,720,ｶﾓ
0162,ﾅﾝﾄ,730,ﾀﾏﾐｽﾞ
0162,ﾅﾝﾄ,735,ﾐﾔﾏｷﾞ
0162,ﾅﾝﾄ,740,ｷﾖｳﾀﾅﾍﾞ
0162,ﾅﾝﾄ,745,ﾏﾂｲﾔﾏﾃ
0162,ﾅﾝﾄ,750,ｼﾞﾖｳﾖｳ
0162,ﾅﾝﾄ,755,ｳｼﾞｵｵｸﾎﾞ
0162,ﾅﾝﾄ,756,ｷﾖｳﾄﾐﾅﾐ
0162,ﾅﾝﾄ,757,ｷﾖｳﾄ
0162,ﾅﾝﾄ,760,ﾅﾊﾞﾘ
0162,ﾅﾝﾄ,763,ﾅﾊﾞﾘﾋｶﾞｼ
0162,ﾅﾝﾄ,765,ｷｷﾖｳｶﾞｵｶ
0162,ﾅﾝﾄ,767,ｵｵｻｶﾁﾕｳｵｳ
0162,ﾅﾝﾄ,770,ｵｵｻｶ
0162,ﾅﾝﾄ,771,ﾃﾂﾞｶﾔﾏ
0162,ﾅﾝﾄ,773,ｵｵｻｶｷﾀ
0162,ﾅﾝﾄ,775,ｵｵｻｶﾋｶﾞｼ
0162,ﾅﾝﾄ,776,ﾋﾗﾉ
0162,ﾅﾝﾄ,777,ｼﾝｵｵｻｶ
0162,ﾅﾝﾄ,778,ｴｻｶ
0162,ﾅﾝﾄ,780,ｲｼｷﾘ
0162,ﾅﾝﾄ,781,ｴｲﾜ
0162,ﾅﾝﾄ,782,ﾖｼﾀ
0162,ﾅﾝﾄ,783,ﾜｶｴｲﾜﾀ
0162,ﾅﾝﾄ,785,ﾀﾞｲﾄｳ
0162,ﾅﾝﾄ,788,ﾔｵ
0162,ﾅﾝﾄ,790,ﾊﾋﾞｷﾉ
0162,ﾅﾝﾄ,800,ｶﾜﾁﾅｶﾞﾉ
0162,ﾅﾝﾄ,810,ﾏﾎﾛﾊﾞ
0162,ﾅﾝﾄ,850,ｻｶｲ
0162,ﾅﾝﾄ,851,ﾊﾂｼﾊﾞ
0162,ﾅﾝﾄ,860,ｲｽﾞﾐ
0162,ﾅﾝﾄ,870,ｲｽﾞﾐｻﾉ
0162,ﾅﾝﾄ,875,ｱﾏｶﾞｻｷ
0162,ﾅﾝﾄ,880,ﾄｳｷﾖｳ
0163,ｷﾖｳ,152,ｴｲﾃｲｴﾑﾄｳｶﾂ
0163,ｷﾖｳ,200,ﾎﾝﾃﾝ
0163,ｷﾖｳ,234,ﾜｶﾔﾏｼﾔｸｼﾖ
0163,ｷﾖｳ,238,ﾜｶﾔﾏﾁﾕｳｵｳ
0163,ｷﾖｳ,312,ｽｲﾄﾞｳﾐﾁ
0163,ｷﾖｳ,313,ｵｵﾀ
0163,ｷﾖｳ,314,ﾋｶﾞｼﾜｶﾔﾏ
0163,ｷﾖｳ,315,ﾐﾔｷﾀ
0163,ｷﾖｳ,316,ｺｳｻﾞｷ
0163,ｷﾖｳ,317,ﾊｼﾑｶｲ
0163,ｷﾖｳ,320,ｺｸﾀｲﾄﾞｳﾛ
0163,ｷﾖｳ,321,ﾔｶﾀ
0163,ｷﾖｳ,323,ｹﾝﾁﾖｳ
0163,ｷﾖｳ,324,ﾐﾅﾄ
0163,ｷﾖｳ,326,ﾆｼﾊﾏ
0163,ｷﾖｳ,327,ﾎﾘﾄﾞﾒ
0163,ｷﾖｳ,329,ﾏﾂｶﾞｵｶ
0163,ｷﾖｳ,333,ﾀｶﾏﾂﾁﾕｳｵｳ
0163,ｷﾖｳ,334,ﾜｶｳﾗ
0163,ｷﾖｳ,337,ｷﾐｲﾃﾞﾗ
0163,ｷﾖｳ,338,ｳﾁﾊﾗ
0163,ｷﾖｳ,361,ｷﾉｶﾜ
0163,ｷﾖｳ,365,ﾉﾌﾞﾄｷ
0163,ｷﾖｳ,371,ﾏﾂｴ
0163,ｷﾖｳ,372,ﾆｼﾜｷ
0163,ｷﾖｳ,376,ﾑｿﾀ
0163,ｷﾖｳ,377,ﾔﾏｸﾞﾁ
0163,ｷﾖｳ,387,ｷｼｶﾞﾜ
0163,ｷﾖｳ,410,ｷｾﾝﾀﾞｲ
0163,ｷﾖｳ,411,ｲﾜﾃﾞ
0163,ｷﾖｳ,412,ﾓﾓﾔﾏ
0163,ｷﾖｳ,413,ｳﾁﾀ
0163,ｷﾖｳ,414,ｺｶﾜ
0163,ｷﾖｳ,417,ﾅﾃ
0163,ｷﾖｳ,421,ｶｾﾀﾞ
0163,ｷﾖｳ,424,ﾐﾖｳｼﾞ
0163,ｷﾖｳ,427,ｺｳﾔｸﾞﾁ
0163,ｷﾖｳ,431,ｸﾄﾞﾔﾏ
0163,ｷﾖｳ,434,ﾊｼﾓﾄ
0163,ｷﾖｳ,435,ﾊｼﾓﾄﾘﾝｶﾝ
0163,ｷﾖｳ,437,ｺｳﾔｻﾝ
0163,ｷﾖｳ,438,ﾊｼﾓﾄｱﾔﾉﾀﾞｲ
0163,ｷﾖｳ,511,ｶｲﾅﾝ
0163,ｷﾖｳ,514,ｶｲﾅﾝｴｷﾏｴ
0163,ｷﾖｳ,517,ｶｲﾅﾝﾋｶﾞｼ
0163,ｷﾖｳ,521,ﾉｶﾐ
0163,ｷﾖｳ,527,ｶﾓｺﾞｳ
0163,ｷﾖｳ,534,ﾐﾉｼﾏ
0163,ｷﾖｳ,535,ｱﾘﾀﾞﾁﾕｳｵｳ
0163,ｷﾖｳ,537,ｶﾅﾔ
0163,ｷﾖｳ,538,ｷﾋﾞ
0163,ｷﾖｳ,541,ﾕｱｻ
0163,ｷﾖｳ,611,ﾕﾗ
0163,ｷﾖｳ,614,ｺﾞﾎﾞｳ
0163,ｷﾖｳ,617,ｲﾅﾐ
0163,ｷﾖｳ,618,ｺﾞﾎﾞｳｴｷﾏｴ
0163,ｷﾖｳ,621,ﾐﾅﾍﾞ
0163,ｷﾖｳ,624,ﾀﾅﾍﾞ
0163,ｷﾖｳ,627,ﾀﾅﾍﾞｴｷﾏｴ
0163,ｷﾖｳ,634,ｱﾂｿ
0163,ｷﾖｳ,637,ｼﾗﾊﾏ
0163,ｷﾖｳ,641,ﾋｷ
0163,ｷﾖｳ,644,ｽｻﾐ
0163,ｷﾖｳ,711,ｸｼﾓﾄ
0163,ｷﾖｳ,714,ｺｻﾞ
0163,ｷﾖｳ,717,ﾀｲﾁﾞ
0163,ｷﾖｳ,721,ｶﾂｳﾗ
0163,ｷﾖｳ,727,ｼﾝｸﾞｳ
0163,ｷﾖｳ,730,ﾎﾝｸﾞｳ
0163,ｷﾖｳ,811,ﾐｻｷ
0163,ｷﾖｳ,813,ﾊｺﾂｸﾘ
0163,ｷﾖｳ,814,ｵｻﾞｷ
0163,ｷﾖｳ,815,ｾﾝﾅﾝ
0163,ｷﾖｳ,817,ｸﾏﾄﾘ
0163,ｷﾖｳ,818,ﾊｸﾞﾗｻﾞｷ
0163,ｷﾖｳ,819,ﾂﾙﾊﾗ
0163,ｷﾖｳ,820,ﾐｽﾞﾏ
0163,ｷﾖｳ,821,ﾋｶﾞｼｶｲﾂﾞｶ
0163,ｷﾖｳ,822,ﾋｶﾞｼｷｼﾜﾀﾞ
0163,ｷﾖｳ,824,ｷｼﾜﾀﾞ
0163,ｷﾖｳ,827,ｸﾒﾀﾞ
0163,ｷﾖｳ,829,ｲｽﾞﾐﾃﾗﾀﾞ
0163,ｷﾖｳ,830,ｲｽﾞﾐﾁﾕｳｵｳ
0163,ｷﾖｳ,831,ｾﾝﾎﾞｸ
0163,ｷﾖｳ,833,ｲｽﾞﾐｵｵﾂ
0163,ｷﾖｳ,835,ｻﾔﾏ
0163,ｷﾖｳ,836,ﾄﾝﾀﾞﾊﾞﾔｼ
0163,ｷﾖｳ,838,ｶﾜﾁﾅｶﾞﾉ
0163,ｷﾖｳ,840,ｲｽﾞﾐｶﾞｵｶｴｷﾏｴ
0163,ｷﾖｳ,841,ｲｽﾞﾐｶﾞｵｶ
0163,ｷﾖｳ,842,ｷﾀﾉﾀﾞ
0163,ｷﾖｳ,843,ﾌｶｲ
0163,ｷﾖｳ,844,ｵｵﾄﾘ
0163,ｷﾖｳ,851,ｻｶｲ
0163,ｷﾖｳ,857,ﾅｶﾓｽﾞ
0163,ｷﾖｳ,858,ｷﾀﾊﾅﾀﾞ
0163,ｷﾖｳ,864,ﾋｶﾞｼｵｵｻｶ
0163,ｷﾖｳ,867,ｺｳﾉｲｹｼﾝﾃﾞﾝ
0163,ｷﾖｳ,869,ﾔｴﾉｻﾄ
0163,ｷﾖｳ,875,ﾓﾘｸﾞﾁ
0163,ｷﾖｳ,877,ﾋﾗﾉ
0163,ｷﾖｳ,878,ﾔｵﾐﾅﾐ
0163,ｷﾖｳ,881,ｽﾐﾖｼ
0163,ｷﾖｳ,882,ｳｴﾎﾝﾏﾁ
0163,ｷﾖｳ,883,ﾆｼﾃﾝﾏ
0163,ｷﾖｳ,885,ｵｵｻｶﾁﾕｳｵｳ
0163,ｷﾖｳ,886,ｴｻｶ
0163,ｷﾖｳ,887,ｵｵｻｶ
0163,ｷﾖｳ,888,ｵｵｻｶﾄﾞｳｼﾞﾏ
0163,ｷﾖｳ,889,ｸｼﾞﾖｳ
0163,ｷﾖｳ,896,ﾋﾈﾉ
0163,ｷﾖｳ,911,ｺﾞｼﾞﾖｳ
0163,ｷﾖｳ,914,ﾀｶﾀﾞ
0163,ｷﾖｳ,981,ﾄｳｷﾖｳ
0163,ｷﾖｳ,995,ｲﾝﾀ-ﾈﾂﾄ
0164,ﾀｼﾞﾏ,304,ﾊﾏｻｶ
0164,ﾀｼﾞﾏ,305,ﾕﾑﾗ
0164,ﾀｼﾞﾏ,306,ｶｽﾐ
0164,ﾀｼﾞﾏ,307,ﾑﾗｵｶ
0164,ﾀｼﾞﾏ,310,ﾀｹﾉ
0164,ﾀｼﾞﾏ,311,ｷﾉｻｷ
0164,ﾀｼﾞﾏ,312,ﾎﾝﾃﾝ
0164,ﾀｼﾞﾏ,313,ﾄﾖｵｶﾋｶﾞｼ
0164,ﾀｼﾞﾏ,314,ｲﾂﾞｼ
0164,ﾀｼﾞﾏ,315,ﾋﾀﾞｶ
0164,ﾀｼﾞﾏ,316,ﾖｳｶ
0164,ﾀｼﾞﾏ,317,ﾋﾛﾀﾆ
0164,ﾀｼﾞﾏ,319,ｵｵﾔ
0164,ﾀｼﾞﾏ,320,ﾜﾀﾞﾔﾏ
0164,ﾀｼﾞﾏ,321,ｻﾝﾄｳ
0164,ﾀｼﾞﾏ,322,ﾆｲ
0164,ﾀｼﾞﾏ,323,ｲｸﾉ
0164,ﾀｼﾞﾏ,324,ﾋﾒｼﾞ
0164,ﾀｼﾞﾏ,325,ﾋﾒｼﾞﾋｶﾞｼ
0164,ﾀｼﾞﾏ,326,ｺｳﾍﾞ
0164,ﾀｼﾞﾏ,327,ｶｺｶﾞﾜ
0164,ﾀｼﾞﾏ,328,ｱｶｼ
0164,ﾀｼﾞﾏ,329,ﾅｶﾞﾀ
0164,ﾀｼﾞﾏ,330,ｵｵｻｶ
0164,ﾀｼﾞﾏ,331,ｷﾖｳﾄ
0164,ﾀｼﾞﾏ,332,ﾂｶｸﾞﾁ
0164,ﾀｼﾞﾏ,333,ｺｳﾅﾝ
0164,ﾀｼﾞﾏ,334,ﾆｼﾉﾐﾔｷﾀｸﾞﾁ
0164,ﾀｼﾞﾏ,335,ｳｵｽﾞﾐ
0164,ﾀｼﾞﾏ,336,ﾀﾙﾐ
0164,ﾀｼﾞﾏ,337,ﾀｶﾗﾂﾞｶ
0164,ﾀｼﾞﾏ,338,ｺｳﾖｳｴﾝ
0164,ﾀｼﾞﾏ,339,ｶﾐﾂﾂｲ
0164,ﾀｼﾞﾏ,340,ｲﾀﾐ
0164,ﾀｼﾞﾏ,341,ﾂｷﾐﾔﾏ
0164,ﾀｼﾞﾏ,342,ﾐｷ
0164,ﾀｼﾞﾏ,343,ｵﾉ
0164,ﾀｼﾞﾏ,344,ﾀｶｻｺﾞ
0164,ﾀｼﾞﾏ,345,ｲﾅﾐ
0164,ﾀｼﾞﾏ,347,ｶｻｲ
0164,ﾀｼﾞﾏ,348,ﾆｼﾜｷ
0164,ﾀｼﾞﾏ,349,ﾐﾄﾞﾘｶﾞｵｶ
0164,ﾀｼﾞﾏ,350,ｻﾝﾀﾞ
0164,ﾀｼﾞﾏ,351,ﾓﾓﾔﾏﾀﾞｲ
0164,ﾀｼﾞﾏ,354,ﾆｼｱｶｼ
0164,ﾀｼﾞﾏ,355,ﾐﾉﾀﾆ
0164,ﾀｼﾞﾏ,356,ﾊﾘﾏ
0164,ﾀｼﾞﾏ,358,ｶﾜﾆｼ
0164,ﾀｼﾞﾏ,359,ｼﾖｳﾜﾁﾖｳ
0164,ﾀｼﾞﾏ,360,ﾜﾀﾞﾔﾏﾋｶﾞｼ
0164,ﾀｼﾞﾏ,361,ﾆｼﾉﾐﾔ
0164,ﾀｼﾞﾏ,362,ﾌｸﾁﾔﾏ
0164,ﾀｼﾞﾏ,363,ｾｷﾉﾐﾔ
0164,ﾀｼﾞﾏ,365,ﾌｸｻｷ
0164,ﾀｼﾞﾏ,366,ﾋﾖｳｺﾞ
0164,ﾀｼﾞﾏ,367,ｻｻﾔﾏ
0164,ﾀｼﾞﾏ,368,ﾌｼﾞﾜﾗﾀﾞｲ
0164,ﾀｼﾞﾏ,369,ｵｵｸﾎﾞ
0164,ﾀｼﾞﾏ,370,ﾛﾂｺｳﾐﾁ
0164,ﾀｼﾞﾏ,371,ｶﾝｻﾞｷ
0164,ﾀｼﾞﾏ,372,ｶｲﾊﾞﾗ
0164,ﾀｼﾞﾏ,373,ﾏｲﾈﾂﾄ
0164,ﾀｼﾞﾏ,374,ﾑｺﾉｿｳ
0164,ﾀｼﾞﾏ,375,ｱｼﾔｷﾀ
0164,ﾀｼﾞﾏ,376,ｸﾗｸｴﾝ
0164,ﾀｼﾞﾏ,377,ﾅｶﾔﾏﾃﾞﾗ
0164,ﾀｼﾞﾏ,378,ｾｲｼﾝﾁﾕｳｵｳ
0164,ﾀｼﾞﾏ,412,ﾄｲﾔﾏﾁ
0164,ﾀｼﾞﾏ,433,ｳｽﾞｶﾞﾓﾘ
0166,ﾄﾂﾄﾘ,111,ﾎﾝﾃﾝ
0166,ﾄﾂﾄﾘ,112,ｹﾝﾁﾖｳﾏｴ
0166,ﾄﾂﾄﾘ,113,ﾄﾂﾄﾘ
0166,ﾄﾂﾄﾘ,114,ﾄﾂﾄﾘﾋｶﾞｼ
0166,ﾄﾂﾄﾘ,116,ﾄﾂﾄﾘﾆｼ
0166,ﾄﾂﾄﾘ,117,ｺﾔﾏ
0166,ﾄﾂﾄﾘ,118,ﾄﾂﾄﾘｼﾔｸｼﾖ
0166,ﾄﾂﾄﾘ,119,ﾄﾂﾄﾘﾐﾅﾐ
0166,ﾄﾂﾄﾘ,120,ﾖｼﾅﾘ
0166,ﾄﾂﾄﾘ,121,ｲﾜﾐ
0166,ﾄﾂﾄﾘ,122,ﾄﾂﾄﾘｹﾝﾁﾖｳ
0166,ﾄﾂﾄﾘ,123,ｽｴﾂﾈ
0166,ﾄﾂﾄﾘ,124,ﾄﾂﾄﾘｷﾀ
0166,ﾄﾂﾄﾘ,126,ﾃﾞﾝｴﾝﾁﾖｳ
0166,ﾄﾂﾄﾘ,127,ｻﾝｷﾞﾖｳｶｲｶﾝ
0166,ﾄﾂﾄﾘ,131,ﾁｽﾞ
0166,ﾄﾂﾄﾘ,132,ﾜｶｻ
0166,ﾄﾂﾄﾘ,133,ｶﾜﾊﾞﾗ
0166,ﾄﾂﾄﾘ,134,ｺｵｹﾞ
0166,ﾄﾂﾄﾘ,141,ｻｶｲﾁﾕｳｵｳ
0166,ﾄﾂﾄﾘ,144,ﾄﾂﾄﾘｴｷﾅﾝ
0166,ﾄﾂﾄﾘ,148,ﾐｻｻ
0166,ﾄﾂﾄﾘ,149,ｾｷｶﾞﾈ
0166,ﾄﾂﾄﾘ,150,ｸﾗﾖｼ
0166,ﾄﾂﾄﾘ,151,ｸﾗﾖｼﾁﾕｳｵｳ
0166,ﾄﾂﾄﾘ,152,ﾄｳﾊｸ
0166,ﾄﾂﾄﾘ,153,ｱｶｻｷ
0166,ﾄﾂﾄﾘ,154,ｱｵﾔ
0166,ﾄﾂﾄﾘ,155,ﾊﾏﾑﾗ
0166,ﾄﾂﾄﾘ,157,ﾀﾞｲｴｲ
0166,ﾄﾂﾄﾘ,158,ﾊﾜｲ
0166,ﾄﾂﾄﾘ,159,ﾅｶﾔﾏ
0166,ﾄﾂﾄﾘ,160,ﾖﾅｺﾞ
0166,ﾄﾂﾄﾘ,162,ﾖﾅｺﾞﾁﾕｳｵｳ
0166,ﾄﾂﾄﾘ,163,ﾖﾅｺﾞｴｷﾏｴ
0166,ﾄﾂﾄﾘ,164,ｽﾐﾖｼ
0166,ﾄﾂﾄﾘ,166,ｻｶｲﾐﾅﾄ
0166,ﾄﾂﾄﾘ,167,ﾖﾄﾞｴ
0166,ﾄﾂﾄﾘ,168,ﾈｳ
0166,ﾄﾂﾄﾘ,169,ｼﾖｳﾔﾏ
0166,ﾄﾂﾄﾘ,170,ｺﾞｾﾝｺﾞｸ
0166,ﾄﾂﾄﾘ,173,ﾊﾀｶﾞｻｷ
0166,ﾄﾂﾄﾘ,174,ｾｲﾄﾞｳ
0166,ﾄﾂﾄﾘ,176,ﾖﾅｺﾞﾋｶﾞｼ
0166,ﾄﾂﾄﾘ,177,ﾐﾂﾔﾅｷﾞ
0166,ﾄﾂﾄﾘ,180,ﾐｿﾞｸﾞﾁ
0166,ﾄﾂﾄﾘ,187,ﾖﾅｺﾞｼﾖｳｺｳｶｲｷﾞｼﾖ
0166,ﾄﾂﾄﾘ,190,ﾅﾜ
0166,ﾄﾂﾄﾘ,271,ﾏﾂｴ
0166,ﾄﾂﾄﾘ,272,ｲｽﾞﾓ
0166,ﾄﾂﾄﾘ,279,ﾏﾂｴｷﾀ
0166,ﾄﾂﾄﾘ,284,ｲｽﾞﾓｴｷﾏｴ
0166,ﾄﾂﾄﾘ,285,ﾔｽｷﾞ
0166,ﾄﾂﾄﾘ,375,ﾋﾛｼﾏ
0166,ﾄﾂﾄﾘ,381,ﾂﾔﾏ
0166,ﾄﾂﾄﾘ,382,ｵｶﾔﾏ
0166,ﾄﾂﾄﾘ,383,ﾂﾔﾏﾋｶﾞｼ
0166,ﾄﾂﾄﾘ,389,ﾂﾔﾏﾆｼ
0166,ﾄﾂﾄﾘ,491,ｵｵｻｶ
0166,ﾄﾂﾄﾘ,628,ﾄﾂﾄﾘｻｷﾕｳﾀﾞｲｾﾝ
0166,ﾄﾂﾄﾘ,802,ﾋｴﾂﾞ
0166,ﾄﾂﾄﾘ,804,ｵｵﾙﾘ
0167,ｻﾝｲﾝｺﾞｳﾄﾞｳ,001,ﾎﾝﾃﾝ
0167,ｻﾝｲﾝｺﾞｳﾄﾞｳ,002,ｷﾀ
0167,ｻﾝｲﾝｺﾞｳﾄﾞｳ,003,ﾐﾅﾐ
0167,ｻﾝｲﾝｺﾞｳﾄﾞｳ,004,ﾏﾂｴｴｷﾏｴ
0167,ｻﾝｲﾝｺﾞｳﾄﾞｳ,005,ｹﾝﾁﾖｳ
0167,ｻﾝｲﾝｺﾞｳﾄﾞｳ,008,ﾔｽｷﾞ
0167,ｻﾝｲﾝｺﾞｳﾄﾞｳ,009,ﾋﾛｾ
0167,ｻﾝｲﾝｺﾞｳﾄﾞｳ,010,ｲﾔ
0167,ｻﾝｲﾝｺﾞｳﾄﾞｳ,013,ﾀﾏﾂｸﾘ
0167,ｻﾝｲﾝｺﾞｳﾄﾞｳ,014,ｼﾝｼﾞ
0167,ｻﾝｲﾝｺﾞｳﾄﾞｳ,015,ｻｲｺﾞｳ
0167,ｻﾝｲﾝｺﾞｳﾄﾞｳ,016,ｳﾗｺﾞｳ
0167,ｻﾝｲﾝｺﾞｳﾄﾞｳ,017,ﾀﾞｲﾄｳ
0167,ｻﾝｲﾝｺﾞｳﾄﾞｳ,018,ｳﾝﾅﾝ
0167,ｻﾝｲﾝｺﾞｳﾄﾞｳ,019,ﾐﾅﾘ
0167,ｻﾝｲﾝｺﾞｳﾄﾞｳ,020,ﾖｺﾀ
0167,ｻﾝｲﾝｺﾞｳﾄﾞｳ,022,ｶｹｱｲ
0167,ｻﾝｲﾝｺﾞｳﾄﾞｳ,023,ﾄﾝﾊﾞﾗ
0167,ｻﾝｲﾝｺﾞｳﾄﾞｳ,024,ｱｶﾅ
0167,ｻﾝｲﾝｺﾞｳﾄﾞｳ,025,ﾅｵｴ
0167,ｻﾝｲﾝｺﾞｳﾄﾞｳ,026,ﾋﾗﾀ
0167,ｻﾝｲﾝｺﾞｳﾄﾞｳ,027,ｲﾂﾞﾓ
0167,ｻﾝｲﾝｺﾞｳﾄﾞｳ,029,ｼﾏﾈｲﾀﾞｲﾄﾞｵﾘ
0167,ｻﾝｲﾝｺﾞｳﾄﾞｳ,030,ﾀｲｼﾔ
0167,ｻﾝｲﾝｺﾞｳﾄﾞｳ,031,ｺｳﾅﾝ
0167,ｻﾝｲﾝｺﾞｳﾄﾞｳ,033,ｵｵﾀﾞ
0167,ｻﾝｲﾝｺﾞｳﾄﾞｳ,035,ﾕﾉﾂ
0167,ｻﾝｲﾝｺﾞｳﾄﾞｳ,036,ｶﾜﾓﾄ
0167,ｻﾝｲﾝｺﾞｳﾄﾞｳ,037,ｶｽﾌﾞﾁ
0167,ｻﾝｲﾝｺﾞｳﾄﾞｳ,038,ｸﾁﾊﾞ
0167,ｻﾝｲﾝｺﾞｳﾄﾞｳ,039,ﾔｶﾞﾐ
0167,ｻﾝｲﾝｺﾞｳﾄﾞｳ,041,ｺﾞｳﾂ
0167,ｻﾝｲﾝｺﾞｳﾄﾞｳ,042,ﾂﾉﾂﾞ
0167,ｻﾝｲﾝｺﾞｳﾄﾞｳ,043,ﾊﾏﾀﾞ
0167,ｻﾝｲﾝｺﾞｳﾄﾞｳ,044,ﾊﾏﾀﾞﾋｶﾞｼ
0167,ｻﾝｲﾝｺﾞｳﾄﾞｳ,046,ﾅｶﾞﾊﾏ
0167,ｻﾝｲﾝｺﾞｳﾄﾞｳ,047,ﾐｽﾐ
0167,ｻﾝｲﾝｺﾞｳﾄﾞｳ,048,ﾏｽﾀﾞ
0167,ｻﾝｲﾝｺﾞｳﾄﾞｳ,049,ﾏｽﾀﾞﾋｶﾞｼ
0167,ｻﾝｲﾝｺﾞｳﾄﾞｳ,050,ﾆｼﾏｽﾀﾞ
0167,ｻﾝｲﾝｺﾞｳﾄﾞｳ,051,ﾆﾁﾊﾗ
0167,ｻﾝｲﾝｺﾞｳﾄﾞｳ,052,ﾂﾜﾉ
0167,ｻﾝｲﾝｺﾞｳﾄﾞｳ,053,ﾄﾂﾄﾘ
0167,ｻﾝｲﾝｺﾞｳﾄﾞｳ,054,ﾄﾂﾄﾘｹﾝﾁﾖｳ
0167,ｻﾝｲﾝｺﾞｳﾄﾞｳ,055,ﾄﾂﾄﾘﾆｼ
0167,ｻﾝｲﾝｺﾞｳﾄﾞｳ,057,ｲﾜﾐ
0167,ｻﾝｲﾝｺﾞｳﾄﾞｳ,058,ｺｳｹﾞ
0167,ｻﾝｲﾝｺﾞｳﾄﾞｳ,059,ﾜｶｻ
0167,ｻﾝｲﾝｺﾞｳﾄﾞｳ,060,ｶﾜﾊﾗ
0167,ｻﾝｲﾝｺﾞｳﾄﾞｳ,062,ﾁｽﾞ
0167,ｻﾝｲﾝｺﾞｳﾄﾞｳ,063,ﾊﾏﾑﾗ
0167,ｻﾝｲﾝｺﾞｳﾄﾞｳ,064,ｱｵﾔ
0167,ｻﾝｲﾝｺﾞｳﾄﾞｳ,065,ﾏﾂｻﾞｷ
0167,ｻﾝｲﾝｺﾞｳﾄﾞｳ,066,ｸﾗﾖｼｴｷﾏｴ
0167,ｻﾝｲﾝｺﾞｳﾄﾞｳ,067,ｸﾗﾖｼ
0167,ｻﾝｲﾝｺﾞｳﾄﾞｳ,068,ｸﾗﾖｼﾆｼ
0167,ｻﾝｲﾝｺﾞｳﾄﾞｳ,069,ﾀﾞｲｴｲ
0167,ｻﾝｲﾝｺﾞｳﾄﾞｳ,070,ﾄｳﾊｸ
0167,ｻﾝｲﾝｺﾞｳﾄﾞｳ,072,ｱｶｻｷ
0167,ｻﾝｲﾝｺﾞｳﾄﾞｳ,073,ﾅﾜ
0167,ｻﾝｲﾝｺﾞｳﾄﾞｳ,074,ﾖﾄﾞｴ
0167,ｻﾝｲﾝｺﾞｳﾄﾞｳ,075,ｵｵｼﾉﾂﾞ
0167,ｻﾝｲﾝｺﾞｳﾄﾞｳ,076,ｻｶｲﾆｼ
0167,ｻﾝｲﾝｺﾞｳﾄﾞｳ,077,ｻｶｲﾋｶﾞｼ
0167,ｻﾝｲﾝｺﾞｳﾄﾞｳ,078,ﾈｳ
0167,ｻﾝｲﾝｺﾞｳﾄﾞｳ,079,ｼﾖｳﾔﾏ
0167,ｻﾝｲﾝｺﾞｳﾄﾞｳ,080,ﾖﾅｺﾞ
0167,ｻﾝｲﾝｺﾞｳﾄﾞｳ,081,ﾖﾅｺﾞﾋｶﾞｼ
0167,ｻﾝｲﾝｺﾞｳﾄﾞｳ,082,ﾖﾅｺﾞﾆｼ
0167,ｻﾝｲﾝｺﾞｳﾄﾞｳ,083,ｵｵｻｶ
0167,ｻﾝｲﾝｺﾞｳﾄﾞｳ,084,ﾋﾛｼﾏ
0167,ｻﾝｲﾝｺﾞｳﾄﾞｳ,085,ﾄｳｷﾖｳ
0167,ｻﾝｲﾝｺﾞｳﾄﾞｳ,088,ｶｲｹﾄﾞｵﾘ
0167,ｻﾝｲﾝｺﾞｳﾄﾞｳ,089,ｵｶﾔﾏ
0167,ｻﾝｲﾝｺﾞｳﾄﾞｳ,090,ﾂﾀﾞ
0167,ｻﾝｲﾝｺﾞｳﾄﾞｳ,091,ﾑｲｶｲﾁ
0167,ｻﾝｲﾝｺﾞｳﾄﾞｳ,092,ｼﾞﾖｳﾎｸ
0167,ｻﾝｲﾝｺﾞｳﾄﾞｳ,093,ﾐｻｻ
0167,ｻﾝｲﾝｺﾞｳﾄﾞｳ,094,ﾌｸﾔﾏ
0167,ｻﾝｲﾝｺﾞｳﾄﾞｳ,095,ｷｼﾓﾄ
0167,ｻﾝｲﾝｺﾞｳﾄﾞｳ,096,ﾋﾛｼﾏﾆｼ
0167,ｻﾝｲﾝｺﾞｳﾄﾞｳ,097,ｼﾖｳﾊﾞﾗ
0167,ｻﾝｲﾝｺﾞｳﾄﾞｳ,098,ｺｼﾊﾞﾗ
0167,ｻﾝｲﾝｺﾞｳﾄﾞｳ,099,ﾐｿﾞｸﾞﾁ
0167,ｻﾝｲﾝｺﾞｳﾄﾞｳ,100,ｼﾏﾀﾞｲﾏｴ
0167,ｻﾝｲﾝｺﾞｳﾄﾞｳ,101,ﾋﾉﾊﾞｼ
0167,ｻﾝｲﾝｺﾞｳﾄﾞｳ,103,ｼｶﾉ
0167,ｻﾝｲﾝｺﾞｳﾄﾞｳ,104,ﾄﾂﾄﾘｴｷﾅﾝ
0167,ｻﾝｲﾝｺﾞｳﾄﾞｳ,105,ｶﾓ
0167,ｻﾝｲﾝｺﾞｳﾄﾞｳ,106,ｵｵﾂ
0167,ｻﾝｲﾝｺﾞｳﾄﾞｳ,107,ｻｲﾊｸ
0167,ｻﾝｲﾝｺﾞｳﾄﾞｳ,108,ｺﾔﾏ
0167,ｻﾝｲﾝｺﾞｳﾄﾞｳ,109,ｻｶｲﾐﾅﾄ
0167,ｻﾝｲﾝｺﾞｳﾄﾞｳ,110,ｱﾏ
0167,ｻﾝｲﾝｺﾞｳﾄﾞｳ,112,ｺｳﾌ
0167,ｻﾝｲﾝｺﾞｳﾄﾞｳ,113,ﾀｶﾂ
0167,ｻﾝｲﾝｺﾞｳﾄﾞｳ,115,ｲﾂﾞﾓﾆｼ
0167,ｻﾝｲﾝｺﾞｳﾄﾞｳ,116,ﾉｷﾞ
0167,ｻﾝｲﾝｺﾞｳﾄﾞｳ,117,ｻｸﾗﾀﾞﾆ
0167,ｻﾝｲﾝｺﾞｳﾄﾞｳ,118,ﾊﾜｲ
0167,ｻﾝｲﾝｺﾞｳﾄﾞｳ,119,ｵﾄﾖｼ
0167,ｻﾝｲﾝｺﾞｳﾄﾞｳ,122,ｸﾆﾋﾞｷ
0167,ｻﾝｲﾝｺﾞｳﾄﾞｳ,125,ﾀﾞｲｾﾝ
0167,ｻﾝｲﾝｺﾞｳﾄﾞｳ,126,ﾌｸｲｹ
0167,ｻﾝｲﾝｺﾞｳﾄﾞｳ,128,ﾁﾖﾐ
0167,ｻﾝｲﾝｺﾞｳﾄﾞｳ,129,ｷﾀｶﾝﾀﾞﾁ
0167,ｻﾝｲﾝｺﾞｳﾄﾞｳ,130,ｷﾞｵﾝｼﾝﾄﾞｳ
0167,ｻﾝｲﾝｺﾞｳﾄﾞｳ,132,ｲﾂｶｲﾁ
0167,ｻﾝｲﾝｺﾞｳﾄﾞｳ,133,ﾎｳｼﾞﾖｳ
0167,ｻﾝｲﾝｺﾞｳﾄﾞｳ,134,ﾁｲﾐﾔ
0167,ｻﾝｲﾝｺﾞｳﾄﾞｳ,136,ﾖｼﾅﾘ
0167,ｻﾝｲﾝｺﾞｳﾄﾞｳ,139,ｱﾏｶﾞｻｷ
0167,ｻﾝｲﾝｺﾞｳﾄﾞｳ,140,ﾊﾝｼﾝｷﾀ
0167,ｻﾝｲﾝｺﾞｳﾄﾞｳ,141,ﾆｼﾉﾐﾔ
0167,ｻﾝｲﾝｺﾞｳﾄﾞｳ,142,ｷﾀﾊﾘﾏ
0167,ｻﾝｲﾝｺﾞｳﾄﾞｳ,143,ｺｳﾍﾞﾆｼ
0167,ｻﾝｲﾝｺﾞｳﾄﾞｳ,216,ﾏﾂｴｼﾔｸｼﾖ
0167,ｻﾝｲﾝｺﾞｳﾄﾞｳ,218,ｳﾁﾊﾏ
0167,ｻﾝｲﾝｺﾞｳﾄﾞｳ,220,ｸﾗﾖｼｼﾔｸｼﾖ
0167,ｻﾝｲﾝｺﾞｳﾄﾞｳ,222,ﾌｸﾊﾞﾗ
0167,ｻﾝｲﾝｺﾞｳﾄﾞｳ,223,ｼﾔﾆﾁ
0167,ｻﾝｲﾝｺﾞｳﾄﾞｳ,224,ﾖﾅｺﾞﾁﾕｳｵｳ
0167,ｻﾝｲﾝｺﾞｳﾄﾞｳ,225,ﾎﾂｷ
0167,ｻﾝｲﾝｺﾞｳﾄﾞｳ,250,ｻﾀﾞ
0167,ｻﾝｲﾝｺﾞｳﾄﾞｳ,251,ﾊﾂﾄｳ
0167,ｻﾝｲﾝｺﾞｳﾄﾞｳ,252,ﾎﾝｼﾞﾖｳ
0167,ｻﾝｲﾝｺﾞｳﾄﾞｳ,253,ﾔﾂｶ
0167,ｻﾝｲﾝｺﾞｳﾄﾞｳ,254,ｱｻﾘ
0167,ｻﾝｲﾝｺﾞｳﾄﾞｳ,258,ｱﾗｼﾏ
0167,ｻﾝｲﾝｺﾞｳﾄﾞｳ,261,ｵｵﾓﾘ
0167,ｻﾝｲﾝｺﾞｳﾄﾞｳ,269,ｵｶﾐ
0167,ｻﾝｲﾝｺﾞｳﾄﾞｳ,273,ｱｲﾐ
0167,ｻﾝｲﾝｺﾞｳﾄﾞｳ,275,ｺｸﾌ
0167,ｻﾝｲﾝｺﾞｳﾄﾞｳ,276,ｶﾅｷﾞ
0167,ｻﾝｲﾝｺﾞｳﾄﾞｳ,277,ｶｸｼ
0167,ｻﾝｲﾝｺﾞｳﾄﾞｳ,279,ﾀｶﾏﾂ
0167,ｻﾝｲﾝｺﾞｳﾄﾞｳ,280,ﾁｸﾔ
0167,ｻﾝｲﾝｺﾞｳﾄﾞｳ,281,ﾔｸﾓ
0167,ｻﾝｲﾝｺﾞｳﾄﾞｳ,301,ﾂﾔﾏ
0167,ｻﾝｲﾝｺﾞｳﾄﾞｳ,305,ﾆｲﾐ
0167,ｻﾝｲﾝｺﾞｳﾄﾞｳ,308,ｸﾗｼｷ
0167,ｻﾝｲﾝｺﾞｳﾄﾞｳ,309,ｺｼﾞﾏ
0167,ｻﾝｲﾝｺﾞｳﾄﾞｳ,314,ﾄﾖｵｶ
0167,ｻﾝｲﾝｺﾞｳﾄﾞｳ,316,ﾋﾒｼﾞ
0167,ｻﾝｲﾝｺﾞｳﾄﾞｳ,317,ｶｺｶﾞﾜ
0167,ｻﾝｲﾝｺﾞｳﾄﾞｳ,318,ｱｶｼ
0167,ｻﾝｲﾝｺﾞｳﾄﾞｳ,319,ｺｳﾍﾞ
0167,ｻﾝｲﾝｺﾞｳﾄﾞｳ,339,ｶﾐｺﾞﾄｳ
0167,ｻﾝｲﾝｺﾞｳﾄﾞｳ,390,ﾀﾞｲﾚｸﾄ
0167,ｻﾝｲﾝｺﾞｳﾄﾞｳ,410,ﾛ-ｿﾝﾃﾝ
0167,ｻﾝｲﾝｺﾞｳﾄﾞｳ,411,ｲ-ﾈﾂﾄﾃﾝ
0167,ｻﾝｲﾝｺﾞｳﾄﾞｳ,500,DANDANｱｸｱ
0167,ｻﾝｲﾝｺﾞｳﾄﾞｳ,501,DANDANﾛ-ｽﾞ
0167,ｻﾝｲﾝｺﾞｳﾄﾞｳ,502,DANDANﾐﾝﾄ
0167,ｻﾝｲﾝｺﾞｳﾄﾞｳ,503,DANDANﾊﾟ-ﾙ
0167,ｻﾝｲﾝｺﾞｳﾄﾞｳ,504,DANDANｾﾋﾟｱ
0167,ｻﾝｲﾝｺﾞｳﾄﾞｳ,505,DANDANｵ-ﾛﾗ
0168,ﾁﾕｳｺﾞｸ,101,ﾎﾝﾃﾝ
0168,ﾁﾕｳｺﾞｸ,102,ﾎｳｶﾝﾁﾖｳ
0168,ﾁﾕｳｺﾞｸ,103,ﾄﾝﾀﾞﾁﾖｳ
0168,ﾁﾕｳｺﾞｸ,104,ﾎｳｶｲｲﾝ
0168,ﾁﾕｳｺﾞｸ,105,ｵｶﾔﾏｴｷﾏｴ
0168,ﾁﾕｳｺﾞｸ,106,ﾋｶﾞｼｵｶﾔﾏ
0168,ﾁﾕｳｺﾞｸ,107,ｹﾝﾁﾖｳ
0168,ﾁﾕｳｺﾞｸ,108,ｺﾊﾞｼ
0168,ﾁﾕｳｺﾞｸ,110,ｾｲｷﾊﾞｼ
0168,ﾁﾕｳｺﾞｸ,111,ｵｶﾔﾏﾐﾅﾐ
0168,ﾁﾕｳｺﾞｸ,112,ﾀﾞｲｸ
0168,ﾁﾕｳｺﾞｸ,113,ｵｵﾓﾄ
0168,ﾁﾕｳｺﾞｸ,115,ｵｶﾔﾏﾆｼ
0168,ﾁﾕｳｺﾞｸ,116,ｵｶﾔﾏｼﾔｸｼﾖ
0168,ﾁﾕｳｺﾞｸ,117,ｺｳﾅﾝ
0168,ﾁﾕｳｺﾞｸ,118,ﾊﾗｵｼﾏ
0168,ﾁﾕｳｺﾞｸ,119,ﾋﾗｲ
0168,ﾁﾕｳｺﾞｸ,121,ﾏﾙﾔﾏ
0168,ﾁﾕｳｺﾞｸ,123,ﾂｼﾏ
0168,ﾁﾕｳｺﾞｸ,125,ｼﾐｽﾞ
0168,ﾁﾕｳｺﾞｸ,127,ﾂﾀﾞｶ
0168,ﾁﾕｳｺﾞｸ,130,ﾋｶﾞｼﾌﾙﾏﾂ
0168,ﾁﾕｳｺﾞｸ,131,ｻｲﾀﾞｲｼﾞ
0168,ﾁﾕｳｺﾞｸ,132,ｶﾝｻﾞｷ
0168,ﾁﾕｳｺﾞｸ,133,ｾﾄ
0168,ﾁﾕｳｺﾞｸ,134,ﾜｹ
0168,ﾁﾕｳｺﾞｸ,135,ﾐﾂｲｼ
0168,ﾁﾕｳｺﾞｸ,136,ｵｸ
0168,ﾁﾕｳｺﾞｸ,137,ｳｼﾏﾄﾞ
0168,ﾁﾕｳｺﾞｸ,138,ｶﾀｶﾐ
0168,ﾁﾕｳｺﾞｸ,139,ﾋﾅｾ
0168,ﾁﾕｳｺﾞｸ,140,ｱｶｻｶ
0168,ﾁﾕｳｺﾞｸ,141,ｽｻｲ
0168,ﾁﾕｳｺﾞｸ,143,ﾏﾂｻﾞｷ
0168,ﾁﾕｳｺﾞｸ,144,ﾋﾗｼﾞﾏ
0168,ﾁﾕｳｺﾞｸ,145,ｱｶｲﾜ
0168,ﾁﾕｳｺﾞｸ,146,ﾌｸﾊﾏ
0168,ﾁﾕｳｺﾞｸ,147,ﾀｶﾔﾅｷﾞ
0168,ﾁﾕｳｺﾞｸ,149,ｵｻﾌﾈ
0168,ﾁﾕｳｺﾞｸ,151,ｺｼﾞﾏ
0168,ﾁﾕｳｺﾞｸ,153,ﾀﾉｸﾁ
0168,ﾁﾕｳｺﾞｸ,154,ｼﾓﾂｲ
0168,ﾁﾕｳｺﾞｸ,155,ﾌｼﾞﾄ
0168,ﾁﾕｳｺﾞｸ,156,ｳﾉ
0168,ﾁﾕｳｺﾞｸ,157,ﾀﾏ
0168,ﾁﾕｳｺﾞｸ,158,ﾊﾁﾊﾏ
0168,ﾁﾕｳｺﾞｸ,159,ﾅﾀﾞｻｷ
0168,ﾁﾕｳｺﾞｸ,161,ﾋｺｻﾞｷ
0168,ﾁﾕｳｺﾞｸ,162,ﾁﾔﾔﾏﾁ
0168,ﾁﾕｳｺﾞｸ,163,ﾊﾔｼﾏ
0168,ﾁﾕｳｺﾞｸ,164,ｾﾉｵ
0168,ﾁﾕｳｺﾞｸ,167,ｵｶﾔﾏﾘﾕｳﾂｳｾﾝﾀ-
0168,ﾁﾕｳｺﾞｸ,168,ﾀｲ
0168,ﾁﾕｳｺﾞｸ,181,ｸﾗｼｷ
0168,ﾁﾕｳｺﾞｸ,182,ｸﾗｼｷｴｷﾏｴ
0168,ﾁﾕｳｺﾞｸ,183,ﾐｽﾞｼﾏﾋｶﾞｼ
0168,ﾁﾕｳｺﾞｸ,184,ﾐｽﾞｼﾏ
0168,ﾁﾕｳｺﾞｸ,185,ﾂﾗｼﾞﾏ
0168,ﾁﾕｳｺﾞｸ,186,ﾆｼｱﾁ
0168,ﾁﾕｳｺﾞｸ,187,ﾆﾜｾ
0168,ﾁﾕｳｺﾞｸ,188,ｲﾁﾉﾐﾔ
0168,ﾁﾕｳｺﾞｸ,189,ｲﾅﾘ
0168,ﾁﾕｳｺﾞｸ,190,ｱｼﾓﾘ
0168,ﾁﾕｳｺﾞｸ,191,ｿｳｼﾞﾔ
0168,ﾁﾕｳｺﾞｸ,192,ﾏﾋﾞ
0168,ﾁﾕｳｺﾞｸ,195,ﾀｶﾊｼ
0168,ﾁﾕｳｺﾞｸ,196,ﾅﾘﾜ
0168,ﾁﾕｳｺﾞｸ,197,ﾆｲﾐ
0168,ﾁﾕｳｺﾞｸ,198,ｸﾗｼｷｼﾔｸｼﾖ
0168,ﾁﾕｳｺﾞｸ,199,ｶﾜｻｷｶﾞｸｴﾝ
0168,ﾁﾕｳｺﾞｸ,200,ｸﾗｼｷｷﾀ
0168,ﾁﾕｳｺﾞｸ,201,ｻｻｵｷ
0168,ﾁﾕｳｺﾞｸ,202,ｷﾋﾞｺｳｹﾞﾝﾄｼ
0168,ﾁﾕｳｺﾞｸ,205,ｿｳｼﾞﾔﾋｶﾞｼ
0168,ﾁﾕｳｺﾞｸ,206,ｸﾗｼｷﾊﾁｵｳｼﾞ
0168,ﾁﾕｳｺﾞｸ,207,ﾅｶｼﾖｳ
0168,ﾁﾕｳｺﾞｸ,211,ｶｻｵｶ
0168,ﾁﾕｳｺﾞｸ,212,ｶｻｵｶｴｷﾏｴ
0168,ﾁﾕｳｺﾞｸ,213,ﾖﾘｼﾏ
0168,ﾁﾕｳｺﾞｸ,214,ｶﾓｶﾞﾀ
0168,ﾁﾕｳｺﾞｸ,215,ｺﾝｺｳ
0168,ﾁﾕｳｺﾞｸ,216,ﾀﾏｼﾏ
0168,ﾁﾕｳｺﾞｸ,217,ﾀﾏｼﾏｷﾀ
0168,ﾁﾕｳｺﾞｸ,218,ﾔｶｹﾞ
0168,ﾁﾕｳｺﾞｸ,219,ｵﾀﾞ
0168,ﾁﾕｳｺﾞｸ,220,ｲﾊﾞﾗ
0168,ﾁﾕｳｺﾞｸ,222,ﾀｶﾔ
0168,ﾁﾕｳｺﾞｸ,223,ﾖｼｲ
0168,ﾁﾕｳｺﾞｸ,225,ｻﾄｼﾖｳ
0168,ﾁﾕｳｺﾞｸ,251,ﾂﾔﾏ
0168,ﾁﾕｳｺﾞｸ,252,ﾂﾔﾏﾋｶﾞｼ
0168,ﾁﾕｳｺﾞｸ,253,ｶﾓ
0168,ﾁﾕｳｺﾞｸ,254,ｸﾒ
0168,ﾁﾕｳｺﾞｸ,256,ﾌｸﾜﾀﾘ
0168,ﾁﾕｳｺﾞｸ,257,ｶﾅｶﾞﾜ
0168,ﾁﾕｳｺﾞｸ,258,ｶﾂﾏﾀﾞ
0168,ﾁﾕｳｺﾞｸ,259,ﾊﾔｼﾉ
0168,ﾁﾕｳｺﾞｸ,260,ｴﾐ
0168,ﾁﾕｳｺﾞｸ,261,ﾆﾎﾝﾊﾞﾗ
0168,ﾁﾕｳｺﾞｸ,262,ｵｵﾊﾗ
0168,ﾁﾕｳｺﾞｸ,263,ｵﾁｱｲ
0168,ﾁﾕｳｺﾞｸ,264,ﾎｸﾎﾞｳ
0168,ﾁﾕｳｺﾞｸ,265,ｸｾ
0168,ﾁﾕｳｺﾞｸ,266,ｶﾂﾔﾏ
0168,ﾁﾕｳｺﾞｸ,267,ﾕﾊﾞﾗ
0168,ﾁﾕｳｺﾞｸ,268,ﾂﾔﾏｼﾔｸｼﾖ
0168,ﾁﾕｳｺﾞｸ,269,ｲﾝﾉｼﾖｳ
0168,ﾁﾕｳｺﾞｸ,270,ﾂﾔﾏｷﾀ
0168,ﾁﾕｳｺﾞｸ,301,ﾌｸﾔﾏ
0168,ﾁﾕｳｺﾞｸ,302,ﾌｸﾔﾏｴﾋﾞｽﾏﾁ
0168,ﾁﾕｳｺﾞｸ,304,ﾄﾓ
0168,ﾁﾕｳｺﾞｸ,305,ﾏﾂﾅｶﾞ
0168,ﾁﾕｳｺﾞｸ,306,ﾌｸﾔﾏｶｽｶﾞ
0168,ﾁﾕｳｺﾞｸ,307,ﾁﾄｾ
0168,ﾁﾕｳｺﾞｸ,309,ｵﾉﾐﾁ
0168,ﾁﾕｳｺﾞｸ,310,ｵﾉﾐﾁｴｷﾏｴ
0168,ﾁﾕｳｺﾞｸ,311,ﾐﾊﾗ
0168,ﾁﾕｳｺﾞｸ,312,ｲﾄｻﾞｷ
0168,ﾁﾕｳｺﾞｸ,313,ﾀｹﾊﾗ
0168,ﾁﾕｳｺﾞｸ,314,ｸﾚ
0168,ﾁﾕｳｺﾞｸ,315,ｶﾝﾅﾍﾞ
0168,ﾁﾕｳｺﾞｸ,316,ｴｷﾔ
0168,ﾁﾕｳｺﾞｸ,317,ｼﾝｲﾁ
0168,ﾁﾕｳｺﾞｸ,318,ﾌﾁﾕｳ
0168,ﾁﾕｳｺﾞｸ,319,ﾐﾖｼ
0168,ﾁﾕｳｺﾞｸ,320,ﾄｳｼﾞﾖｳ
0168,ﾁﾕｳｺﾞｸ,321,ﾌｸﾔﾏﾋｶﾞｼ
0168,ﾁﾕｳｺﾞｸ,322,ﾋﾛｼﾏﾆｼ
0168,ﾁﾕｳｺﾞｸ,323,ﾌｸﾔﾏﾐﾅﾐ
0168,ﾁﾕｳｺﾞｸ,324,ﾐﾊﾗﾆｼ
0168,ﾁﾕｳｺﾞｸ,328,ﾌｸﾔﾏﾆｼ
0168,ﾁﾕｳｺﾞｸ,330,ﾋｶﾞｼｵﾉﾐﾁ
0168,ﾁﾕｳｺﾞｸ,351,ﾋﾛｼﾏ
0168,ﾁﾕｳｺﾞｸ,352,ﾋﾛｼﾏﾋｶﾞｼ
0168,ﾁﾕｳｺﾞｸ,353,ｻｲｼﾞﾖｳ
0168,ﾁﾕｳｺﾞｸ,401,ｶﾜﾉｴ
0168,ﾁﾕｳｺﾞｸ,501,ﾀｶﾏﾂ
0168,ﾁﾕｳｺﾞｸ,502,ﾀｶﾏﾂﾐﾅﾐ
0168,ﾁﾕｳｺﾞｸ,503,ﾀｶﾏﾂﾋｶﾞｼ
0168,ﾁﾕｳｺﾞｸ,504,ｼﾄﾞ
0168,ﾁﾕｳｺﾞｸ,505,ﾂﾀﾞ
0168,ﾁﾕｳｺﾞｸ,506,ｻﾝﾎﾞﾝﾏﾂ
0168,ﾁﾕｳｺﾞｸ,508,ﾅｶﾞｵ
0168,ﾁﾕｳｺﾞｸ,509,ｶﾜﾋｶﾞｼ
0168,ﾁﾕｳｺﾞｸ,510,ｻｶｲﾃﾞ
0168,ﾁﾕｳｺﾞｸ,511,ﾏﾙｶﾞﾒ
0168,ﾁﾕｳｺﾞｸ,512,ﾀﾄﾞﾂ
0168,ﾁﾕｳｺﾞｸ,513,ｾﾞﾝﾂｳｼﾞ
0168,ﾁﾕｳｺﾞｸ,514,ｺﾄﾋﾗ
0168,ﾁﾕｳｺﾞｸ,515,ﾀｸﾏ
0168,ﾁﾕｳｺﾞｸ,516,ｶﾝｵﾝｼﾞ
0168,ﾁﾕｳｺﾞｸ,521,ｺｸﾌﾞﾝｼﾞ
0168,ﾁﾕｳｺﾞｸ,551,ﾖﾅｺﾞ
0168,ﾁﾕｳｺﾞｸ,555,ﾌﾘｺﾐ
0168,ﾁﾕｳｺﾞｸ,601,ｺｳﾍﾞ
0168,ﾁﾕｳｺﾞｸ,602,ﾋﾒｼﾞ
0168,ﾁﾕｳｺﾞｸ,603,ｱｺｳ
0168,ﾁﾕｳｺﾞｸ,604,ｶｺｶﾞﾜ
0168,ﾁﾕｳｺﾞｸ,605,ｱｶｼ
0168,ﾁﾕｳｺﾞｸ,606,ﾆｼﾉﾐﾔ
0168,ﾁﾕｳｺﾞｸ,666,ｴｽｴﾌｾﾝﾀ-
0168,ﾁﾕｳｺﾞｸ,701,ｵｵｻｶ
0168,ﾁﾕｳｺﾞｸ,777,ﾊﾚﾉｸﾆ
0168,ﾁﾕｳｺﾞｸ,801,ﾄｳｷﾖｳ
0169,ﾋﾛｼﾏ,001,ﾎﾝﾃﾝ
0169,ﾋﾛｼﾏ,002,ｶﾅﾔﾏﾁﾖｳ
0169,ﾋﾛｼﾏ,003,ﾋﾛｼﾏｴｷﾏｴ
0169,ﾋﾛｼﾏ,004,ﾑｶｲﾅﾀﾞ
0169,ﾋﾛｼﾏ,005,ﾆﾎ
0169,ﾋﾛｼﾏ,006,ｳｼﾞﾅ
0169,ﾋﾛｼﾏ,007,ｵｵｺｳ
0169,ﾋﾛｼﾏ,008,ｹﾝﾁﾖｳ
0169,ﾋﾛｼﾏ,009,ﾐﾅﾐﾏﾁ
0169,ﾋﾛｼﾏ,010,ｵｵﾃﾏﾁ
0169,ﾋﾛｼﾏ,012,ﾌﾅｲﾘ
0169,ﾋﾛｼﾏ,013,ﾎﾝｶﾜ
0169,ﾋﾛｼﾏ,014,ﾖｺｶﾞﾜ
0169,ﾋﾛｼﾏ,015,ｺｲ
0169,ﾋﾛｼﾏ,018,ﾐｶﾜﾁﾖｳ
0169,ﾋﾛｼﾏ,019,ｵｵｽﾞ
0169,ﾋﾛｼﾏ,020,ﾊﾂﾁﾖｳﾎﾞﾘ
0169,ﾋﾛｼﾏ,021,ｴﾊﾞ
0169,ﾋﾛｼﾏ,022,ｶﾝﾉﾝ
0169,ﾋﾛｼﾏ,023,ﾖｼｼﾞﾏ
0169,ﾋﾛｼﾏ,024,ﾊｸｼﾏ
0169,ﾋﾛｼﾏ,025,ｱｷﾌﾁﾕｳ
0169,ﾋﾛｼﾏ,026,ｱｹﾎﾞﾉ
0169,ﾋﾛｼﾏ,027,ﾀﾞﾝﾊﾞﾗ
0169,ﾋﾛｼﾏ,030,ｺｳｺﾞ
0169,ﾋﾛｼﾏ,031,ﾋﾛｼﾏﾋｶﾞｼ
0169,ﾋﾛｼﾏ,033,ｲﾂｶｲﾁ
0169,ﾋﾛｼﾏ,034,ﾊﾂｶｲﾁ
0169,ﾋﾛｼﾏ,036,ｵｵﾀｹ
0169,ﾋﾛｼﾏ,037,ｲﾂｶｲﾁﾁﾕｳｵｳ
0169,ﾋﾛｼﾏ,038,ｺｳﾖｳ
0169,ﾋﾛｼﾏ,039,ﾔｽ
0169,ﾋﾛｼﾏ,040,ｷﾞｵﾝ
0169,ﾋﾛｼﾏ,041,ﾌﾙｲﾁ
0169,ﾋﾛｼﾏ,042,ｶﾍﾞ
0169,ﾋﾛｼﾏ,043,ｶｹ
0169,ﾋﾛｼﾏ,045,ﾁﾖﾀﾞ
0169,ﾋﾛｼﾏ,046,ﾍｻｶ
0169,ﾋﾛｼﾏ,047,ﾋﾛｼﾏﾆｼ
0169,ﾋﾛｼﾏ,048,ﾋﾛｼﾏｼﾔｸｼﾖ
0169,ﾋﾛｼﾏ,049,ﾐｽｽﾞｶﾞｵｶ
0169,ﾋﾛｼﾏ,050,ｶｲﾀ
0169,ﾋﾛｼﾏ,051,ｻｲｼﾞﾖｳ
0169,ﾋﾛｼﾏ,052,ｺｳﾁ
0169,ﾋﾛｼﾏ,053,ﾔﾉ
0169,ﾋﾛｼﾏ,054,ｸﾏﾉ
0169,ﾋﾛｼﾏ,055,ﾔﾏﾓﾄ
0169,ﾋﾛｼﾏ,056,ﾐﾔｼﾞﾏｸﾞﾁ
0169,ﾋﾛｼﾏ,058,ﾊﾂｶｲﾁﾆﾕ-ﾀｳﾝ
0169,ﾋﾛｼﾏ,059,ｸﾚｼﾔｸｼﾖ
0169,ﾋﾛｼﾏ,060,ｴﾀｼﾞﾏ
0169,ﾋﾛｼﾏ,061,ｵｵｶﾞｷ
0169,ﾋﾛｼﾏ,062,ｵﾝﾄﾞ
0169,ﾋﾛｼﾏ,063,ｸﾛｾ
0169,ﾋﾛｼﾏ,064,ｸﾚ
0169,ﾋﾛｼﾏ,066,ｶﾜﾗｲｼ
0169,ﾋﾛｼﾏ,068,ｸﾚﾋｶﾞｼ
0169,ﾋﾛｼﾏ,070,ﾋﾛ
0169,ﾋﾛｼﾏ,072,ｶﾜｼﾞﾘ
0169,ﾋﾛｼﾏ,073,ﾔｹﾔﾏ
0169,ﾋﾛｼﾏ,074,ﾐﾔｳﾁ
0169,ﾋﾛｼﾏ,075,ｲﾂｶｲﾁﾔﾊﾀ
0169,ﾋﾛｼﾏ,076,ﾀｶﾔ
0169,ﾋﾛｼﾏ,077,ﾇﾏﾀ
0169,ﾋﾛｼﾏ,078,ｾｲﾌｳｼﾝﾄ
0169,ﾋﾛｼﾏ,080,ｱｷﾂ
0169,ﾋﾛｼﾏ,081,ﾀｹﾊﾗ
0169,ﾋﾛｼﾏ,083,ｷﾉｴ
0169,ﾋﾛｼﾏ,085,ｾﾄﾀﾞ
0169,ﾋﾛｼﾏ,087,ﾍｲﾜｵｵﾄﾞｵﾘ
0169,ﾋﾛｼﾏ,088,ｶｲﾀﾋｶﾞｼ
0169,ﾋﾛｼﾏ,090,ﾎﾝｺﾞｳ
0169,ﾋﾛｼﾏ,091,ﾐﾊﾗ
0169,ﾋﾛｼﾏ,094,ｵﾉﾐﾁ
0169,ﾋﾛｼﾏ,096,ｵﾉﾐﾁｴｷﾏｴ
0169,ﾋﾛｼﾏ,097,ﾑｶｲｼﾏ
0169,ﾋﾛｼﾏ,098,ﾐﾂｷ
0169,ﾋﾛｼﾏ,099,ｲﾝﾉｼﾏ
0169,ﾋﾛｼﾏ,100,ｵﾉﾐﾁｸﾘﾊﾗ
0169,ﾋﾛｼﾏ,101,ﾏﾂﾅｶﾞ
0169,ﾋﾛｼﾏ,102,ﾋｶﾞｼｵﾉﾐﾁ
0169,ﾋﾛｼﾏ,103,ﾌｸﾔﾏﾉｶﾞﾐ
0169,ﾋﾛｼﾏ,104,ﾌｸﾔﾏｻﾞｵｳ
0169,ﾋﾛｼﾏ,105,ﾌｸﾔﾏ
0169,ﾋﾛｼﾏ,106,ﾌｸﾔﾏｶｽｶﾞ
0169,ﾋﾛｼﾏ,107,ﾌｸﾔﾏﾐﾅﾐ
0169,ﾋﾛｼﾏ,108,ﾌｸﾔﾏﾃｼﾛ
0169,ﾋﾛｼﾏ,110,ﾁﾄｾ
0169,ﾋﾛｼﾏ,111,ﾄﾓ
0169,ﾋﾛｼﾏ,113,ﾌｸﾔﾏﾆｼ
0169,ﾋﾛｼﾏ,114,ﾌｸﾔﾏｴﾋﾞｽﾏﾁ
0169,ﾋﾛｼﾏ,115,ｶﾝﾅﾍﾞ
0169,ﾋﾛｼﾏ,116,ｼﾝｲﾁ
0169,ﾋﾛｼﾏ,117,ﾌﾁﾕｳ
0169,ﾋﾛｼﾏ,118,ﾕｷ
0169,ﾋﾛｼﾏ,120,ｴｷﾔ
0169,ﾋﾛｼﾏ,121,ｳｼﾀ
0169,ﾋﾛｼﾏ,122,ﾊﾁﾎﾝﾏﾂ
0169,ﾋﾛｼﾏ,123,ｼﾉﾉﾒ
0169,ﾋﾛｼﾏ,124,ﾋﾛｼﾏｴｷｷﾀｸﾞﾁ
0169,ﾋﾛｼﾏ,127,ｲﾉｸﾁﾀﾞｲ
0169,ﾋﾛｼﾏ,130,ｺｳｻﾞﾝ
0169,ﾋﾛｼﾏ,131,ｼﾞﾖｳｹﾞ
0169,ﾋﾛｼﾏ,132,ｷｻ
0169,ﾋﾛｼﾏ,135,ﾄｳｶｲﾁ
0169,ﾋﾛｼﾏ,136,ｼﾖｳﾊﾞﾗ
0169,ﾋﾛｼﾏ,138,ﾄｳｼﾞﾖｳ
0169,ﾋﾛｼﾏ,139,ｺｳﾀﾞ
0169,ﾋﾛｼﾏ,140,ﾖｼﾀﾞ
0169,ﾋﾛｼﾏ,141,ﾑｶｲﾊﾗ
0169,ﾋﾛｼﾏ,145,ﾏﾂｴ
0169,ﾋﾛｼﾏ,149,ﾂﾔﾏ
0169,ﾋﾛｼﾏ,151,ｲﾊﾞﾗ
0169,ﾋﾛｼﾏ,154,ｸﾗｼｷ
0169,ﾋﾛｼﾏ,155,ｵｶﾔﾏ
0169,ﾋﾛｼﾏ,156,ｺｼﾞﾏ
0169,ﾋﾛｼﾏ,157,ﾀﾏｼﾏ
0169,ﾋﾛｼﾏ,158,ﾐｽﾞｼﾏ
0169,ﾋﾛｼﾏ,159,ｵｶﾔﾏﾐﾅﾐ
0169,ﾋﾛｼﾏ,160,ﾆｼｲﾜｸﾆ
0169,ﾋﾛｼﾏ,161,ｲﾜｸﾆ
0169,ﾋﾛｼﾏ,162,ﾔﾅｲ
0169,ﾋﾛｼﾏ,163,ｸﾀﾞﾏﾂ
0169,ﾋﾛｼﾏ,164,ﾎｳﾌ
0169,ﾋﾛｼﾏ,165,ｳﾍﾞ
0169,ﾋﾛｼﾏ,166,ﾄｸﾔﾏ
0169,ﾋﾛｼﾏ,170,ﾏﾂﾔﾏ
0169,ﾋﾛｼﾏ,180,ｲﾏﾊﾞﾘ
0169,ﾋﾛｼﾏ,182,ｲﾖｻｲｼﾞﾖｳ
0169,ﾋﾛｼﾏ,183,ﾆｲﾊﾏ
0169,ﾋﾛｼﾏ,185,ﾐｼﾏ
0169,ﾋﾛｼﾏ,188,ｶﾜﾉｴ
0169,ﾋﾛｼﾏ,189,ﾌｸｵｶ
0169,ﾋﾛｼﾏ,190,ｷﾀｷﾕｳｼﾕｳ
0169,ﾋﾛｼﾏ,191,ｺｳﾍﾞ
0169,ﾋﾛｼﾏ,192,ﾋﾒｼﾞ
0169,ﾋﾛｼﾏ,194,ｵｵｻｶ
0169,ﾋﾛｼﾏ,196,ﾅｺﾞﾔ
0169,ﾋﾛｼﾏ,198,ﾄｳｷﾖｳ
0169,ﾋﾛｼﾏ,200,ﾇｸｼﾅ
0169,ﾋﾛｼﾏ,201,ﾐﾄﾞﾘｲ
0169,ﾋﾛｼﾏ,202,ｺｳﾖｳﾐﾅﾐ
0169,ﾋﾛｼﾏ,203,ﾌｸﾀﾞ
0169,ﾋﾛｼﾏ,205,ｲﾂｶｲﾁｴｷﾏｴ
0169,ﾋﾛｼﾏ,206,ﾅｶｽｼﾞ
0169,ﾋﾛｼﾏ,207,ｻｲｼﾞﾖｳﾐﾅﾐ
0169,ﾋﾛｼﾏ,250,ｵｶﾔﾏﾆｼ
0169,ﾋﾛｼﾏ,251,ﾐﾊﾗﾆｼ
0169,ﾋﾛｼﾏ,262,ﾌｸﾔﾏｾﾄ
0169,ﾋﾛｼﾏ,263,ﾏﾂﾅｶﾞﾐﾅﾐ
0169,ﾋﾛｼﾏ,271,ﾌｸﾔﾏｷﾀ
0169,ﾋﾛｼﾏ,281,ｶｻｵｶﾁﾕｳｵｳ
0169,ﾋﾛｼﾏ,291,ﾋﾛｷﾞﾝｶ-ﾌﾟ
0169,ﾋﾛｼﾏ,862,ﾌﾘｺﾐﾀﾞｲｲﾁ
0170,ﾔﾏｸﾞﾁ,001,ﾎﾝﾃﾝ
0170,ﾔﾏｸﾞﾁ,002,ﾋｺｼﾏ
0170,ﾔﾏｸﾞﾁ,004,ｲﾏｳﾗ
0170,ﾔﾏｸﾞﾁ,006,ｶﾗﾄ
0170,ﾔﾏｸﾞﾁ,007,ｼﾝﾏﾁ
0170,ﾔﾏｸﾞﾁ,008,ﾁﾖｳﾌ
0170,ﾔﾏｸﾞﾁ,009,ｵﾂﾞｷ
0170,ﾔﾏｸﾞﾁ,010,ﾔｽｵｶ
0170,ﾔﾏｸﾞﾁ,011,ﾖｼﾐ
0170,ﾔﾏｸﾞﾁ,012,ﾄﾖｳﾗ
0170,ﾔﾏｸﾞﾁ,013,ﾀｷﾍﾞ
0170,ﾔﾏｸﾞﾁ,015,ﾆｼｲﾁ
0170,ﾔﾏｸﾞﾁ,016,ﾀﾍﾞ
0170,ﾔﾏｸﾞﾁ,017,ｱｻ
0170,ﾔﾏｸﾞﾁ,018,ﾊﾌﾞ
0170,ﾔﾏｸﾞﾁ,019,ﾐﾈ
0170,ﾔﾏｸﾞﾁ,021,ｱｷﾖｼ
0170,ﾔﾏｸﾞﾁ,022,ﾌﾅｷ
0170,ﾔﾏｸﾞﾁ,024,ｵﾉﾀﾞ
0170,ﾔﾏｸﾞﾁ,026,ｵﾉﾀﾞｴｷﾏｴ
0170,ﾔﾏｸﾞﾁ,028,ﾆｼﾉﾊﾏ
0170,ﾔﾏｸﾞﾁ,029,ｳﾍﾞ
0170,ﾔﾏｸﾞﾁ,030,ﾆｼｳﾍﾞ
0170,ﾔﾏｸﾞﾁ,031,ﾌｼﾞﾔﾏ
0170,ﾔﾏｸﾞﾁ,032,ﾆｼｼﾝｶﾜ
0170,ﾔﾏｸﾞﾁ,033,ﾋｶﾞｼｼﾝｶﾜ
0170,ﾔﾏｸﾞﾁ,035,ﾄｺﾅﾐ
0170,ﾔﾏｸﾞﾁ,036,ｶﾐｳﾍﾞ
0170,ﾔﾏｸﾞﾁ,037,ｵｺﾞｵﾘ
0170,ﾔﾏｸﾞﾁ,039,ｱｲｵ
0170,ﾔﾏｸﾞﾁ,040,ｵｵﾀﾞ
0170,ﾔﾏｸﾞﾁ,041,ｱｼﾞｽ
0170,ﾔﾏｸﾞﾁ,042,ｶｶﾞﾜ
0170,ﾔﾏｸﾞﾁ,043,ﾔﾏｸﾞﾁ
0170,ﾔﾏｸﾞﾁ,044,ｹﾝﾁﾖｳﾅｲ
0170,ﾔﾏｸﾞﾁ,046,ｺﾒﾔﾁﾖｳ
0170,ﾔﾏｸﾞﾁ,047,ﾆｼﾓﾝｾﾞﾝ
0170,ﾔﾏｸﾞﾁ,048,ﾕﾀﾞ
0170,ﾔﾏｸﾞﾁ,049,ﾄｸｻ
0170,ﾔﾏｸﾞﾁ,051,ﾎｳﾌ
0170,ﾔﾏｸﾞﾁ,052,ﾐﾔｲﾁ
0170,ﾔﾏｸﾞﾁ,053,ﾐﾀｼﾞﾘ
0170,ﾔﾏｸﾞﾁ,054,ﾅｶﾉｾｷ
0170,ﾔﾏｸﾞﾁ,056,ﾎﾘ
0170,ﾔﾏｸﾞﾁ,057,ﾄｸﾔﾏ
0170,ﾔﾏｸﾞﾁ,058,ｸｼｶﾞﾊﾏ
0170,ﾔﾏｸﾞﾁ,059,ﾌｸｶﾞﾜ
0170,ﾔﾏｸﾞﾁ,060,ﾄﾝﾀﾞ
0170,ﾔﾏｸﾞﾁ,061,ｶﾉ
0170,ﾔﾏｸﾞﾁ,062,ｸﾀﾞﾏﾂ
0170,ﾔﾏｸﾞﾁ,063,ﾊﾅｵｶ
0170,ﾔﾏｸﾞﾁ,064,ﾋｶﾘ
0170,ﾔﾏｸﾞﾁ,066,ﾑﾛﾂﾞﾐ
0170,ﾔﾏｸﾞﾁ,068,ﾖﾋﾞｻｶ
0170,ﾔﾏｸﾞﾁ,069,ﾔﾅｲ
0170,ﾔﾏｸﾞﾁ,071,ﾀﾌﾞｾ
0170,ﾔﾏｸﾞﾁ,072,ﾋﾗｵ
0170,ﾔﾏｸﾞﾁ,075,ｶﾐﾉｾｷ
0170,ﾔﾏｸﾞﾁ,077,ﾕｳ
0170,ﾔﾏｸﾞﾁ,078,ｵｵｼﾏ
0170,ﾔﾏｸﾞﾁ,081,ｱｹﾞﾉｼﾖｳ
0170,ﾔﾏｸﾞﾁ,082,ﾄｳﾜ
0170,ﾔﾏｸﾞﾁ,083,ｵｵｼﾏｸｶ
0170,ﾔﾏｸﾞﾁ,086,ｲﾜｸﾆ
0170,ﾔﾏｸﾞﾁ,087,ｷﾝﾀｲｷﾖｳ
0170,ﾔﾏｸﾞﾁ,088,ｶﾜｼﾓ
0170,ﾔﾏｸﾞﾁ,089,ﾀｶﾓﾘ
0170,ﾔﾏｸﾞﾁ,090,ｸｶﾞ
0170,ﾔﾏｸﾞﾁ,091,ﾋﾛｾ
0170,ﾔﾏｸﾞﾁ,092,ﾊｷﾞ
0170,ﾔﾏｸﾞﾁ,095,ﾋｶﾞｼﾊｷﾞ
0170,ﾔﾏｸﾞﾁ,097,ｴｻｷ
0170,ﾔﾏｸﾞﾁ,098,ﾅｶﾞﾄ
0170,ﾔﾏｸﾞﾁ,099,ｾﾝｻﾞｷ
0170,ﾔﾏｸﾞﾁ,100,ﾐｽﾐ
0170,ﾔﾏｸﾞﾁ,102,ﾄｸﾔﾏﾆｼ
0170,ﾔﾏｸﾞﾁ,103,ﾜｷ
0170,ﾔﾏｸﾞﾁ,104,ﾐﾜ
0170,ﾔﾏｸﾞﾁ,105,ﾔﾏﾉﾀ
0170,ﾔﾏｸﾞﾁ,109,ﾂﾉ
0170,ﾔﾏｸﾞﾁ,110,ﾕﾔ
0170,ﾔﾏｸﾞﾁ,111,ﾄｳｷﾖｳ
0170,ﾔﾏｸﾞﾁ,112,ｵｵｻｶ
0170,ﾔﾏｸﾞﾁ,113,ｸﾚ
0170,ﾔﾏｸﾞﾁ,114,ﾋﾛｼﾏ
0170,ﾔﾏｸﾞﾁ,123,ｵｵｽﾞ
0170,ﾔﾏｸﾞﾁ,124,ﾌｸﾔﾏ
0170,ﾔﾏｸﾞﾁ,126,ﾏﾂﾔﾏ
0170,ﾔﾏｸﾞﾁ,127,ﾅｺﾞﾔ
0170,ﾔﾏｸﾞﾁ,130,ｺｳﾍﾞ
0170,ﾔﾏｸﾞﾁ,135,ﾋﾛｼﾏﾆｼ
0170,ﾔﾏｸﾞﾁ,141,ﾏｽﾀﾞ
0170,ﾔﾏｸﾞﾁ,148,ｷﾞｵﾝ
0170,ﾔﾏｸﾞﾁ,149,ﾊﾂｶｲﾁ
0170,ﾔﾏｸﾞﾁ,151,ﾋｶﾞｼﾋﾛｼﾏ
0170,ﾔﾏｸﾞﾁ,154,ｵﾉﾐﾁ
0170,ﾔﾏｸﾞﾁ,155,ｲﾏﾊﾞﾘ
0170,ﾔﾏｸﾞﾁ,170,ﾄﾖｽ
0170,ﾔﾏｸﾞﾁ,172,ｱﾌﾞ
0170,ﾔﾏｸﾞﾁ,173,ｼﾕｳﾅﾝﾀﾞﾝﾁ
0170,ﾔﾏｸﾞﾁ,175,ｼﾝｼﾓﾉｾｷｴｷﾏｴ
0170,ﾔﾏｸﾞﾁ,176,ｼ-ﾓ-ﾙ
0170,ﾔﾏｸﾞﾁ,177,ﾌｸｳﾗ
0170,ﾔﾏｸﾞﾁ,178,ｲﾜｸﾆﾐﾅﾐ
0170,ﾔﾏｸﾞﾁ,179,ｱﾔﾗｷﾞ
0170,ﾔﾏｸﾞﾁ,180,ﾄｸﾔﾏｴｷﾏｴ
0170,ﾔﾏｸﾞﾁ,181,ｵﾊﾞﾔﾏ
0170,ﾔﾏｸﾞﾁ,182,ﾔﾏﾄ
0170,ﾔﾏｸﾞﾁ,183,ﾉﾘｻﾀﾞ
0170,ﾔﾏｸﾞﾁ,184,ﾁﾖｳﾌﾋｶﾞｼ
0170,ﾔﾏｸﾞﾁ,185,ﾖｼｷ
0170,ﾔﾏｸﾞﾁ,186,ｵｵｳﾁ
0170,ﾔﾏｸﾞﾁ,187,ﾐｷﾞﾀ
0170,ﾔﾏｸﾞﾁ,189,ｸﾀﾞﾏﾂｴｷﾐﾅﾐ
0170,ﾔﾏｸﾞﾁ,192,ﾔﾅｲﾐﾅﾐ
0170,ﾔﾏｸﾞﾁ,389,ｴｲﾃｲｴﾑﾄｳｶﾂ
0170,ﾔﾏｸﾞﾁ,394,ﾃﾞﾝｻｲﾄｳｶﾂ
0170,ﾔﾏｸﾞﾁ,500,ﾑﾚ
0170,ﾔﾏｸﾞﾁ,502,ﾋｶﾞｼｴｷ
0170,ﾔﾏｸﾞﾁ,505,ﾆｼﾞｶﾞｵｶ
0170,ﾔﾏｸﾞﾁ,507,ｵｳｼﾞ
0170,ﾔﾏｸﾞﾁ,508,ﾆﾊﾞﾝﾁﾖｳ
0170,ﾔﾏｸﾞﾁ,509,ﾋｶﾞｼｷﾜ
0170,ﾔﾏｸﾞﾁ,511,ｺｳﾅﾝ
0170,ﾔﾏｸﾞﾁ,517,ﾐﾂｲ
0172,ｱﾜ,100,ﾎﾝﾃﾝ
0172,ｱﾜ,101,ﾄｸｼﾏｴｷﾏｴ
0172,ｱﾜ,102,ｻｺ
0172,ｱﾜ,103,ﾆｹﾝﾔ
0172,ｱﾜ,104,ｹﾝﾁﾖｳ
0172,ｱﾜ,105,ﾂﾀﾞ
0172,ｱﾜ,106,ﾌｸｼﾏ
0172,ｱﾜ,107,ｲﾎｸ
0172,ｱﾜ,108,ﾘﾖｳｺﾞｸﾊﾞｼ
0172,ｱﾜ,109,ｻｺﾋｶﾞｼ
0172,ｱﾜ,110,ｼﾖｳﾜﾁﾖｳ
0172,ｱﾜ,111,ｽｹﾄｳﾊﾞｼ
0172,ｱﾜ,112,ﾀﾐﾔ
0172,ｱﾜ,113,ｽｴﾋﾛ
0172,ｱﾜ,114,ｱｸｲ
0172,ｱﾜ,115,ﾄｲﾔﾏﾁ
0172,ｱﾜ,116,ﾁﾕｳｵｳｲﾁﾊﾞ
0172,ｱﾜ,117,ｸﾗﾓﾄ
0172,ｱﾜ,120,ｶﾁﾄﾞｷﾊﾞｼ
0172,ｱﾜ,121,ﾎﾂｹ
0172,ｱﾜ,122,ｽﾐﾖｼ
0172,ｱﾜ,123,ﾊﾁﾏﾝ
0172,ｱﾜ,127,ﾔｿ
0172,ｱﾜ,128,ｼﾝﾌﾞﾝﾎｳｿｳｶｲｶﾝ
0172,ｱﾜ,131,ﾄｸｼﾏｼﾔｸｼﾖ
0172,ｱﾜ,132,ﾏﾘﾝﾋﾟｱ
0172,ｱﾜ,201,ｺﾏﾂｼﾏ
0172,ｱﾜ,202,ｶﾂｳﾗ
0172,ｱﾜ,203,ﾊﾉｳﾗ
0172,ｱﾜ,204,ﾌﾙｼﾖｳ
0172,ｱﾜ,205,ﾅｶｼﾏ
0172,ｱﾜ,206,ｱﾅﾝ
0172,ｱﾜ,207,ﾀﾁﾊﾞﾅ
0172,ｱﾜ,208,ｱﾗﾀﾉ
0172,ｱﾜ,209,ﾜｼﾞｷ
0172,ｱﾜ,210,ﾋﾗﾀﾞﾆ
0172,ｱﾜ,213,ﾕｷ
0172,ｱﾜ,214,ﾋﾜｻ
0172,ｱﾜ,215,ﾑｷﾞ
0172,ｱﾜ,216,ｶｲﾅﾝ
0172,ｱﾜ,217,ｼｼｸｲ
0172,ｱﾜ,218,ﾁﾕｳﾃﾞﾝ
0172,ｱﾜ,219,ｱｶｲｼ
0172,ｱﾜ,220,ﾐﾉﾊﾞﾔｼ
0172,ｱﾜ,301,ﾅﾙﾄ
0172,ｱﾜ,302,ｾﾄ
0172,ｱﾜ,304,ｶﾜｳﾁ
0172,ｱﾜ,305,ﾏﾂｼｹﾞ
0172,ｱﾜ,306,ｷﾀｼﾞﾏ
0172,ｱﾜ,307,ｱｲｽﾞﾐ
0172,ｱﾜ,308,ｲﾀﾉ
0172,ｱﾜ,309,ﾊﾞﾝﾄﾞｳ
0172,ｱﾜ,310,ｶﾐｲﾀ
0172,ｱﾜ,311,ﾅﾙﾄﾋｶﾞｼ
0172,ｱﾜ,312,ｼﾖｳｽﾞｲ
0172,ｱﾜ,313,ｱｲｽﾞﾐﾆｼ
0172,ｱﾜ,314,ｵｵﾂ
0172,ｱﾜ,315,ｸﾛｻｷ
0172,ｱﾜ,316,ﾄｸｼﾏｷﾀ
0172,ｱﾜ,401,ｺｸﾌ
0172,ｱﾜ,402,ｲｼｲ
0172,ｱﾜ,403,ｶﾓｼﾞﾏ
0172,ｱﾜ,404,ｲﾁﾊﾞ
0172,ｱﾜ,405,ｶﾜｼﾏ
0172,ｱﾜ,406,ﾔﾏｶﾜ
0172,ｱﾜ,407,ｱﾅﾌﾞｷ
0172,ｱﾜ,408,ﾜｷﾏﾁ
0172,ｱﾜ,409,ｻﾀﾞﾐﾂ
0172,ｱﾜ,410,ﾊﾝﾀﾞ
0172,ｱﾜ,411,ﾐﾉ
0172,ｱﾜ,412,ｶﾓ
0172,ｱﾜ,413,ｲｹﾀﾞ
0172,ｱﾜ,414,ﾐﾏ
0172,ｱﾜ,415,ｱﾜﾁﾖｳ
0172,ｱﾜ,416,ﾄﾞﾅﾘ
0172,ｱﾜ,417,ﾐﾖｼ
0172,ｱﾜ,419,ﾔﾏｼﾛ
0172,ｱﾜ,420,ﾘﾕｳｵｳ
0172,ｱﾜ,501,ﾀｶﾏﾂ
0172,ｱﾜ,502,ｺｳﾁ
0172,ｱﾜ,503,ﾏﾂﾔﾏ
0172,ｱﾜ,504,ｵｵｻｶ
0172,ｱﾜ,505,ﾄｳｷﾖｳ
0172,ｱﾜ,506,ｺｳﾍﾞ
0172,ｱﾜ,507,ﾆｼｵｵｻｶ
0172,ｱﾜ,508,ｻｶｲ
0172,ｱﾜ,509,ｵｶﾔﾏ
0172,ｱﾜ,510,ｱﾏｶﾞｻｷ
0172,ｱﾜ,511,ﾏﾙｶﾞﾒ
0172,ｱﾜ,512,ｶﾏﾀ
0172,ｱﾜ,513,ｷﾀｵｵｻｶ
0172,ｱﾜ,514,ｴﾄﾞｶﾞﾜ
0172,ｱﾜ,515,ﾋｶﾞｼｵｵｻｶ
0172,ｱﾜ,516,ﾐﾅﾐｵｵｻｶ
0172,ｱﾜ,517,ﾋﾒｼﾞ
0172,ｱﾜ,518,ﾄｳｷﾖｳｼﾞﾖｳﾎｸ
0172,ｱﾜ,519,ﾖｺﾊﾏ
0172,ｱﾜ,520,ﾖﾖｷﾞ
0172,ｱﾜ,831,ﾃｲｹｲｴ-ﾃｲ-ｴﾑ
0172,ｱﾜ,839,ﾎｳｼﾞﾝｴｲｷﾞﾖｳｾﾝﾀ-
0173,ﾋﾔｸｼﾞﾕｳｼ,101,ﾎﾝﾃﾝ
0173,ﾋﾔｸｼﾞﾕｳｼ,180,ﾌﾘｺﾐ
0173,ﾋﾔｸｼﾞﾕｳｼ,190,SFｾﾝﾀ-
0173,ﾋﾔｸｼﾞﾕｳｼ,201,ﾀｶﾏﾂ
0173,ﾋﾔｸｼﾞﾕｳｼ,202,ﾘﾂﾘﾝ
0173,ﾋﾔｸｼﾞﾕｳｼ,203,ﾋｶﾞｼ
0173,ﾋﾔｸｼﾞﾕｳｼ,204,ﾆｼ
0173,ﾋﾔｸｼﾞﾕｳｼ,205,ﾀﾏﾁ
0173,ﾋﾔｸｼﾞﾕｳｼ,206,ﾀｶﾏﾂｴｷﾏｴ
0173,ﾋﾔｸｼﾞﾕｳｼ,207,ｹﾝﾁﾖｳ
0173,ﾋﾔｸｼﾞﾕｳｼ,208,ﾀｶﾏﾂｼﾔｸｼﾖ
0173,ﾋﾔｸｼﾞﾕｳｼ,210,ｶﾜﾗﾏﾁ
0173,ﾋﾔｸｼﾞﾕｳｼ,211,ﾐﾔﾜｷ
0173,ﾋﾔｸｼﾞﾕｳｼ,212,ﾏﾂﾌｸ
0173,ﾋﾔｸｼﾞﾕｳｼ,213,ﾁﾕｳｵｳｲﾁﾊﾞ
0173,ﾋﾔｸｼﾞﾕｳｼ,214,ｻｸﾗﾏﾁ
0173,ﾋﾔｸｼﾞﾕｳｼ,218,ｷﾀ
0173,ﾋﾔｸｼﾞﾕｳｼ,219,ｵｵﾀ
0173,ﾋﾔｸｼﾞﾕｳｼ,220,ﾔｼﾏ
0173,ﾋﾔｸｼﾞﾕｳｼ,221,ﾌﾞﾂｼﾖｳｻﾞﾝ
0173,ﾋﾔｸｼﾞﾕｳｼ,222,ｺｳｻﾞｲ
0173,ﾋﾔｸｼﾞﾕｳｼ,223,ｴﾝｻﾞ
0173,ﾋﾔｸｼﾞﾕｳｼ,224,ﾔｸﾘ
0173,ﾋﾔｸｼﾞﾕｳｼ,225,ｼﾄﾞ
0173,ﾋﾔｸｼﾞﾕｳｼ,226,ﾐｷ
0173,ﾋﾔｸｼﾞﾕｳｼ,227,ｶﾜｼﾏ
0173,ﾋﾔｸｼﾞﾕｳｼ,228,ﾘﾖｳﾅﾝ
0173,ﾋﾔｸｼﾞﾕｳｼ,229,ｺｸﾌﾞﾝｼﾞ
0173,ﾋﾔｸｼﾞﾕｳｼ,230,ｸｳｺｳｸﾞﾁ
0173,ﾋﾔｸｼﾞﾕｳｼ,231,ﾅｵｼﾏ
0173,ﾋﾔｸｼﾞﾕｳｼ,241,ｳﾁﾉﾐ
0173,ﾋﾔｸｼﾞﾕｳｼ,242,ﾄﾉｼﾖｳ
0173,ﾋﾔｸｼﾞﾕｳｼ,251,ﾋｹﾀ
0173,ﾋﾔｸｼﾞﾕｳｼ,252,ｼﾛﾄﾘ
0173,ﾋﾔｸｼﾞﾕｳｼ,253,ｻﾝﾎﾞﾝﾏﾂ
0173,ﾋﾔｸｼﾞﾕｳｼ,254,ﾂﾀﾞ
0173,ﾋﾔｸｼﾞﾕｳｼ,255,ﾅｶﾞｵ
0173,ﾋﾔｸｼﾞﾕｳｼ,256,ﾄﾐﾀﾞ
0173,ﾋﾔｸｼﾞﾕｳｼ,261,ｻｶｲﾃﾞ
0173,ﾋﾔｸｼﾞﾕｳｼ,262,ｻｶｲﾃﾞﾄｳﾌﾞ
0173,ﾋﾔｸｼﾞﾕｳｼ,263,ｺﾏﾄﾞﾒ
0173,ﾋﾔｸｼﾞﾕｳｼ,264,ﾊﾝｻﾞﾝ
0173,ﾋﾔｸｼﾞﾕｳｼ,265,ｳﾀﾂﾞ
0173,ﾋﾔｸｼﾞﾕｳｼ,271,ﾏﾙｶﾞﾒ
0173,ﾋﾔｸｼﾞﾕｳｼ,272,ｼﾞﾖｳｾｲ
0173,ﾋﾔｸｼﾞﾕｳｼ,273,ｾﾞﾝﾂｳｼﾞ
0173,ﾋﾔｸｼﾞﾕｳｼ,274,ｺﾄﾋﾗ
0173,ﾋﾔｸｼﾞﾕｳｼ,275,ﾀﾄﾞﾂ
0173,ﾋﾔｸｼﾞﾕｳｼ,276,ﾏﾝﾉｳ
0173,ﾋﾔｸｼﾞﾕｳｼ,280,ｽﾀﾞ
0173,ﾋﾔｸｼﾞﾕｳｼ,281,ﾀｸﾏ
0173,ﾋﾔｸｼﾞﾕｳｼ,282,ﾀｶｾ
0173,ﾋﾔｸｼﾞﾕｳｼ,283,ﾔﾏﾓﾄ
0173,ﾋﾔｸｼﾞﾕｳｼ,284,ﾆｵ
0173,ﾋﾔｸｼﾞﾕｳｼ,285,ｶﾝｵﾝｼﾞ
0173,ﾋﾔｸｼﾞﾕｳｼ,286,ｵｵﾉﾊﾗ
0173,ﾋﾔｸｼﾞﾕｳｼ,287,ﾄﾖﾊﾏ
0173,ﾋﾔｸｼﾞﾕｳｼ,288,ｶﾝｵﾝｼﾞﾄｳﾌﾞ
0173,ﾋﾔｸｼﾞﾕｳｼ,289,ﾐﾉﾁﾖｳ
0173,ﾋﾔｸｼﾞﾕｳｼ,302,ﾕﾒﾀｳﾝﾀｶﾏﾂ
0173,ﾋﾔｸｼﾞﾕｳｼ,303,ﾂﾙｵ
0173,ﾋﾔｸｼﾞﾕｳｼ,304,ﾌｾｲｼ
0173,ﾋﾔｸｼﾞﾕｳｼ,305,ｷﾅｼ
0173,ﾋﾔｸｼﾞﾕｳｼ,309,ﾊﾀﾀﾞ
0173,ﾋﾔｸｼﾞﾕｳｼ,311,ｱｼﾞ
0173,ﾋﾔｸｼﾞﾕｳｼ,312,ﾌﾙﾀｶﾏﾂ
0173,ﾋﾔｸｼﾞﾕｳｼ,314,ｲﾀﾞｲﾏｴ
0173,ﾋﾔｸｼﾞﾕｳｼ,315,ﾐｽﾞﾀ
0173,ﾋﾔｸｼﾞﾕｳｼ,317,ﾊｼｵｶ
0173,ﾋﾔｸｼﾞﾕｳｼ,318,ｱｻﾉ
0173,ﾋﾔｸｼﾞﾕｳｼ,324,ｻｶｲﾃﾞｼﾔｸｼﾖ
0173,ﾋﾔｸｼﾞﾕｳｼ,328,ﾏﾙｶﾞﾒﾋｶﾞｼ
0173,ﾋﾔｸｼﾞﾕｳｼ,329,ﾏﾙｶﾞﾒﾐﾅﾐ
0173,ﾋﾔｸｼﾞﾕｳｼ,331,ｼｵﾔ
0173,ﾋﾔｸｼﾞﾕｳｼ,333,ﾄｳﾌﾞ
0173,ﾋﾔｸｼﾞﾕｳｼ,334,ｻｲﾀ
0173,ﾋﾔｸｼﾞﾕｳｼ,335,ｶﾝｵﾝｼﾞｼﾔｸｼﾖ
0173,ﾋﾔｸｼﾞﾕｳｼ,341,ｲﾁﾉﾐﾔ
0173,ﾋﾔｸｼﾞﾕｳｼ,342,ﾂﾙｲﾁ
0173,ﾋﾔｸｼﾞﾕｳｼ,345,ｶﾝｵﾝｼﾞﾐﾅﾐ
0173,ﾋﾔｸｼﾞﾕｳｼ,357,ﾏﾙｶﾞﾒｼﾔｸｼﾖ
0173,ﾋﾔｸｼﾞﾕｳｼ,358,ｽﾞﾉｳｶｾﾝﾀ-
0173,ﾋﾔｸｼﾞﾕｳｼ,359,ｻﾇｷｼﾔｸｼﾖ
0173,ﾋﾔｸｼﾞﾕｳｼ,363,ﾌｼﾞｸﾞﾗﾝﾏﾙｶﾞﾒ
0173,ﾋﾔｸｼﾞﾕｳｼ,389,ｴｲﾃｲｴﾑﾄｳｶﾂ
0173,ﾋﾔｸｼﾞﾕｳｼ,401,ﾄｳｷﾖｳ
0173,ﾋﾔｸｼﾞﾕｳｼ,402,ｼﾝｼﾞﾕｸ
0173,ﾋﾔｸｼﾞﾕｳｼ,421,ﾅｺﾞﾔ
0173,ﾋﾔｸｼﾞﾕｳｼ,441,ｵｵｻｶ
0173,ﾋﾔｸｼﾞﾕｳｼ,443,ｸｼﾞﾖｳ
0173,ﾋﾔｸｼﾞﾕｳｼ,445,ﾋｶﾞｼｵｵｻｶ
0173,ﾋﾔｸｼﾞﾕｳｼ,446,ｷﾀｵｵｻｶ
0173,ﾋﾔｸｼﾞﾕｳｼ,447,ﾐﾅﾐｵｵｻｶ
0173,ﾋﾔｸｼﾞﾕｳｼ,451,ｺｳﾍﾞ
0173,ﾋﾔｸｼﾞﾕｳｼ,452,ﾋﾒｼﾞ
0173,ﾋﾔｸｼﾞﾕｳｼ,453,ｱｶｼ
0173,ﾋﾔｸｼﾞﾕｳｼ,455,ｶｺｶﾞﾜ
0173,ﾋﾔｸｼﾞﾕｳｼ,461,ﾋﾛｼﾏ
0173,ﾋﾔｸｼﾞﾕｳｼ,462,ﾌｸﾔﾏ
0173,ﾋﾔｸｼﾞﾕｳｼ,471,ｵｶﾔﾏ
0173,ﾋﾔｸｼﾞﾕｳｼ,472,ｾｲｷﾊﾞｼ
0173,ﾋﾔｸｼﾞﾕｳｼ,473,ﾐｽﾞｼﾏ
0173,ﾋﾔｸｼﾞﾕｳｼ,474,ﾀﾏﾉ
0173,ﾋﾔｸｼﾞﾕｳｼ,475,ｺｼﾞﾏ
0173,ﾋﾔｸｼﾞﾕｳｼ,476,ｸﾗｼｷ
0173,ﾋﾔｸｼﾞﾕｳｼ,477,ｿｳｼﾞﾔ
0173,ﾋﾔｸｼﾞﾕｳｼ,478,ｵｵﾓﾄ
0173,ﾋﾔｸｼﾞﾕｳｼ,479,ｵｶﾔﾏｴｷﾆｼｸﾞﾁ
0173,ﾋﾔｸｼﾞﾕｳｼ,480,ﾆﾜｾ
0173,ﾋﾔｸｼﾞﾕｳｼ,481,ｵｶﾔﾏﾐﾅﾐ
0173,ﾋﾔｸｼﾞﾕｳｼ,501,ﾌｸｵｶ
0173,ﾋﾔｸｼﾞﾕｳｼ,601,ﾏﾂﾔﾏ
0173,ﾋﾔｸｼﾞﾕｳｼ,602,ﾆｲﾊﾏ
0173,ﾋﾔｸｼﾞﾕｳｼ,603,ﾐｼﾏ
0173,ﾋﾔｸｼﾞﾕｳｼ,604,ｲﾏﾊﾞﾘ
0173,ﾋﾔｸｼﾞﾕｳｼ,605,ｻｲｼﾞﾖｳ
0173,ﾋﾔｸｼﾞﾕｳｼ,631,ｺｳﾁ
0173,ﾋﾔｸｼﾞﾕｳｼ,633,ｲﾉ
0173,ﾋﾔｸｼﾞﾕｳｼ,661,ﾄｸｼﾏ
0173,ﾋﾔｸｼﾞﾕｳｼ,662,ﾅﾙﾄ
0173,ﾋﾔｸｼﾞﾕｳｼ,663,ﾄｸｼﾏｷﾀ
0174,ｲﾖ,100,ﾎﾝﾃﾝ
0174,ｲﾖ,101,ﾎﾝﾏﾁ
0174,ｲﾖ,102,ﾏﾂﾔﾏｴｷﾏｴ
0174,ｲﾖ,103,ﾐﾅﾄﾏﾁ
0174,ｲﾖ,104,ﾀﾁﾊﾞﾅ
0174,ｲﾖ,105,ｼﾝﾀﾞﾃ
0174,ｲﾖ,107,ｵｵｶｲﾄﾞｳ
0174,ｲﾖ,108,ｴﾋﾒｹﾝﾁﾖｳ
0174,ｲﾖ,109,ｲﾁﾏﾝ
0174,ｲﾖ,110,ﾄﾞｳｺﾞ
0174,ｲﾖ,111,ﾐﾂﾊﾏ
0174,ｲﾖ,112,ﾎﾘｴ
0174,ｲﾖ,113,ﾓﾘﾏﾂ
0174,ｲﾖ,114,ﾎｳｼﾞﾖｳ
0174,ｲﾖ,115,ﾅｶｼﾞﾏ
0174,ｲﾖ,116,ﾖｺｶﾞﾜﾗ
0174,ｲﾖ,117,ｸﾞﾝﾁﾕｳ
0174,ｲﾖ,118,ﾄﾍﾞ
0174,ｲﾖ,119,ﾏｻｷ
0174,ｲﾖ,120,ﾅｶﾔﾏ
0174,ｲﾖ,121,ｸﾏ
0174,ｲﾖ,122,ｵﾀﾞ
0174,ｲﾖ,123,ﾏﾂﾔﾏｷﾀ
0174,ｲﾖ,124,ｸｳｺｳﾄﾞｵﾘ
0174,ｲﾖ,125,ｵﾉ
0174,ｲﾖ,126,ｶﾐﾅﾀﾞ
0174,ｲﾖ,129,ﾜｹ
0174,ｲﾖ,130,ﾏﾂﾔﾏｼﾔｸｼﾖ
0174,ｲﾖ,131,ﾏﾂﾔﾏﾁﾕｳｵｳｲﾁﾊﾞ
0174,ｲﾖ,132,ﾋｶﾞｼﾉ
0174,ｲﾖ,134,ﾌｸｵﾝｼﾞ
0174,ｲﾖ,135,ﾖｳｺﾞ
0174,ｲﾖ,136,ｲｼｲ
0174,ｲﾖ,137,ﾂﾊﾞｷ
0174,ｲﾖ,138,ｸﾒ
0174,ｲﾖ,139,ﾐﾌﾞ
0174,ｲﾖ,140,ﾀｶｵｶ
0174,ｲﾖ,141,ｳｼﾌﾞﾁ
0174,ｲﾖ,142,ﾌﾙｶﾜ
0174,ｲﾖ,143,ﾊﾗﾏﾁ
0174,ｲﾖ,144,ｵｶﾀﾞ
0174,ｲﾖ,146,ﾐﾂﾋｶﾞｼ
0174,ｲﾖ,147,ｸﾜﾊﾞﾗ
0174,ｲﾖ,148,ｴﾐﾌﾙﾏｻｷ
0174,ｲﾖ,149,ﾔﾏｺﾞｴ
0174,ｲﾖ,150,ｼﾞﾖｳﾎｸ
0174,ｲﾖ,151,ﾏﾂﾔﾏｽｲｻﾝﾌﾞﾂｲﾁﾊﾞ
0174,ｲﾖ,152,ｵｸﾞﾘ
0174,ｲﾖ,153,ｶﾜｳﾁ
0174,ｲﾖ,155,ﾐﾔﾆｼ
0174,ｲﾖ,156,ﾐﾄﾞﾘﾀﾞｲ
0174,ｲﾖ,157,ｱﾜｲ
0174,ｲﾖ,158,ﾊﾌﾞ
0174,ｲﾖ,190,ﾛ-ﾝﾌﾟﾗｻﾞﾏﾂﾔﾏ
0174,ｲﾖ,200,ｲﾏﾊﾞﾘ
0174,ｲﾖ,201,ﾅｶﾊﾏ
0174,ｲﾖ,202,ﾋﾖｼ
0174,ｲﾖ,203,ﾊｼﾊﾏ
0174,ｲﾖ,204,ｻｸﾗｲ
0174,ｲﾖ,205,ｷｸﾏ
0174,ｲﾖ,206,ｵｵｼﾏ
0174,ｲﾖ,208,ﾊｶﾀ
0174,ｲﾖ,209,ﾐﾔｳﾗ
0174,ｲﾖ,210,ｲﾏﾊﾞﾘﾐﾅﾐ
0174,ｲﾖ,211,ｶﾒｵｶ
0174,ｲﾖ,214,ｲﾏﾊﾞﾘｼﾔｸｼﾖ
0174,ｲﾖ,216,ﾁｶﾐ
0174,ｲﾖ,217,ﾄﾐﾀ
0174,ｲﾖ,218,ﾋﾀﾞｶ
0174,ｲﾖ,230,ﾄﾘｳ
0174,ｲﾖ,250,ﾆｲﾊﾏ
0174,ｲﾖ,251,ｽﾐﾉ
0174,ｲﾖ,252,ﾆｲﾊﾏﾋｶﾞｼ
0174,ｲﾖ,253,ﾐｼﾏ
0174,ｲﾖ,254,ｶﾜﾉｴ
0174,ｲﾖ,255,ｻｲｼﾞﾖｳ
0174,ｲﾖ,256,ｵｵﾏﾁ
0174,ｲﾖ,257,ﾐﾖｼ
0174,ｲﾖ,258,ﾆﾕｳｶﾞﾜ
0174,ｲﾖ,259,ﾀﾝﾊﾞﾗ
0174,ｲﾖ,260,ｺﾏﾂ
0174,ｲﾖ,261,ﾉﾎﾞﾘﾐﾁ
0174,ｲﾖ,262,ﾄﾞｲ
0174,ｲﾖ,263,ﾅｶﾊｷﾞ
0174,ｲﾖ,264,ﾅｶﾉｼﾖｳ
0174,ｲﾖ,265,ｲｲｵｶ
0174,ｲﾖ,266,ﾌﾅｷ
0174,ｲﾖ,267,ｷﾀｶﾞﾜ
0174,ｲﾖ,270,ﾆｲﾊﾏｼﾔｸｼﾖ
0174,ｲﾖ,271,ｷﾝｾｲ
0174,ｲﾖ,272,ﾀｶﾂ
0174,ｲﾖ,300,ﾔﾜﾀﾊﾏ
0174,ｲﾖ,301,ﾔﾉﾏﾁ
0174,ｲﾖ,304,ｵｵｽﾞﾎﾝﾏﾁ
0174,ｲﾖ,305,ｵｵｽﾞ
0174,ｲﾖ,306,ﾅｶﾞﾊﾏ
0174,ｲﾖ,307,ｲｶｻﾞｷ
0174,ｲﾖ,308,ｳﾁｺ
0174,ｲﾖ,309,ｶﾜﾉｲｼ
0174,ｲﾖ,310,ｲｶﾀ
0174,ｲﾖ,311,ﾐｻｷ
0174,ｲﾖ,312,ﾐｶﾒ
0174,ｲﾖ,316,ﾐﾂｸｴ
0174,ｲﾖ,350,ｳﾜｼﾞﾏ
0174,ｲﾖ,351,ｵｳﾃ
0174,ｲﾖ,352,ｼﾞﾖｳﾅﾝ
0174,ｲﾖ,353,ﾜﾚｲﾁﾖｳ
0174,ｲﾖ,354,ｳﾉﾏﾁ
0174,ｲﾖ,355,ﾉﾑﾗ
0174,ｲﾖ,356,ﾀｶﾔﾏ
0174,ｲﾖ,357,ﾖｼﾀﾞ
0174,ｲﾖ,359,ﾁｶﾅｶﾞ
0174,ｲﾖ,360,ﾏﾂﾏﾙ
0174,ｲﾖ,361,ｲﾜﾏﾂ
0174,ｲﾖ,362,ｱｲﾅﾝ
0174,ｲﾖ,400,ｵｵｲﾀ
0174,ｲﾖ,401,ﾍﾞﾂﾌﾟ
0174,ｲﾖ,403,ｳｽｷ
0174,ｲﾖ,404,ﾂｸﾐ
0174,ｲﾖ,405,ｻｲｷ
0174,ｲﾖ,408,ｵｵｲﾀﾋｶﾞｼ
0174,ｲﾖ,410,ｷﾀｷﾕｳｼﾕｳ
0174,ｲﾖ,411,ﾌｸｵｶ
0174,ｲﾖ,500,ﾀｶﾏﾂ
0174,ｲﾖ,501,ｻｶｲﾃﾞ
0174,ｲﾖ,502,ﾏﾙｶﾞﾒ
0174,ｲﾖ,503,ﾀｶﾏﾂﾋｶﾞｼ
0174,ｲﾖ,504,ｶﾝｵﾝｼﾞ
0174,ｲﾖ,510,ｺｳﾁ
0174,ｲﾖ,520,ﾄｸｼﾏ
0174,ｲﾖ,600,ﾋﾛｼﾏ
0174,ｲﾖ,601,ｸﾚ
0174,ｲﾖ,602,ｵﾉﾐﾁ
0174,ｲﾖ,603,ﾌｸﾔﾏ
0174,ｲﾖ,605,ｲﾂｶｲﾁ
0174,ｲﾖ,610,ｵｶﾔﾏ
0174,ｲﾖ,611,ｵｶﾔﾏﾐﾅﾐ
0174,ｲﾖ,612,ｸﾗｼｷ
0174,ｲﾖ,620,ﾄｸﾔﾏ
0174,ｲﾖ,700,ｺｳﾍﾞ
0174,ｲﾖ,701,ﾋﾒｼﾞ
0174,ｲﾖ,710,ｵｵｻｶ
0174,ｲﾖ,711,ｵｵｻｶｷﾀ
0174,ｲﾖ,712,ｻｶｲ
0174,ｲﾖ,720,ﾅｺﾞﾔ
0174,ｲﾖ,730,ﾄｳｷﾖｳ
0174,ｲﾖ,731,ｼﾝｼﾞﾕｸ
0174,ｲﾖ,752,ｵｵﾆｼ
0174,ｲﾖ,788,ｲﾝﾀ-ﾈﾂﾄ
0175,ｼｺｸ,014,ﾛ-ﾝﾌﾟﾗｻﾞ
0175,ｼｺｸ,015,ﾘﾖｳﾏ
0175,ｼｺｸ,049,ﾌﾘｺﾐｾﾝﾖｳ
0175,ｼｺｸ,051,ﾎﾝﾃﾝ
0175,ｼｺｸ,081,ｺｳﾁｼﾔｸｼﾖ
0175,ｼｺｸ,101,ｱｻﾋ
0175,ｼｺｸ,102,ｱｻｸﾗ
0175,ｼｺｸ,103,ｶﾐﾏﾁ
0175,ｼｺｸ,104,ｹﾝﾁﾖｳ
0175,ｼｺｸ,105,ｵﾋﾞﾔﾏﾁ
0175,ｼｺｸ,106,ﾖｻｺｲｻｲﾄ
0175,ｼｺｸ,107,ﾀｶﾗﾏﾁ
0175,ｼｺｸ,108,ﾁﾕｳｵｳ
0175,ｼｺｸ,109,ﾏﾏ
0175,ｼｺｸ,112,ｷﾔﾊﾞｼ
0175,ｼｺｸ,113,ﾁﾕｳｵｳｲﾁﾊﾞ
0175,ｼｺｸ,114,ｳｼｵｴ
0175,ｼｺｸ,116,ﾐｻﾄ
0175,ｼｺｸ,117,ｶﾂﾗﾊﾏﾄﾞｵﾘ
0175,ｼｺｸ,118,ｵﾛｼﾀﾞﾝﾁ
0175,ｼｺｸ,119,ｺｳﾀﾞ
0175,ｼｺｸ,120,ｼﾞﾝｾﾞﾝｼﾞ
0175,ｼｺｸ,121,ｼﾓﾁﾞ
0175,ｼｺｸ,124,ﾌｸｲ
0175,ｼｺｸ,125,ﾀｶｽ
0175,ｼｺｸ,126,ｵｵﾂ
0175,ｼｺｸ,127,ｲﾂｸ
0175,ｼｺｸ,131,ｱｻｸﾗﾐﾅﾐ
0175,ｼｺｸ,132,ｱｿﾞｳﾉ
0175,ｼｺｸ,133,ｶﾓﾀﾞ
0175,ｼｺｸ,136,ｶﾂﾞﾗｼﾏ
0175,ｼｺｸ,141,ﾖｺﾊﾏﾆﾕ-ﾀｳﾝ
0175,ｼｺｸ,201,ｲﾉ
0175,ｼｺｸ,202,ｴﾀﾞｶﾞﾜ
0175,ｼｺｸ,204,ﾊﾙﾉ
0175,ｼｺｸ,211,ﾅﾝｺﾞｸ
0175,ｼｺｸ,212,ｶﾁﾖｳ
0175,ｼｺｸ,213,ｱｶｵｶ
0175,ｼｺｸ,214,ﾉｲﾁ
0175,ｼｺｸ,215,ﾔﾏﾀﾞ
0175,ｼｺｸ,217,ﾓﾄﾔﾏ
0175,ｼｺｸ,218,ﾅﾝｺﾞｸﾐﾅﾐ
0175,ｼｺｸ,221,ﾅｶﾑﾗ
0175,ｼｺｸ,223,ｼﾐｽﾞ
0175,ｼｺｸ,225,ｽｸﾓ
0175,ｼｺｸ,231,ｽｻｷ
0175,ｼｺｸ,232,ｸﾎﾞｶﾜ
0175,ｼｺｸ,233,ｸﾚ
0175,ｼｺｸ,234,ｻｶﾜ
0175,ｼｺｸ,235,ｵﾁ
0175,ｼｺｸ,236,ﾀｶｵｶ
0175,ｼｺｸ,237,ｳｻ
0175,ｼｺｸ,238,ｽｻｷﾋｶﾞｼ
0175,ｼｺｸ,241,ｱｷ
0175,ｼｺｸ,242,ﾀﾉ
0175,ｼｺｸ,251,ﾑﾛﾄ
0175,ｼｺｸ,253,ｶﾝﾉｳﾗ
0175,ｼｺｸ,281,ﾋﾞﾗﾌ
0175,ｼｺｸ,290,ｵｵﾄﾞﾁ
0175,ｼｺｸ,301,ﾄｸｼﾏ
0175,ｼｺｸ,302,ﾄｸｼﾏﾁﾕｳｵｳｲﾁﾊﾞ
0175,ｼｺｸ,306,ﾄｸｼﾏﾆｼ
0175,ｼｺｸ,307,ｺｸﾌ
0175,ｼｺｸ,308,ﾄｸｼﾏﾁﾕｳｵｳ
0175,ｼｺｸ,309,ｲﾄｳ
0175,ｼｺｸ,310,ｲﾎｸ
0175,ｼｺｸ,311,ｺﾏﾂｼﾞﾏ
0175,ｼｺｸ,312,ｶﾜｳﾁ
0175,ｼｺｸ,313,ﾊﾉｳﾗ
0175,ｼｺｸ,317,ﾄﾞﾅﾘ
0175,ｼｺｸ,319,ﾏﾘﾝﾋﾟｱ
0175,ｼｺｸ,321,ﾅﾙﾄ
0175,ｼｺｸ,322,ﾏﾂｼｹﾞ
0175,ｼｺｸ,325,ｱｲｽﾞﾐ
0175,ｼｺｸ,331,ｱﾅﾝ
0175,ｼｺｸ,341,ｶﾓｼﾞﾏ
0175,ｼｺｸ,342,ｲｼｲ
0175,ｼｺｸ,344,ﾔﾏｶﾜ
0175,ｼｺｸ,351,ｲｹﾀﾞ
0175,ｼｺｸ,352,ﾜｷﾏﾁ
0175,ｼｺｸ,353,ｻﾀﾞﾐﾂ
0175,ｼｺｸ,354,ｲｶﾜ
0175,ｼｺｸ,401,ﾀｶﾏﾂ
0175,ｼｺｸ,402,ﾀｶﾏﾂﾐﾅﾐ
0175,ｼｺｸ,403,ｻｶｲﾃﾞ
0175,ｼｺｸ,404,ﾏﾙｶﾞﾒ
0175,ｼｺｸ,405,ｾﾞﾝﾂｳｼﾞ
0175,ｼｺｸ,407,ｶﾝｵﾝｼﾞ
0175,ｼｺｸ,412,ﾌｾｲｼ
0175,ｼｺｸ,501,ﾏﾂﾔﾏ
0175,ｼｺｸ,503,ﾏﾂﾔﾏﾐﾅﾐ
0175,ｼｺｸ,504,ﾔﾜﾀﾊﾏ
0175,ｼｺｸ,505,ｳﾜｼﾞﾏ
0175,ｼｺｸ,506,ﾐｼﾖｳ
0175,ｼｺｸ,507,ｲﾏﾊﾞﾘ
0175,ｼｺｸ,509,ｼｺｸﾁﾕｳｵｳ
0175,ｼｺｸ,601,ﾋﾛｼﾏ
0175,ｼｺｸ,603,ｵｵﾀｹ
0175,ｼｺｸ,611,ｵｶﾔﾏ
0175,ｼｺｸ,701,ｵｵｻｶ
0175,ｼｺｸ,702,ｺｳﾘ
0175,ｼｺｸ,704,ﾓﾘｸﾞﾁ
0175,ｼｺｸ,711,ｺｳﾍﾞ
0175,ｼｺｸ,712,ｱﾏｶﾞｻｷ
0175,ｼｺｸ,801,ﾄｳｷﾖｳ
0175,ｼｺｸ,851,ｵﾓｲﾁﾞ
0175,ｼｺｸ,852,ﾋﾛｵｶ
0175,ｼｺｸ,853,ﾋｶﾞｼﾂﾉ
0175,ｼｺｸ,854,ｵｵﾀｸﾞﾁ
0175,ｼｺｸ,855,ｲﾘﾉ
0177,ﾌｸｵｶ,001,ﾌｸｵｶｼﾁﾖｳﾅｲ
0177,ﾌｸｵｶ,002,ﾔｽ
0177,ﾌｸｵｶ,003,ｱｻｸﾗ
0177,ﾌｸｵｶ,008,ﾐｲｹ
0177,ﾌｸｵｶ,011,ﾁﾄﾞﾘ
0177,ﾌｸｵｶ,012,ﾎｼﾉ
0177,ﾌｸｵｶ,013,ﾀﾏﾁ
0177,ﾌｸｵｶ,057,ﾋｲｶﾞﾜ
0177,ﾌｸｵｶ,066,ｹﾔｷﾄﾞｵﾘ
0177,ﾌｸｵｶ,072,ｸﾙﾒｼﾁﾖｳﾅｲ
0177,ﾌｸｵｶ,081,ﾔﾍﾞ
0177,ﾌｸｵｶ,100,ﾎﾝﾃﾝ
0177,ﾌｸｵｶ,200,ﾊｶﾀ
0177,ﾌｸｵｶ,211,ﾃﾝｼﾞﾝﾁﾖｳ
0177,ﾌｸｵｶ,212,ﾅﾗﾔﾏﾁ
0177,ﾌｸｵｶ,213,ｹﾝﾁﾖｳﾅｲ
0177,ﾌｸｵｶ,215,ｸﾛﾓﾝ
0177,ﾌｸｵｶ,216,ﾐﾅﾄﾏﾁ
0177,ﾌｸｵｶ,217,ﾁﾕｳｵｳｲﾁﾊﾞ
0177,ﾌｸｵｶ,218,ｱｶｻｶﾓﾝ
0177,ﾌｸｵｶ,231,ﾊｶﾀｴｷﾏｴ
0177,ﾌｸｵｶ,232,ﾊｶﾀｴｷﾋｶﾞｼ
0177,ﾌｸｵｶ,233,ｽﾐﾖｼ
0177,ﾌｸｵｶ,234,ﾖｼﾂﾞｶ
0177,ﾌｸｵｶ,235,ﾋｴ
0177,ﾌｸｵｶ,236,ｼﾒ
0177,ﾌｸｵｶ,237,ｳﾐ
0177,ﾌｸｵｶ,238,ﾊｶﾀﾐﾅﾐ
0177,ﾌｸｵｶ,239,ﾌｸｵｶｸｳｺｳ
0177,ﾌｸｵｶ,240,ﾁｸｼﾄﾞｵﾘ
0177,ﾌｸｵｶ,241,ﾂｷｸﾞﾏ
0177,ﾌｸｵｶ,251,ﾆｼｼﾞﾝﾏﾁ
0177,ﾌｸｵｶ,252,ﾌｼﾞｻｷ
0177,ﾌｸｵｶ,253,ﾛﾂﾎﾟﾝﾏﾂ
0177,ﾌｸｵｶ,254,ﾒｲﾉﾊﾏ
0177,ﾌｸｵｶ,255,ｲﾄｼﾏ
0177,ﾌｸｵｶ,256,ｱﾗｴ
0177,ﾌｸｵｶ,257,ｻｻｵｶ
0177,ﾌｸｵｶ,258,ﾅﾅｸﾏ
0177,ﾌｸｵｶ,259,ﾉｹ
0177,ﾌｸｵｶ,260,ﾉｶﾀ
0177,ﾌｸｵｶ,261,ｱﾘﾀ
0177,ﾌｸｵｶ,262,ｽｾﾝｼﾞ
0177,ﾌｸｵｶ,264,ｲﾏｼﾞﾕｸ
0177,ﾌｸｵｶ,265,ﾊﾗ
0177,ﾌｸｵｶ,266,ｵｻﾞｻ
0177,ﾌｸｵｶ,271,ﾜﾀﾅﾍﾞﾄﾞｵﾘ
0177,ﾌｸｵｶ,272,ﾋﾗｵ
0177,ﾌｸｵｶ,273,ｵｵﾊｼ
0177,ﾌｸｵｶ,274,ﾀｶﾐﾔ
0177,ﾌｸｵｶ,275,ﾌﾂｶｲﾁ
0177,ﾌｸｵｶ,276,ｻﾞﾂｼﾖﾉｸﾏ
0177,ﾌｸｵｶ,277,ｶｽｶﾞﾊﾞﾙ
0177,ﾌｸｵｶ,278,ﾅｶﾞｽﾞﾐ
0177,ﾌｸｵｶ,279,ﾀﾞｻﾞｲﾌ
0177,ﾌｸｵｶ,280,ﾔｸｲﾝ
0177,ﾌｸｵｶ,281,ｲｼﾞﾘ
0177,ﾌｸｵｶ,282,ﾔｶﾀﾊﾞﾙ
0177,ﾌｸｵｶ,283,ｼﾓｵｵﾘ
0177,ﾌｸｵｶ,285,ﾐﾅﾐｶﾞｵｶ
0177,ﾌｸｵｶ,286,ﾉﾎﾞﾘﾏﾁ
0177,ﾌｸｵｶ,287,ﾁｸｼ
0177,ﾌｸｵｶ,288,ｱｻｸﾗｶﾞｲﾄﾞｳ
0177,ﾌｸｵｶ,289,ﾅｶｶﾞﾜ
0177,ﾌｸｵｶ,290,ｶｽｶﾞ
0177,ﾌｸｵｶ,291,ﾊｺｻﾞｷ
0177,ﾌｸｵｶ,294,ｶｼｲ
0177,ﾌｸｵｶ,295,ｺｶﾞ
0177,ﾌｸｵｶ,296,ﾌｸﾏ
0177,ﾌｸｵｶ,297,ﾑﾅｶﾀ
0177,ﾌｸｵｶ,298,ﾐﾜﾀﾞｲ
0177,ﾌｸｵｶ,299,ﾌｸｵｶﾘﾕｳﾂｳｾﾝﾀ-
0177,ﾌｸｵｶ,301,ﾁﾊﾔ
0177,ﾌｸｵｶ,302,ｱｶﾏ
0177,ﾌｸｵｶ,303,ｶｽﾔ
0177,ﾌｸｵｶ,304,ｼﾝｸﾞｳ
0177,ﾌｸｵｶ,305,ｻｻｸﾞﾘ
0177,ﾌｸｵｶ,306,ﾄﾞｲ
0177,ﾌｸｵｶ,400,ｷﾀｷﾕｳｼﾕｳ
0177,ﾌｸｵｶ,411,ﾔﾊﾀ
0177,ﾌｸｵｶ,412,ｵﾘｵ
0177,ﾌｸｵｶ,413,ｸﾛｻｷ
0177,ﾌｸｵｶ,416,ｼﾁｼﾞﾖｳ
0177,ﾌｸｵｶ,417,ﾄﾊﾞﾀ
0177,ﾌｸｵｶ,419,ﾜｶﾏﾂ
0177,ﾌｸｵｶ,420,ｱｲｵｲ
0177,ﾌｸｵｶ,422,ｱｼﾔ
0177,ﾌｸｵｶ,423,ｵｶｶﾞｷ
0177,ﾌｸｵｶ,424,ﾌﾀｼﾞﾏ
0177,ﾌｸｵｶ,425,ｺﾐﾈ
0177,ﾌｸｵｶ,426,ｻﾝｶﾞﾓﾘ
0177,ﾌｸｵｶ,427,ﾀｶｽ
0177,ﾌｸｵｶ,428,ﾋﾋﾞｷﾉ
0177,ﾌｸｵｶ,431,ｺｸﾗ
0177,ﾌｸｵｶ,432,ﾐﾅﾐｺｸﾗ
0177,ﾌｸｵｶ,433,ｺｸﾗﾋｶﾞｼ
0177,ﾌｸｵｶ,434,ﾐﾊｷﾞﾉ
0177,ﾌｸｵｶ,435,ﾓｼﾞｴｷﾏｴ
0177,ﾌｸｵｶ,436,ﾓｼﾞ
0177,ﾌｸｵｶ,437,ｼﾞﾖｳﾉ
0177,ﾌｸｵｶ,438,ﾄｸﾘｷ
0177,ﾌｸｵｶ,439,ｷﾀｷﾕｳｼﾕｳｼﾁﾖｳﾅｲ
0177,ﾌｸｵｶ,440,ｷﾀｷﾕｳｼﾕｳｵﾛｼｲﾁﾊﾞ
0177,ﾌｸｵｶ,441,ｿﾈｷﾀ
0177,ﾌｸｵｶ,442,ﾓﾘﾂﾈ
0177,ﾌｸｵｶ,443,ｿﾈ
0177,ﾌｸｵｶ,451,ﾕｸﾊｼ
0177,ﾌｸｵｶ,452,ｶﾝﾀﾞ
0177,ﾌｸｵｶ,453,ｼｲﾀﾞ
0177,ﾌｸｵｶ,454,ﾌﾞｾﾞﾝ
0177,ﾌｸｵｶ,511,ﾉｵｶﾞﾀ
0177,ﾌｸｵｶ,512,ﾅｶﾏ
0177,ﾌｸｵｶ,514,ｺﾀｹ
0177,ﾌｸｵｶ,515,ﾐﾔﾀ
0177,ﾌｸｵｶ,531,ｺﾞﾄｳｼﾞ
0177,ﾌｸｵｶ,532,ｲﾀ
0177,ﾌｸｵｶ,533,ｶﾜｻｷ
0177,ﾌｸｵｶ,534,ｶﾅﾀﾞ
0177,ﾌｸｵｶ,535,ｿｴﾀﾞ
0177,ﾌｸｵｶ,551,ｲｲﾂﾞｶ
0177,ﾌｸｵｶ,552,ｲｲﾂﾞｶﾎﾝﾏﾁ
0177,ﾌｸｵｶ,555,ｲﾅﾂｷ
0177,ﾌｸｵｶ,556,ﾃﾝﾄﾞｳ
0177,ﾌｸｵｶ,559,ｵｵｸﾏ
0177,ﾌｸｵｶ,560,ﾔﾏﾀﾞ
0177,ﾌｸｵｶ,611,ｱﾏｷﾞ
0177,ﾌｸｵｶ,612,ﾊｷ
0177,ﾌｸｵｶ,613,ﾖｼｲ
0177,ﾌｸｵｶ,615,ﾀﾇｼﾏﾙ
0177,ﾌｸｵｶ,631,ｸﾙﾒ
0177,ﾌｸｵｶ,633,ﾋｶﾞｼｸﾙﾒ
0177,ﾌｸｵｶ,634,ﾊﾅﾊﾞﾀｹ
0177,ﾌｸｵｶ,635,ｷﾀﾉ
0177,ﾌｸｵｶ,636,ｵｺﾞｵﾘ
0177,ﾌｸｵｶ,637,ｾﾞﾝﾄﾞｳｼﾞ
0177,ﾌｸｵｶ,638,ﾀﾞｲｾﾞﾝｼﾞ
0177,ﾌｸｵｶ,639,ｺｸﾌﾞ
0177,ﾌｸｵｶ,651,ﾔﾒ
0177,ﾌｸｵｶ,652,ﾋﾛｶﾜ
0177,ﾌｸｵｶ,653,ﾁｸｺﾞ
0177,ﾌｸｵｶ,654,ｸﾛｷ
0177,ﾌｸｵｶ,656,ｼﾞﾖｳﾖｳ
0177,ﾌｸｵｶ,671,ﾔﾅｶﾞﾜ
0177,ﾌｸｵｶ,672,ｵｵｶﾜ
0177,ﾌｸｵｶ,674,ｵｵｷ
0177,ﾌｸｵｶ,677,ﾅｶｼﾏ
0177,ﾌｸｵｶ,678,ｾﾀｶ
0177,ﾌｸｵｶ,691,ｵｵﾑﾀ
0177,ﾌｸｵｶ,694,ﾜﾀｾ
0177,ﾌｸｵｶ,711,ｶﾗﾂ
0177,ﾌｸｵｶ,712,ﾄｽ
0177,ﾌｸｵｶ,713,ｷﾔﾏ
0177,ﾌｸｵｶ,714,ｻｶﾞ
0177,ﾌｸｵｶ,721,ﾅｶﾂ
0177,ﾌｸｵｶ,722,ｵｵｲﾀ
0177,ﾌｸｵｶ,724,ﾋﾀ
0177,ﾌｸｵｶ,731,ｻｾﾎ
0177,ﾌｸｵｶ,732,ﾅｶﾞｻｷ
0177,ﾌｸｵｶ,741,ｸﾏﾓﾄ
0177,ﾌｸｵｶ,751,ｶｺﾞｼﾏ
0177,ﾌｸｵｶ,761,ﾐﾔｻﾞｷ
0177,ﾌｸｵｶ,800,ﾈﾂﾄﾜﾝ
0177,ﾌｸｵｶ,811,ﾄｳｷﾖｳ
0177,ﾌｸｵｶ,821,ｵｵｻｶ
0177,ﾌｸｵｶ,831,ｼﾓﾉｾｷ
0177,ﾌｸｵｶ,833,ｳﾍﾞ
0177,ﾌｸｵｶ,841,ﾅｺﾞﾔ
0177,ﾌｸｵｶ,851,ﾋﾛｼﾏ
0177,ﾌｸｵｶ,862,ﾌﾚｱｲ
0178,ﾁｸﾎｳ,001,ﾎﾝﾃﾝ
0178,ﾁｸﾎｳ,002,ﾁﾕｳｵｳﾏﾁ
0178,ﾁｸﾎｳ,003,ｺｸﾄﾞｳﾄﾞｵﾘ
0178,ﾁｸﾎｳ,004,ﾋﾖｼﾏﾁ
0178,ﾁｸﾎｳ,005,ｱﾗｷ
0178,ﾁｸﾎｳ,006,ﾄｽ
0178,ﾁｸﾎｳ,007,ｺｸﾌﾞ
0178,ﾁｸﾎｳ,008,ｺｳﾗｳﾁ
0178,ﾁｸﾎｳ,009,ﾅｶﾞﾄｲｼ
0178,ﾁｸﾎｳ,011,ﾖｼｲ
0178,ﾁｸﾎｳ,012,ｱﾏｷﾞ
0178,ﾁｸﾎｳ,013,ﾀﾇｼﾏﾙ
0178,ﾁｸﾎｳ,014,ﾊｷ
0178,ﾁｸﾎｳ,015,ﾋﾀ
0178,ﾁｸﾎｳ,021,ﾔﾒ
0178,ﾁｸﾎｳ,022,ﾁｸｺﾞ
0178,ﾁｸﾎｳ,031,ﾔﾅｶﾞﾜ
0178,ﾁｸﾎｳ,032,ｵｵｶﾜ
0178,ﾁｸﾎｳ,033,ｵｵﾑﾀ
0178,ﾁｸﾎｳ,034,ｾﾀｶ
0178,ﾁｸﾎｳ,041,ﾌｸｵｶ
0178,ﾁｸﾎｳ,042,ｻﾞﾂｼﾖﾉｸﾏ
0178,ﾁｸﾎｳ,043,ﾊｶﾀ
0178,ﾁｸﾎｳ,044,ｱｶｻｶﾓﾝ
0178,ﾁｸﾎｳ,045,ﾆｼｼﾞﾝﾏﾁ
0178,ﾁｸﾎｳ,046,ｵｵﾉ
0178,ﾁｸﾎｳ,047,ﾅｼﾞﾏ
0178,ﾁｸﾎｳ,048,ｶｽｶﾞ
0178,ﾁｸﾎｳ,049,ﾌﾂｶｲﾁ
0178,ﾁｸﾎｳ,051,ｷﾀｷﾕｳｼﾕｳ
0178,ﾁｸﾎｳ,052,ｸﾛｻｷ
0178,ﾁｸﾎｳ,101,ｵｺﾞｵﾘ
0178,ﾁｸﾎｳ,102,ﾂﾌﾞｸ
0178,ﾁｸﾎｳ,103,ｶﾐﾂ
0178,ﾁｸﾎｳ,104,ﾐﾅﾐﾏﾁ
0178,ﾁｸﾎｳ,106,ｼﾞﾕｳｻﾝﾌﾞ
0178,ﾁｸﾎｳ,107,ﾋｶﾞｼｱｲｶﾜ
0178,ﾁｸﾎｳ,109,ﾀﾞｲｾﾞﾝｼﾞ
0178,ﾁｸﾎｳ,111,ｸｼﾊﾗ
0178,ﾁｸﾎｳ,141,ﾆｼﾌｸｵｶ
0178,ﾁｸﾎｳ,142,ｹﾔｺﾞｳ
0178,ﾁｸﾎｳ,143,ﾅｶｵ
0178,ﾁｸﾎｳ,145,ﾁﾊﾔ
0178,ﾁｸﾎｳ,181,ﾄｳｷﾖｳ
0179,ｻｶﾞ,500,ﾎﾝﾃﾝ
0179,ｻｶﾞ,550,ｺﾝｻﾙﾌﾟﾗｻﾞｻｶﾞ
0179,ｻｶﾞ,580,ﾐｶﾂﾞｷ
0179,ｻｶﾞ,581,ﾋｶﾞｼｾﾌﾘ
0179,ｻｶﾞ,583,ﾋﾖｳｺﾞ
0179,ｻｶﾞ,591,ﾋｶﾞｼﾖｶ
0179,ｻｶﾞ,592,ｻｶﾞｲﾀﾞｲﾏｴ
0179,ｻｶﾞ,596,ｷﾝﾘﾕｳ
0179,ｻｶﾞ,601,ｹﾝﾁﾖｳ
0179,ｻｶﾞ,602,ｼﾞﾖｳﾎｸ
0179,ｻｶﾞ,603,ｺﾞﾌｸﾏﾁ
0179,ｻｶﾞ,607,ﾐｽﾞｶﾞｴ
0179,ｻｶﾞ,611,ﾖｶﾏﾁ
0179,ｻｶﾞ,612,ﾅﾍﾞｼﾏ
0179,ｻｶﾞ,613,ｺｳﾉﾏﾁ
0179,ｻｶﾞ,614,ﾀｶｷﾞｾ
0179,ｻｶﾞ,615,ｶｾﾏﾁ
0179,ｻｶﾞ,616,ﾔﾏﾄﾏﾁ
0179,ｻｶﾞ,617,ｲﾇｲﾄﾞｳ
0179,ｻｶﾞ,618,ｱｻﾋ
0179,ｻｶﾞ,619,ﾓﾛﾄﾞﾐ
0179,ｻｶﾞ,621,ﾄｽ
0179,ｻｶﾞ,623,ｶﾝｻﾞｷ
0179,ｻｶﾞ,624,ｷﾔﾏ
0179,ｻｶﾞ,625,ﾐﾀｶﾞﾜ
0179,ｻｶﾞ,626,ﾅｶﾊﾞﾙ
0179,ｻｶﾞ,627,ｵｷﾞ
0179,ｻｶﾞ,629,ｳｼﾂﾞ
0179,ｻｶﾞ,630,ｸﾎﾞﾀ
0179,ｻｶﾞ,631,ﾀｸ
0179,ｻｶﾞ,635,ｶﾗﾂ
0179,ｻｶﾞ,638,ﾁﾖﾀﾞﾁﾖｳ
0179,ｻｶﾞ,639,ﾆｼｶﾗﾂ
0179,ｻｶﾞ,640,ｷﾀｼｹﾞﾔｽ
0179,ｻｶﾞ,642,ﾜﾀﾀﾞ
0179,ｻｶﾞ,643,ﾖﾌﾞｺ
0179,ｻｶﾞ,645,ｱﾘｳﾗ
0179,ｻｶﾞ,646,ﾋｾﾞﾝﾁﾖｳ
0179,ｻｶﾞ,647,ﾊﾏｻｷ
0179,ｻｶﾞ,651,ｵｳﾁ
0179,ｻｶﾞ,652,ﾐﾈ
0179,ｻｶﾞ,655,ﾀｹｵ
0179,ｻｶﾞ,657,ﾀｹｵﾆｼ
0179,ｻｶﾞ,659,ﾐﾏｻｶ
0179,ｻｶﾞ,661,ｷﾀｶﾞﾀ
0179,ｻｶﾞ,663,ｵｵﾏﾁ
0179,ｻｶﾞ,664,ｺｳﾎｸ
0179,ｻｶﾞ,665,ｼﾛｲｼ
0179,ｻｶﾞ,667,ｱﾘｱｹ
0179,ｻｶﾞ,669,ｶｼﾏ
0179,ｻｶﾞ,671,ﾊﾏ
0179,ｻｶﾞ,672,ﾀﾗ
0179,ｻｶﾞ,673,ｼｵﾀ
0179,ｻｶﾞ,675,ｳﾚｼﾉ
0179,ｻｶﾞ,679,ｲﾏﾘ
0179,ｻｶﾞ,681,ｸｽｸ
0179,ｻｶﾞ,685,ｱﾘﾀ
0179,ｻｶﾞ,687,ｱﾘﾀｴｷﾏｴ
0179,ｻｶﾞ,688,ﾆｼｱﾘﾀ
0179,ｻｶﾞ,689,ﾄｽｴｷﾏｴ
0179,ｻｶﾞ,690,ｶﾗﾂｴｷﾏｴ
0179,ｻｶﾞ,701,ﾅｶﾞｻｷ
0179,ｻｶﾞ,703,ｻｾﾎ
0179,ｻｶﾞ,707,ｱｲﾉｳﾗ
0179,ｻｶﾞ,709,ｲﾏﾌｸ
0179,ｻｶﾞ,801,ﾌｸｵｶ
0179,ｻｶﾞ,802,ﾏｴﾊﾞﾙ
0179,ｻｶﾞ,803,ﾊｶﾀ
0179,ｻｶﾞ,804,ﾎｼｸﾞﾏ
0179,ｻｶﾞ,805,ﾜﾀﾅﾍﾞﾄﾞｵﾘ
0179,ｻｶﾞ,806,ﾉﾏ
0179,ｻｶﾞ,807,ﾆｼｼﾞﾝﾏﾁ
0179,ｻｶﾞ,808,ﾒｲﾉﾊﾏ
0179,ｻｶﾞ,809,ﾊｺｻﾞｷ
0179,ｻｶﾞ,810,ｽｾﾝｼﾞ
0179,ｻｶﾞ,811,ｶｽｶﾞ
0179,ｻｶﾞ,812,ｶﾌﾘ
0179,ｻｶﾞ,813,ｸﾙﾒ
0179,ｻｶﾞ,814,ｺﾞｼﾞﾖｳ
0179,ｻｶﾞ,815,ﾔﾅｶﾞﾜ
0179,ｻｶﾞ,816,ﾂｺ
0179,ｻｶﾞ,817,ｺｸﾗ
0179,ｻｶﾞ,818,ﾑｷﾞﾉ
0179,ｻｶﾞ,819,ｵｵｶﾜ
0179,ｻｶﾞ,820,ﾌﾂｶｲﾁ
0179,ｻｶﾞ,821,ﾔﾊﾀ
0179,ｻｶﾞ,823,ﾛｳｼﾞ
0179,ｻｶﾞ,825,ｼﾒ
0179,ｻｶﾞ,826,ﾉｹ
0179,ｻｶﾞ,827,ﾋﾊﾞﾙ
0179,ｻｶﾞ,828,ﾄﾞｲ
0179,ｻｶﾞ,829,ﾐﾔｹ
0179,ｻｶﾞ,830,ｶｽｶﾞﾐﾅﾐ
0179,ｻｶﾞ,831,ｻﾜﾗﾆｼ
0179,ｻｶﾞ,832,ﾐﾂﾞﾏ
0179,ｻｶﾞ,833,ﾊｶﾀｴｷﾋｶﾞｼ
0179,ｻｶﾞ,836,ｶﾀｴ
0179,ｻｶﾞ,838,ﾐﾄﾏ
0179,ｻｶﾞ,840,ﾂﾌﾞｸ
0179,ｻｶﾞ,841,ﾆｼﾞﾖｳ
0179,ｻｶﾞ,844,ﾅｶ
0179,ｻｶﾞ,846,ﾅｶｶﾞﾜ
0179,ｻｶﾞ,848,ﾃﾝｼﾞﾝ
0179,ｻｶﾞ,901,ﾄｳｷﾖｳ
0181,ｼﾞﾕｳﾊﾁｼﾝﾜ,001,ｻｾﾎﾞﾎﾝﾃﾝ
0181,ｼﾞﾕｳﾊﾁｼﾝﾜ,002,ｻｾﾎﾞ
0181,ｼﾞﾕｳﾊﾁｼﾝﾜ,004,ｵｵﾐﾔ
0181,ｼﾞﾕｳﾊﾁｼﾝﾜ,005,ﾊﾏﾀﾞﾏﾁ
0181,ｼﾞﾕｳﾊﾁｼﾝﾜ,007,ﾐﾔﾀﾏﾁ
0181,ｼﾞﾕｳﾊﾁｼﾝﾜ,008,ｵｵﾉ
0181,ｼﾞﾕｳﾊﾁｼﾝﾜ,009,ﾋﾉ
0181,ｼﾞﾕｳﾊﾁｼﾝﾜ,010,ｵﾛｼﾎﾝﾏﾁ
0181,ｼﾞﾕｳﾊﾁｼﾝﾜ,011,ｱｲﾉｳﾗ
0181,ｼﾞﾕｳﾊﾁｼﾝﾜ,012,ﾋｳ
0181,ｼﾞﾕｳﾊﾁｼﾝﾜ,013,ﾊｲｷ
0181,ｼﾞﾕｳﾊﾁｼﾝﾜ,015,ﾊﾅﾀｶ
0181,ｼﾞﾕｳﾊﾁｼﾝﾜ,016,ｸﾛｶﾐ
0181,ｼﾞﾕｳﾊﾁｼﾝﾜ,030,ｻｾﾎﾞｼﾔｸｼﾖ
0181,ｼﾞﾕｳﾊﾁｼﾝﾜ,076,ｵｵﾉﾁﾕｳｵｳ
0181,ｼﾞﾕｳﾊﾁｼﾝﾜ,100,ﾎﾝﾃﾝ
0181,ｼﾞﾕｳﾊﾁｼﾝﾜ,101,ﾅｶﾞｻｷ
0181,ｼﾞﾕｳﾊﾁｼﾝﾜ,102,ｵｵﾊﾄ
0181,ｼﾞﾕｳﾊﾁｼﾝﾜ,103,ﾊﾏﾉﾏﾁ
0181,ｼﾞﾕｳﾊﾁｼﾝﾜ,104,ｳﾗｶﾐｴｷﾏｴ
0181,ｼﾞﾕｳﾊﾁｼﾝﾜ,105,ｽﾐﾖｼﾁﾕｳｵｳ
0181,ｼﾞﾕｳﾊﾁｼﾝﾜ,106,ｱｻﾋﾏﾁ
0181,ｼﾞﾕｳﾊﾁｼﾝﾜ,107,ｳﾏﾏﾁ
0181,ｼﾞﾕｳﾊﾁｼﾝﾜ,108,ｵｵｳﾗﾁﾕｳｵｳ
0181,ｼﾞﾕｳﾊﾁｼﾝﾜ,109,ﾌｼﾞﾐﾏﾁ
0181,ｼﾞﾕｳﾊﾁｼﾝﾜ,110,ﾓﾄﾊﾗ
0181,ｼﾞﾕｳﾊﾁｼﾝﾜ,111,ﾉﾓﾁﾕｳｵｳ
0181,ｼﾞﾕｳﾊﾁｼﾝﾜ,112,ﾄｷﾂﾁﾕｳｵｳ
0181,ｼﾞﾕｳﾊﾁｼﾝﾜ,113,ﾅﾒｼﾁﾕｳｵｳ
0181,ｼﾞﾕｳﾊﾁｼﾝﾜ,114,ﾋｶﾞｼﾅｶﾞｻｷﾁﾕｳｵｳ
0181,ｼﾞﾕｳﾊﾁｼﾝﾜ,115,ﾅｶﾞﾖﾁﾕｳｵｳ
0181,ｼﾞﾕｳﾊﾁｼﾝﾜ,116,ﾆｼﾏﾁ
0181,ｼﾞﾕｳﾊﾁｼﾝﾜ,120,ﾊﾔﾏ
0181,ｼﾞﾕｳﾊﾁｼﾝﾜ,125,ｼﾝﾄﾏﾁﾁﾕｳｵｳ
0181,ｼﾞﾕｳﾊﾁｼﾝﾜ,127,ﾍｲﾜﾏﾁ
0181,ｼﾞﾕｳﾊﾁｼﾝﾜ,130,ﾌｶﾎﾘﾁﾕｳｵｳ
0181,ｼﾞﾕｳﾊﾁｼﾝﾜ,131,ﾅｶﾞｻｷｷﾞﾖｺｳﾁﾕｳｵｳ
0181,ｼﾞﾕｳﾊﾁｼﾝﾜ,133,ｹﾝﾁﾖｳ
0181,ｼﾞﾕｳﾊﾁｼﾝﾜ,134,ﾅｶﾞｻｷｼﾔｸｼﾖ
0181,ｼﾞﾕｳﾊﾁｼﾝﾜ,135,ﾃﾞｼﾞﾀﾙﾃﾞｼﾞﾏ
0181,ｼﾞﾕｳﾊﾁｼﾝﾜ,136,ｷﾀ
0181,ｼﾞﾕｳﾊﾁｼﾝﾜ,137,ｲﾅｻ
0181,ｼﾞﾕｳﾊﾁｼﾝﾜ,138,ｲﾅｻﾁﾕｳｵｳﾄﾞｵﾘ
0181,ｼﾞﾕｳﾊﾁｼﾝﾜ,140,ｹﾝﾁﾖｳﾁﾕｳｵｳ
0181,ｼﾞﾕｳﾊﾁｼﾝﾜ,141,ﾅｶﾞｻｷｼﾔｸｼﾖﾁﾕｳｵｳ
0181,ｼﾞﾕｳﾊﾁｼﾝﾜ,150,ｳﾗｶﾐ
0181,ｼﾞﾕｳﾊﾁｼﾝﾜ,159,ﾀﾞｲｶﾞｸﾋﾞﾖｳｲﾝﾏｴ
0181,ｼﾞﾕｳﾊﾁｼﾝﾜ,164,ﾋﾐﾁﾕｳｵｳ
0181,ｼﾞﾕｳﾊﾁｼﾝﾜ,165,ﾁﾄｾﾋﾟｱ
0181,ｼﾞﾕｳﾊﾁｼﾝﾜ,175,ｼﾛﾔﾏ
0181,ｼﾞﾕｳﾊﾁｼﾝﾜ,176,ｺｴﾊﾞﾙ
0181,ｼﾞﾕｳﾊﾁｼﾝﾜ,180,ﾓﾄﾊﾗﾁﾕｳｵｳ
0181,ｼﾞﾕｳﾊﾁｼﾝﾜ,181,ｼﾖｳﾜﾏﾁ
0181,ｼﾞﾕｳﾊﾁｼﾝﾜ,190,ｽﾐﾖｼ
0181,ｼﾞﾕｳﾊﾁｼﾝﾜ,191,ｵｵﾊｼ
0181,ｼﾞﾕｳﾊﾁｼﾝﾜ,192,ﾅﾒｼ
0181,ｼﾞﾕｳﾊﾁｼﾝﾜ,193,ﾐﾁﾉｵ
0181,ｼﾞﾕｳﾊﾁｼﾝﾜ,195,ﾅｶﾞｻｷｷﾞﾖｺｳ
0181,ｼﾞﾕｳﾊﾁｼﾝﾜ,200,ｼﾝﾀﾞｲｸﾏﾁ
0181,ｼﾞﾕｳﾊﾁｼﾝﾜ,201,ｵｵｾﾄ
0181,ｼﾞﾕｳﾊﾁｼﾝﾜ,203,ｵｵｻｷ
0181,ｼﾞﾕｳﾊﾁｼﾝﾜ,204,ｵｵｸｼ
0181,ｼﾞﾕｳﾊﾁｼﾝﾜ,210,ｻｸﾗﾏﾁ
0181,ｼﾞﾕｳﾊﾁｼﾝﾜ,220,ｶﾝｺｳﾄﾞｵﾘ
0181,ｼﾞﾕｳﾊﾁｼﾝﾜ,230,ｼｱﾝﾊﾞｼ
0181,ｼﾞﾕｳﾊﾁｼﾝﾜ,233,ﾀｶﾞﾐ
0181,ｼﾞﾕｳﾊﾁｼﾝﾜ,240,ｵｵｳﾗ
0181,ｼﾞﾕｳﾊﾁｼﾝﾜ,250,ﾄﾏﾁ
0181,ｼﾞﾕｳﾊﾁｼﾝﾜ,251,ｼﾝﾄﾏﾁ
0181,ｼﾞﾕｳﾊﾁｼﾝﾜ,260,ﾌｶﾎﾘ
0181,ｼﾞﾕｳﾊﾁｼﾝﾜ,262,ｻﾝﾜﾁﾖｳ
0181,ｼﾞﾕｳﾊﾁｼﾝﾜ,270,ﾓｷﾞ
0181,ｼﾞﾕｳﾊﾁｼﾝﾜ,280,ﾋｶﾞｼﾅｶﾞｻｷ
0181,ｼﾞﾕｳﾊﾁｼﾝﾜ,283,ﾋﾐ
0181,ｼﾞﾕｳﾊﾁｼﾝﾜ,290,ﾄｷﾂ
0181,ｼﾞﾕｳﾊﾁｼﾝﾜ,291,ﾅｶﾞﾖ
0181,ｼﾞﾕｳﾊﾁｼﾝﾜ,292,ｷﾝｶｲ
0181,ｼﾞﾕｳﾊﾁｼﾝﾜ,294,ｵｵｾﾄﾁﾕｳｵｳ
0181,ｼﾞﾕｳﾊﾁｼﾝﾜ,300,ﾉﾓ
0181,ｼﾞﾕｳﾊﾁｼﾝﾜ,301,ｲｻﾊﾔﾁﾕｳｵｳ
0181,ｼﾞﾕｳﾊﾁｼﾝﾜ,302,ｲｻﾊﾔｴｷﾏｴﾁﾕｳｵｳ
0181,ｼﾞﾕｳﾊﾁｼﾝﾜ,303,ﾀﾗﾐﾁﾕｳｵｳ
0181,ｼﾞﾕｳﾊﾁｼﾝﾜ,304,ﾆｼｲｻﾊﾔﾁﾕｳｵｳ
0181,ｼﾞﾕｳﾊﾁｼﾝﾜ,305,ｲｻﾊﾔﾁﾕｳｶｸﾀﾞﾝﾁ
0181,ｼﾞﾕｳﾊﾁｼﾝﾜ,311,ｼﾏﾊﾞﾗ
0181,ｼﾞﾕｳﾊﾁｼﾝﾜ,312,ｼﾏﾊﾞﾗﾐﾅﾄ
0181,ｼﾞﾕｳﾊﾁｼﾝﾜ,313,ﾌｶｴ
0181,ｼﾞﾕｳﾊﾁｼﾝﾜ,322,ｱﾂﾞﾏ
0181,ｼﾞﾕｳﾊﾁｼﾝﾜ,323,ｸﾆﾐﾁﾕｳｵｳ
0181,ｼﾞﾕｳﾊﾁｼﾝﾜ,324,ﾐﾅﾐｼﾏﾊﾞﾗ
0181,ｼﾞﾕｳﾊﾁｼﾝﾜ,325,ｸﾁﾉﾂﾁﾕｳｵｳ
0181,ｼﾞﾕｳﾊﾁｼﾝﾜ,326,ﾁﾁﾞﾜ
0181,ｼﾞﾕｳﾊﾁｼﾝﾜ,400,ｻｾﾎﾞﾁﾕｳｵｳ
0181,ｼﾞﾕｳﾊﾁｼﾝﾜ,401,ｵｵﾑﾗ
0181,ｼﾞﾕｳﾊﾁｼﾝﾜ,403,ﾀｹﾏﾂ
0181,ｼﾞﾕｳﾊﾁｼﾝﾜ,404,ﾆｼｵｵﾑﾗﾁﾕｳｵｳ
0181,ｼﾞﾕｳﾊﾁｼﾝﾜ,405,ｵｵﾐﾔﾁﾕｳｵｳ
0181,ｼﾞﾕｳﾊﾁｼﾝﾜ,407,ｺﾞﾝｼﾞﾖｳｼﾞ
0181,ｼﾞﾕｳﾊﾁｼﾝﾜ,409,ｵｵﾉﾋｶﾞｼ
0181,ｼﾞﾕｳﾊﾁｼﾝﾜ,410,ﾋﾗﾄﾞﾁﾕｳｵｳ
0181,ｼﾞﾕｳﾊﾁｼﾝﾜ,411,ｿﾉｷﾞ
0181,ｼﾞﾕｳﾊﾁｼﾝﾜ,412,ｶﾜﾀﾅ
0181,ｼﾞﾕｳﾊﾁｼﾝﾜ,413,ﾊｻﾐ
0181,ｼﾞﾕｳﾊﾁｼﾝﾜ,414,ｻｾﾎﾞｴｷﾏｴ
0181,ｼﾞﾕｳﾊﾁｼﾝﾜ,415,ｻｾﾎﾞﾀﾜﾗﾏﾁ
0181,ｼﾞﾕｳﾊﾁｼﾝﾜ,416,ﾀﾞｲﾄｳ
0181,ｼﾞﾕｳﾊﾁｼﾝﾜ,417,ﾋﾉﾁﾕｳｵｳ
0181,ｼﾞﾕｳﾊﾁｼﾝﾜ,418,ｻｾﾎﾞｼﾔｸｼﾖﾁﾕｳｵｳ
0181,ｼﾞﾕｳﾊﾁｼﾝﾜ,419,ﾊｲｷﾁﾕｳｵｳ
0181,ｼﾞﾕｳﾊﾁｼﾝﾜ,420,ﾊｻﾐﾁﾕｳｵｳ
0181,ｼﾞﾕｳﾊﾁｼﾝﾜ,425,ｶﾜﾀﾅﾁﾕｳｵｳ
0181,ｼﾞﾕｳﾊﾁｼﾝﾜ,426,ﾋｶﾞｼｿﾉｷﾞ
0181,ｼﾞﾕｳﾊﾁｼﾝﾜ,430,ｻｻﾞﾁﾕｳｵｳ
0181,ｼﾞﾕｳﾊﾁｼﾝﾜ,440,ﾏﾂｳﾗﾁﾕｳｵｳ
0181,ｼﾞﾕｳﾊﾁｼﾝﾜ,500,ｲｻﾊﾔ
0181,ｼﾞﾕｳﾊﾁｼﾝﾜ,501,ﾋﾗﾄﾞ
0181,ｼﾞﾕｳﾊﾁｼﾝﾜ,502,ﾆｼｲｻﾊﾔ
0181,ｼﾞﾕｳﾊﾁｼﾝﾜ,503,ﾀﾗﾐﾁﾖｳ
0181,ｼﾞﾕｳﾊﾁｼﾝﾜ,504,ｲｲﾓﾘ
0181,ｼﾞﾕｳﾊﾁｼﾝﾜ,505,ｶｲﾂﾞ
0181,ｼﾞﾕｳﾊﾁｼﾝﾜ,507,ﾋｶﾞｼｲｻﾊﾔ
0181,ｼﾞﾕｳﾊﾁｼﾝﾜ,510,ｵｵﾑﾗﾁﾕｳｵｳ
0181,ｼﾞﾕｳﾊﾁｼﾝﾜ,512,ﾏﾂｳﾗ
0181,ｼﾞﾕｳﾊﾁｼﾝﾜ,513,ﾀｹﾏﾂﾁﾕｳｵｳ
0181,ｼﾞﾕｳﾊﾁｼﾝﾜ,514,ｲｻﾊﾔｴｷﾏｴ
0181,ｼﾞﾕｳﾊﾁｼﾝﾜ,515,ﾆｼｵｵﾑﾗ
0181,ｼﾞﾕｳﾊﾁｼﾝﾜ,516,ｽﾜ
0181,ｼﾞﾕｳﾊﾁｼﾝﾜ,520,ﾀｶｷ
0181,ｼﾞﾕｳﾊﾁｼﾝﾜ,521,ｻｻﾞ
0181,ｼﾞﾕｳﾊﾁｼﾝﾜ,523,ﾖｼｲ
0181,ｼﾞﾕｳﾊﾁｼﾝﾜ,525,ｴﾑｶｴ
0181,ｼﾞﾕｳﾊﾁｼﾝﾜ,526,ﾀﾋﾞﾗ
0181,ｼﾞﾕｳﾊﾁｼﾝﾜ,527,ｲｷﾂｷ
0181,ｼﾞﾕｳﾊﾁｼﾝﾜ,540,ｱｲﾉ
0181,ｼﾞﾕｳﾊﾁｼﾝﾜ,550,ﾐｽﾞﾎ
0181,ｼﾞﾕｳﾊﾁｼﾝﾜ,563,ｵﾊﾞﾏ
0181,ｼﾞﾕｳﾊﾁｼﾝﾜ,570,ﾐﾅﾐｸｼﾔﾏ
0181,ｼﾞﾕｳﾊﾁｼﾝﾜ,600,ｼﾏﾊﾞﾗﾁﾕｳｵｳ
0181,ｼﾞﾕｳﾊﾁｼﾝﾜ,601,ｵﾁﾞｶ
0181,ｼﾞﾕｳﾊﾁｼﾝﾜ,602,ｳｸ
0181,ｼﾞﾕｳﾊﾁｼﾝﾜ,603,ﾐﾅﾄ
0181,ｼﾞﾕｳﾊﾁｼﾝﾜ,610,ｸﾆﾐ
0181,ｼﾞﾕｳﾊﾁｼﾝﾜ,611,ﾌｸｴﾁﾕｳｵｳ
0181,ｼﾞﾕｳﾊﾁｼﾝﾜ,613,ｱﾘｱｹ
0181,ｼﾞﾕｳﾊﾁｼﾝﾜ,614,ﾌｶｴﾁﾕｳｵｳ
0181,ｼﾞﾕｳﾊﾁｼﾝﾜ,620,ｱﾘｴ
0181,ｼﾞﾕｳﾊﾁｼﾝﾜ,622,ｼﾝｶﾐｺﾞﾄｳ
0181,ｼﾞﾕｳﾊﾁｼﾝﾜ,624,ﾆｼｱﾘｴ
0181,ｼﾞﾕｳﾊﾁｼﾝﾜ,640,ｱﾘﾏ
0181,ｼﾞﾕｳﾊﾁｼﾝﾜ,641,ﾂｼﾏﾁﾕｳｵｳ
0181,ｼﾞﾕｳﾊﾁｼﾝﾜ,642,ｷﾀｱﾘﾏ
0181,ｼﾞﾕｳﾊﾁｼﾝﾜ,650,ｸﾁﾉﾂ
0181,ｼﾞﾕｳﾊﾁｼﾝﾜ,659,ｶﾂﾞｻ
0181,ｼﾞﾕｳﾊﾁｼﾝﾜ,662,ｲｷﾁﾕｳｵｳ
0181,ｼﾞﾕｳﾊﾁｼﾝﾜ,700,ﾌｸｴ
0181,ｼﾞﾕｳﾊﾁｼﾝﾜ,710,ﾄﾐｴ
0181,ｼﾞﾕｳﾊﾁｼﾝﾜ,711,ｲﾏﾘ
0181,ｼﾞﾕｳﾊﾁｼﾝﾜ,712,ｶﾐｺﾞﾄｳ
0181,ｼﾞﾕｳﾊﾁｼﾝﾜ,720,ｲｷ
0181,ｼﾞﾕｳﾊﾁｼﾝﾜ,721,ｳﾚｼﾉ
0181,ｼﾞﾕｳﾊﾁｼﾝﾜ,730,ｱｼﾍﾞ
0181,ｼﾞﾕｳﾊﾁｼﾝﾜ,740,ﾂｼﾏ
0181,ｼﾞﾕｳﾊﾁｼﾝﾜ,741,ﾄﾖﾀﾏ
0181,ｼﾞﾕｳﾊﾁｼﾝﾜ,743,ﾐﾂｼﾏ
0181,ｼﾞﾕｳﾊﾁｼﾝﾜ,750,ﾋﾀﾞｶﾂ
0181,ｼﾞﾕｳﾊﾁｼﾝﾜ,760,ｻｶﾞﾁﾕｳｵｳ
0181,ｼﾞﾕｳﾊﾁｼﾝﾜ,761,ﾀｹｵ
0181,ｼﾞﾕｳﾊﾁｼﾝﾜ,763,ｶｼﾏ
0181,ｼﾞﾕｳﾊﾁｼﾝﾜ,764,ｶﾗﾂ
0181,ｼﾞﾕｳﾊﾁｼﾝﾜ,800,ﾌｸｵｶﾁﾕｳｵｳ
0181,ｼﾞﾕｳﾊﾁｼﾝﾜ,801,ﾌｸｵｶ
0181,ｼﾞﾕｳﾊﾁｼﾝﾜ,803,ﾆｼｼﾞﾝ
0181,ｼﾞﾕｳﾊﾁｼﾝﾜ,804,ｼｵﾊﾞﾙ
0181,ｼﾞﾕｳﾊﾁｼﾝﾜ,808,ｸﾙﾒ
0181,ｼﾞﾕｳﾊﾁｼﾝﾜ,810,ｷﾀｷﾕｳｼﾕｳ
0181,ｼﾞﾕｳﾊﾁｼﾝﾜ,813,ｺｸﾗ
0181,ｼﾞﾕｳﾊﾁｼﾝﾜ,816,ﾊｶﾀ
0181,ｼﾞﾕｳﾊﾁｼﾝﾜ,817,ﾋｶﾞｼﾌｸｵｶ
0181,ｼﾞﾕｳﾊﾁｼﾝﾜ,818,ﾆｼﾌｸｵｶ
0181,ｼﾞﾕｳﾊﾁｼﾝﾜ,820,ｸﾏﾓﾄ
0181,ｼﾞﾕｳﾊﾁｼﾝﾜ,833,ｵｵﾉｼﾞﾖｳ
0181,ｼﾞﾕｳﾊﾁｼﾝﾜ,834,ｸﾙﾒﾁﾕｳｵｳ
0181,ｼﾞﾕｳﾊﾁｼﾝﾜ,835,ｼﾓﾉｾｷ
0181,ｼﾞﾕｳﾊﾁｼﾝﾜ,836,ｵｵｻｶ
0181,ｼﾞﾕｳﾊﾁｼﾝﾜ,837,ﾄｳｷﾖｳﾁﾕｳｵｳ
0181,ｼﾞﾕｳﾊﾁｼﾝﾜ,840,ﾄｳｷﾖｳ
0181,ｼﾞﾕｳﾊﾁｼﾝﾜ,862,ﾌﾘｺﾐｾﾝﾖｳ
0181,ｼﾞﾕｳﾊﾁｼﾝﾜ,876,ｼ-ﾎﾞﾙﾄ
0182,ﾋｺﾞ,101,ﾎﾝﾃﾝ
0182,ﾋｺﾞ,103,ｼﾝﾏﾁ
0182,ﾋｺﾞ,104,ｺｳﾔﾏﾁ
0182,ﾋｺﾞ,105,ｸﾏﾓﾄｴｷﾏｴ
0182,ﾋｺﾞ,106,ｸﾏﾓﾄｲﾁﾊﾞ
0182,ﾋｺﾞ,107,ﾖﾔｽ
0182,ﾋｺﾞ,108,ﾐﾅﾐｸﾏﾓﾄ
0182,ﾋｺﾞ,109,ｶﾜｼﾘ
0182,ﾋｺﾞ,110,ｵｼﾏ
0182,ﾋｺﾞ,111,ｶﾜﾁ
0182,ﾋｺﾞ,112,ｲﾅﾘﾏｴ
0182,ﾋｺﾞ,114,ｶﾞｸｴﾝﾀﾞｲﾄﾞｵﾘ
0182,ﾋｺﾞ,116,ﾖｺﾃ
0182,ﾋｺﾞ,117,ﾊﾏｾﾝ
0182,ﾋｺﾞ,118,ﾘﾕｳﾂｳﾀﾞﾝﾁ
0182,ﾋｺﾞ,131,ﾎﾘｶﾜ
0182,ﾋｺﾞ,132,ｴﾂﾞﾀﾞﾝﾁ
0182,ﾋｺﾞ,133,ﾀｸﾏ
0182,ﾋｺﾞ,134,ﾋｶﾞｼﾏﾁﾀﾞﾝﾁ
0182,ﾋｺﾞ,135,ﾀﾑｶｴ
0182,ﾋｺﾞ,136,ﾘｷｺﾞｳﾁｶﾐ
0182,ﾋｺﾞ,137,ｼﾏｻｷ
0182,ﾋｺﾞ,138,ｶﾐｸﾏﾓﾄ
0182,ﾋｺﾞ,139,ｽﾅﾄﾘ
0182,ﾋｺﾞ,149,ｸﾏﾓﾄｼﾔｸｼﾖ
0182,ﾋｺﾞ,151,ｷﾞﾝｻﾞﾄﾞｵﾘ
0182,ﾋｺﾞ,152,ｽｲﾄﾞｳﾁﾖｳ
0182,ﾋｺﾞ,153,ｶﾐﾄｵﾘ
0182,ﾋｺﾞ,154,ｺｶｲﾊﾞｼ
0182,ﾋｺﾞ,155,ｷﾀｸﾏﾓﾄ
0182,ﾋｺﾞ,156,ｷﾖｳﾏﾁ
0182,ﾋｺﾞ,157,ﾐｿﾃﾝｼﾞﾝ
0182,ﾋｺﾞ,158,ｽｲｾﾞﾝｼﾞ
0182,ﾋｺﾞ,159,ｹﾝﾁﾖｳ
0182,ﾋｺﾞ,160,ﾋｶﾞｼ
0182,ﾋｺﾞ,161,ｹﾝｸﾞﾝ
0182,ﾋｺﾞ,162,ﾄﾛｸ
0182,ﾋｺﾞ,163,ｷﾖｳﾂﾞｶ
0182,ﾋｺﾞ,164,ｱｷﾂ
0182,ﾋｺﾞ,165,ｸﾜﾐｽﾞ
0182,ﾋｺﾞ,166,ｸｽﾉｷ
0182,ﾋｺﾞ,167,ﾋｶﾘﾉﾓﾘ
0182,ﾋｺﾞ,168,ｵｵｴ
0182,ﾋｺﾞ,169,ｻﾌﾞﾛｳ
0182,ﾋｺﾞ,170,ｵﾐﾈ
0182,ﾋｺﾞ,171,ｼﾓﾅﾍﾞ
0182,ﾋｺﾞ,172,ｲｹﾀﾞ
0182,ﾋｺﾞ,173,ﾀﾂﾀﾞ
0182,ﾋｺﾞ,174,ﾀｸﾏﾋｶﾞｼ
0182,ﾋｺﾞ,175,ｻﾄﾞﾜﾗ
0182,ﾋｺﾞ,176,ﾅｶﾞﾐﾈ
0182,ﾋｺﾞ,190,ｺｳｼ
0182,ﾋｺﾞ,192,ｱｷﾀ
0182,ﾋｺﾞ,193,ﾐﾖｼｽﾏ-ﾄ
0182,ﾋｺﾞ,195,ｽﾔ
0182,ﾋｺﾞ,196,ﾎｸﾌﾞﾏﾁ
0182,ﾋｺﾞ,201,ﾀﾏﾅ
0182,ﾋｺﾞ,202,ﾀﾏﾅｴｷﾏｴ
0182,ﾋｺﾞ,203,ﾃﾝｽｲ
0182,ﾋｺﾞ,204,ﾅｶﾞｽ
0182,ﾋｺﾞ,205,ｱﾗｵ
0182,ﾋｺﾞ,206,ﾅﾝｶﾝ
0182,ﾋｺﾞ,207,ｷｸｽｲ
0182,ﾋｺﾞ,208,ｱﾗｵﾁﾕｳｵｳ
0182,ﾋｺﾞ,210,ｷﾞﾖｸﾄｳ
0182,ﾋｺﾞ,211,ﾔﾏｶﾞ
0182,ﾋｺﾞ,212,ｸﾀﾐ
0182,ﾋｺﾞ,213,ｳｴｷ
0182,ﾋｺﾞ,214,ｷｸﾁ
0182,ﾋｺﾞ,215,ｵｵﾂﾞ
0182,ﾋｺﾞ,216,ﾔﾏｶﾞﾋｶﾞｼ
0182,ﾋｺﾞ,217,ｼｽｲ
0182,ﾋｺﾞ,219,ｷｸﾖｳ
0182,ﾋｺﾞ,221,ﾐﾔﾁﾞ
0182,ﾋｺﾞ,222,ｳﾁﾉﾏｷ
0182,ﾋｺﾞ,223,ｵｸﾞﾆ
0182,ﾋｺﾞ,224,ﾐﾅﾐｵｸﾞﾆ
0182,ﾋｺﾞ,225,ﾀｶﾓﾘ
0182,ﾋｺﾞ,231,ﾐﾌﾈ
0182,ﾋｺﾞ,232,ｷﾔﾏ
0182,ﾋｺﾞ,233,ｺｳｻ
0182,ﾋｺﾞ,234,ﾊﾏﾏﾁ
0182,ﾋｺﾞ,235,ﾄﾓﾁ
0182,ﾋｺﾞ,236,ﾋﾛﾔｽ
0182,ﾋｺﾞ,237,ｶｼﾏ
0182,ﾋｺﾞ,241,ｳﾄ
0182,ﾋｺﾞ,242,ﾐｽﾐ
0182,ﾋｺﾞ,243,ｸﾏﾉｼﾖｳ
0182,ﾋｺﾞ,244,ﾏﾂﾊﾞｾ
0182,ﾋｺﾞ,245,ｵｶﾞﾜ
0182,ﾋｺﾞ,251,ｶｶﾞﾐ
0182,ﾋｺﾞ,252,ﾐﾔﾉﾊﾗ
0182,ﾋｺﾞ,253,ﾔﾂｼﾛ
0182,ﾋｺﾞ,254,ﾔﾂｼﾛｼﾔｸｼﾖ
0182,ﾋｺﾞ,255,ﾔﾂｼﾛｴｷﾏｴ
0182,ﾋｺﾞ,256,ﾋﾅｸﾞ
0182,ﾋｺﾞ,257,ﾔﾂｼﾛｲﾁﾊﾞ
0182,ﾋｺﾞ,258,ｻｶﾓﾄ
0182,ﾋｺﾞ,259,ﾀﾅｶﾏﾁ
0182,ﾋｺﾞ,261,ﾐﾅﾏﾀ
0182,ﾋｺﾞ,263,ｻｼｷ
0182,ﾋｺﾞ,271,ﾋﾄﾖｼ
0182,ﾋｺﾞ,272,ﾒﾝﾀﾞ
0182,ﾋｺﾞ,273,ﾀﾗｷﾞ
0182,ﾋｺﾞ,274,ﾕﾉﾏｴ
0182,ﾋｺﾞ,275,ﾋﾄﾖｼｴｷﾏｴ
0182,ﾋｺﾞ,281,ｱﾏｸｻ
0182,ﾋｺﾞ,282,ｳｼﾌﾞｶ
0182,ﾋｺﾞ,283,ﾄﾐｵｶ
0182,ﾋｺﾞ,284,ｵｵﾔﾉ
0182,ﾋｺﾞ,285,ﾏﾂｼﾏ
0182,ﾋｺﾞ,286,ﾎﾝﾄﾞｷﾀ
0182,ﾋｺﾞ,301,ﾌｸｵｶ
0182,ﾋｺﾞ,302,ｷﾀｷﾕｳｼﾕｳ
0182,ﾋｺﾞ,303,ｵｵﾑﾀ
0182,ﾋｺﾞ,304,ﾅｶﾞｻｷ
0182,ﾋｺﾞ,305,ｶｺﾞｼﾏ
0182,ﾋｺﾞ,306,ｵｵｲﾀ
0182,ﾋｺﾞ,307,ﾐﾅﾐﾊｶﾀ
0182,ﾋｺﾞ,308,ﾐﾔｻﾞｷ
0182,ﾋｺﾞ,310,ｸﾙﾒ
0182,ﾋｺﾞ,311,ﾄｳｷﾖｳ
0182,ﾋｺﾞ,312,ｵｵｻｶ
0183,ｵｵｲﾀ,001,ﾎﾝﾃﾝ
0183,ｵｵｲﾀ,002,ﾋｶﾞｼ
0183,ｵｵｲﾀ,003,ﾆｼ
0183,ｵｵｲﾀ,004,ﾐﾅﾐ
0183,ｵｵｲﾀ,005,ｿ-ﾘﾝ
0183,ｵｵｲﾀ,006,ｵｵｲﾀｴｷﾏｴ
0183,ｵｵｲﾀ,007,ｹﾝﾁﾖｳﾅｲ
0183,ｵｵｲﾀ,008,ﾅｶｼﾞﾏ
0183,ｵｵｲﾀ,009,ﾂﾙ
0183,ｵｵｲﾀ,010,ﾋｵｶ
0183,ｵｵｲﾀ,011,ﾍﾂｷﾞ
0183,ｵｵｲﾀ,012,ｵﾉﾔ
0183,ｵｵｲﾀ,013,ﾂﾙｻｷ
0183,ｵｵｲﾀ,014,ｵｵｻﾞｲ
0183,ｵｵｲﾀ,015,ｻｶﾉｲﾁ
0183,ｵｵｲﾀ,016,ｻｶﾞﾉｾｷ
0183,ｵｵｲﾀ,017,ﾍﾞﾂﾌﾟ
0183,ｵｵｲﾀ,018,ﾍﾞﾂﾌﾟﾐﾅﾐ
0183,ｵｵｲﾀ,019,ﾍﾞﾂﾌﾟｷﾀﾊﾏ
0183,ｵｵｲﾀ,022,ｶﾝﾅﾜ
0183,ｵｵｲﾀ,023,ｶﾒｶﾞﾜ
0183,ｵｵｲﾀ,024,ﾋｼﾞ
0183,ｵｵｲﾀ,025,ｷﾂｷ
0183,ｵｵｲﾀ,026,ｱｷ
0183,ｵｵｲﾀ,027,ｸﾆｻｷ
0183,ｵｵｲﾀ,028,ｸﾆﾐ
0183,ｵｵｲﾀ,029,ﾅｶﾂ
0183,ｵｵｲﾀ,030,ﾌｸｻﾞﾜﾄﾞｵﾘ
0183,ｵｵｲﾀ,032,ﾄﾞｳﾓﾝ
0183,ｵｵｲﾀ,033,ｳｻ
0183,ｵｵｲﾀ,035,ﾅｶﾞｽ
0183,ｵｵｲﾀ,036,ｱｼﾞﾑ
0183,ｵｵｲﾀ,037,ﾀｶﾀ
0183,ｵｵｲﾀ,038,ﾋﾀ
0183,ｵｵｲﾀ,039,ﾏﾒﾀ
0183,ｵｵｲﾀ,041,ｸｽ
0183,ｵｵｲﾀ,042,ｺｺﾉｴ
0183,ｵｵｲﾀ,043,ﾀｹﾀ
0183,ｵｵｲﾀ,045,ﾐｴ
0183,ｵｵｲﾀ,046,ｵｶﾞﾀ
0183,ｵｵｲﾀ,047,ｲﾇｶｲ
0183,ｵｵｲﾀ,048,ﾉﾂ
0183,ｵｵｲﾀ,049,ｳｽｷ
0183,ｵｵｲﾀ,051,ﾂｸﾐ
0183,ｵｵｲﾀ,052,ｻｲｷ
0183,ｵｵｲﾀ,053,ｻｲｷｴｷﾏｴ
0183,ｵｵｲﾀ,054,ﾀﾞｲｶﾞｸﾄﾞｵﾘ
0183,ｵｵｲﾀ,056,ﾃﾂｺｳﾋﾞﾙ
0183,ｵｵｲﾀ,057,ﾌﾙｺﾞｳ
0183,ｵｵｲﾀ,058,ﾜｻﾀﾞ
0183,ｵｵｲﾀ,059,ﾂﾙﾐ
0183,ｵｵｲﾀ,060,ｱｹﾉ
0183,ｵｵｲﾀ,061,ﾕﾌｲﾝ
0183,ｵｵｲﾀ,062,ﾔﾏｶﾞ
0183,ｵｵｲﾀ,063,ｶﾏｴ
0183,ｵｵｲﾀ,065,ﾁﾕｳｵｳｲﾁﾊﾞ
0183,ｵｵｲﾀ,066,ｼﾓｺﾞｵﾘ
0183,ｵｵｲﾀ,067,ｾｲｹ
0183,ｵｵｲﾀ,068,ｶｽｶﾞ
0183,ｵｵｲﾀ,069,ｼｷﾄﾞ
0183,ｵｵｲﾀ,070,ﾂﾙｲ
0183,ｵｵｲﾀ,074,ｶｸ
0183,ｵｵｲﾀ,075,ｲｼｶﾞｷ
0183,ｵｵｲﾀ,076,ｴﾑﾀ
0183,ｵｵｲﾀ,077,ﾀｲﾖｳﾉｲｴ
0183,ｵｵｲﾀ,078,ﾊｻﾏ
0183,ｵｵｲﾀ,079,ﾊｷﾞﾜﾗ
0183,ｵｵｲﾀ,080,ｲｶﾀﾞｲｶﾞｸﾏｴ
0183,ｵｵｲﾀ,081,ｻｲｷﾅｶﾞｼﾏ
0183,ｵｵｲﾀ,082,ﾓﾘ
0183,ｵｵｲﾀ,084,ﾊﾝﾀﾞ
0183,ｵｵｲﾀ,085,ﾌｼﾞﾐｶﾞｵｶ
0183,ｵｵｲﾀ,088,ｵｵｻﾀﾞ
0183,ｵｵｲﾀ,090,ﾆｼﾞｶﾞｵｶ
0183,ｵｵｲﾀ,093,ﾜｶﾐﾔ
0183,ｵｵｲﾀ,094,ﾅｶﾂﾋｶﾞｼ
0183,ｵｵｲﾀ,095,ﾀｷｵ
0183,ｵｵｲﾀ,101,ﾉﾍﾞｵｶ
0183,ｵｵｲﾀ,102,ﾌﾞｾﾞﾝ
0183,ｵｵｲﾀ,103,ｺｸﾗ
0183,ｵｵｲﾀ,105,ﾓｼﾞｴｷﾏｴ
0183,ｵｵｲﾀ,106,ﾄﾊﾞﾀ
0183,ｵｵｲﾀ,109,ﾌｸｵｶ
0183,ｵｵｲﾀ,111,ｵｵｻｶ
0183,ｵｵｲﾀ,112,ﾄｳｷﾖｳ
0183,ｵｵｲﾀ,114,ｸﾏﾓﾄ
0183,ｵｵｲﾀ,116,ﾐﾔｻﾞｷ
0183,ｵｵｲﾀ,118,ﾊｶﾀ
0183,ｵｵｲﾀ,206,ｲﾏﾂﾞﾀｼﾞﾘ
0183,ｵｵｲﾀ,216,ｵｵｲﾀｼﾔｸｼﾖ
0183,ｵｵｲﾀ,230,ﾜｻﾀﾞﾀｳﾝ
0183,ｵｵｲﾀ,290,ﾈﾂﾄｱｶﾚﾝｶﾞ
0184,ﾐﾔｻﾞｷ,020,ﾎﾝﾃﾝ
0184,ﾐﾔｻﾞｷ,030,ｹﾝﾁﾖｳ
0184,ﾐﾔｻﾞｷ,040,ﾐﾔｻﾞｷｴｷﾏｴ
0184,ﾐﾔｻﾞｷ,050,ﾀﾁﾊﾞﾅﾄﾞｵﾘ
0184,ﾐﾔｻﾞｷ,060,ｴﾋﾗ
0184,ﾐﾔｻﾞｷ,065,ｵｵｼﾏ
0184,ﾐﾔｻﾞｷ,070,ｵｵﾖﾄﾞ
0184,ﾐﾔｻﾞｷ,072,ﾐﾅﾐﾐﾔｻﾞｷ
0184,ﾐﾔｻﾞｷ,076,ﾆｼｵｵﾖﾄﾞ
0184,ﾐﾔｻﾞｷ,080,ﾋｶﾞｼﾐﾔｻﾞｷ
0184,ﾐﾔｻﾞｷ,083,ﾔﾅｷﾞﾏﾙ
0184,ﾐﾔｻﾞｷ,085,ﾁﾕｳｵｳｲﾁﾊﾞ
0184,ﾐﾔｻﾞｷ,090,ﾀﾞｲｸﾏﾁ
0184,ﾐﾔｻﾞｷ,093,ｵｵﾂｶﾁﾕｳｵｳ
0184,ﾐﾔｻﾞｷ,095,ｵｵﾂｶﾀﾞｲ
0184,ﾐﾔｻﾞｷ,096,ｺﾏﾂﾀﾞｲ
0184,ﾐﾔｻﾞｷ,098,ｲｷﾒﾀﾞｲ
0184,ﾐﾔｻﾞｷ,100,ﾐﾔｻﾞｷ
0184,ﾐﾔｻﾞｷ,101,ﾐﾔｻﾞｷｼﾔｸｼﾖ
0184,ﾐﾔｻﾞｷ,110,ｼﾖｳﾜﾏﾁ
0184,ﾐﾔｻﾞｷ,115,ｲﾁﾉﾐﾔ
0184,ﾐﾔｻﾞｷ,120,ｼﾞﾝｸﾞｳ
0184,ﾐﾔｻﾞｷ,125,ﾊﾅｶﾞｼﾏ
0184,ﾐﾔｻﾞｷ,130,ﾍｲﾜﾀﾞｲ
0184,ﾐﾔｻﾞｷ,135,ｷﾘｼﾏﾁﾖｳ
0184,ﾐﾔｻﾞｷ,140,ｱｶｴ
0184,ﾐﾔｻﾞｷ,142,ｷﾎﾞｳｶﾞｵｶ
0184,ﾐﾔｻﾞｷ,143,ｷﾊﾞﾅ
0184,ﾐﾔｻﾞｷ,145,ｽﾐﾖｼ
0184,ﾐﾔｻﾞｷ,150,ｷﾖﾀｹ
0184,ﾐﾔｻﾞｷ,155,ｶﾉｳ
0184,ﾐﾔｻﾞｷ,160,ｸﾆﾄﾐ
0184,ﾐﾔｻﾞｷ,170,ﾀﾉ
0184,ﾐﾔｻﾞｷ,180,ｱﾔ
0184,ﾐﾔｻﾞｷ,190,ﾀｶｵｶ
0184,ﾐﾔｻﾞｷ,200,ｻｲﾄ
0184,ﾐﾔｻﾞｷ,220,ﾆｼｻﾄﾞﾜﾗ
0184,ﾐﾔｻﾞｷ,230,ｻﾄﾞﾜﾗ
0184,ﾐﾔｻﾞｷ,240,ﾀｶﾅﾍﾞ
0184,ﾐﾔｻﾞｷ,250,ｶﾜﾐﾅﾐ
0184,ﾐﾔｻﾞｷ,260,ﾂﾉ
0184,ﾐﾔｻﾞｷ,270,ｼﾝﾄﾐ
0184,ﾐﾔｻﾞｷ,300,ﾐﾔｺﾉｼﾞﾖｳ
0184,ﾐﾔｻﾞｷ,301,ﾐﾔｺﾉｼﾞﾖｳｼﾔｸｼﾖ
0184,ﾐﾔｻﾞｷ,303,ﾀｶｵ
0184,ﾐﾔｻﾞｷ,305,ｶﾜﾋｶﾞｼ
0184,ﾐﾔｻﾞｷ,308,ﾄﾎｸﾁﾖｳ
0184,ﾐﾔｻﾞｷ,310,ﾐﾔｺﾉｼﾞﾖｳｷﾀ
0184,ﾐﾔｻﾞｷ,311,ﾄｼﾐﾁﾖｳ
0184,ﾐﾔｻﾞｷ,325,ﾂﾏｶﾞｵｶ
0184,ﾐﾔｻﾞｷ,328,ｲﾁﾏﾝｼﾞﾖｳ
0184,ﾐﾔｻﾞｷ,330,ｼﾖｳﾅｲ
0184,ﾐﾔｻﾞｷ,340,ﾔﾏﾉｸﾁ
0184,ﾐﾔｻﾞｷ,350,ﾀｶｼﾞﾖｳ
0184,ﾐﾔｻﾞｷ,360,ﾀﾆｶﾞｼﾗ
0184,ﾐﾔｻﾞｷ,370,ﾀｶｻｷ
0184,ﾐﾔｻﾞｷ,380,ﾐﾏﾀ
0184,ﾐﾔｻﾞｷ,400,ｺﾊﾞﾔｼ
0184,ﾐﾔｻﾞｷ,401,ﾉｼﾞﾘ
0184,ﾐﾔｻﾞｷ,410,ﾅｶﾏﾁ
0184,ﾐﾔｻﾞｷ,430,ﾀｶﾊﾙ
0184,ﾐﾔｻﾞｷ,440,ｲｲﾉ
0184,ﾐﾔｻﾞｷ,450,ﾏｻｷ
0184,ﾐﾔｻﾞｷ,500,ｱﾌﾞﾗﾂ
0184,ﾐﾔｻﾞｷ,510,ｱｶﾞﾀ
0184,ﾐﾔｻﾞｷ,520,ｵﾋﾞ
0184,ﾐﾔｻﾞｷ,540,ｸｼﾏ
0184,ﾐﾔｻﾞｷ,550,ﾅﾝｺﾞｳ
0184,ﾐﾔｻﾞｷ,600,ﾋﾕｳｶﾞ
0184,ﾐﾔｻﾞｷ,605,ｻﾞｲｺｳｼﾞ
0184,ﾐﾔｻﾞｷ,620,ﾋﾕｳｶﾞﾋｶﾞｼ
0184,ﾐﾔｻﾞｷ,630,ｿﾈ
0184,ﾐﾔｻﾞｷ,640,ｼｲﾊﾞ
0184,ﾐﾔｻﾞｷ,650,ｶﾄﾞｶﾞﾜ
0184,ﾐﾔｻﾞｷ,700,ﾉﾍﾞｵｶ
0184,ﾐﾔｻﾞｷ,701,ﾉﾍﾞｵｶｼﾔｸｼﾖ
0184,ﾐﾔｻﾞｷ,710,ﾂﾈﾄﾐ
0184,ﾐﾔｻﾞｷ,720,ｷﾞｵﾝﾏﾁ
0184,ﾐﾔｻﾞｷ,725,ﾅｶｶﾞﾜﾗ
0184,ﾐﾔｻﾞｷ,730,ﾄﾄﾛ
0184,ﾐﾔｻﾞｷ,740,ﾐﾅﾐﾉﾍﾞｵｶ
0184,ﾐﾔｻﾞｷ,750,ｲﾃﾞｷﾀ
0184,ﾐﾔｻﾞｷ,760,ﾀｶﾁﾎ
0184,ﾐﾔｻﾞｷ,761,ｺﾞｶｾ
0184,ﾐﾔｻﾞｷ,770,ﾋﾉｶｹﾞ
0184,ﾐﾔｻﾞｷ,800,ｶｺﾞｼﾏ
0184,ﾐﾔｻﾞｷ,810,ｶｺﾞｼﾏﾐﾅﾐ
0184,ﾐﾔｻﾞｷ,830,ｾﾝﾀﾞｲ
0184,ﾐﾔｻﾞｷ,831,ﾃｲｹｲｴ-ﾃｲ-ｴﾑ
0184,ﾐﾔｻﾞｷ,840,ｶﾉﾔ
0184,ﾐﾔｻﾞｷ,850,ｼﾌﾞｼ
0184,ﾐﾔｻﾞｷ,860,ｺｸﾌﾞ
0184,ﾐﾔｻﾞｷ,900,ｵｵｲﾀ
0184,ﾐﾔｻﾞｷ,910,ｸﾏﾓﾄ
0184,ﾐﾔｻﾞｷ,930,ﾌｸｵｶ
0184,ﾐﾔｻﾞｷ,940,ｵｵｻｶ
0184,ﾐﾔｻﾞｷ,950,ﾄｳｷﾖｳ
0185,ｶｺﾞｼﾏ,000,ﾎﾝﾃﾝ
0185,ｶｺﾞｼﾏ,001,ｶｺﾞｼﾏｼﾔｸｼﾖ
0185,ｶｺﾞｼﾏ,010,ﾀｶﾐﾊﾞﾊﾞ
0185,ｶｺﾞｼﾏ,020,ﾃﾝｼﾞﾝﾊﾞﾊﾞ
0185,ｶｺﾞｼﾏ,030,ｶﾝﾏﾁ
0185,ｶｺﾞｼﾏ,031,ﾀﾃﾊﾞﾊﾞ
0185,ｶｺﾞｼﾏ,040,ﾁﾕｳｵｳｲﾁﾊﾞ
0185,ｶｺﾞｼﾏ,050,ﾃﾝﾓﾝｶﾝ
0185,ｶｺﾞｼﾏ,060,ﾖｼﾉ
0185,ｶｺﾞｼﾏ,061,ｹﾀﾞﾅ
0185,ｶｺﾞｼﾏ,070,ﾆｼﾀﾞ
0185,ｶｺﾞｼﾏ,090,ｹﾝﾁﾖｳ
0185,ｶｺﾞｼﾏ,100,ﾁﾕｳｵｳ
0185,ｶｺﾞｼﾏ,101,ｼﾝｶﾝﾊﾞｼ
0185,ｶｺﾞｼﾏ,102,ﾆｼﾀｹﾏﾁ
0185,ｶｺﾞｼﾏ,103,ﾀｶﾞﾐ
0185,ｶｺﾞｼﾏ,104,ﾄｿ
0185,ｶｺﾞｼﾏ,107,ｾｲﾘﾖｳ
0185,ｶｺﾞｼﾏ,110,ｱﾗﾀ
0185,ｶｺﾞｼﾏ,112,ﾐｽﾞﾎﾄﾞｵﾘ
0185,ｶｺﾞｼﾏ,120,ｶﾓｲｹ
0185,ｶｺﾞｼﾏ,121,ｳｽｷ
0185,ｶｺﾞｼﾏ,122,ﾑﾗｻｷﾊﾞﾙ
0185,ｶｺﾞｼﾏ,123,ﾏｻｺﾞ
0185,ｶｺﾞｼﾏ,124,ﾆｼﾑﾗｻｷﾊﾞﾙ
0185,ｶｺﾞｼﾏ,127,ｻｻﾇｷ
0185,ｶｺﾞｼﾏ,128,ｺｳﾖｳ
0185,ｶｺﾞｼﾏ,130,ｿｳﾑﾀ
0185,ｶｺﾞｼﾏ,131,ｲｼｷ
0185,ｶｺﾞｼﾏ,132,ﾆｼｲｼｷ
0185,ｶｺﾞｼﾏ,135,ｲｼｷﾆﾕ-ﾀｳﾝ
0185,ｶｺﾞｼﾏ,140,ﾀﾆﾔﾏ
0185,ｶｺﾞｼﾏ,141,ﾋｶﾞｼﾀﾆﾔﾏ
0185,ｶｺﾞｼﾏ,142,ﾆｼﾀﾆﾔﾏ
0185,ｶｺﾞｼﾏ,143,ｻｸﾗｶﾞｵｶ
0185,ｶｺﾞｼﾏ,144,ﾎｼｶﾞﾐﾈ
0185,ｶｺﾞｼﾏ,145,ﾜﾀﾞ
0185,ｶｺﾞｼﾏ,146,ｺｳﾄｸｼﾞ
0185,ｶｺﾞｼﾏ,150,ｵﾛｼﾎﾝﾏﾁ
0185,ｶｺﾞｼﾏ,152,ﾀﾆﾔﾏｺｳ
0185,ｶｺﾞｼﾏ,160,ﾒｲﾜ
0185,ｶｺﾞｼﾏ,170,ﾀｹｵｶﾀﾞﾝﾁ
0185,ｶｺﾞｼﾏ,180,ｼﾞﾖｳｾｲ
0185,ｶｺﾞｼﾏ,190,ｻｶﾉｳｴ
0185,ｶｺﾞｼﾏ,200,ｶｾﾀﾞ
0185,ｶｺﾞｼﾏ,202,ﾊﾞﾝｾｲ
0185,ｶｺﾞｼﾏ,204,ｵｵｳﾗ
0185,ｶｺﾞｼﾏ,210,ｲﾌﾞｽｷ
0185,ｶｺﾞｼﾏ,212,ｲﾌﾞｽｷｷﾀ
0185,ｶｺﾞｼﾏ,220,ﾔﾏｶﾞﾜ
0185,ｶｺﾞｼﾏ,221,ﾀｲｾｲ
0185,ｶｺﾞｼﾏ,230,ｴｲ
0185,ｶｺﾞｼﾏ,231,ｲｼｶﾞｷ
0185,ｶｺﾞｼﾏ,232,ｶｲﾓﾝ
0185,ｶｺﾞｼﾏ,240,ﾏｸﾗｻﾞｷ
0185,ｶｺﾞｼﾏ,242,ﾎﾞｳﾉﾂ
0185,ｶｺﾞｼﾏ,250,ｶﾜﾅﾍﾞ
0185,ｶｺﾞｼﾏ,260,ﾁﾗﾝ
0185,ｶｺﾞｼﾏ,270,ﾌｷｱｹﾞ
0185,ｶｺﾞｼﾏ,280,ｷｲﾚ
0185,ｶｺﾞｼﾏ,300,ｾﾝﾀﾞｲ
0185,ｶｺﾞｼﾏ,301,ｲﾘｷ
0185,ｶｺﾞｼﾏ,302,ﾄｳｺﾞｳ
0185,ｶｺﾞｼﾏ,303,ﾋﾜｷ
0185,ｶｺﾞｼﾏ,304,ｹﾄﾞｳｲﾝ
0185,ｶｺﾞｼﾏ,305,ｸﾏﾉｼﾞﾖｳ
0185,ｶｺﾞｼﾏ,310,ｲｼﾞﾕｳｲﾝ
0185,ｶｺﾞｼﾏ,311,ﾋﾖｼ
0185,ｶｺﾞｼﾏ,312,ﾏﾂﾓﾄ
0185,ｶｺﾞｼﾏ,320,ｺｵﾘﾔﾏ
0185,ｶｺﾞｼﾏ,330,ｸｼｷﾉ
0185,ｶｺﾞｼﾏ,332,ｲﾁｷ
0185,ｶｺﾞｼﾏ,340,ﾐﾔﾉｼﾞﾖｳ
0185,ｶｺﾞｼﾏ,350,ｱｸﾈ
0185,ｶｺﾞｼﾏ,360,ｲｽﾞﾐ
0185,ｶｺﾞｼﾏ,361,ﾀｶｵﾉ
0185,ｶｺﾞｼﾏ,362,ﾉﾀﾞ
0185,ｶｺﾞｼﾏ,363,ｲｽﾞﾐﾁﾕｳｵｳ
0185,ｶｺﾞｼﾏ,370,ｺﾒﾉﾂ
0185,ｶｺﾞｼﾏ,380,ﾕﾉﾓﾄ
0185,ｶｺﾞｼﾏ,381,ﾋｶﾞｼｲﾁｷ
0185,ｶｺﾞｼﾏ,390,ｵｵｼﾖｳｼﾞ
0185,ｶｺﾞｼﾏ,391,ﾐﾔｳﾁ
0185,ｶｺﾞｼﾏ,400,ｶﾁﾞｷ
0185,ｶｺﾞｼﾏ,401,ｱｲﾗ
0185,ｶｺﾞｼﾏ,402,ｶｺﾞｼﾏｸｳｺｳ
0185,ｶｺﾞｼﾏ,403,ｼｹﾞﾄﾐ
0185,ｶｺﾞｼﾏ,404,ﾐｿﾞﾍﾞ
0185,ｶｺﾞｼﾏ,405,ｶﾁﾞｷﾆｼ
0185,ｶｺﾞｼﾏ,410,ｵｵｸﾁ
0185,ｶｺﾞｼﾏ,411,ﾋｼｶﾘ
0185,ｶｺﾞｼﾏ,420,ﾖｺｶﾞﾜ
0185,ｶｺﾞｼﾏ,421,ｸﾘﾉ
0185,ｶｺﾞｼﾏ,422,ﾏｷｿﾞﾉ
0185,ｶｺﾞｼﾏ,423,ﾖｼﾏﾂ
0185,ｶｺﾞｼﾏ,424,ﾀｶﾁﾎ
0185,ｶｺﾞｼﾏ,430,ｺｸﾌﾞ
0185,ｶｺﾞｼﾏ,431,ﾌｸﾔﾏ
0185,ｶｺﾞｼﾏ,432,ｷﾘｼﾏ
0185,ｶｺﾞｼﾏ,433,ｺｸﾌﾞﾆｼ
0185,ｶｺﾞｼﾏ,434,ﾏｷﾉﾊﾗ
0185,ｶｺﾞｼﾏ,435,ｺｸﾌﾞｷﾀ
0185,ｶｺﾞｼﾏ,440,ﾊﾔﾄ
0185,ｶｺﾞｼﾏ,441,ﾋﾅﾀﾔﾏ
0185,ｶｺﾞｼﾏ,442,ﾊﾔﾄﾐﾅﾐ
0185,ｶｺﾞｼﾏ,450,ｶﾓｳ
0185,ｶｺﾞｼﾏ,500,ｶﾉﾔ
0185,ｶｺﾞｼﾏ,501,ｺﾄﾌﾞｷ
0185,ｶｺﾞｼﾏ,502,ｷﾓﾂｷｱｲﾗ
0185,ｶｺﾞｼﾏ,503,ｶｻﾉﾊﾗ
0185,ｶｺﾞｼﾏ,510,ｼﾌﾞｼ
0185,ｶｺﾞｼﾏ,511,ｱﾘｱｹ
0185,ｶｺﾞｼﾏ,520,ｵｵｻｷ
0185,ｶｺﾞｼﾏ,521,ﾉｶﾞﾀ
0185,ｶｺﾞｼﾏ,530,ｸｼﾗ
0185,ｶｺﾞｼﾏ,540,ｺｳﾔﾏ
0185,ｶｺﾞｼﾏ,541,ｳﾁﾉｳﾗ
0185,ｶｺﾞｼﾏ,550,ﾀﾙﾐｽﾞ
0185,ｶｺﾞｼﾏ,560,ｵｵﾈｼﾒ
0185,ｶｺﾞｼﾏ,561,ﾈｼﾒ
0185,ｶｺﾞｼﾏ,570,ﾆｼﾊﾗ
0185,ｶｺﾞｼﾏ,600,ﾀﾈｶﾞｼﾏ
0185,ｶｺﾞｼﾏ,610,ﾅｶﾀﾈ
0185,ｶｺﾞｼﾏ,620,ﾔｸｼﾏ
0185,ｶｺﾞｼﾏ,621,ｱﾝﾎﾞｳ
0185,ｶｺﾞｼﾏ,700,ｵｵｼﾏ
0185,ｶｺﾞｼﾏ,710,ｾﾄｳﾁ
0185,ｶｺﾞｼﾏ,720,ﾄｸﾉｼﾏ
0185,ｶｺﾞｼﾏ,730,ｵｷｴﾗﾌﾞ
0185,ｶｺﾞｼﾏ,740,ｷｶｲ
0185,ｶｺﾞｼﾏ,770,ﾈﾂﾄ
0185,ｶｺﾞｼﾏ,800,ﾐﾔｺﾉｼﾞﾖｳ
0185,ｶｺﾞｼﾏ,810,ｺﾊﾞﾔｼ
0185,ｶｺﾞｼﾏ,820,ｴﾋﾞﾉ
0185,ｶｺﾞｼﾏ,830,ﾐﾔｺﾉｼﾞﾖｳｷﾀ
0185,ｶｺﾞｼﾏ,850,ｲﾜｶﾞﾜ
0185,ｶｺﾞｼﾏ,851,ﾏﾂﾔﾏ
0185,ｶｺﾞｼﾏ,852,ｷﾎｸ
0185,ｶｺﾞｼﾏ,860,ﾀｶﾗﾍﾞ
0185,ｶｺﾞｼﾏ,870,ｽｴﾖｼ
0185,ｶｺﾞｼﾏ,900,ﾐﾔｻﾞｷ
0185,ｶｺﾞｼﾏ,910,ﾉﾍﾞｵｶ
0185,ｶｺﾞｼﾏ,920,ﾋﾕｳｶﾞ
0185,ｶｺﾞｼﾏ,940,ﾆﾁﾅﾝ
0185,ｶｺﾞｼﾏ,950,ﾐﾅﾐﾐﾔｻﾞｷ
0185,ｶｺﾞｼﾏ,982,ｵｷﾅﾜ
0185,ｶｺﾞｼﾏ,983,ｼﾝﾄｼﾝ
0185,ｶｺﾞｼﾏ,990,ﾄｳｷﾖｳ
0185,ｶｺﾞｼﾏ,991,ｵｵｻｶ
0185,ｶｺﾞｼﾏ,992,ﾌｸｵｶ
0185,ｶｺﾞｼﾏ,993,ｸﾏﾓﾄ
0187,ﾘﾕｳｷﾕｳ,201,ﾎﾝﾃﾝ
0187,ﾘﾕｳｷﾕｳ,251,ｹﾝﾁﾖｳ
0187,ﾘﾕｳｷﾕｳ,254,ﾅﾊｼﾔｸｼﾖﾅｲ
0187,ﾘﾕｳｷﾕｳ,257,ﾅﾊｸｳｺｳﾅｲ
0187,ﾘﾕｳｷﾕｳ,301,ﾏﾂｵ
0187,ﾘﾕｳｷﾕｳ,302,ﾂﾎﾞﾔ
0187,ﾘﾕｳｷﾕｳ,304,ﾖｷﾞ
0187,ﾘﾕｳｷﾕｳ,306,ﾄﾏﾘ
0187,ﾘﾕｳｷﾕｳ,307,ﾅﾊ
0187,ﾘﾕｳｷﾕｳ,308,ﾜｶｻ
0187,ﾘﾕｳｷﾕｳ,309,ｵﾛｸ
0187,ﾘﾕｳｷﾕｳ,310,ｳﾗｿｴ
0187,ﾘﾕｳｷﾕｳ,311,ﾀﾞｲﾄﾞｳ
0187,ﾘﾕｳｷﾕｳ,312,ﾖｾﾐﾔ
0187,ﾘﾕｳｷﾕｳ,313,ｼﾕﾘ
0187,ﾘﾕｳｷﾕｳ,314,ﾋｶﾞﾜ
0187,ﾘﾕｳｷﾕｳ,316,ｱｼﾞﾔ
0187,ﾘﾕｳｷﾕｳ,317,ﾏｷｼｲﾁﾊﾞ
0187,ﾘﾕｳｷﾕｳ,319,ｺﾊｸﾞﾗ
0187,ﾘﾕｳｷﾕｳ,320,ｺｸﾊﾞ
0187,ﾘﾕｳｷﾕｳ,321,ｸﾞｽｸﾏ
0187,ﾘﾕｳｷﾕｳ,322,ﾄﾐｼﾛ
0187,ﾘﾕｳｷﾕｳ,323,ｲｼﾐﾈ
0187,ﾘﾕｳｷﾕｳ,325,ﾀﾊﾞﾙ
0187,ﾘﾕｳｷﾕｳ,326,ﾏｷﾐﾅﾄ
0187,ﾘﾕｳｷﾕｳ,327,ﾅﾊﾎﾟ-ﾄ
0187,ﾘﾕｳｷﾕｳ,329,ｳﾁﾏ
0187,ﾘﾕｳｷﾕｳ,330,ｱﾊﾁﾔ
0187,ﾘﾕｳｷﾕｳ,331,ｱｼﾞﾔｲﾁﾊﾞ
0187,ﾘﾕｳｷﾕｳ,332,ﾌﾙｼﾞﾏ
0187,ﾘﾕｳｷﾕｳ,336,ｼﾖｳｷﾞﾖｳﾀﾞﾝﾁ
0187,ﾘﾕｳｷﾕｳ,338,ｶﾅｸﾞｽｸ
0187,ﾘﾕｳｷﾕｳ,339,ﾅﾊｼﾝﾄｼﾝ
0187,ﾘﾕｳｷﾕｳ,340,ｲｼﾀﾞ
0187,ﾘﾕｳｷﾕｳ,341,ﾏｶﾋﾞ
0187,ﾘﾕｳｷﾕｳ,401,ﾓﾄﾌﾞ
0187,ﾘﾕｳｷﾕｳ,402,ﾅｺﾞ
0187,ﾘﾕｳｷﾕｳ,403,ﾅｷｼﾞﾝ
0187,ﾘﾕｳｷﾕｳ,404,ｵｵﾐﾔ
0187,ﾘﾕｳｷﾕｳ,501,ｲｼｶﾜ
0187,ﾘﾕｳｷﾕｳ,502,ｶﾃﾞﾅ
0187,ﾘﾕｳｷﾕｳ,503,ｸﾞｼｶﾜ
0187,ﾘﾕｳｷﾕｳ,504,ｺｻﾞｼﾞﾕｳｼﾞﾛ
0187,ﾘﾕｳｷﾕｳ,505,ｺｻﾞ
0187,ﾘﾕｳｷﾕｳ,506,ﾌﾃﾝﾏ
0187,ﾘﾕｳｷﾕｳ,507,ﾓﾛﾐ
0187,ﾘﾕｳｷﾕｳ,508,ｵｵｼﾞﾔﾅ
0187,ﾘﾕｳｷﾕｳ,509,ｷﾝ
0187,ﾘﾕｳｷﾕｳ,510,ﾔｹﾅ
0187,ﾘﾕｳｷﾕｳ,511,ｱｶﾐﾁ
0187,ﾘﾕｳｷﾕｳ,512,ｷﾞﾉﾜﾝ
0187,ﾘﾕｳｷﾕｳ,513,ﾖﾐﾀﾝ
0187,ﾘﾕｳｷﾕｳ,516,ﾏｴﾊﾗ
0187,ﾘﾕｳｷﾕｳ,517,ｱﾜｾ
0187,ﾘﾕｳｷﾕｳ,518,ｷﾀﾅｶｸﾞｽｸ
0187,ﾘﾕｳｷﾕｳ,553,ﾁﾔﾀﾝ
0187,ﾘﾕｳｷﾕｳ,601,ﾖﾅﾊﾞﾙ
0187,ﾘﾕｳｷﾕｳ,602,ｲﾄﾏﾝ
0187,ﾘﾕｳｷﾕｳ,603,ﾆｼﾊﾗ
0187,ﾘﾕｳｷﾕｳ,604,ﾊｴﾊﾞﾙ
0187,ﾘﾕｳｷﾕｳ,605,ｻｼｷ
0187,ﾘﾕｳｷﾕｳ,606,ｺﾁﾝﾀﾞ
0187,ﾘﾕｳｷﾕｳ,607,ﾆｼｻﾞｷ
0187,ﾘﾕｳｷﾕｳ,608,ｻｶﾀ
0187,ﾘﾕｳｷﾕｳ,701,ｸﾒｼﾞﾏ
0187,ﾘﾕｳｷﾕｳ,702,ﾐﾔｺ
0187,ﾘﾕｳｷﾕｳ,703,ﾔｴﾔﾏ
0187,ﾘﾕｳｷﾕｳ,801,ﾄｳｷﾖｳ
0188,ｵｷﾅﾜ,012,ｹﾝﾁﾖｳ
0188,ｵｷﾅﾜ,101,ﾎﾝﾃﾝ
0188,ｵｷﾅﾜ,102,ﾀｶﾊｼ
0188,ｵｷﾅﾜ,104,ﾜｶﾏﾂ
0188,ｵｷﾅﾜ,105,ﾅﾐﾉｳｴ
0188,ｵｷﾅﾜ,107,ｺﾊｸﾞﾗ
0188,ｵｷﾅﾜ,108,ｺｸﾊﾞ
0188,ｵｷﾅﾜ,109,ﾖｷﾞ
0188,ｵｷﾅﾜ,110,ﾆﾁﾕｳﾏｴ
0188,ｵｷﾅﾜ,113,ﾂﾎﾞﾔ
0188,ｵｷﾅﾜ,114,ｼｷﾅ
0188,ｵｷﾅﾜ,117,ﾏｷｼ
0188,ｵｷﾅﾜ,121,ﾀﾞｲﾄﾞｳ
0188,ｵｷﾅﾜ,125,ﾏﾂｼﾛ
0188,ｵｷﾅﾜ,127,ｼﾕﾘ
0188,ｵｷﾅﾜ,128,ｿｳｹﾞﾝｼﾞ
0188,ｵｷﾅﾜ,131,ｱｹﾎﾞﾉﾁﾖｳ
0188,ｵｷﾅﾜ,132,ｼﾝﾄｼﾝ
0188,ｵｷﾅﾜ,135,ﾏｷﾐﾅﾄ
0188,ｵｷﾅﾜ,136,ｵﾛｸ
0188,ｵｷﾅﾜ,137,ﾀﾊﾞﾙ
0188,ｵｷﾅﾜ,140,ｵｵﾋﾗ
0188,ｵｷﾅﾜ,141,ﾄﾘﾎﾘ
0188,ｵｷﾅﾜ,142,ｳﾁﾏ
0188,ｵｷﾅﾜ,143,ｲｼﾐﾈ
0188,ｵｷﾅﾜ,145,ｽｴﾖｼ
0188,ｵｷﾅﾜ,146,ｸﾞｽｸﾏ
0188,ｵｷﾅﾜ,147,ｷﾖｳﾂﾞｶ
0188,ｵｷﾅﾜ,148,ｼﾖｳｷﾞﾖｳﾀﾞﾝﾁ
0188,ｵｷﾅﾜ,201,ｲﾄﾏﾝ
0188,ｵｷﾅﾜ,202,ﾖﾅﾊﾞﾙ
0188,ｵｷﾅﾜ,203,ﾆｼﾊﾗ
0188,ｵｷﾅﾜ,205,ﾆｼｻﾞｷ
0188,ｵｷﾅﾜ,206,ﾊｴﾊﾞﾙ
0188,ｵｷﾅﾜ,207,ﾄﾐｼﾛ
0188,ｵｷﾅﾜ,208,ｻｶﾀ
0188,ｵｷﾅﾜ,209,ﾄﾖﾐ
0188,ｵｷﾅﾜ,210,ﾔｴｾ
0188,ｵｷﾅﾜ,302,ｵｵｼﾞﾔﾅ
0188,ｵｷﾅﾜ,303,ﾌﾃﾝﾏ
0188,ｵｷﾅﾜ,304,ﾁﾔﾀﾝ
0188,ｵｷﾅﾜ,305,ﾔﾏｳﾁ
0188,ｵｷﾅﾜ,307,ｶﾞﾈｺ
0188,ｵｷﾅﾜ,308,ｺｻﾞ
0188,ｵｷﾅﾜ,310,ｱﾜｾ
0188,ｵｷﾅﾜ,311,ﾐｻﾄ
0188,ｵｷﾅﾜ,312,ｶﾃﾞﾅ
0188,ｵｷﾅﾜ,313,ｱｶﾐﾁ
0188,ｵｷﾅﾜ,314,ｱｹﾞﾅ
0188,ｵｷﾅﾜ,315,ｲｼｶﾜ
0188,ｵｷﾅﾜ,316,ﾖｶﾂ
0188,ｵｷﾅﾜ,317,ｷﾀﾅｶｸﾞｽｸ
0188,ｵｷﾅﾜ,318,ｷﾞﾉﾜﾝ
0188,ｵｷﾅﾜ,319,ﾖﾐﾀﾝ
0188,ｵｷﾅﾜ,320,ｵﾝﾅ
0188,ｵｷﾅﾜ,323,ﾅｶｸﾞｽｸ
0188,ｵｷﾅﾜ,401,ｷﾝ
0188,ｵｷﾅﾜ,402,ﾅｺﾞ
0188,ｵｷﾅﾜ,403,ﾓﾄﾌﾞ
0188,ｵｷﾅﾜ,404,ｵｵﾐﾔ
0188,ｵｷﾅﾜ,501,ﾐﾔｺ
0188,ｵｷﾅﾜ,601,ﾔｴﾔﾏ
0188,ｵｷﾅﾜ,602,ｲｼｶﾞｷ
0188,ｵｷﾅﾜ,701,ﾄｳｷﾖｳ
0188,ｵｷﾅﾜ,705,ﾁﾕﾗｼﾏ
0190,ﾆｼﾆﾂﾎﾟﾝｼﾃｲ,001,ﾃﾝｼﾞﾝ
0190,ﾆｼﾆﾂﾎﾟﾝｼﾃｲ,003,ｶｽｶﾞﾊﾞﾙ
0190,ﾆｼﾆﾂﾎﾟﾝｼﾃｲ,004,ﾊｶﾀﾐﾅﾐ
0190,ﾆｼﾆﾂﾎﾟﾝｼﾃｲ,010,ﾎﾝﾃﾝ
0190,ﾆｼﾆﾂﾎﾟﾝｼﾃｲ,011,ﾆｼｼﾞﾝﾁﾕｳｵｳ
0190,ﾆｼﾆﾂﾎﾟﾝｼﾃｲ,013,ﾜﾀﾅﾍﾞﾄﾞｵﾘ
0190,ﾆｼﾆﾂﾎﾟﾝｼﾃｲ,018,ｺｶﾞ
0190,ﾆｼﾆﾂﾎﾟﾝｼﾃｲ,019,ﾀﾞｲﾐﾖｳ
0190,ﾆｼﾆﾂﾎﾟﾝｼﾃｲ,021,ｲｼﾞﾘ
0190,ﾆｼﾆﾂﾎﾟﾝｼﾃｲ,022,ｵｵﾊｼ
0190,ﾆｼﾆﾂﾎﾟﾝｼﾃｲ,025,ﾂﾂﾐ
0190,ﾆｼﾆﾂﾎﾟﾝｼﾃｲ,026,ﾁﾊﾔ
0190,ﾆｼﾆﾂﾎﾟﾝｼﾃｲ,032,ﾐﾊｷﾞﾉ
0190,ﾆｼﾆﾂﾎﾟﾝｼﾃｲ,034,ﾔﾊﾀ
0190,ﾆｼﾆﾂﾎﾟﾝｼﾃｲ,037,ﾋｱｶﾞﾘ
0190,ﾆｼﾆﾂﾎﾟﾝｼﾃｲ,038,ｼﾄｸ
0190,ﾆｼﾆﾂﾎﾟﾝｼﾃｲ,039,ｺｸﾗｶﾅﾀﾞ
0190,ﾆｼﾆﾂﾎﾟﾝｼﾃｲ,040,ｵﾘｵ
0190,ﾆｼﾆﾂﾎﾟﾝｼﾃｲ,042,ﾎﾝｼﾞﾖｳ
0190,ﾆｼﾆﾂﾎﾟﾝｼﾃｲ,044,ｼﾓｿﾈｴｷﾏｴ
0190,ﾆｼﾆﾂﾎﾟﾝｼﾃｲ,045,ｳｻﾏﾁ
0190,ﾆｼﾆﾂﾎﾟﾝｼﾃｲ,051,ｵｵﾑﾀ
0190,ﾆｼﾆﾂﾎﾟﾝｼﾃｲ,053,ﾋﾀ
0190,ﾆｼﾆﾂﾎﾟﾝｼﾃｲ,054,ｱﾏｷﾞ
0190,ﾆｼﾆﾂﾎﾟﾝｼﾃｲ,058,ｵｺﾞｵﾘ
0190,ﾆｼﾆﾂﾎﾟﾝｼﾃｲ,060,ｲｲﾂﾞｶ
0190,ﾆｼﾆﾂﾎﾟﾝｼﾃｲ,061,ﾉｵｶﾞﾀ
0190,ﾆｼﾆﾂﾎﾟﾝｼﾃｲ,073,ｶﾗﾂ
0190,ﾆｼﾆﾂﾎﾟﾝｼﾃｲ,082,ﾕｸﾊｼ
0190,ﾆｼﾆﾂﾎﾟﾝｼﾃｲ,090,ｵｵｲﾀ
0190,ﾆｼﾆﾂﾎﾟﾝｼﾃｲ,100,ｸﾏﾓﾄ
0190,ﾆｼﾆﾂﾎﾟﾝｼﾃｲ,101,ｶｺﾞｼﾏ
0190,ﾆｼﾆﾂﾎﾟﾝｼﾃｲ,111,ｼﾓﾉｾｷ
0190,ﾆｼﾆﾂﾎﾟﾝｼﾃｲ,200,ﾌｸｵｶ
0190,ﾆｼﾆﾂﾎﾟﾝｼﾃｲ,204,ﾆｼｼﾞﾝﾏﾁ
0190,ﾆｼﾆﾂﾎﾟﾝｼﾃｲ,206,ﾊｺｻﾞｷ
0190,ﾆｼﾆﾂﾎﾟﾝｼﾃｲ,207,ｻﾞﾂｼﾖﾉｸﾏ
0190,ﾆｼﾆﾂﾎﾟﾝｼﾃｲ,208,ｱｶｻｶﾓﾝ
0190,ﾆｼﾆﾂﾎﾟﾝｼﾃｲ,209,ﾀｶﾐﾔ
0190,ﾆｼﾆﾂﾎﾟﾝｼﾃｲ,210,ﾛﾂﾎﾟﾝﾏﾂ
0190,ﾆｼﾆﾂﾎﾟﾝｼﾃｲ,211,ﾋｴ
0190,ﾆｼﾆﾂﾎﾟﾝｼﾃｲ,212,ﾌﾂｶｲﾁ
0190,ﾆｼﾆﾂﾎﾟﾝｼﾃｲ,213,ｲﾄｼﾏ
0190,ﾆｼﾆﾂﾎﾟﾝｼﾃｲ,214,ﾌｸﾏ
0190,ﾆｼﾆﾂﾎﾟﾝｼﾃｲ,216,ﾐﾅﾄﾏﾁ
0190,ﾆｼﾆﾂﾎﾟﾝｼﾃｲ,217,ﾊｶﾀ
0190,ﾆｼﾆﾂﾎﾟﾝｼﾃｲ,219,ﾅﾉｶﾜ
0190,ﾆｼﾆﾂﾎﾟﾝｼﾃｲ,220,ﾖｼﾂﾞｶ
0190,ﾆｼﾆﾂﾎﾟﾝｼﾃｲ,222,ｵｻﾞｻ
0190,ﾆｼﾆﾂﾎﾟﾝｼﾃｲ,225,ｱﾗｴ
0190,ﾆｼﾆﾂﾎﾟﾝｼﾃｲ,226,ｶｼｲ
0190,ﾆｼﾆﾂﾎﾟﾝｼﾃｲ,227,ﾛｳｼﾞ
0190,ﾆｼﾆﾂﾎﾟﾝｼﾃｲ,228,ｼﾗｷﾊﾞﾙ
0190,ﾆｼﾆﾂﾎﾟﾝｼﾃｲ,230,ﾀﾞｻﾞｲﾌ
0190,ﾆｼﾆﾂﾎﾟﾝｼﾃｲ,233,ﾐﾅﾐｶﾞｵｶ
0190,ﾆｼﾆﾂﾎﾟﾝｼﾃｲ,234,ﾒｲﾉﾊﾏｴｷﾏｴ
0190,ﾆｼﾆﾂﾎﾟﾝｼﾃｲ,235,ﾂｷｸﾞﾏ
0190,ﾆｼﾆﾂﾎﾟﾝｼﾃｲ,236,ﾊｶﾀｴｷﾋｶﾞｼ
0190,ﾆｼﾆﾂﾎﾟﾝｼﾃｲ,238,ﾌｸｵｶﾘﾕｳﾂｳｾﾝﾀ-
0190,ﾆｼﾆﾂﾎﾟﾝｼﾃｲ,240,ﾑﾛﾏﾁ
0190,ﾆｼﾆﾂﾎﾟﾝｼﾃｲ,242,ﾓｼﾞ
0190,ﾆｼﾆﾂﾎﾟﾝｼﾃｲ,243,ﾓｼﾞｴｷﾏｴ
0190,ﾆｼﾆﾂﾎﾟﾝｼﾃｲ,244,ﾔﾊﾀｴｷﾏｴ
0190,ﾆｼﾆﾂﾎﾟﾝｼﾃｲ,245,ｸﾛｻｷ
0190,ﾆｼﾆﾂﾎﾟﾝｼﾃｲ,246,ｱﾛｳﾀﾞ
0190,ﾆｼﾆﾂﾎﾟﾝｼﾃｲ,247,ﾄﾊﾞﾀ
0190,ﾆｼﾆﾂﾎﾟﾝｼﾃｲ,248,ﾜｶﾏﾂ
0190,ﾆｼﾆﾂﾎﾟﾝｼﾃｲ,250,ﾌﾞｾﾞﾝ
0190,ﾆｼﾆﾂﾎﾟﾝｼﾃｲ,251,ﾐﾅﾐｺｸﾗ
0190,ﾆｼﾆﾂﾎﾟﾝｼﾃｲ,252,ｼﾞﾖｳﾉ
0190,ﾆｼﾆﾂﾎﾟﾝｼﾃｲ,254,ｻﾝｶﾞﾓﾘ
0190,ﾆｼﾆﾂﾎﾟﾝｼﾃｲ,255,ｷﾀｷﾕｳｼﾕｳ
0190,ﾆｼﾆﾂﾎﾟﾝｼﾃｲ,256,ﾄｸﾘｷ
0190,ﾆｼﾆﾂﾎﾟﾝｼﾃｲ,257,ｶﾝﾀﾞ
0190,ﾆｼﾆﾂﾎﾟﾝｼﾃｲ,258,ｿﾈ
0190,ﾆｼﾆﾂﾎﾟﾝｼﾃｲ,259,ｴﾋﾞﾂ
0190,ﾆｼﾆﾂﾎﾟﾝｼﾃｲ,260,ｺﾐﾈ
0190,ﾆｼﾆﾂﾎﾟﾝｼﾃｲ,261,ﾌﾀｼﾞﾏ
0190,ﾆｼﾆﾂﾎﾟﾝｼﾃｲ,265,ｱｲｵｲ
0190,ﾆｼﾆﾂﾎﾟﾝｼﾃｲ,270,ｸﾙﾒ
0190,ﾆｼﾆﾂﾎﾟﾝｼﾃｲ,271,ﾋｶﾞｼｸﾙﾒ
0190,ﾆｼﾆﾂﾎﾟﾝｼﾃｲ,273,ﾔﾅｶﾞﾜ
0190,ﾆｼﾆﾂﾎﾟﾝｼﾃｲ,274,ｵｵｶﾜ
0190,ﾆｼﾆﾂﾎﾟﾝｼﾃｲ,275,ﾔﾒ
0190,ﾆｼﾆﾂﾎﾟﾝｼﾃｲ,276,ﾁｸｺﾞ
0190,ﾆｼﾆﾂﾎﾟﾝｼﾃｲ,277,ｾﾀｶ
0190,ﾆｼﾆﾂﾎﾟﾝｼﾃｲ,278,ｸﾛｷ
0190,ﾆｼﾆﾂﾎﾟﾝｼﾃｲ,279,ﾖｼｲ
0190,ﾆｼﾆﾂﾎﾟﾝｼﾃｲ,281,ﾊｷ
0190,ﾆｼﾆﾂﾎﾟﾝｼﾃｲ,287,ﾀｶﾞﾜ
0190,ﾆｼﾆﾂﾎﾟﾝｼﾃｲ,288,ﾋｶﾞｼﾀｶﾞﾜ
0190,ﾆｼﾆﾂﾎﾟﾝｼﾃｲ,289,ﾔﾏﾀﾞ
0190,ﾆｼﾆﾂﾎﾟﾝｼﾃｲ,290,ﾐﾔﾀ
0190,ﾆｼﾆﾂﾎﾟﾝｼﾃｲ,291,ｶﾅﾀﾞ
0190,ﾆｼﾆﾂﾎﾟﾝｼﾃｲ,292,ﾅｶﾏ
0190,ﾆｼﾆﾂﾎﾟﾝｼﾃｲ,293,ｱｼﾔ
0190,ﾆｼﾆﾂﾎﾟﾝｼﾃｲ,294,ｲﾄﾀﾞ
0190,ﾆｼﾆﾂﾎﾟﾝｼﾃｲ,297,ｶﾜｻｷ
0190,ﾆｼﾆﾂﾎﾟﾝｼﾃｲ,299,ﾅｶﾏｼﾔｸｼﾖ
0190,ﾆｼﾆﾂﾎﾟﾝｼﾃｲ,302,ﾔﾂｼﾛ
0190,ﾆｼﾆﾂﾎﾟﾝｼﾃｲ,304,ｼｶﾀ
0190,ﾆｼﾆﾂﾎﾟﾝｼﾃｲ,305,ｺﾞｼﾞﾖｳ
0190,ﾆｼﾆﾂﾎﾟﾝｼﾃｲ,306,ﾋﾉｻﾄ
0190,ﾆｼﾆﾂﾎﾟﾝｼﾃｲ,308,ﾋﾗｵ
0190,ﾆｼﾆﾂﾎﾟﾝｼﾃｲ,309,ﾔｸｲﾝ
0190,ﾆｼﾆﾂﾎﾟﾝｼﾃｲ,311,ﾍﾞﾂﾌﾟ
0190,ﾆｼﾆﾂﾎﾟﾝｼﾃｲ,312,ﾅｶﾂ
0190,ﾆｼﾆﾂﾎﾟﾝｼﾃｲ,318,ｳｻ
0190,ﾆｼﾆﾂﾎﾟﾝｼﾃｲ,322,ｱｶﾏ
0190,ﾆｼﾆﾂﾎﾟﾝｼﾃｲ,328,ﾌｼﾞｻｷ
0190,ﾆｼﾆﾂﾎﾟﾝｼﾃｲ,330,ﾊﾗ
0190,ﾆｼﾆﾂﾎﾟﾝｼﾃｲ,332,ﾉﾍﾞｵｶ
0190,ﾆｼﾆﾂﾎﾟﾝｼﾃｲ,334,ﾐﾔｺﾉｼﾞﾖｳ
0190,ﾆｼﾆﾂﾎﾟﾝｼﾃｲ,338,ｲﾏｼﾞﾕｸ
0190,ﾆｼﾆﾂﾎﾟﾝｼﾃｲ,344,ﾉｶﾀ
0190,ﾆｼﾆﾂﾎﾟﾝｼﾃｲ,346,ｷﾔﾅﾙｼﾃｲﾊｶﾀ
0190,ﾆｼﾆﾂﾎﾟﾝｼﾃｲ,350,ｻｶﾞ
0190,ﾆｼﾆﾂﾎﾟﾝｼﾃｲ,351,ﾐﾂｻﾜ
0190,ﾆｼﾆﾂﾎﾟﾝｼﾃｲ,353,ﾄｽ
0190,ﾆｼﾆﾂﾎﾟﾝｼﾃｲ,356,ｲﾏﾘ
0190,ﾆｼﾆﾂﾎﾟﾝｼﾃｲ,370,ﾅｶﾞｻｷ
0190,ﾆｼﾆﾂﾎﾟﾝｼﾃｲ,371,ﾎﾅﾐ
0190,ﾆｼﾆﾂﾎﾟﾝｼﾃｲ,372,ｻｾﾎ
0190,ﾆｼﾆﾂﾎﾟﾝｼﾃｲ,373,ｲｻﾊﾔ
0190,ﾆｼﾆﾂﾎﾟﾝｼﾃｲ,402,ｳﾍﾞ
0190,ﾆｼﾆﾂﾎﾟﾝｼﾃｲ,420,ﾋﾛｼﾏ
0190,ﾆｼﾆﾂﾎﾟﾝｼﾃｲ,424,ﾌｸﾔﾏ
0190,ﾆｼﾆﾂﾎﾟﾝｼﾃｲ,430,ｵｶﾔﾏ
0190,ﾆｼﾆﾂﾎﾟﾝｼﾃｲ,451,ﾔｶﾀﾊﾞﾙ
0190,ﾆｼﾆﾂﾎﾟﾝｼﾃｲ,453,ﾀｼﾞﾏ
0190,ﾆｼﾆﾂﾎﾟﾝｼﾃｲ,454,ﾓﾘﾂﾈﾁﾕｳｵｳ
0190,ﾆｼﾆﾂﾎﾟﾝｼﾃｲ,455,ｼﾝｸﾞｳ
0190,ﾆｼﾆﾂﾎﾟﾝｼﾃｲ,458,ｶｽﾔ
0190,ﾆｼﾆﾂﾎﾟﾝｼﾃｲ,461,ｱｻｸﾗｶﾞｲﾄﾞｳ
0190,ﾆｼﾆﾂﾎﾟﾝｼﾃｲ,463,ｼﾒ
0190,ﾆｼﾆﾂﾎﾟﾝｼﾃｲ,464,ｻｻｸﾞﾘ
0190,ﾆｼﾆﾂﾎﾟﾝｼﾃｲ,476,ｶｽｶﾞ
0190,ﾆｼﾆﾂﾎﾟﾝｼﾃｲ,479,ｳﾐ
0190,ﾆｼﾆﾂﾎﾟﾝｼﾃｲ,483,ﾉｹ
0190,ﾆｼﾆﾂﾎﾟﾝｼﾃｲ,500,ｵｵｻｶ
0190,ﾆｼﾆﾂﾎﾟﾝｼﾃｲ,600,ﾄｳｷﾖｳ
0190,ﾆｼﾆﾂﾎﾟﾝｼﾃｲ,702,ｼﾓﾔﾏﾄ
0190,ﾆｼﾆﾂﾎﾟﾝｼﾃｲ,704,ｼﾞﾕｳｶﾞｵｶ
0190,ﾆｼﾆﾂﾎﾟﾝｼﾃｲ,706,ﾅｶﾞｽﾞﾐ
0190,ﾆｼﾆﾂﾎﾟﾝｼﾃｲ,707,ﾄﾞｲ
0190,ﾆｼﾆﾂﾎﾟﾝｼﾃｲ,709,ｶｽｶﾞﾆｼ
0190,ﾆｼﾆﾂﾎﾟﾝｼﾃｲ,710,ﾜｼﾞﾛ
0190,ﾆｼﾆﾂﾎﾟﾝｼﾃｲ,711,ﾅﾅｸﾏ
0190,ﾆｼﾆﾂﾎﾟﾝｼﾃｲ,712,ﾅｶﾞｵ
0190,ﾆｼﾆﾂﾎﾟﾝｼﾃｲ,713,ｽｴ
0190,ﾆｼﾆﾂﾎﾟﾝｼﾃｲ,714,ﾁｸｼﾄﾞｵﾘ
0190,ﾆｼﾆﾂﾎﾟﾝｼﾃｲ,717,ﾄｳｼﾞﾝﾏﾁ
0190,ﾆｼﾆﾂﾎﾟﾝｼﾃｲ,719,ｼﾒﾆｼ
0190,ﾆｼﾆﾂﾎﾟﾝｼﾃｲ,720,ﾅｶｵ
0190,ﾆｼﾆﾂﾎﾟﾝｼﾃｲ,722,ﾅｶｶﾞﾜ
0190,ﾆｼﾆﾂﾎﾟﾝｼﾃｲ,723,ｽｾﾝｼﾞ
0190,ﾆｼﾆﾂﾎﾟﾝｼﾃｲ,724,ﾅﾀ
0190,ﾆｼﾆﾂﾎﾟﾝｼﾃｲ,727,ｼ-ｻｲﾄﾞﾓﾓﾁ
0190,ﾆｼﾆﾂﾎﾟﾝｼﾃｲ,728,ｵｵﾉﾋｶﾞｼ
0190,ﾆｼﾆﾂﾎﾟﾝｼﾃｲ,733,ﾃﾝｼﾞﾝｷﾀ
0190,ﾆｼﾆﾂﾎﾟﾝｼﾃｲ,735,ｵｵﾊｼｴｷﾏｴ
0190,ﾆｼﾆﾂﾎﾟﾝｼﾃｲ,736,ﾁﾖﾏﾁ
0190,ﾆｼﾆﾂﾎﾟﾝｼﾃｲ,737,ﾄﾌﾛｳ
0190,ﾆｼﾆﾂﾎﾟﾝｼﾃｲ,738,ｿｳﾘ
0190,ﾆｼﾆﾂﾎﾟﾝｼﾃｲ,739,ﾋｻﾔﾏ
0190,ﾆｼﾆﾂﾎﾟﾝｼﾃｲ,740,ｳﾂｸｼｶﾞｵｶ
0190,ﾆｼﾆﾂﾎﾟﾝｼﾃｲ,741,ﾌｸｵｶｸｳｺｳ
0190,ﾆｼﾆﾂﾎﾟﾝｼﾃｲ,747,ｻﾝｷﾞﾖｳｲﾀﾞｲ
0190,ﾆｼﾆﾂﾎﾟﾝｼﾃｲ,748,ｲﾄ
0190,ﾆｼﾆﾂﾎﾟﾝｼﾃｲ,751,ｶﾐﾂ
0190,ﾆｼﾆﾂﾎﾟﾝｼﾃｲ,760,ﾀｶｽ
0190,ﾆｼﾆﾂﾎﾟﾝｼﾃｲ,780,ｸﾗﾃ
0190,ﾆｼﾆﾂﾎﾟﾝｼﾃｲ,822,ﾛ-ｿﾝﾃﾝ
0190,ﾆｼﾆﾂﾎﾟﾝｼﾃｲ,823,ｲ-ﾈﾂﾄﾃﾝ
0190,ﾆｼﾆﾂﾎﾟﾝｼﾃｲ,851,ｲｷｲｷ
0190,ﾆｼﾆﾂﾎﾟﾝｼﾃｲ,901,ﾐﾔｻﾞｷ
0191,ｷﾀｷﾕｳｼﾕｳ,115,ﾓｼﾞ
0191,ｷﾀｷﾕｳｼﾕｳ,116,ﾎﾝﾃﾝ
0191,ｷﾀｷﾕｳｼﾕｳ,117,ﾌｸｵｶ
0191,ｷﾀｷﾕｳｼﾕｳ,118,ﾔﾊﾀ
0191,ｷﾀｷﾕｳｼﾕｳ,119,ﾄﾊﾞﾀ
0191,ｷﾀｷﾕｳｼﾕｳ,120,ﾜｶﾏﾂ
0191,ｷﾀｷﾕｳｼﾕｳ,121,ﾅｶﾞｻｷ
0191,ｷﾀｷﾕｳｼﾕｳ,122,ﾐﾊｷﾞﾉ
0191,ｷﾀｷﾕｳｼﾕｳ,125,ﾔﾊﾀﾁﾕｳｵｳ
0191,ｷﾀｷﾕｳｼﾕｳ,128,ｱｶｻｶﾓﾝ
0191,ｷﾀｷﾕｳｼﾕｳ,132,ｵｵｲﾀ
0191,ｷﾀｷﾕｳｼﾕｳ,133,ﾊｶﾀｴｷﾋｶﾞｼ
0191,ｷﾀｷﾕｳｼﾕｳ,137,ｸﾙﾒ
0191,ｷﾀｷﾕｳｼﾕｳ,139,ｸﾏﾓﾄ
0191,ｷﾀｷﾕｳｼﾕｳ,140,ｺｸﾗﾋｶﾞｼ
0191,ｷﾀｷﾕｳｼﾕｳ,142,ﾆｼｼﾞﾝ
0191,ｷﾀｷﾕｳｼﾕｳ,143,ｵﾘｵ
0191,ｷﾀｷﾕｳｼﾕｳ,145,ﾓﾘﾂﾈ
0191,ｷﾀｷﾕｳｼﾕｳ,146,ﾔﾊﾀﾐﾅﾐ
0191,ｷﾀｷﾕｳｼﾕｳ,147,ﾇﾏ
0191,ｷﾀｷﾕｳｼﾕｳ,150,ﾃﾝｼﾞﾝ
0191,ｷﾀｷﾕｳｼﾕｳ,152,ﾌｸﾂ
0191,ｷﾀｷﾕｳｼﾕｳ,156,ﾕｸﾊｼ
0191,ｷﾀｷﾕｳｼﾕｳ,157,ｲﾄｳﾂﾞ
0191,ｷﾀｷﾕｳｼﾕｳ,158,ｼﾝｸﾞｳ
0191,ｷﾀｷﾕｳｼﾕｳ,159,ﾉｵｶﾞﾀ
0191,ｷﾀｷﾕｳｼﾕｳ,161,ｱｲｵｲ
0191,ｷﾀｷﾕｳｼﾕｳ,162,ﾑﾅｶﾀ
0191,ｷﾀｷﾕｳｼﾕｳ,163,ﾁﾊﾔ
0191,ｷﾀｷﾕｳｼﾕｳ,164,ｲｲﾂﾞｶ
0191,ｷﾀｷﾕｳｼﾕｳ,165,ﾁｸｼﾉ
0191,ｷﾀｷﾕｳｼﾕｳ,166,ｶﾝﾀﾞ
0191,ｷﾀｷﾕｳｼﾕｳ,167,ﾋﾋﾞｷﾉ
0191,ｷﾀｷﾕｳｼﾕｳ,196,ﾅｶﾂ
0191,ｷﾀｷﾕｳｼﾕｳ,197,ｸｽﾞﾊﾗ
0191,ｷﾀｷﾕｳｼﾕｳ,198,ｼﾞﾖｳﾉ
0191,ｷﾀｷﾕｳｼﾕｳ,300,ｽﾏ-ﾄ
0191,ｷﾀｷﾕｳｼﾕｳ,394,ﾃﾞﾝｻｲﾄｳｶﾂ
0191,ｷﾀｷﾕｳｼﾕｳ,550,ﾀﾞｲﾘ
0200,ﾜｲｽﾞ,001,ﾎﾝﾃﾝ
0200,ﾜｲｽﾞ,100,ﾋｶﾘ
0200,ﾜｲｽﾞ,101,ｺﾏﾁ
0200,ﾜｲｽﾞ,102,ｶﾓﾒ
0288,ﾐﾂﾋﾞｼUFJｼﾝﾀｸ,110,ﾎﾝﾃﾝ
0288,ﾐﾂﾋﾞｼUFJｼﾝﾀｸ,140,ｳｴﾉ
0288,ﾐﾂﾋﾞｼUFJｼﾝﾀｸ,150,ｲｹﾌﾞｸﾛ
0288,ﾐﾂﾋﾞｼUFJｼﾝﾀｸ,170,ｼﾞﾕｳｶﾞｵｶ
0288,ﾐﾂﾋﾞｼUFJｼﾝﾀｸ,180,ｾﾝｼﾞﾕ
0288,ﾐﾂﾋﾞｼUFJｼﾝﾀｸ,190,ｼﾝｼﾞﾕｸ
0288,ﾐﾂﾋﾞｼUFJｼﾝﾀｸ,220,ﾆﾎﾝﾊﾞｼ
0288,ﾐﾂﾋﾞｼUFJｼﾝﾀｸ,260,ｼﾌﾞﾔ
0288,ﾐﾂﾋﾞｼUFJｼﾝﾀｸ,270,ｺﾞﾀﾝﾀﾞ
0288,ﾐﾂﾋﾞｼUFJｼﾝﾀｸ,280,ｷﾁｼﾞﾖｳｼﾞ
0288,ﾐﾂﾋﾞｼUFJｼﾝﾀｸ,290,ﾅｶﾉ
0288,ﾐﾂﾋﾞｼUFJｼﾝﾀｸ,310,ｻﾂﾎﾟﾛ
0288,ﾐﾂﾋﾞｼUFJｼﾝﾀｸ,320,ｾｲｼﾞﾖｳ
0288,ﾐﾂﾋﾞｼUFJｼﾝﾀｸ,340,ｾﾝﾀﾞｲ
0288,ﾐﾂﾋﾞｼUFJｼﾝﾀｸ,346,ｵｵﾐﾔ
0288,ﾐﾂﾋﾞｼUFJｼﾝﾀｸ,356,ﾌﾅﾊﾞｼ
0288,ﾐﾂﾋﾞｼUFJｼﾝﾀｸ,360,ｶｼﾜ
0288,ﾐﾂﾋﾞｼUFJｼﾝﾀｸ,370,ﾂﾀﾞﾇﾏ
0288,ﾐﾂﾋﾞｼUFJｼﾝﾀｸ,376,ﾋﾗﾂｶ
0288,ﾐﾂﾋﾞｼUFJｼﾝﾀｸ,390,ｲﾁｶﾜﾔﾜﾀ
0288,ﾐﾂﾋﾞｼUFJｼﾝﾀｸ,400,ｶﾐｵｵｵｶ
0288,ﾐﾂﾋﾞｼUFJｼﾝﾀｸ,406,ﾅｺﾞﾔﾎｳｼﾞﾝ
0288,ﾐﾂﾋﾞｼUFJｼﾝﾀｸ,420,ｶﾜｻｷ
0288,ﾐﾂﾋﾞｼUFJｼﾝﾀｸ,430,ﾖｺﾊﾏｴｷﾆｼｸﾞﾁ
0288,ﾐﾂﾋﾞｼUFJｼﾝﾀｸ,440,ﾀﾁｶﾜ
0288,ﾐﾂﾋﾞｼUFJｼﾝﾀｸ,450,ﾏﾁﾀﾞ
0288,ﾐﾂﾋﾞｼUFJｼﾝﾀｸ,460,ﾁﾊﾞ
0288,ﾐﾂﾋﾞｼUFJｼﾝﾀｸ,470,ｳﾗﾜ
0288,ﾐﾂﾋﾞｼUFJｼﾝﾀｸ,480,ﾌｼﾞｻﾜ
0288,ﾐﾂﾋﾞｼUFJｼﾝﾀｸ,510,ﾅｶﾞﾉ
0288,ﾐﾂﾋﾞｼUFJｼﾝﾀｸ,511,ｵｵｻｶ
0288,ﾐﾂﾋﾞｼUFJｼﾝﾀｸ,521,ﾅﾝﾊﾞ
0288,ﾐﾂﾋﾞｼUFJｼﾝﾀｸ,530,ﾄｳｷﾖｳﾀﾞｲｺﾞ
0288,ﾐﾂﾋﾞｼUFJｼﾝﾀｸ,540,ﾄｳｷﾖｳﾀﾞｲﾖﾝ
0288,ﾐﾂﾋﾞｼUFJｼﾝﾀｸ,550,ｱｵﾊﾞﾀﾞｲ
0288,ﾐﾂﾋﾞｼUFJｼﾝﾀｸ,560,ﾅｺﾞﾔ
0288,ﾐﾂﾋﾞｼUFJｼﾝﾀｸ,570,ﾒｲｴｷ
0288,ﾐﾂﾋﾞｼUFJｼﾝﾀｸ,610,ｷﾖｳﾄ
0288,ﾐﾂﾋﾞｼUFJｼﾝﾀｸ,620,ｵｵｻｶﾎｳｼﾞﾝ
0288,ﾐﾂﾋﾞｼUFJｼﾝﾀｸ,640,ｳﾒﾀﾞ
0288,ﾐﾂﾋﾞｼUFJｼﾝﾀｸ,650,ｱﾍﾞﾉ
0288,ﾐﾂﾋﾞｼUFJｼﾝﾀｸ,651,ﾄｳｷﾖｳﾀﾞｲｲﾁ
0288,ﾐﾂﾋﾞｼUFJｼﾝﾀｸ,671,ｺｳﾍﾞ
0288,ﾐﾂﾋﾞｼUFJｼﾝﾀｸ,676,ﾄｳｷﾖｳﾀﾞｲｻﾝ
0288,ﾐﾂﾋﾞｼUFJｼﾝﾀｸ,677,ﾆｼﾉﾐﾔ
0288,ﾐﾂﾋﾞｼUFJｼﾝﾀｸ,710,ﾋﾛｼﾏ
0288,ﾐﾂﾋﾞｼUFJｼﾝﾀｸ,730,ﾄｳｷﾖｳﾀﾞｲﾆ
0288,ﾐﾂﾋﾞｼUFJｼﾝﾀｸ,770,ﾀｶﾏﾂ
0288,ﾐﾂﾋﾞｼUFJｼﾝﾀｸ,810,ﾌｸｵｶ
0288,ﾐﾂﾋﾞｼUFJｼﾝﾀｸ,830,ﾄｳｷﾖｳﾀﾞｲﾛｸ
0289,ﾐｽﾞﾎｼﾝﾀｸ,010,ﾎﾝﾃﾝ
0289,ﾐｽﾞﾎｼﾝﾀｸ,021,ｵｵﾓﾘ
0289,ﾐｽﾞﾎｼﾝﾀｸ,022,ｼﾌﾞﾔ
0289,ﾐｽﾞﾎｼﾝﾀｸ,023,ｲｹﾌﾞｸﾛ
0289,ﾐｽﾞﾎｼﾝﾀｸ,024,ｳｴﾉ
0289,ﾐｽﾞﾎｼﾝﾀｸ,025,ｼﾞﾕｳｶﾞｵｶ
0289,ﾐｽﾞﾎｼﾝﾀｸ,026,ｼﾝｼﾞﾕｸ
0289,ﾐｽﾞﾎｼﾝﾀｸ,030,ﾂﾀﾞﾇﾏ
0289,ﾐｽﾞﾎｼﾝﾀｸ,033,ﾋﾊﾞﾘｶﾞｵｶ
0289,ﾐｽﾞﾎｼﾝﾀｸ,034,ﾐｿﾞﾉｸﾁ
0289,ﾐｽﾞﾎｼﾝﾀｸ,035,ﾌﾁﾕｳ
0289,ﾐｽﾞﾎｼﾝﾀｸ,036,ﾐﾀｶ
0289,ﾐｽﾞﾎｼﾝﾀｸ,037,ﾊﾁｵｳｼﾞ
0289,ﾐｽﾞﾎｼﾝﾀｸ,038,ﾏﾁﾀﾞ
0289,ﾐｽﾞﾎｼﾝﾀｸ,039,ｶﾜｺﾞｴ
0289,ﾐｽﾞﾎｼﾝﾀｸ,040,ｵｵﾌﾅ
0289,ﾐｽﾞﾎｼﾝﾀｸ,041,ﾖｺﾊﾏ
0289,ﾐｽﾞﾎｼﾝﾀｸ,044,ﾏｴﾊﾞｼ
0289,ﾐｽﾞﾎｼﾝﾀｸ,045,ｳﾗﾜ
0289,ﾐｽﾞﾎｼﾝﾀｸ,046,ﾁﾊﾞ
0289,ﾐｽﾞﾎｼﾝﾀｸ,048,ｶｼﾜ
0289,ﾐｽﾞﾎｼﾝﾀｸ,051,ｻﾂﾎﾟﾛ
0289,ﾐｽﾞﾎｼﾝﾀｸ,055,ｾﾝﾀﾞｲ
0289,ﾐｽﾞﾎｼﾝﾀｸ,061,ﾆｲｶﾞﾀ
0289,ﾐｽﾞﾎｼﾝﾀｸ,062,ﾄﾔﾏ
0289,ﾐｽﾞﾎｼﾝﾀｸ,064,ﾊﾏﾏﾂ
0289,ﾐｽﾞﾎｼﾝﾀｸ,065,ﾅｺﾞﾔ
0289,ﾐｽﾞﾎｼﾝﾀｸ,071,ｷﾖｳﾄ
0289,ﾐｽﾞﾎｼﾝﾀｸ,072,ｵｵｻｶ
0289,ﾐｽﾞﾎｼﾝﾀｸ,073,ｱﾍﾞﾉﾊﾞｼ
0289,ﾐｽﾞﾎｼﾝﾀｸ,078,ｺｳﾍﾞ
0289,ﾐｽﾞﾎｼﾝﾀｸ,081,ｵｶﾔﾏ
0289,ﾐｽﾞﾎｼﾝﾀｸ,082,ﾋﾛｼﾏ
0289,ﾐｽﾞﾎｼﾝﾀｸ,091,ｷﾀｷﾕｳｼﾕｳ
0289,ﾐｽﾞﾎｼﾝﾀｸ,092,ﾌｸｵｶ
0289,ﾐｽﾞﾎｼﾝﾀｸ,093,ｶｺﾞｼﾏ
0294,ﾐﾂｲｽﾐﾄﾓｼﾝﾀｸ,020,ｵｵｻｶﾎﾝﾃﾝ
0294,ﾐﾂｲｽﾐﾄﾓｼﾝﾀｸ,100,ﾆﾎﾝﾊﾞｼ
0294,ﾐﾂｲｽﾐﾄﾓｼﾝﾀｸ,110,ｼﾊﾞ
0294,ﾐﾂｲｽﾐﾄﾓｼﾝﾀｸ,140,ｱﾍﾞﾉﾊﾞｼ
0294,ﾐﾂｲｽﾐﾄﾓｼﾝﾀｸ,150,ｳﾒﾀﾞ
0294,ﾐﾂｲｽﾐﾄﾓｼﾝﾀｸ,151,ｼﾞﾕｳｶﾞｵｶ
0294,ﾐﾂｲｽﾐﾄﾓｼﾝﾀｸ,160,ｼﾌﾞﾔ
0294,ﾐﾂｲｽﾐﾄﾓｼﾝﾀｸ,161,ﾒｸﾞﾛ
0294,ﾐﾂｲｽﾐﾄﾓｼﾝﾀｸ,170,ｵｵﾓﾘ
0294,ﾐﾂｲｽﾐﾄﾓｼﾝﾀｸ,180,ｻﾝｹﾞﾝﾁﾞﾔﾔ
0294,ﾐﾂｲｽﾐﾄﾓｼﾝﾀｸ,190,ﾀﾁｶﾜ
0294,ﾐﾂｲｽﾐﾄﾓｼﾝﾀｸ,220,ﾅﾝﾊﾞ
0294,ﾐﾂｲｽﾐﾄﾓｼﾝﾀｸ,230,ｾﾝﾘﾁﾕｳｵｳ
0294,ﾐﾂｲｽﾐﾄﾓｼﾝﾀｸ,239,ｼﾔｸｼﾞｲ
0294,ﾐﾂｲｽﾐﾄﾓｼﾝﾀｸ,240,ﾔｵ
0294,ﾐﾂｲｽﾐﾄﾓｼﾝﾀｸ,244,ｱﾍﾞﾉ
0294,ﾐﾂｲｽﾐﾄﾓｼﾝﾀｸ,245,ｽｷﾞﾄ
0294,ﾐﾂｲｽﾐﾄﾓｼﾝﾀｸ,250,ｲﾊﾞﾗｷ
0294,ﾐﾂｲｽﾐﾄﾓｼﾝﾀｸ,251,ｵｵｻｶﾁﾕｳｵｳ
0294,ﾐﾂｲｽﾐﾄﾓｼﾝﾀｸ,252,ﾅﾝﾊﾞﾁﾕｳｵｳ
0294,ﾐﾂｲｽﾐﾄﾓｼﾝﾀｸ,253,ﾊﾝｷﾕｳｳﾒﾀﾞ
0294,ﾐﾂｲｽﾐﾄﾓｼﾝﾀｸ,254,ｵｷﾞｸﾎﾞ
0294,ﾐﾂｲｽﾐﾄﾓｼﾝﾀｸ,255,ｲｹﾀﾞ
0294,ﾐﾂｲｽﾐﾄﾓｼﾝﾀｸ,256,ｹｲﾊﾝﾋﾗｶﾀ
0294,ﾐﾂｲｽﾐﾄﾓｼﾝﾀｸ,260,ﾀｶﾂｷ
0294,ﾐﾂｲｽﾐﾄﾓｼﾝﾀｸ,270,ｻｶｲ
0294,ﾐﾂｲｽﾐﾄﾓｼﾝﾀｸ,280,ﾄﾖﾅｶ
0294,ﾐﾂｲｽﾐﾄﾓｼﾝﾀｸ,290,ﾋﾗｶﾀ
0294,ﾐﾂｲｽﾐﾄﾓｼﾝﾀｸ,294,ﾏﾁﾀﾞ
0294,ﾐﾂｲｽﾐﾄﾓｼﾝﾀｸ,295,ｼﾝﾕﾘｶﾞｵｶ
0294,ﾐﾂｲｽﾐﾄﾓｼﾝﾀｸ,300,ﾄｺﾛｻﾞﾜ
0294,ﾐﾂｲｽﾐﾄﾓｼﾝﾀｸ,310,ｾﾝﾀﾞｲ
0294,ﾐﾂｲｽﾐﾄﾓｼﾝﾀｸ,320,ｻｶﾞﾐｵｵﾉ
0294,ﾐﾂｲｽﾐﾄﾓｼﾝﾀｸ,321,ｶﾐｵｵｵｶ
0294,ﾐﾂｲｽﾐﾄﾓｼﾝﾀｸ,324,ﾁﾊﾞ
0294,ﾐﾂｲｽﾐﾄﾓｼﾝﾀｸ,325,ﾖｺﾊﾏｴｷﾆｼｸﾞﾁ
0294,ﾐﾂｲｽﾐﾄﾓｼﾝﾀｸ,327,ﾌﾅﾊﾞｼ
0294,ﾐﾂｲｽﾐﾄﾓｼﾝﾀｸ,328,ｳﾂﾉﾐﾔ
0294,ﾐﾂｲｽﾐﾄﾓｼﾝﾀｸ,329,ﾏﾂﾄﾞ
0294,ﾐﾂｲｽﾐﾄﾓｼﾝﾀｸ,330,ｳﾗﾜ
0294,ﾐﾂｲｽﾐﾄﾓｼﾝﾀｸ,331,ｶﾜｻｷ
0294,ﾐﾂｲｽﾐﾄﾓｼﾝﾀｸ,332,ｲﾁｶﾜ
0294,ﾐﾂｲｽﾐﾄﾓｼﾝﾀｸ,336,ﾌｼﾞｻﾜ
0294,ﾐﾂｲｽﾐﾄﾓｼﾝﾀｸ,340,ｱｵﾊﾞﾀﾞｲ
0294,ﾐﾂｲｽﾐﾄﾓｼﾝﾀｸ,350,ｻﾂﾎﾟﾛﾁﾕｳｵｳ
0294,ﾐﾂｲｽﾐﾄﾓｼﾝﾀｸ,360,ﾊﾁｵｳｼﾞｴｷﾏｴ
0294,ﾐﾂｲｽﾐﾄﾓｼﾝﾀｸ,370,ﾄｺﾛｻﾞﾜｴｷﾏｴ
0294,ﾐﾂｲｽﾐﾄﾓｼﾝﾀｸ,377,ﾌﾀﾏﾀｶﾞﾜ
0294,ﾐﾂｲｽﾐﾄﾓｼﾝﾀｸ,380,ﾌｼﾞｻﾜﾁﾕｳｵｳ
0294,ﾐﾂｲｽﾐﾄﾓｼﾝﾀｸ,390,ﾂﾀﾞﾇﾏ
0294,ﾐﾂｲｽﾐﾄﾓｼﾝﾀｸ,391,ｻﾂﾎﾟﾛ
0294,ﾐﾂｲｽﾐﾄﾓｼﾝﾀｸ,392,ｾﾝﾀﾞｲｱｵﾊﾞ
0294,ﾐﾂｲｽﾐﾄﾓｼﾝﾀｸ,410,ﾎﾝﾃﾝ
0294,ﾐﾂｲｽﾐﾄﾓｼﾝﾀｸ,420,ｼｽﾞｵｶ
0294,ﾐﾂｲｽﾐﾄﾓｼﾝﾀｸ,450,ﾄｳｷﾖｳﾁﾕｳｵｳ
0294,ﾐﾂｲｽﾐﾄﾓｼﾝﾀｸ,460,ﾅｺﾞﾔ
0294,ﾐﾂｲｽﾐﾄﾓｼﾝﾀｸ,470,ｳｴﾉﾁﾕｳｵｳ
0294,ﾐﾂｲｽﾐﾄﾓｼﾝﾀｸ,480,ｺｳﾅﾝﾀﾞｲ
0294,ﾐﾂｲｽﾐﾄﾓｼﾝﾀｸ,510,ｼﾝｼﾞﾕｸ
0294,ﾐﾂｲｽﾐﾄﾓｼﾝﾀｸ,515,ｼﾝﾊﾞｼ
0294,ﾐﾂｲｽﾐﾄﾓｼﾝﾀｸ,520,ｼﾌﾞﾔﾁﾕｳｵｳ
0294,ﾐﾂｲｽﾐﾄﾓｼﾝﾀｸ,525,ｼﾝｼﾞﾕｸﾆｼｸﾞﾁ
0294,ﾐﾂｲｽﾐﾄﾓｼﾝﾀｸ,526,ｲｹﾌﾞｸﾛ
0294,ﾐﾂｲｽﾐﾄﾓｼﾝﾀｸ,527,ﾅｶﾉ
0294,ﾐﾂｲｽﾐﾄﾓｼﾝﾀｸ,528,ｳｴﾉ
0294,ﾐﾂｲｽﾐﾄﾓｼﾝﾀｸ,529,ｷﾁｼﾞﾖｳｼﾞ
0294,ﾐﾂｲｽﾐﾄﾓｼﾝﾀｸ,530,ｲｹﾌﾞｸﾛﾋｶﾞｼｸﾞﾁ
0294,ﾐﾂｲｽﾐﾄﾓｼﾝﾀｸ,540,ｷﾁｼﾞﾖｳｼﾞﾁﾕｳｵｳ
0294,ﾐﾂｲｽﾐﾄﾓｼﾝﾀｸ,541,ｺｶﾞﾈｲ
0294,ﾐﾂｲｽﾐﾄﾓｼﾝﾀｸ,542,ｼﾞﾑｻﾎﾟ-ﾄｾﾝﾀ-
0294,ﾐﾂｲｽﾐﾄﾓｼﾝﾀｸ,550,ｺｼｶﾞﾔ
0294,ﾐﾂｲｽﾐﾄﾓｼﾝﾀｸ,560,ｶｼﾜ
0294,ﾐﾂｲｽﾐﾄﾓｼﾝﾀｸ,570,ﾖｺﾊﾏ
0294,ﾐﾂｲｽﾐﾄﾓｼﾝﾀｸ,580,ﾁﾊﾞｴｷﾏｴ
0294,ﾐﾂｲｽﾐﾄﾓｼﾝﾀｸ,590,ｵｵﾐﾔ
0294,ﾐﾂｲｽﾐﾄﾓｼﾝﾀｸ,597,ﾀﾏｻｸﾗｶﾞｵｶ
0294,ﾐﾂｲｽﾐﾄﾓｼﾝﾀｸ,610,ｼｽﾞｵｶﾁﾕｳｵｳ
0294,ﾐﾂｲｽﾐﾄﾓｼﾝﾀｸ,620,ｺｳﾌ
0294,ﾐﾂｲｽﾐﾄﾓｼﾝﾀｸ,626,ｵﾀﾞﾜﾗ
0294,ﾐﾂｲｽﾐﾄﾓｼﾝﾀｸ,629,ﾊﾁｵｳｼﾞ
0294,ﾐﾂｲｽﾐﾄﾓｼﾝﾀｸ,630,ﾆｲｶﾞﾀ
0294,ﾐﾂｲｽﾐﾄﾓｼﾝﾀｸ,631,ｶﾅｻﾞﾜ
0294,ﾐﾂｲｽﾐﾄﾓｼﾝﾀｸ,634,ﾏｴﾊﾞｼ
0294,ﾐﾂｲｽﾐﾄﾓｼﾝﾀｸ,635,ｵｵﾐﾔｴｷﾏｴ
0294,ﾐﾂｲｽﾐﾄﾓｼﾝﾀｸ,637,ﾄﾖﾊｼ
0294,ﾐﾂｲｽﾐﾄﾓｼﾝﾀｸ,640,ﾒｲｴｷﾐﾅﾐ
0294,ﾐﾂｲｽﾐﾄﾓｼﾝﾀｸ,641,ﾄﾔﾏ
0294,ﾐﾂｲｽﾐﾄﾓｼﾝﾀｸ,642,ﾆｲｶﾞﾀﾁﾕｳｵｳ
0294,ﾐﾂｲｽﾐﾄﾓｼﾝﾀｸ,643,ﾌｸｲ
0294,ﾐﾂｲｽﾐﾄﾓｼﾝﾀｸ,645,ﾇﾏﾂﾞ
0294,ﾐﾂｲｽﾐﾄﾓｼﾝﾀｸ,649,ｵｶｻﾞｷ
0294,ﾐﾂｲｽﾐﾄﾓｼﾝﾀｸ,650,ﾅｺﾞﾔｻｶｴ
0294,ﾐﾂｲｽﾐﾄﾓｼﾝﾀｸ,654,ｶﾅﾔﾏﾊﾞｼ
0294,ﾐﾂｲｽﾐﾄﾓｼﾝﾀｸ,655,ﾎｼｶﾞｵｶ
0294,ﾐﾂｲｽﾐﾄﾓｼﾝﾀｸ,659,ﾅｺﾞﾔｴｷﾏｴ
0294,ﾐﾂｲｽﾐﾄﾓｼﾝﾀｸ,662,ｲﾁﾉﾐﾔ
0294,ﾐﾂｲｽﾐﾄﾓｼﾝﾀｸ,664,ｷﾞﾌ
0294,ﾐﾂｲｽﾐﾄﾓｼﾝﾀｸ,666,ﾖﾂｶｲﾁ
0294,ﾐﾂｲｽﾐﾄﾓｼﾝﾀｸ,670,ﾌﾀｺﾀﾏｶﾞﾜ
0294,ﾐﾂｲｽﾐﾄﾓｼﾝﾀｸ,680,ｶﾅｻﾞﾜﾁﾕｳｵｳ
0294,ﾐﾂｲｽﾐﾄﾓｼﾝﾀｸ,687,ｻｶﾞ
0294,ﾐﾂｲｽﾐﾄﾓｼﾝﾀｸ,690,ﾀﾁｶﾜｷﾀｸﾞﾁ
0294,ﾐﾂｲｽﾐﾄﾓｼﾝﾀｸ,710,ｷﾖｳﾄ
0294,ﾐﾂｲｽﾐﾄﾓｼﾝﾀｸ,720,ﾅﾗｻｲﾀﾞｲｼﾞ
0294,ﾐﾂｲｽﾐﾄﾓｼﾝﾀｸ,730,ﾜｶﾔﾏ
0294,ﾐﾂｲｽﾐﾄﾓｼﾝﾀｸ,740,ｶﾜﾆｼ
0294,ﾐﾂｲｽﾐﾄﾓｼﾝﾀｸ,750,ｺｳﾍﾞ
0294,ﾐﾂｲｽﾐﾄﾓｼﾝﾀｸ,760,ｱｶｼ
0294,ﾐﾂｲｽﾐﾄﾓｼﾝﾀｸ,761,ｷﾖｳﾄｼｼﾞﾖｳ
0294,ﾐﾂｲｽﾐﾄﾓｼﾝﾀｸ,762,ｺｳﾍﾞｻﾝﾉﾐﾔ
0294,ﾐﾂｲｽﾐﾄﾓｼﾝﾀｸ,763,ｵｵﾂ
0294,ﾐﾂｲｽﾐﾄﾓｼﾝﾀｸ,764,ﾂｶｸﾞﾁ
0294,ﾐﾂｲｽﾐﾄﾓｼﾝﾀｸ,770,ﾆｼﾉﾐﾔ
0294,ﾐﾂｲｽﾐﾄﾓｼﾝﾀｸ,780,ﾋﾒｼﾞ
0294,ﾐﾂｲｽﾐﾄﾓｼﾝﾀｸ,790,ｱｼﾔ
0294,ﾐﾂｲｽﾐﾄﾓｼﾝﾀｸ,810,ｵｶﾔﾏ
0294,ﾐﾂｲｽﾐﾄﾓｼﾝﾀｸ,820,ﾋﾛｼﾏﾁﾕｳｵｳ
0294,ﾐﾂｲｽﾐﾄﾓｼﾝﾀｸ,830,ﾌｸﾔﾏ
0294,ﾐﾂｲｽﾐﾄﾓｼﾝﾀｸ,840,ｸﾏﾓﾄﾁﾕｳｵｳ
0294,ﾐﾂｲｽﾐﾄﾓｼﾝﾀｸ,850,ﾔﾏｸﾞﾁﾎｳﾌ
0294,ﾐﾂｲｽﾐﾄﾓｼﾝﾀｸ,860,ﾏﾂﾔﾏ
0294,ﾐﾂｲｽﾐﾄﾓｼﾝﾀｸ,871,ﾀｶﾏﾂ
0294,ﾐﾂｲｽﾐﾄﾓｼﾝﾀｸ,872,ﾋﾛｼﾏ
0294,ﾐﾂｲｽﾐﾄﾓｼﾝﾀｸ,873,ｵｶﾔﾏﾁﾕｳｵｳ
0294,ﾐﾂｲｽﾐﾄﾓｼﾝﾀｸ,874,ﾄﾂﾄﾘ
0294,ﾐﾂｲｽﾐﾄﾓｼﾝﾀｸ,890,ｶｺﾞｼﾏ
0294,ﾐﾂｲｽﾐﾄﾓｼﾝﾀｸ,910,ﾌｸｵｶ
0294,ﾐﾂｲｽﾐﾄﾓｼﾝﾀｸ,920,ｸﾏﾓﾄ
0294,ﾐﾂｲｽﾐﾄﾓｼﾝﾀｸ,940,ｱﾂｷﾞ
0294,ﾐﾂｲｽﾐﾄﾓｼﾝﾀｸ,950,ﾖｺｽｶ
0294,ﾐﾂｲｽﾐﾄﾓｼﾝﾀｸ,960,ﾀﾏﾌﾟﾗ-ｻﾞ
0294,ﾐﾂｲｽﾐﾄﾓｼﾝﾀｸ,971,ﾌｸｵｶﾃﾝｼﾞﾝ
0294,ﾐﾂｲｽﾐﾄﾓｼﾝﾀｸ,972,ｷﾀｷﾕｳｼﾕｳ
0294,ﾐﾂｲｽﾐﾄﾓｼﾝﾀｸ,973,ｵｵｲﾀ
0294,ﾐﾂｲｽﾐﾄﾓｼﾝﾀｸ,980,ﾔﾁﾖ
0295,ﾆﾕ-ﾖ-ｸﾒﾛﾝｼﾝﾀｸ,001,ﾎﾝﾃﾝ
0297,ﾆﾎﾝﾏｽﾀ-ﾄﾗｽﾄｼﾝﾀｸ,001,ﾎﾝﾃﾝ
0300,ｴｽｴﾑﾋﾞ-ｼ-ｼﾝﾀｸ,001,ﾎﾝﾃﾝ
0300,ｴｽｴﾑﾋﾞ-ｼ-ｼﾝﾀｸ,003,ｼﾝｼﾞﾕｸﾐﾅﾐｸﾞﾁ
0300,ｴｽｴﾑﾋﾞ-ｼ-ｼﾝﾀｸ,020,ｱｵﾔﾏ
0300,ｴｽｴﾑﾋﾞ-ｼ-ｼﾝﾀｸ,021,ｵｵﾃﾏﾁ
0300,ｴｽｴﾑﾋﾞ-ｼ-ｼﾝﾀｸ,022,ｷﾞﾝｻﾞ
0300,ｴｽｴﾑﾋﾞ-ｼ-ｼﾝﾀｸ,024,ﾅﾝﾊﾞ
0300,ｴｽｴﾑﾋﾞ-ｼ-ｼﾝﾀｸ,025,ｳﾒﾀﾞ
0300,ｴｽｴﾑﾋﾞ-ｼ-ｼﾝﾀｸ,029,ｷﾁｼﾞﾖｳｼﾞ
0300,ｴｽｴﾑﾋﾞ-ｼ-ｼﾝﾀｸ,030,ｺﾞﾀﾝﾀﾞ
0300,ｴｽｴﾑﾋﾞ-ｼ-ｼﾝﾀｸ,033,ｼﾌﾞﾔ
0300,ｴｽｴﾑﾋﾞ-ｼ-ｼﾝﾀｸ,035,ｻﾂﾎﾟﾛ
0300,ｴｽｴﾑﾋﾞ-ｼ-ｼﾝﾀｸ,037,ｲｹﾌﾞｸﾛ
0300,ｴｽｴﾑﾋﾞ-ｼ-ｼﾝﾀｸ,038,ﾋﾛｵ
0300,ｴｽｴﾑﾋﾞ-ｼ-ｼﾝﾀｸ,040,ｼﾝｼﾞﾕｸﾋｶﾞｼｸﾞﾁ
0300,ｴｽｴﾑﾋﾞ-ｼ-ｼﾝﾀｸ,043,ｷﾖｳﾄ
0300,ｴｽｴﾑﾋﾞ-ｼ-ｼﾝﾀｸ,045,ﾌｸｵｶ
0300,ｴｽｴﾑﾋﾞ-ｼ-ｼﾝﾀｸ,046,ﾁﾊﾞ
0300,ｴｽｴﾑﾋﾞ-ｼ-ｼﾝﾀｸ,047,ｳﾗﾜ
0300,ｴｽｴﾑﾋﾞ-ｼ-ｼﾝﾀｸ,048,ｱｼﾔ
0300,ｴｽｴﾑﾋﾞ-ｼ-ｼﾝﾀｸ,049,ｵｵｻｶｴｷﾏｴ
0300,ｴｽｴﾑﾋﾞ-ｼ-ｼﾝﾀｸ,052,ﾆﾎﾝﾊﾞｼ
0300,ｴｽｴﾑﾋﾞ-ｼ-ｼﾝﾀｸ,071,ﾌｼﾞｻﾜ
0300,ｴｽｴﾑﾋﾞ-ｼ-ｼﾝﾀｸ,072,ｼﾞﾕｳｶﾞｵｶ
0300,ｴｽｴﾑﾋﾞ-ｼ-ｼﾝﾀｸ,073,ﾅｺﾞﾔｴｷﾏｴ
0300,ｴｽｴﾑﾋﾞ-ｼ-ｼﾝﾀｸ,075,ｱｵﾊﾞﾀﾞｲ
0300,ｴｽｴﾑﾋﾞ-ｼ-ｼﾝﾀｸ,090,ｲﾝﾀ-ﾈﾂﾄ
0300,ｴｽｴﾑﾋﾞ-ｼ-ｼﾝﾀｸ,731,ｱｶｻｶ
0300,ｴｽｴﾑﾋﾞ-ｼ-ｼﾝﾀｸ,732,ﾅｺﾞﾔ
0300,ｴｽｴﾑﾋﾞ-ｼ-ｼﾝﾀｸ,735,ｺｳﾍﾞ
0300,ｴｽｴﾑﾋﾞ-ｼ-ｼﾝﾀｸ,736,ﾖｺﾊﾏ
0304,ﾉﾑﾗｼﾝﾀｸ,001,ﾎﾝﾃﾝ
0304,ﾉﾑﾗｼﾝﾀｸ,002,ﾎﾝﾃﾝｳｴﾙﾏﾈｾﾞﾛﾆ
0304,ﾉﾑﾗｼﾝﾀｸ,003,ｺｳｷﾖｳﾎｳｼﾞﾝﾌﾞ
0304,ﾉﾑﾗｼﾝﾀｸ,005,ﾎﾝﾃﾝﾎｳｼﾞﾝ
0304,ﾉﾑﾗｼﾝﾀｸ,006,ﾎﾝﾃﾝｴｲｷﾞﾖｳｾﾞﾛﾛｸ
0304,ﾉﾑﾗｼﾝﾀｸ,007,ﾎﾂﾄﾀﾞｲﾚｸﾄｾﾞﾛﾅﾅ
0304,ﾉﾑﾗｼﾝﾀｸ,008,ﾎﾝﾃﾝｴｲｷﾞﾖｳｾﾞﾛﾊﾁ
0304,ﾉﾑﾗｼﾝﾀｸ,012,ｳﾗﾜ
0304,ﾉﾑﾗｼﾝﾀｸ,013,ﾀﾏﾌﾟﾗ-ｻﾞｲﾁｻﾝ
0304,ﾉﾑﾗｼﾝﾀｸ,015,ｵｵﾓﾘｲﾁｺﾞ
0304,ﾉﾑﾗｼﾝﾀｸ,016,ｶｼﾜ
0304,ﾉﾑﾗｼﾝﾀｸ,018,ﾀﾁｶﾜｲﾁﾊﾁ
0304,ﾉﾑﾗｼﾝﾀｸ,019,ﾎﾝﾃﾝｴｲｷﾞﾖｳｲﾁｷﾕｳ
0304,ﾉﾑﾗｼﾝﾀｸ,020,ｲｹﾌﾞｸﾛﾆｾﾞﾛ
0304,ﾉﾑﾗｼﾝﾀｸ,021,ｷﾁｼﾞﾖｳｼﾞﾆｲﾁ
0304,ﾉﾑﾗｼﾝﾀｸ,022,ｺｲﾜﾆﾆ
0304,ﾉﾑﾗｼﾝﾀｸ,023,ﾎﾝﾃﾝｴｲｷﾞﾖｳﾆｻﾝ
0304,ﾉﾑﾗｼﾝﾀｸ,024,ﾌｸｼﾏﾎｳｼﾞﾝﾌﾞﾆﾖﾝ
0304,ﾉﾑﾗｼﾝﾀｸ,025,ﾎﾝﾃﾝｴｲｷﾞﾖｳﾆｺﾞ
0304,ﾉﾑﾗｼﾝﾀｸ,027,ｼﾝｼﾞﾕｸｴｲｷﾞﾖｳﾆﾅﾅ
0304,ﾉﾑﾗｼﾝﾀｸ,029,ｵｵﾓﾘﾆｷﾕｳ
0304,ﾉﾑﾗｼﾝﾀｸ,030,ﾎﾝﾃﾝｴｲｷﾞﾖｳｻﾝｾﾞﾛ
0304,ﾉﾑﾗｼﾝﾀｸ,031,ｼﾞﾕｳｶﾞｵｶｻﾝｲﾁ
0304,ﾉﾑﾗｼﾝﾀｸ,032,ｼﾌﾞﾔｻﾝﾆ
0304,ﾉﾑﾗｼﾝﾀｸ,033,ｻｲﾀﾏｻﾝｻﾝ
0304,ﾉﾑﾗｼﾝﾀｸ,034,ﾐﾄ
0304,ﾉﾑﾗｼﾝﾀｸ,035,ｶﾜｻｷｻﾝｺﾞ
0304,ﾉﾑﾗｼﾝﾀｸ,036,ﾖｺﾊﾏｻﾝﾛｸ
0304,ﾉﾑﾗｼﾝﾀｸ,037,ﾀｶｻｷ
0304,ﾉﾑﾗｼﾝﾀｸ,038,ﾏﾂﾄﾞ
0304,ﾉﾑﾗｼﾝﾀｸ,039,ｱｵﾓﾘ
0304,ﾉﾑﾗｼﾝﾀｸ,040,ｻﾂﾎﾟﾛ
0304,ﾉﾑﾗｼﾝﾀｸ,041,ﾊｺﾀﾞﾃ
0304,ﾉﾑﾗｼﾝﾀｸ,042,ｱｻﾋｶﾜ
0304,ﾉﾑﾗｼﾝﾀｸ,043,ｾﾝﾀﾞｲ
0304,ﾉﾑﾗｼﾝﾀｸ,044,ﾌｸｼﾏﾎｳｼﾞﾝﾌﾞﾖﾝﾖﾝ
0304,ﾉﾑﾗｼﾝﾀｸ,045,ｱｷﾀ
0304,ﾉﾑﾗｼﾝﾀｸ,046,ﾆｲｶﾞﾀ
0304,ﾉﾑﾗｼﾝﾀｸ,047,ﾔﾏｶﾞﾀ
0304,ﾉﾑﾗｼﾝﾀｸ,048,ｶﾅｻﾞﾜ
0304,ﾉﾑﾗｼﾝﾀｸ,049,ﾄﾔﾏ
0304,ﾉﾑﾗｼﾝﾀｸ,051,ﾄﾖﾊｼ
0304,ﾉﾑﾗｼﾝﾀｸ,052,ｵｶｻﾞｷ
0304,ﾉﾑﾗｼﾝﾀｸ,053,ﾅｺﾞﾔｴｲｷﾞﾖｳｺﾞｻﾝ
0304,ﾉﾑﾗｼﾝﾀｸ,054,ﾅｺﾞﾔｴｲｷﾞﾖｳｺﾞﾖﾝ
0304,ﾉﾑﾗｼﾝﾀｸ,055,ｼｽﾞｵｶ
0304,ﾉﾑﾗｼﾝﾀｸ,056,ﾌｸｲﾎｳｼﾞﾝﾌﾞｺﾞﾛｸ
0304,ﾉﾑﾗｼﾝﾀｸ,057,ﾊﾏﾏﾂ
0304,ﾉﾑﾗｼﾝﾀｸ,058,ｷﾞﾌ
0304,ﾉﾑﾗｼﾝﾀｸ,059,ﾇﾏﾂﾞ
0304,ﾉﾑﾗｼﾝﾀｸ,061,ﾅﾝﾊﾞｴｲｷﾞﾖｳﾛｸｲﾁ
0304,ﾉﾑﾗｼﾝﾀｸ,062,ｳﾒﾀﾞｴｲｷﾞﾖｳﾛｸﾆ
0304,ﾉﾑﾗｼﾝﾀｸ,063,ﾋﾗｶﾀ
0304,ﾉﾑﾗｼﾝﾀｸ,064,ﾆｼﾉﾐﾔﾛｸﾖﾝ
0304,ﾉﾑﾗｼﾝﾀｸ,066,ｳﾒﾀﾞｴｲｷﾞﾖｳﾛｸﾛｸ
0304,ﾉﾑﾗｼﾝﾀｸ,067,ﾅﾝﾊﾞｴｲｷﾞﾖｳﾛｸﾅﾅ
0304,ﾉﾑﾗｼﾝﾀｸ,068,ﾅﾝﾊﾞｴｲｷﾞﾖｳﾛｸﾊﾁ
0304,ﾉﾑﾗｼﾝﾀｸ,069,ｻｶｲ
0304,ﾉﾑﾗｼﾝﾀｸ,070,ｷﾖｳﾄ
0304,ﾉﾑﾗｼﾝﾀｸ,071,ﾀｶﾂｷﾅﾅｲﾁ
0304,ﾉﾑﾗｼﾝﾀｸ,072,ﾅﾗﾅﾅﾆ
0304,ﾉﾑﾗｼﾝﾀｸ,073,ｺｳﾍﾞﾅﾅｻﾝ
0304,ﾉﾑﾗｼﾝﾀｸ,074,ﾋﾒｼﾞ
0304,ﾉﾑﾗｼﾝﾀｸ,075,ﾖﾂｶｲﾁ
0304,ﾉﾑﾗｼﾝﾀｸ,076,ﾜｶﾔﾏ
0304,ﾉﾑﾗｼﾝﾀｸ,077,ｳﾂﾉﾐﾔ
0304,ﾉﾑﾗｼﾝﾀｸ,078,ﾌｸｵｶﾅﾅﾊﾁ
0304,ﾉﾑﾗｼﾝﾀｸ,079,ﾌｸﾔﾏ
0304,ﾉﾑﾗｼﾝﾀｸ,080,ｵｶﾔﾏﾊﾁｾﾞﾛ
0304,ﾉﾑﾗｼﾝﾀｸ,081,ﾄﾂﾄﾘｼﾏﾈﾊﾁｲﾁ
0304,ﾉﾑﾗｼﾝﾀｸ,082,ﾄﾂﾄﾘｼﾏﾈﾊﾁﾆ
0304,ﾉﾑﾗｼﾝﾀｸ,083,ﾋﾛｼﾏ
0304,ﾉﾑﾗｼﾝﾀｸ,084,ﾄｸﾔﾏ
0304,ﾉﾑﾗｼﾝﾀｸ,085,ﾄｸｼﾏﾊﾁｺﾞ
0304,ﾉﾑﾗｼﾝﾀｸ,086,ﾀｶﾏﾂ
0304,ﾉﾑﾗｼﾝﾀｸ,087,ﾏﾂﾔﾏ
0304,ﾉﾑﾗｼﾝﾀｸ,088,ｺｳﾁ
0304,ﾉﾑﾗｼﾝﾀｸ,090,ﾌｸｵｶｷﾕｳｾﾞﾛ
0304,ﾉﾑﾗｼﾝﾀｸ,091,ﾅｶﾞｻｷ
0304,ﾉﾑﾗｼﾝﾀｸ,092,ｸﾙﾒ
0304,ﾉﾑﾗｼﾝﾀｸ,093,ｼﾓﾉｾｷ
0304,ﾉﾑﾗｼﾝﾀｸ,094,ｷﾀｷﾕｳｼﾕｳ
0304,ﾉﾑﾗｼﾝﾀｸ,095,ｻｶﾞ
0304,ﾉﾑﾗｼﾝﾀｸ,096,ｶｺﾞｼﾏ
0304,ﾉﾑﾗｼﾝﾀｸ,097,ｸﾏﾓﾄ
0304,ﾉﾑﾗｼﾝﾀｸ,117,ｷｶﾝﾄｳｼｶ
0304,ﾉﾑﾗｼﾝﾀｸ,125,ﾎﾝﾃﾝｳｴﾙﾏﾈｲﾁﾆｺﾞ
0304,ﾉﾑﾗｼﾝﾀｸ,129,ﾗｲﾌﾌﾟﾗﾝｻ-ﾋﾞｽﾌﾞ
0304,ﾉﾑﾗｼﾝﾀｸ,148,ﾆｼﾆﾎﾝﾎｳｲﾁﾖﾝﾊﾁ
0304,ﾉﾑﾗｼﾝﾀｸ,149,ﾆｼﾆﾎﾝﾎｳｲﾁﾖﾝｷﾕｳ
0304,ﾉﾑﾗｼﾝﾀｸ,165,ﾎﾝﾃﾝｴｲｷﾞﾖｲﾁﾛｸｺﾞ
0304,ﾉﾑﾗｼﾝﾀｸ,172,ﾎﾝﾃﾝｴｲｷﾞﾖｳｲﾁﾅﾅﾆ
0304,ﾉﾑﾗｼﾝﾀｸ,176,ｲﾁﾅﾅﾛｸ
0304,ﾉﾑﾗｼﾝﾀｸ,182,ﾎﾂﾄﾀﾞｲﾚｸﾄｲﾁﾊﾁﾆ
0304,ﾉﾑﾗｼﾝﾀｸ,201,ｼﾝｼﾞﾕｸｴｲﾆｾﾞﾛｲﾁ
0304,ﾉﾑﾗｼﾝﾀｸ,202,ｼﾌﾞﾔﾆｾﾞﾛﾆ
0304,ﾉﾑﾗｼﾝﾀｸ,203,ｼﾝｼﾞﾕｸｴｲﾆｾﾞﾛｻﾝ
0304,ﾉﾑﾗｼﾝﾀｸ,204,ｱﾂｷﾞ
0304,ﾉﾑﾗｼﾝﾀｸ,207,ﾎﾝﾃﾝｴｲｷﾞﾖﾆｾﾞﾛﾅﾅ
0304,ﾉﾑﾗｼﾝﾀｸ,208,ﾏﾁﾀﾞﾆｾﾞﾛﾊﾁ
0304,ﾉﾑﾗｼﾝﾀｸ,209,ｼﾅｶﾞﾜﾆｾﾞﾛｷﾕｳ
0304,ﾉﾑﾗｼﾝﾀｸ,213,ﾁﾖｳﾌﾆｲﾁｻﾝ
0304,ﾉﾑﾗｼﾝﾀｸ,215,ｵｶﾔﾏﾆｲﾁｺﾞ
0304,ﾉﾑﾗｼﾝﾀｸ,219,ﾄｺﾛｻﾞﾜ
0304,ﾉﾑﾗｼﾝﾀｸ,229,ｼﾅｶﾞﾜﾆﾆｷﾕｳ
0304,ﾉﾑﾗｼﾝﾀｸ,230,ﾅﾊ
0304,ﾉﾑﾗｼﾝﾀｸ,233,ｼﾝｼﾞﾕｸｴｲﾆｻﾝｻﾝ
0304,ﾉﾑﾗｼﾝﾀｸ,236,ｳﾒﾀﾞｴｲｷﾞﾖｳﾆｻﾝﾛｸ
0304,ﾉﾑﾗｼﾝﾀｸ,237,ﾂ
0304,ﾉﾑﾗｼﾝﾀｸ,238,ﾂｸﾊﾞ
0304,ﾉﾑﾗｼﾝﾀｸ,240,ﾏﾁﾀﾞﾆﾖﾝｾﾞﾛ
0304,ﾉﾑﾗｼﾝﾀｸ,241,ﾄﾂｶ
0304,ﾉﾑﾗｼﾝﾀｸ,249,ﾏﾂﾓﾄ
0304,ﾉﾑﾗｼﾝﾀｸ,251,ﾅﾝﾊﾞｴｲｷﾞﾖｳﾆｺﾞｲﾁ
0304,ﾉﾑﾗｼﾝﾀｸ,252,ｻｲﾀﾏﾆｺﾞﾆ
0304,ﾉﾑﾗｼﾝﾀｸ,257,ｳﾒﾀﾞｴｲｷﾞﾖｳﾆｺﾞﾅﾅ
0304,ﾉﾑﾗｼﾝﾀｸ,258,ﾀﾏﾌﾟﾗ-ｻﾞﾆｺﾞﾊﾁ
0304,ﾉﾑﾗｼﾝﾀｸ,260,ｺｳﾍﾞﾆﾛｸｾﾞﾛ
0304,ﾉﾑﾗｼﾝﾀｸ,262,ｲｹﾌﾞｸﾛﾆﾛｸﾆ
0304,ﾉﾑﾗｼﾝﾀｸ,263,ﾀﾁｶﾜﾆﾛｸｻﾝ
0304,ﾉﾑﾗｼﾝﾀｸ,264,ｼﾝｼﾞﾕｸｴｲﾆﾛｸﾖﾝ
0304,ﾉﾑﾗｼﾝﾀｸ,265,ﾁﾖｳﾌﾆﾛｸｺﾞ
0304,ﾉﾑﾗｼﾝﾀｸ,266,ｵﾀﾞﾜﾗ
0304,ﾉﾑﾗｼﾝﾀｸ,267,ﾊﾁﾉﾍ
0304,ﾉﾑﾗｼﾝﾀｸ,268,ｵｵﾀ
0304,ﾉﾑﾗｼﾝﾀｸ,269,ｸﾏｶﾞﾔ
0304,ﾉﾑﾗｼﾝﾀｸ,270,ｻｾﾎ
0304,ﾉﾑﾗｼﾝﾀｸ,271,ﾅｺﾞﾔｴｲｷﾞﾖｳﾆﾅﾅｲﾁ
0304,ﾉﾑﾗｼﾝﾀｸ,272,ｺｲﾜﾆﾅﾅﾆ
0304,ﾉﾑﾗｼﾝﾀｸ,273,ﾏﾁﾀﾞﾆﾅﾅｻﾝ
0304,ﾉﾑﾗｼﾝﾀｸ,276,ｺｼｶﾞﾔ
0304,ﾉﾑﾗｼﾝﾀｸ,278,ﾅｺﾞﾔｴｲｷﾞﾖｳﾆﾅﾅﾊﾁ
0304,ﾉﾑﾗｼﾝﾀｸ,280,ｺｳﾍﾞﾆﾊﾁｾﾞﾛ
0304,ﾉﾑﾗｼﾝﾀｸ,281,ﾅﾗﾆﾊﾁｲﾁ
0304,ﾉﾑﾗｼﾝﾀｸ,283,ｼﾌﾞﾔﾆﾊﾁｻﾝ
0304,ﾉﾑﾗｼﾝﾀｸ,286,ﾀｶﾂｷﾆﾊﾁﾛｸ
0304,ﾉﾑﾗｼﾝﾀｸ,287,ﾌｼﾞｻﾜﾆﾊﾁﾅﾅ
0304,ﾉﾑﾗｼﾝﾀｸ,288,ｶﾜｻｷﾆﾊﾁﾊﾁ
0304,ﾉﾑﾗｼﾝﾀｸ,292,ｳﾒﾀﾞｴｲｷﾞﾖｳﾆｷﾕｳﾆ
0304,ﾉﾑﾗｼﾝﾀｸ,299,ｷﾁｼﾞﾖｳｼﾞﾆｷﾕｳｷﾕｳ
0304,ﾉﾑﾗｼﾝﾀｸ,302,ｺｳﾌ
0304,ﾉﾑﾗｼﾝﾀｸ,303,ﾓﾘｵｶ
0304,ﾉﾑﾗｼﾝﾀｸ,304,ｲｹﾌﾞｸﾛｻﾝｾﾞﾛﾖﾝ
0304,ﾉﾑﾗｼﾝﾀｸ,305,ｶﾜｸﾞﾁ
0304,ﾉﾑﾗｼﾝﾀｸ,306,ｶﾜｺﾞｴ
0304,ﾉﾑﾗｼﾝﾀｸ,307,ﾄﾖﾀ
0304,ﾉﾑﾗｼﾝﾀｸ,308,ﾊﾁｵｳｼﾞ
0304,ﾉﾑﾗｼﾝﾀｸ,309,ｵｷﾞｸﾎﾞ
0304,ﾉﾑﾗｼﾝﾀｸ,401,ﾅｶﾞﾉ
0304,ﾉﾑﾗｼﾝﾀｸ,402,ｸｼﾛ
0304,ﾉﾑﾗｼﾝﾀｸ,403,ﾖｺﾊﾏﾖﾝｾﾞﾛｻﾝ
0304,ﾉﾑﾗｼﾝﾀｸ,404,ﾖｺｽｶ
0304,ﾉﾑﾗｼﾝﾀｸ,405,ﾌﾅﾊﾞｼ
0304,ﾉﾑﾗｼﾝﾀｸ,407,ﾁﾊﾞ
0304,ﾉﾑﾗｼﾝﾀｸ,408,ﾌｼﾞｻﾜﾖﾝｾﾞﾛﾊﾁ
0304,ﾉﾑﾗｼﾝﾀｸ,409,ﾋﾗﾂｶ
0304,ﾉﾑﾗｼﾝﾀｸ,425,ﾈﾂﾄｺ-ﾙﾖﾝﾆｺﾞ
0304,ﾉﾑﾗｼﾝﾀｸ,426,ﾈﾂﾄｺ-ﾙﾖﾝﾆﾛｸ
0304,ﾉﾑﾗｼﾝﾀｸ,427,ﾈﾂﾄｺ-ﾙﾖﾝﾆﾅﾅ
0304,ﾉﾑﾗｼﾝﾀｸ,428,ﾈﾂﾄｺ-ﾙﾖﾝﾆﾊﾁ
0304,ﾉﾑﾗｼﾝﾀｸ,432,ﾈﾂﾄｺ-ﾙﾖﾝｻﾝﾆ
0304,ﾉﾑﾗｼﾝﾀｸ,433,ﾈﾂﾄｺ-ﾙﾖﾝｻﾝｻﾝ
0304,ﾉﾑﾗｼﾝﾀｸ,434,ﾈﾂﾄｺ-ﾙﾖﾝｻﾝﾖﾝ
0304,ﾉﾑﾗｼﾝﾀｸ,447,ﾈﾂﾄｺ-ﾙﾖﾝﾖﾝﾅﾅ
0304,ﾉﾑﾗｼﾝﾀｸ,454,ﾈﾂﾄｺ-ﾙﾖﾝﾖﾝｺﾞﾖﾝ
0304,ﾉﾑﾗｼﾝﾀｸ,455,ﾈﾂﾄｺ-ﾙﾖﾝﾖﾝｺﾞｺﾞ
0304,ﾉﾑﾗｼﾝﾀｸ,463,ﾈﾂﾄｺ-ﾙﾖﾝﾖﾝﾛｸｻﾝ
0304,ﾉﾑﾗｼﾝﾀｸ,464,ﾈﾂﾄｺ-ﾙﾖﾝﾖﾝﾛｸﾖﾝ
0304,ﾉﾑﾗｼﾝﾀｸ,467,ﾈﾂﾄｺ-ﾙﾖﾝﾖﾝﾛｸﾅﾅ
0304,ﾉﾑﾗｼﾝﾀｸ,475,ﾈﾂﾄｺ-ﾙﾖﾝﾅﾅｺﾞ
0304,ﾉﾑﾗｼﾝﾀｸ,479,ﾈﾂﾄｺ-ﾙﾖﾝﾅﾅｷﾕｳ
0304,ﾉﾑﾗｼﾝﾀｸ,482,ﾈﾂﾄｺ-ﾙﾖﾝﾊﾁﾆ
0304,ﾉﾑﾗｼﾝﾀｸ,484,ﾈﾂﾄｺ-ﾙﾖﾝﾊﾁﾖﾝ
0304,ﾉﾑﾗｼﾝﾀｸ,486,ﾈﾂﾄｺ-ﾙﾖﾝﾊﾁﾛｸ
0304,ﾉﾑﾗｼﾝﾀｸ,496,ﾈﾂﾄｺ-ﾙﾖﾝｷﾕｳﾛｸ
0304,ﾉﾑﾗｼﾝﾀｸ,501,ﾐﾔｻﾞｷ
0304,ﾉﾑﾗｼﾝﾀｸ,512,ﾅｺﾞﾔｴｲｷﾞﾖｳｺﾞｲﾁﾆ
0304,ﾉﾑﾗｼﾝﾀｸ,513,ﾅｺﾞﾔｳｴﾙﾏﾈｺﾞｲﾁｻﾝ
0304,ﾉﾑﾗｼﾝﾀｸ,514,ﾅｺﾞﾔｷﾝﾕｳｺｳｷﾖｳ
0304,ﾉﾑﾗｼﾝﾀｸ,522,ﾄｸｼﾏｺﾞﾆﾆ
0304,ﾉﾑﾗｼﾝﾀｸ,526,ﾅｺﾞﾔﾗｲﾌﾌﾟﾗﾝ
0304,ﾉﾑﾗｼﾝﾀｸ,550,ﾅｺﾞﾔｴｲｷﾞﾖｳｺﾞｺﾞｾ
0304,ﾉﾑﾗｼﾝﾀｸ,571,ﾅｺﾞﾔｳｴﾙﾏﾈｺﾞﾅﾅｲﾁ
0304,ﾉﾑﾗｼﾝﾀｸ,591,ﾄﾂﾄﾘｼﾏﾈｺﾞｷﾕｳｲﾁ
0304,ﾉﾑﾗｼﾝﾀｸ,592,ﾄﾂﾄﾘｼﾏﾈｺﾞｷﾕｳﾆ
0304,ﾉﾑﾗｼﾝﾀｸ,595,ﾄｸｼﾏｺﾞｷﾕｳｺﾞ
0304,ﾉﾑﾗｼﾝﾀｸ,603,ﾌｸｵｶﾛｸｾﾞﾛｻﾝ
0304,ﾉﾑﾗｼﾝﾀｸ,607,ｵｵｻｶｳｴﾙﾏﾈﾛｸｾﾞﾛﾅ
0304,ﾉﾑﾗｼﾝﾀｸ,609,ｵｵｻｶｷﾝﾕｳｺｳｷﾖｳ
0304,ﾉﾑﾗｼﾝﾀｸ,612,ｵｵｻｶｴｲｷﾞﾖｳﾛｸｲﾁﾆ
0304,ﾉﾑﾗｼﾝﾀｸ,613,ｵｵｻｶｴｲｷﾞﾖｳﾛｸｲﾁｻ
0304,ﾉﾑﾗｼﾝﾀｸ,658,ﾌｸｲﾛｸｺﾞﾊﾁ
0304,ﾉﾑﾗｼﾝﾀｸ,659,ﾎﾂﾄﾀﾞｲﾚｸﾄﾛｸｺﾞｷﾕ
0304,ﾉﾑﾗｼﾝﾀｸ,660,ｵｵｻｶｴｲｷﾞﾖｳﾛｸﾛｸｾ
0304,ﾉﾑﾗｼﾝﾀｸ,667,ﾛｸﾛｸﾅﾅ
0304,ﾉﾑﾗｼﾝﾀｸ,668,ﾛｸﾛｸﾊﾁ
0304,ﾉﾑﾗｼﾝﾀｸ,669,ﾛｸﾛｸｷﾕｳ
0304,ﾉﾑﾗｼﾝﾀｸ,670,ｵｵｻｶｳｴﾙﾏﾈﾛｸﾅﾅｾﾞ
0304,ﾉﾑﾗｼﾝﾀｸ,701,ﾃﾝﾉｳｼﾞ
0304,ﾉﾑﾗｼﾝﾀｸ,702,ｵｵﾂ
0304,ﾉﾑﾗｼﾝﾀｸ,711,ｷﾞﾝｻﾞｵﾌｲｽ
0304,ﾉﾑﾗｼﾝﾀｸ,714,ﾆｼﾉﾐﾔﾅﾅｲﾁﾖﾝ
0304,ﾉﾑﾗｼﾝﾀｸ,715,ｼﾞﾕｳｶﾞｵｶﾅﾅｲﾁｺﾞ
0304,ﾉﾑﾗｼﾝﾀｸ,717,ｳﾒﾀﾞｴｲｷﾞﾖﾅﾅｲﾁﾅﾅ
0304,ﾉﾑﾗｼﾝﾀｸ,719,ｶﾜｻｷﾅﾅｲﾁｷﾕｳ
0304,ﾉﾑﾗｼﾝﾀｸ,738,ﾎﾂﾄﾀﾞｲﾚｸﾄﾅﾅｻﾝﾊﾁ
0304,ﾉﾑﾗｼﾝﾀｸ,752,ﾌｸｼﾏﾅﾅｺﾞﾆ
0304,ﾉﾑﾗｼﾝﾀｸ,900,ｹﾂｻｲｷﾞﾖｳﾑﾌﾞ
0304,ﾉﾑﾗｼﾝﾀｸ,904,ﾈﾂﾄｺ-ﾙｷﾕｳｾﾞﾛﾖﾝ
0304,ﾉﾑﾗｼﾝﾀｸ,905,ﾈﾂﾄｺ-ﾙｷﾕｳｾﾞﾛｺﾞ
0304,ﾉﾑﾗｼﾝﾀｸ,906,ﾈﾂﾄｺ-ﾙｷﾕｳｾﾞﾛﾛｸ
0304,ﾉﾑﾗｼﾝﾀｸ,907,ﾈﾂﾄｺ-ﾙｷﾕｳｾﾞﾛﾅﾅ
0304,ﾉﾑﾗｼﾝﾀｸ,909,ﾈﾂﾄｺ-ﾙｷﾕｳｾﾞﾛｷﾕｳ
0304,ﾉﾑﾗｼﾝﾀｸ,912,ﾈﾂﾄｺ-ﾙｷﾕｳｲﾁﾆ
0304,ﾉﾑﾗｼﾝﾀｸ,914,ﾈﾂﾄｺ-ﾙｷﾕｳｲﾁﾖﾝ
0304,ﾉﾑﾗｼﾝﾀｸ,915,ﾈﾂﾄｺ-ﾙｷﾕｳｲﾁｺﾞ
0304,ﾉﾑﾗｼﾝﾀｸ,917,ﾈﾂﾄｺ-ﾙｷﾕｳｲﾁﾅﾅ
0304,ﾉﾑﾗｼﾝﾀｸ,919,ﾈﾂﾄｺ-ﾙｷﾕｳｲﾁｷﾕｳ
0304,ﾉﾑﾗｼﾝﾀｸ,921,ﾈﾂﾄｺ-ﾙｷﾕｳﾆｲﾁ
0304,ﾉﾑﾗｼﾝﾀｸ,924,ﾈﾂﾄｺ-ﾙｷﾕｳﾆﾖﾝ
0304,ﾉﾑﾗｼﾝﾀｸ,926,ﾈﾂﾄｺ-ﾙｷﾕｳﾆﾛｸ
0304,ﾉﾑﾗｼﾝﾀｸ,927,ﾈﾂﾄｺ-ﾙｷﾕｳﾆﾅﾅ
0304,ﾉﾑﾗｼﾝﾀｸ,928,ﾈﾂﾄｺ-ﾙｷﾕｳﾆﾊﾁ
0304,ﾉﾑﾗｼﾝﾀｸ,929,ﾈﾂﾄｺ-ﾙｷﾕｳﾆｷﾕｳ
0304,ﾉﾑﾗｼﾝﾀｸ,930,ﾈﾂﾄｺ-ﾙｷﾕｳｻﾝｾﾞﾛ
0304,ﾉﾑﾗｼﾝﾀｸ,931,ﾈﾂﾄｺ-ﾙｷﾕｳｻﾝｲﾁ
0304,ﾉﾑﾗｼﾝﾀｸ,932,ﾈﾂﾄｺ-ﾙｷﾕｳｻﾝﾆ
0304,ﾉﾑﾗｼﾝﾀｸ,933,ﾈﾂﾄｺ-ﾙｷﾕｳｻﾝｻﾝ
0304,ﾉﾑﾗｼﾝﾀｸ,935,ﾈﾂﾄｺ-ﾙｷﾕｳｻﾝｺﾞ
0304,ﾉﾑﾗｼﾝﾀｸ,939,ﾈﾂﾄｺ-ﾙｷﾕｳｻﾝｷﾕｳ
0304,ﾉﾑﾗｼﾝﾀｸ,943,ﾈﾂﾄｺ-ﾙｷﾕｳﾖﾝｻﾝ
0304,ﾉﾑﾗｼﾝﾀｸ,944,ﾈﾂﾄｺ-ﾙｷﾕｳﾖﾝﾖﾝ
0304,ﾉﾑﾗｼﾝﾀｸ,945,ﾈﾂﾄｺ-ﾙｷﾕｳﾖﾝｺﾞ
0304,ﾉﾑﾗｼﾝﾀｸ,946,ﾈﾂﾄｺ-ﾙｷﾕｳﾖﾝﾛｸ
0304,ﾉﾑﾗｼﾝﾀｸ,959,ﾈﾂﾄｺ-ﾙｷﾕｳｺﾞｷﾕｳ
0304,ﾉﾑﾗｼﾝﾀｸ,967,ﾈﾂﾄｺ-ﾙｷﾕｳﾛｸﾅﾅ
0304,ﾉﾑﾗｼﾝﾀｸ,972,ﾈﾂﾄｺ-ﾙｷﾕｳﾅﾅﾆ
0304,ﾉﾑﾗｼﾝﾀｸ,973,ﾈﾂﾄｺ-ﾙｷﾕｳﾅﾅｻﾝ
0304,ﾉﾑﾗｼﾝﾀｸ,974,ﾈﾂﾄｺ-ﾙｷﾕｳﾅﾅﾖﾝ
0304,ﾉﾑﾗｼﾝﾀｸ,975,ﾈﾂﾄｺ-ﾙｷﾕｳﾅﾅｺﾞ
0304,ﾉﾑﾗｼﾝﾀｸ,976,ﾈﾂﾄｺ-ﾙｷﾕｳﾅﾅﾛｸ
0304,ﾉﾑﾗｼﾝﾀｸ,977,ﾈﾂﾄｺ-ﾙｷﾕｳﾅﾅﾅﾅ
0304,ﾉﾑﾗｼﾝﾀｸ,978,ﾈﾂﾄｺ-ﾙｷﾕｳﾅﾅﾊﾁ
0304,ﾉﾑﾗｼﾝﾀｸ,979,ﾈﾂﾄｺ-ﾙｷﾕｳﾅﾅｷﾕｳ
0304,ﾉﾑﾗｼﾝﾀｸ,993,ﾈﾂﾄｺ-ﾙｷﾕｳｷﾕｳｻﾝ
0307,ｵﾘﾂｸｽ,001,ﾎﾝﾃﾝ
0310,ｼﾞ-ｴﾑｵ-ｱｵｿﾞﾗﾈﾂﾄ,001,ﾎﾝﾃﾝ
0310,ｼﾞ-ｴﾑｵ-ｱｵｿﾞﾗﾈﾂﾄ,002,ｼﾝﾀｸ
0310,ｼﾞ-ｴﾑｵ-ｱｵｿﾞﾗﾈﾂﾄ,101,ﾎｳｼﾞﾝ
0310,ｼﾞ-ｴﾑｵ-ｱｵｿﾞﾗﾈﾂﾄ,102,ﾎｳｼﾞﾝﾀﾞｲﾆ
0310,ｼﾞ-ｴﾑｵ-ｱｵｿﾞﾗﾈﾂﾄ,110,ﾎｳｼﾞﾝﾀﾞｲｼﾞﾕｳ
0310,ｼﾞ-ｴﾑｵ-ｱｵｿﾞﾗﾈﾂﾄ,120,ﾎｳｼﾞﾝﾀﾞｲｼﾞﾕｳｲﾁ
0310,ｼﾞ-ｴﾑｵ-ｱｵｿﾞﾗﾈﾂﾄ,121,ﾎｳｼﾞﾝｶｴﾙｶ-ﾄﾞ
0310,ｼﾞ-ｴﾑｵ-ｱｵｿﾞﾗﾈﾂﾄ,122,ﾎｳｼﾞﾝﾀﾞｲｼﾞﾕｳﾆ
0310,ｼﾞ-ｴﾑｵ-ｱｵｿﾞﾗﾈﾂﾄ,123,ﾌﾞﾙ-ﾊﾞﾝｸ
0310,ｼﾞ-ｴﾑｵ-ｱｵｿﾞﾗﾈﾂﾄ,124,ｱﾂﾌﾟｻｲﾀﾞ-
0310,ｼﾞ-ｴﾑｵ-ｱｵｿﾞﾗﾈﾂﾄ,125,ﾌﾘ-
0310,ｼﾞ-ｴﾑｵ-ｱｵｿﾞﾗﾈﾂﾄ,126,ｲﾝﾎﾞﾂｸｽ
0310,ｼﾞ-ｴﾑｵ-ｱｵｿﾞﾗﾈﾂﾄ,127,ﾔﾖｲｶｲｹｲ
0310,ｼﾞ-ｴﾑｵ-ｱｵｿﾞﾗﾈﾂﾄ,128,ﾌｲﾝﾄ
0310,ｼﾞ-ｴﾑｵ-ｱｵｿﾞﾗﾈﾂﾄ,129,ﾎｳｼﾞﾝﾖｳｵｶｻﾝﾊﾞﾝｸ
0310,ｼﾞ-ｴﾑｵ-ｱｵｿﾞﾗﾈﾂﾄ,130,ﾗｸｽﾙﾊﾞﾝｸ
0310,ｼﾞ-ｴﾑｵ-ｱｵｿﾞﾗﾈﾂﾄ,201,ﾋﾞｼﾞﾈｽ
0310,ｼﾞ-ｴﾑｵ-ｱｵｿﾞﾗﾈﾂﾄ,202,ﾋﾞｼﾞﾈｽﾀﾞｲﾆ
0310,ｼﾞ-ｴﾑｵ-ｱｵｿﾞﾗﾈﾂﾄ,210,ﾋﾞｼﾞﾈｽﾀﾞｲｼﾞﾕｳ
0310,ｼﾞ-ｴﾑｵ-ｱｵｿﾞﾗﾈﾂﾄ,220,ﾔﾖｲｱｵｲﾛ
0310,ｼﾞ-ｴﾑｵ-ｱｵｿﾞﾗﾈﾂﾄ,301,ｳﾐ
0310,ｼﾞ-ｴﾑｵ-ｱｵｿﾞﾗﾈﾂﾄ,302,ﾆｼﾞ
0310,ｼﾞ-ｴﾑｵ-ｱｵｿﾞﾗﾈﾂﾄ,310,ｼﾛ
0310,ｼﾞ-ｴﾑｵ-ｱｵｿﾞﾗﾈﾂﾄ,320,ﾎﾝﾃﾝﾀﾞｲｼﾞﾕｳｲﾁ
0310,ｼﾞ-ｴﾑｵ-ｱｵｿﾞﾗﾈﾂﾄ,321,ﾊﾋﾞﾄ
0310,ｼﾞ-ｴﾑｵ-ｱｵｿﾞﾗﾈﾂﾄ,322,ｶｼﾔﾘ
0310,ｼﾞ-ｴﾑｵ-ｱｵｿﾞﾗﾈﾂﾄ,323,ｶｴﾙｶ-ﾄﾞ
0310,ｼﾞ-ｴﾑｵ-ｱｵｿﾞﾗﾈﾂﾄ,324,ｵｶｻﾝﾊﾞﾝｸ
0310,ｼﾞ-ｴﾑｵ-ｱｵｿﾞﾗﾈﾂﾄ,401,ｸﾍﾞﾙ
0310,ｼﾞ-ｴﾑｵ-ｱｵｿﾞﾗﾈﾂﾄ,501,ﾌﾙｻﾄﾁﾖｲｽ
0310,ｼﾞ-ｴﾑｵ-ｱｵｿﾞﾗﾈﾂﾄ,502,ｱｼﾞｻｲ
0310,ｼﾞ-ｴﾑｵ-ｱｵｿﾞﾗﾈﾂﾄ,503,ｲｺｲ
0310,ｼﾞ-ｴﾑｵ-ｱｵｿﾞﾗﾈﾂﾄ,504,ｳｶﾙ
0310,ｼﾞ-ｴﾑｵ-ｱｵｿﾞﾗﾈﾂﾄ,505,ﾌﾟﾘﾝ
0310,ｼﾞ-ｴﾑｵ-ｱｵｿﾞﾗﾈﾂﾄ,506,ｵｱｼｽ
0310,ｼﾞ-ｴﾑｵ-ｱｵｿﾞﾗﾈﾂﾄ,507,ｶｾﾞ
0310,ｼﾞ-ｴﾑｵ-ｱｵｿﾞﾗﾈﾂﾄ,508,ｷｻﾞｼ
0310,ｼﾞ-ｴﾑｵ-ｱｵｿﾞﾗﾈﾂﾄ,509,ｸﾓ
0310,ｼﾞ-ｴﾑｵ-ｱｵｿﾞﾗﾈﾂﾄ,510,ｹｼｷ
0310,ｼﾞ-ｴﾑｵ-ｱｵｿﾞﾗﾈﾂﾄ,511,ｺｶｹﾞ
0310,ｼﾞ-ｴﾑｵ-ｱｵｿﾞﾗﾈﾂﾄ,512,ｻﾝｺﾞ
0310,ｼﾞ-ｴﾑｵ-ｱｵｿﾞﾗﾈﾂﾄ,513,ｼｽﾞｸ
0310,ｼﾞ-ｴﾑｵ-ｱｵｿﾞﾗﾈﾂﾄ,514,ｽｺﾞｲ
0310,ｼﾞ-ｴﾑｵ-ｱｵｿﾞﾗﾈﾂﾄ,515,ｾｲｻﾞ
0310,ｼﾞ-ｴﾑｵ-ｱｵｿﾞﾗﾈﾂﾄ,516,ｿﾖｶｾﾞ
0310,ｼﾞ-ｴﾑｵ-ｱｵｿﾞﾗﾈﾂﾄ,517,ﾀｲﾖｳ
0310,ｼﾞ-ｴﾑｵ-ｱｵｿﾞﾗﾈﾂﾄ,518,ﾁｷﾕｳ
0310,ｼﾞ-ｴﾑｵ-ｱｵｿﾞﾗﾈﾂﾄ,519,ﾂｷ
0310,ｼﾞ-ｴﾑｵ-ｱｵｿﾞﾗﾈﾂﾄ,520,ﾃﾝｷ
0310,ｼﾞ-ｴﾑｵ-ｱｵｿﾞﾗﾈﾂﾄ,521,ﾄｽ
0310,ｼﾞ-ｴﾑｵ-ｱｵｿﾞﾗﾈﾂﾄ,522,ﾅﾉﾊﾅ
0310,ｼﾞ-ｴﾑｵ-ｱｵｿﾞﾗﾈﾂﾄ,523,ﾆﾂｺｳ
0310,ｼﾞ-ｴﾑｵ-ｱｵｿﾞﾗﾈﾂﾄ,524,ｶﾓﾐ-ﾙ
0310,ｼﾞ-ｴﾑｵ-ｱｵｿﾞﾗﾈﾂﾄ,525,ｴｸﾚｱ
0310,ｼﾞ-ｴﾑｵ-ｱｵｿﾞﾗﾈﾂﾄ,526,ｾﾞﾛﾜﾝｷﾞﾝｺｳﾆﾕｳｷﾝ
0310,ｼﾞ-ｴﾑｵ-ｱｵｿﾞﾗﾈﾂﾄ,527,ﾊﾔﾌﾞｻ
0310,ｼﾞ-ｴﾑｵ-ｱｵｿﾞﾗﾈﾂﾄ,528,ﾋｻﾞｼ
0310,ｼﾞ-ｴﾑｵ-ｱｵｿﾞﾗﾈﾂﾄ,529,ﾌﾙ-ﾂ
0310,ｼﾞ-ｴﾑｵ-ｱｵｿﾞﾗﾈﾂﾄ,530,ﾍｲﾜ
0310,ｼﾞ-ｴﾑｵ-ｱｵｿﾞﾗﾈﾂﾄ,531,ﾎｳｷﾎﾞｼ
0310,ｼﾞ-ｴﾑｵ-ｱｵｿﾞﾗﾈﾂﾄ,532,ｱ-ﾙｸﾞﾚｲ
0310,ｼﾞ-ｴﾑｵ-ｱｵｿﾞﾗﾈﾂﾄ,533,ｶﾘﾝﾄｳ
0310,ｼﾞ-ｴﾑｵ-ｱｵｿﾞﾗﾈﾂﾄ,534,ﾑｹﾞﾝ
0310,ｼﾞ-ｴﾑｵ-ｱｵｿﾞﾗﾈﾂﾄ,535,ﾒｶﾞﾐ
0310,ｼﾞ-ｴﾑｵ-ｱｵｿﾞﾗﾈﾂﾄ,536,ﾓｴｷﾞ
0310,ｼﾞ-ｴﾑｵ-ｱｵｿﾞﾗﾈﾂﾄ,537,ﾔﾏ
0310,ｼﾞ-ｴﾑｵ-ｱｵｿﾞﾗﾈﾂﾄ,538,ﾕｳﾔｹ
0310,ｼﾞ-ｴﾑｵ-ｱｵｿﾞﾗﾈﾂﾄ,539,ﾖｱｹ
0310,ｼﾞ-ｴﾑｵ-ｱｵｿﾞﾗﾈﾂﾄ,540,ﾗｲﾄ
0310,ｼﾞ-ｴﾑｵ-ｱｵｿﾞﾗﾈﾂﾄ,541,ﾀﾞ-ｼﾞﾘﾝ
0310,ｼﾞ-ｴﾑｵ-ｱｵｿﾞﾗﾈﾂﾄ,542,ﾙﾘ
0310,ｼﾞ-ｴﾑｵ-ｱｵｿﾞﾗﾈﾂﾄ,543,ﾚﾓﾝ
0310,ｼﾞ-ｴﾑｵ-ｱｵｿﾞﾗﾈﾂﾄ,544,ﾛﾏﾝ
0310,ｼﾞ-ｴﾑｵ-ｱｵｿﾞﾗﾈﾂﾄ,545,ﾜﾀｸﾞﾓ
0310,ｼﾞ-ｴﾑｵ-ｱｵｿﾞﾗﾈﾂﾄ,546,ｱﾄﾞﾚｽ
0310,ｼﾞ-ｴﾑｵ-ｱｵｿﾞﾗﾈﾂﾄ,547,ﾏｶﾛﾝ
0310,ｼﾞ-ｴﾑｵ-ｱｵｿﾞﾗﾈﾂﾄ,548,ﾁﾔｲﾑ
0310,ｼﾞ-ｴﾑｵ-ｱｵｿﾞﾗﾈﾂﾄ,549,ﾃﾞ-ﾀ
0310,ｼﾞ-ｴﾑｵ-ｱｵｿﾞﾗﾈﾂﾄ,550,ｵｶｻﾝｼﾖｳｹﾝﾌﾘｺﾐ
0310,ｼﾞ-ｴﾑｵ-ｱｵｿﾞﾗﾈﾂﾄ,551,ｱｶﾏﾂ
0310,ｼﾞ-ｴﾑｵ-ｱｵｿﾞﾗﾈﾂﾄ,552,ｱｾﾛﾗ
0310,ｼﾞ-ｴﾑｵ-ｱｵｿﾞﾗﾈﾂﾄ,553,ｱﾈﾓﾈ
0310,ｼﾞ-ｴﾑｵ-ｱｵｿﾞﾗﾈﾂﾄ,554,ｱﾒﾌﾄ
0310,ｼﾞ-ｴﾑｵ-ｱｵｿﾞﾗﾈﾂﾄ,555,ｱﾛｴ
0310,ｼﾞ-ｴﾑｵ-ｱｵｿﾞﾗﾈﾂﾄ,556,ｻﾌﾗﾝ
0310,ｼﾞ-ｴﾑｵ-ｱｵｿﾞﾗﾈﾂﾄ,557,ｽﾓｳ
0310,ｼﾞ-ｴﾑｵ-ｱｵｿﾞﾗﾈﾂﾄ,558,ｾｲﾗﾝ
0310,ｼﾞ-ｴﾑｵ-ｱｵｿﾞﾗﾈﾂﾄ,559,ﾅﾂﾒ
0310,ｼﾞ-ｴﾑｵ-ｱｵｿﾞﾗﾈﾂﾄ,560,ﾓﾐ
0310,ｼﾞ-ｴﾑｵ-ｱｵｿﾞﾗﾈﾂﾄ,561,ﾗｲﾁ
0310,ｼﾞ-ｴﾑｵ-ｱｵｿﾞﾗﾈﾂﾄ,562,ﾜｼ
0310,ｼﾞ-ｴﾑｵ-ｱｵｿﾞﾗﾈﾂﾄ,563,ｱｲｶﾞﾓ
0310,ｼﾞ-ｴﾑｵ-ｱｵｿﾞﾗﾈﾂﾄ,564,ｱｼﾀﾊﾞ
0310,ｼﾞ-ｴﾑｵ-ｱｵｿﾞﾗﾈﾂﾄ,565,ｱｽﾞｷ
0310,ｼﾞ-ｴﾑｵ-ｱｵｿﾞﾗﾈﾂﾄ,566,ｱﾏﾘﾘｽ
0310,ｼﾞ-ｴﾑｵ-ｱｵｿﾞﾗﾈﾂﾄ,567,ｴｷﾃﾞﾝ
0310,ｼﾞ-ｴﾑｵ-ｱｵｿﾞﾗﾈﾂﾄ,568,ｵﾘﾍﾞ
0310,ｼﾞ-ｴﾑｵ-ｱｵｿﾞﾗﾈﾂﾄ,569,ｵﾚｶﾞﾉ
0310,ｼﾞ-ｴﾑｵ-ｱｵｿﾞﾗﾈﾂﾄ,570,ｶﾂｺｳ
0310,ｼﾞ-ｴﾑｵ-ｱｵｿﾞﾗﾈﾂﾄ,571,ｶﾇ-
0310,ｼﾞ-ｴﾑｵ-ｱｵｿﾞﾗﾈﾂﾄ,572,ｷｷﾖｳ
0310,ｼﾞ-ｴﾑｵ-ｱｵｿﾞﾗﾈﾂﾄ,573,ｸｼﾞﾗ
0310,ｼﾞ-ｴﾑｵ-ｱｵｿﾞﾗﾈﾂﾄ,574,ｺﾑｷﾞ
0310,ｼﾞ-ｴﾑｵ-ｱｵｿﾞﾗﾈﾂﾄ,575,ｽﾀﾞﾁ
0310,ｼﾞ-ｴﾑｵ-ｱｵｿﾞﾗﾈﾂﾄ,576,ｽﾋﾟｶ
0310,ｼﾞ-ｴﾑｵ-ｱｵｿﾞﾗﾈﾂﾄ,577,ﾊﾟｾﾘ
0310,ｼﾞ-ｴﾑｵ-ｱｵｿﾞﾗﾈﾂﾄ,578,ﾋﾊﾞﾘ
0310,ｼﾞ-ｴﾑｵ-ｱｵｿﾞﾗﾈﾂﾄ,579,ﾍﾟﾘｶﾝ
0310,ｼﾞ-ｴﾑｵ-ｱｵｿﾞﾗﾈﾂﾄ,580,ﾑｸﾄﾞﾘ
0310,ｼﾞ-ｴﾑｵ-ｱｵｿﾞﾗﾈﾂﾄ,581,ﾕｽﾞ
0310,ｼﾞ-ｴﾑｵ-ｱｵｿﾞﾗﾈﾂﾄ,582,ｱﾙﾀｲﾙ
0310,ｼﾞ-ｴﾑｵ-ｱｵｿﾞﾗﾈﾂﾄ,583,ｱﾝﾀﾚｽ
0310,ｼﾞ-ｴﾑｵ-ｱｵｿﾞﾗﾈﾂﾄ,584,ｶﾎﾞﾁﾔ
0310,ｼﾞ-ｴﾑｵ-ｱｵｿﾞﾗﾈﾂﾄ,585,ｸﾞｱﾊﾞ
0310,ｼﾞ-ｴﾑｵ-ｱｵｿﾞﾗﾈﾂﾄ,586,ｸﾘｹﾂﾄ
0310,ｼﾞ-ｴﾑｵ-ｱｵｿﾞﾗﾈﾂﾄ,587,ｻｸﾗﾝﾎﾞ
0310,ｼﾞ-ｴﾑｵ-ｱｵｿﾞﾗﾈﾂﾄ,588,ｿﾒｲﾖｼﾉ
0310,ｼﾞ-ｴﾑｵ-ｱｵｿﾞﾗﾈﾂﾄ,589,ﾃﾞﾈﾌﾞ
0310,ｼﾞ-ｴﾑｵ-ｱｵｿﾞﾗﾈﾂﾄ,590,ﾅﾂｼﾞ
0310,ｼﾞ-ｴﾑｵ-ｱｵｿﾞﾗﾈﾂﾄ,591,ﾊﾞｼﾞﾙ
0310,ｼﾞ-ｴﾑｵ-ｱｵｿﾞﾗﾈﾂﾄ,592,ﾎﾄﾄｷﾞｽ
0310,ｼﾞ-ｴﾑｵ-ｱｵｿﾞﾗﾈﾂﾄ,593,ﾔﾏｻﾞｸﾗ
0310,ｼﾞ-ｴﾑｵ-ｱｵｿﾞﾗﾈﾂﾄ,594,ｱ-ﾓﾝﾄﾞ
0310,ｼﾞ-ｴﾑｵ-ｱｵｿﾞﾗﾈﾂﾄ,595,ｸﾗｲﾐﾝｸﾞ
0310,ｼﾞ-ｴﾑｵ-ｱｵｿﾞﾗﾈﾂﾄ,596,ﾌｼﾞｻﾞｸﾗ
0310,ｼﾞ-ｴﾑｵ-ｱｵｿﾞﾗﾈﾂﾄ,597,ｶﾉ-ﾌﾟｽ
0310,ｼﾞ-ｴﾑｵ-ｱｵｿﾞﾗﾈﾂﾄ,598,ﾒﾙｷﾕﾘ-
0310,ｼﾞ-ｴﾑｵ-ｱｵｿﾞﾗﾈﾂﾄ,599,ﾛ-ｽﾞﾏﾘ-
0310,ｼﾞ-ｴﾑｵ-ｱｵｿﾞﾗﾈﾂﾄ,600,ｱﾙﾃﾞﾊﾞﾗﾝ
0310,ｼﾞ-ｴﾑｵ-ｱｵｿﾞﾗﾈﾂﾄ,601,ｸｽﾞｷﾘ
0310,ｼﾞ-ｴﾑｵ-ｱｵｿﾞﾗﾈﾂﾄ,602,ﾜﾗﾋﾞﾓﾁ
0310,ｼﾞ-ｴﾑｵ-ｱｵｿﾞﾗﾈﾂﾄ,603,ﾎﾀﾃ
0310,ｼﾞ-ｴﾑｵ-ｱｵｿﾞﾗﾈﾂﾄ,604,ﾊﾏｸﾞﾘ
0311,ﾉｳﾁﾕｳｼﾝﾀｸ,001,ﾎﾝﾃﾝ
0320,ｼﾝｾｲｼﾝﾀｸ,001,ﾎﾝﾃﾝ
0321,ﾆﾂｼﾖｳｷﾝｼﾝﾀｸ,001,ﾎﾝﾃﾝ
0324,ﾆﾎﾝｶｽﾄﾃﾞｲ,100,ﾎﾝﾃﾝ
0397,ｴｽﾋﾞ-ｱｲｼﾝｾｲ,300,ｻｸﾗ
0397,ｴｽﾋﾞ-ｱｲｼﾝｾｲ,301,ﾎﾀﾙ
0397,ｴｽﾋﾞ-ｱｲｼﾝｾｲ,350,ﾎｳｼﾞﾝﾀﾞｲｲﾁ
0397,ｴｽﾋﾞ-ｱｲｼﾝｾｲ,351,ﾎｳｼﾞﾝﾀﾞｲﾆ
0397,ｴｽﾋﾞ-ｱｲｼﾝｾｲ,400,ﾎﾝﾃﾝ
0397,ｴｽﾋﾞ-ｱｲｼﾝｾｲ,430,ﾌﾅﾊﾞｼ
0397,ｴｽﾋﾞ-ｱｲｼﾝｾｲ,440,ﾌﾀｺﾀﾏｶﾞﾜ
0397,ｴｽﾋﾞ-ｱｲｼﾝｾｲ,450,ｶｼﾜ
0397,ｴｽﾋﾞ-ｱｲｼﾝｾｲ,460,ﾏﾁﾀﾞ
0397,ｴｽﾋﾞ-ｱｲｼﾝｾｲ,470,ｷﾞﾝｻﾞ
0397,ｴｽﾋﾞ-ｱｲｼﾝｾｲ,480,ｼﾌﾞﾔ
0397,ｴｽﾋﾞ-ｱｲｼﾝｾｲ,490,ﾊﾁｵｳｼﾞ
0397,ｴｽﾋﾞ-ｱｲｼﾝｾｲ,500,ｼｵ
0397,ｴｽﾋﾞ-ｱｲｼﾝｾｲ,510,ﾋﾛｵ
0397,ｴｽﾋﾞ-ｱｲｼﾝｾｲ,520,ﾄｳｷﾖｳ
0397,ｴｽﾋﾞ-ｱｲｼﾝｾｲ,530,ｲｹﾌﾞｸﾛ
0397,ｴｽﾋﾞ-ｱｲｼﾝｾｲ,540,ｳｴﾉ
0397,ｴｽﾋﾞ-ｱｲｼﾝｾｲ,550,ｼﾝｼﾞﾕｸ
0397,ｴｽﾋﾞ-ｱｲｼﾝｾｲ,560,ｷﾁｼﾞﾖｳｼﾞ
0397,ｴｽﾋﾞ-ｱｲｼﾝｾｲ,570,ｼﾌﾞ
0397,ｴｽﾋﾞ-ｱｲｼﾝｾｲ,580,ﾛﾂﾎﾟﾝｷﾞﾋﾙｽﾞ
0397,ｴｽﾋﾞ-ｱｲｼﾝｾｲ,590,ﾒｸﾞﾛ
0397,ｴｽﾋﾞ-ｱｲｼﾝｾｲ,600,ﾌｼﾞﾔﾏ
0397,ｴｽﾋﾞ-ｱｲｼﾝｾｲ,610,ｻﾂﾎﾟﾛ
0397,ｴｽﾋﾞ-ｱｲｼﾝｾｲ,630,ｾﾝﾀﾞｲ
0397,ｴｽﾋﾞ-ｱｲｼﾝｾｲ,650,ｶﾅｻﾞﾜ
0397,ｴｽﾋﾞ-ｱｲｼﾝｾｲ,660,ｵｵﾐﾔ
0397,ｴｽﾋﾞ-ｱｲｼﾝｾｲ,670,ﾖｺﾊﾏ
0397,ｴｽﾋﾞ-ｱｲｼﾝｾｲ,680,ﾌｼﾞｻﾜ
0397,ｴｽﾋﾞ-ｱｲｼﾝｾｲ,700,ﾅｺﾞﾔ
0397,ｴｽﾋﾞ-ｱｲｼﾝｾｲ,730,ｷﾖｳﾄ
0397,ｴｽﾋﾞ-ｱｲｼﾝｾｲ,770,ｳﾒﾀﾞ
0397,ｴｽﾋﾞ-ｱｲｼﾝｾｲ,780,ﾅﾝﾊﾞ
0397,ｴｽﾋﾞ-ｱｲｼﾝｾｲ,800,ｵｵｻｶ
0397,ｴｽﾋﾞ-ｱｲｼﾝｾｲ,900,ｺｳﾍﾞ
0397,ｴｽﾋﾞ-ｱｲｼﾝｾｲ,920,ﾋﾛｼﾏ
0397,ｴｽﾋﾞ-ｱｲｼﾝｾｲ,930,ﾀｶﾏﾂ
0397,ｴｽﾋﾞ-ｱｲｼﾝｾｲ,950,ﾌｸｵｶ
0398,ｱｵｿﾞﾗ,111,ﾎﾝﾃﾝ
0398,ｱｵｿﾞﾗ,112,ｼﾝｼﾞﾕｸ
0398,ｱｵｿﾞﾗ,113,ﾆﾎﾝﾊﾞｼ
0398,ｱｵｿﾞﾗ,114,ｼﾌﾞﾔ
0398,ｱｵｿﾞﾗ,115,ｳｴﾉ
0398,ｱｵｿﾞﾗ,116,ｲｹﾌﾞｸﾛ
0398,ｱｵｿﾞﾗ,121,ﾖｺﾊﾏ
0398,ｱｵｿﾞﾗ,131,ﾁﾊﾞ
0398,ｱｵｿﾞﾗ,181,BANK
0398,ｱｵｿﾞﾗ,182,BANKﾌﾞﾙ-
0398,ｱｵｿﾞﾗ,183,BANKｽｶｲ
0398,ｱｵｿﾞﾗ,184,BANKﾏﾘﾝ
0398,ｱｵｿﾞﾗ,185,BANKｺﾊﾞﾙﾄ
0398,ｱｵｿﾞﾗ,211,ｵｵｻｶ
0398,ｱｵｿﾞﾗ,212,ｳﾒﾀﾞ
0398,ｱｵｿﾞﾗ,213,ｶﾝｻｲ
0398,ｱｵｿﾞﾗ,221,ｷﾖｳﾄ
0398,ｱｵｿﾞﾗ,311,ﾅｺﾞﾔ
0398,ｱｵｿﾞﾗ,411,ﾌｸｵｶ
0398,ｱｵｿﾞﾗ,511,ｾﾝﾀﾞｲ
0398,ｱｵｿﾞﾗ,611,ﾋﾛｼﾏ
0398,ｱｵｿﾞﾗ,711,ｻﾂﾎﾟﾛ
0398,ｱｵｿﾞﾗ,811,ﾀｶﾏﾂ
0398,ｱｵｿﾞﾗ,911,ｶﾅｻﾞﾜ
0401,ｼﾃｲﾊﾞﾝｸ,730,ﾄｳｷﾖｳ
0401,ｼﾃｲﾊﾞﾝｸ,802,ﾔﾏﾌﾞｷ
0402,ｼﾞｴ-ﾋﾟ-ﾓﾙｶﾞﾝ,001,ﾄｳｷﾖｳ
0403,ｱﾒﾘｶ,001,ﾄｳｷﾖｳ
0403,ｱﾒﾘｶ,201,ﾆﾕｳｷﾝﾀﾞｲｲﾁ
0411,ﾎﾝｺﾝｼﾔﾝﾊｲ,008,ｵｵｻｶ
0411,ﾎﾝｺﾝｼﾔﾝﾊｲ,009,ﾄｳｷﾖｳ
0411,ﾎﾝｺﾝｼﾔﾝﾊｲ,021,ﾊﾟ-ﾙ
0411,ﾎﾝｺﾝｼﾔﾝﾊｲ,022,ﾙﾋﾞ-
0411,ﾎﾝｺﾝｼﾔﾝﾊｲ,100,ﾋﾛｵ
0411,ﾎﾝｺﾝｼﾔﾝﾊｲ,110,ｱｶｻｶ
0411,ﾎﾝｺﾝｼﾔﾝﾊｲ,120,ﾖｺﾊﾏ
0411,ﾎﾝｺﾝｼﾔﾝﾊｲ,130,ﾏﾙﾉｳﾁ
0411,ﾎﾝｺﾝｼﾔﾝﾊｲ,140,ﾏﾙﾉｳﾁｱﾙﾌｱ
0411,ﾎﾝｺﾝｼﾔﾝﾊｲ,150,ｱｶｻｶｱﾙﾌｱ
0411,ﾎﾝｺﾝｼﾔﾝﾊｲ,160,ｵｵｻｶｼﾝ
0413,ｽﾀﾝﾀﾞ-ﾄﾞﾁﾔ-ﾀ-ﾄﾞ,001,ﾄｳｷﾖｳ
0414,ﾊﾞ-ｸﾚｲｽﾞ,001,ﾄｳｷﾖｳ
0421,ｸﾚﾃﾞｲ.ｱｸﾞﾘｺﾙ,001,ﾄｳｷﾖｳ
0421,ｸﾚﾃﾞｲ.ｱｸﾞﾘｺﾙ,002,ｵｵｻｶﾁﾕｳｻﾞｲｲﾝｼﾞﾑ
0423,ﾊﾅ,001,ﾄｳｷﾖｳ
0423,ﾊﾅ,002,ｵｵｻｶ
0423,ﾊﾅ,003,ﾌｸｵｶ
0424,ｲﾝﾄﾞ,001,ﾄｳｷﾖｳ
0424,ｲﾝﾄﾞ,002,ｵｵｻｶ
0425,ﾁﾖｳﾎｳｺｸｻｲｼﾖｳｷﾞﾖ,001,ﾄｳｷﾖｳ
0426,ﾊﾞﾝｺﾂｸ,001,ﾄｳｷﾖｳ
0426,ﾊﾞﾝｺﾂｸ,002,ｵｵｻｶ
0429,ﾊﾞﾝｸﾈｶﾞﾗｲﾝﾄﾞﾈｼｱ,001,ﾄｳｷﾖｳ
0430,ﾄﾞｲﾂ,841,ﾄｳｷﾖｳ
0432,ﾌﾞﾗｼﾞﾙ,001,ﾄｳｷﾖｳ
0432,ﾌﾞﾗｼﾞﾙ,002,ｺﾞﾀﾝﾀﾞ
0432,ﾌﾞﾗｼﾞﾙ,010,ﾊﾏﾏﾂ
0432,ﾌﾞﾗｼﾞﾙ,020,ﾅｺﾞﾔ
0438,ﾕﾅｲﾃﾂﾄﾞ.ｵ-ﾊﾞ-ｼ-,001,ﾄｳｷﾖｳ
0439,ﾕ-ﾋﾞ-ｴｽｴｲｼﾞ-,101,ﾄｳｷﾖｳ
0442,ﾆﾕ-ﾖ-ｸﾒﾛﾝ,001,ﾄｳｷﾖｳ
0442,ﾆﾕ-ﾖ-ｸﾒﾛﾝ,002,ｵｵｻｶ
0443,ﾋﾞ-ｴﾇﾋﾟ-ﾊﾟﾘﾊﾞ,001,ﾄｳｷﾖｳ
0444,ｵ-ﾊﾞ-ｼ-.ﾁﾔｲﾆ-ｽﾞ,001,ﾄｳｷﾖｳ
0445,ｿｼｴﾃ ｼﾞｴﾈﾗﾙ,001,ﾄｳｷﾖｳ
0456,ﾕﾊﾞﾌ-.ｱﾗﾌﾞ.ﾌﾗﾝｽ,001,ﾄｳｷﾖｳ
0458,ﾃﾞｲ-ﾋﾞ-ｴｽ,001,ﾄｳｷﾖｳ
0460,ｸﾚﾃﾞｲ.ｽｲｽ,001,ﾄｳｷﾖｳ
0461,ｺﾒﾙﾂ,100,ﾄｳｷﾖｳ
0463,ｳﾆｸﾚﾃﾞｲﾄ,001,ﾄｳｷﾖｳ
0468,ｲﾝﾄﾞｽﾃｲﾄ,001,ﾄｳｷﾖｳ
0468,ｲﾝﾄﾞｽﾃｲﾄ,002,ｵｵｻｶ
0471,ｶﾅﾀﾞﾛｲﾔﾙ,001,ﾄｳｷﾖｳ
0472,ｴｽﾋﾞ-ｼﾞｴ-,001,ﾎﾝﾃﾝ
0472,ｴｽﾋﾞ-ｼﾞｴ-,002,ｵｵｻｶ
0472,ｴｽﾋﾞ-ｼﾞｴ-,003,ﾌｸｵｶ
0472,ｴｽﾋﾞ-ｼﾞｴ-,004,ﾄｳｷﾖｳ
0472,ｴｽﾋﾞ-ｼﾞｴ-,005,ｵｵｻｶﾁﾕｳｵｳ
0472,ｴｽﾋﾞ-ｼﾞｴ-,006,ｳｴﾉ
0472,ｴｽﾋﾞ-ｼﾞｴ-,007,ﾖｺﾊﾏ
0472,ｴｽﾋﾞ-ｼﾞｴ-,008,ｺｳﾍﾞ
0472,ｴｽﾋﾞ-ｼﾞｴ-,009,ｼﾝｼﾞﾕｸ
0472,ｴｽﾋﾞ-ｼﾞｴ-,010,ﾅｺﾞﾔ
0472,ｴｽﾋﾞ-ｼﾞｴ-,100,ﾄｳｷﾖｳﾎﾝﾃﾝ
0472,ｴｽﾋﾞ-ｼﾞｴ-,801,ﾒ-ﾙｵ-ﾀﾞ-
0472,ｴｽﾋﾞ-ｼﾞｴ-,802,ｲﾝﾀ-ﾈﾂﾄ
0472,ｴｽﾋﾞ-ｼﾞｴ-,803,ｲﾝﾍﾞｽﾄﾒﾝﾄﾊﾞﾝｸ
0477,ｳﾘｲ,001,ﾄｳｷﾖｳ
0482,ｱｲｴﾇｼﾞ- ﾊﾞﾝｸ ｴﾇ,001,ﾄｳｷﾖｳ
0484,ﾅｼﾖﾅﾙ.ｵ-ｽﾄﾗﾘｱ.ﾊ,001,ﾄｳｷﾖｳ
0485,ｵ-ｽﾄﾗﾘｱ.ﾆﾕ-ｼﾞ-ﾗ,001,ﾄｳｷﾖｳ
0485,ｵ-ｽﾄﾗﾘｱ.ﾆﾕ-ｼﾞ-ﾗ,002,ｵｵｻｶ
0487,ｵ-ｽﾄﾗﾘｱ.ｺﾓﾝｳｴﾙｽ,001,ﾄｳｷﾖｳ
0489,ﾁﾕｳｺﾞｸ,001,ﾄｳｷﾖｳ
0489,ﾁﾕｳｺﾞｸ,002,ｵｵｻｶ
0489,ﾁﾕｳｺﾞｸ,003,ﾖｺﾊﾏ
0489,ﾁﾕｳｺﾞｸ,004,ﾅｺﾞﾔ
0489,ﾁﾕｳｺﾞｸ,005,ﾄｳｷﾖｳｵｵﾃﾏﾁ
0489,ﾁﾕｳｺﾞｸ,006,ｺｳﾍﾞ
0489,ﾁﾕｳｺﾞｸ,718,ﾄｳｷﾖｳ
0495,ｽﾃ-ﾄ.ｽﾄﾘ-ﾄ,001,ﾄｳｷﾖｳ
0498,ﾁﾕｳｼﾖｳｷｷﾞﾖｳ,001,ﾄｳｷﾖｳ
0501,ﾎｸﾖｳ,005,ﾏﾂﾏｴ
0501,ﾎｸﾖｳ,006,ﾓﾘ
0501,ﾎｸﾖｳ,007,ﾔｸﾓ
0501,ﾎｸﾖｳ,008,ｵｼﾔﾏﾝﾍﾞ
0501,ﾎｸﾖｳ,009,ｴｻｼ
0501,ﾎｸﾖｳ,011,ﾃﾐﾔ
0501,ﾎｸﾖｳ,013,ﾖｲﾁ
0501,ﾎｸﾖｳ,015,ｸﾂﾁﾔﾝ
0501,ﾎｸﾖｳ,020,ﾀﾞﾃ
0501,ﾎｸﾖｳ,022,ﾄﾏｺﾏｲｷﾀ
0501,ﾎｸﾖｳ,023,ｳﾗｶﾜ
0501,ﾎｸﾖｳ,024,ｼｽﾞﾅｲ
0501,ﾎｸﾖｳ,027,ﾋｶﾞｼﾂｷｻﾑ
0501,ﾎｸﾖｳ,028,ﾎﾝﾃﾝ
0501,ﾎｸﾖｳ,029,ｽｽｷﾉ
0501,ﾎｸﾖｳ,035,ﾋｶﾞｼﾅｴﾎﾞ
0501,ﾎｸﾖｳ,036,ｺｳｾｲ
0501,ﾎｸﾖｳ,041,ｼﾝｺﾄﾆ
0501,ﾎｸﾖｳ,042,ﾄﾖﾋﾗ
0501,ﾎｸﾖｳ,045,ｼﾛｲｼﾎﾝｺﾞｳ
0501,ﾎｸﾖｳ,049,ﾄﾝﾃﾞﾝ
0501,ﾎｸﾖｳ,051,ｷﾀｺﾞｳ
0501,ﾎｸﾖｳ,052,ﾊﾂｻﾑ
0501,ﾎｸﾖｳ,053,ﾓﾐｼﾞﾀﾞｲ
0501,ﾎｸﾖｳ,055,ﾐﾔﾉﾓﾘ
0501,ﾎｸﾖｳ,058,ﾄｳﾍﾞﾂ
0501,ﾎｸﾖｳ,059,ｸﾘﾔﾏ
0501,ﾎｸﾖｳ,060,ﾋﾞﾊﾞｲ
0501,ﾎｸﾖｳ,061,ﾀｷｶﾜ
0501,ﾎｸﾖｳ,062,ｽﾅｶﾞﾜ
0501,ﾎｸﾖｳ,063,ﾌｶｶﾞﾜ
0501,ﾎｸﾖｳ,066,ｱｻﾋｶﾜｷﾀ
0501,ﾎｸﾖｳ,069,ｼﾍﾞﾂ
0501,ﾎｸﾖｳ,070,ﾅﾖﾛ
0501,ﾎｸﾖｳ,071,ﾌﾗﾉ
0501,ﾎｸﾖｳ,073,ｵﾋﾞﾋﾛﾐﾅﾐ
0501,ﾎｸﾖｳ,074,ｼﾐｽﾞ
0501,ﾎｸﾖｳ,075,ｲｹﾀﾞ
0501,ﾎｸﾖｳ,077,ﾄﾂﾄﾘ
0501,ﾎｸﾖｳ,078,ｸｼﾛｼﾞﾕｳｼﾞﾖｳ
0501,ﾎｸﾖｳ,079,ｱﾂｹｼ
0501,ﾎｸﾖｳ,080,ｼﾍﾞﾁﾔ
0501,ﾎｸﾖｳ,081,ﾃｼｶｶﾞ
0501,ﾎｸﾖｳ,082,ﾈﾑﾛ
0501,ﾎｸﾖｳ,083,ﾅｶｼﾍﾞﾂ
0501,ﾎｸﾖｳ,085,ﾙﾍﾞｼﾍﾞ
0501,ﾎｸﾖｳ,086,ﾋﾞﾎﾛ
0501,ﾎｸﾖｳ,087,ｱﾊﾞｼﾘ
0501,ﾎｸﾖｳ,088,ｴﾝｶﾞﾙ
0501,ﾎｸﾖｳ,089,ﾓﾝﾍﾞﾂ
0501,ﾎｸﾖｳ,090,ﾊｸﾘﾝﾀﾞｲ
0501,ﾎｸﾖｳ,091,ﾙﾓｲ
0501,ﾎｸﾖｳ,092,ﾏｼｹ
0501,ﾎｸﾖｳ,093,ﾆｼｾﾝ
0501,ﾎｸﾖｳ,094,ﾊﾁｹﾝ
0501,ﾎｸﾖｳ,095,ｷｸｽｲ
0501,ﾎｸﾖｳ,096,ﾜﾂｶﾅｲ
0501,ﾎｸﾖｳ,097,ﾊﾏﾄﾝﾍﾞﾂ
0501,ﾎｸﾖｳ,098,ﾋﾖｼ
0501,ﾎｸﾖｳ,100,ﾄｳｷﾖｳ
0501,ﾎｸﾖｳ,103,ｿｳｴﾝ
0501,ﾎｸﾖｳ,112,ﾆｼﾉﾌﾀﾏﾀ
0501,ﾎｸﾖｳ,114,ｷﾀﾉ
0501,ﾎｸﾖｳ,115,ｻﾂﾎﾟﾛﾋｶﾞｼ
0501,ﾎｸﾖｳ,117,ｱｲﾉｻﾄ
0501,ﾎｸﾖｳ,120,ﾓﾄﾏﾁ
0501,ﾎｸﾖｳ,121,ｼﾝｶﾜ
0501,ﾎｸﾖｳ,127,ｱｻﾋｶﾞｵｶ
0501,ﾎｸﾖｳ,130,ｷﾉ
0501,ﾎｸﾖｳ,131,ｼﾕｸﾊﾞｲ
0501,ﾎｸﾖｳ,134,ｷｷﾖｳ
0501,ﾎｸﾖｳ,137,ﾐﾔﾉｻﾜ
0501,ﾎｸﾖｳ,138,ﾌｸｽﾞﾐ
0501,ﾎｸﾖｳ,139,ﾉﾎﾞﾘﾍﾞﾂ
0501,ﾎｸﾖｳ,140,ﾅﾅｴﾊﾏ
0501,ﾎｸﾖｳ,141,ﾇﾏﾉﾊﾀ
0501,ﾎｸﾖｳ,142,ﾋﾗｵｶｺｳｴﾝ
0501,ﾎｸﾖｳ,143,ｼﾝﾘﾝｺｳｴﾝ
0501,ﾎｸﾖｳ,144,ｵﾋﾞﾋﾛﾆｼ
0501,ﾎｸﾖｳ,145,ｶｸﾞﾗ
0501,ﾎｸﾖｳ,160,ｷｸｽｲｶﾐﾏﾁ
0501,ﾎｸﾖｳ,161,ｼﾝﾃｲﾈ
0501,ﾎｸﾖｳ,173,ﾅｶﾞﾔﾏｷﾀ
0501,ﾎｸﾖｳ,174,ﾄｳﾏ
0501,ﾎｸﾖｳ,184,ｷﾀﾋﾛｼﾏﾁﾕｳｵｳ
0501,ﾎｸﾖｳ,192,ﾃｲﾈｱｹﾎﾞﾉ
0501,ﾎｸﾖｳ,303,ｻﾂﾎﾟﾛﾐﾅﾐ
0501,ﾎｸﾖｳ,304,ｻﾂﾎﾟﾛﾆｼ
0501,ﾎｸﾖｳ,306,ﾋｶﾞｼﾄﾝﾃﾞﾝ
0501,ﾎｸﾖｳ,309,ﾅｴﾎﾞ
0501,ﾎｸﾖｳ,310,ｻﾂﾎﾟﾛｴｷﾐﾅﾐｸﾞﾁ
0501,ﾎｸﾖｳ,311,ｵｵﾏｶﾞﾘ
0501,ﾎｸﾖｳ,312,ｷﾀﾅﾅｼﾞﾖｳ
0501,ﾎｸﾖｳ,313,ｷﾀｺﾞｼﾞﾖｳﾄﾞｵﾘ
0501,ﾎｸﾖｳ,314,ﾏﾙﾔﾏｺｳｴﾝ
0501,ﾎｸﾖｳ,315,ｺﾄﾆﾁﾕｳｵｳ
0501,ﾎｸﾖｳ,317,ｴﾍﾞﾂﾁﾕｳｵｳ
0501,ﾎｸﾖｳ,318,ﾁﾄｾﾁﾕｳｵｳ
0501,ﾎｸﾖｳ,319,ｷﾀﾆｼﾞﾕｳﾖｼﾞﾖｳ
0501,ﾎｸﾖｳ,321,ﾊｺﾀﾞﾃﾁﾕｳｵｳ
0501,ﾎｸﾖｳ,322,ｽｴﾋﾛﾁﾖｳ
0501,ﾎｸﾖｳ,323,ﾊﾅｶﾜﾐﾅﾐ
0501,ﾎｸﾖｳ,324,ﾁﾄｾﾄﾐｵｶ
0501,ﾎｸﾖｳ,327,ﾊﾞﾝﾀﾞｲﾁﾖｳ
0501,ﾎｸﾖｳ,328,ｺﾞﾘﾖｳｶｸｺｳｴﾝ
0501,ﾎｸﾖｳ,329,ﾕﾉｶﾜ
0501,ﾎｸﾖｳ,337,ﾐﾊﾗ
0501,ﾎｸﾖｳ,338,ﾆｼﾉｻﾄ
0501,ﾎｸﾖｳ,339,ｻﾂﾅｴ
0501,ﾎｸﾖｳ,341,ｵﾀﾙﾁﾕｳｵｳ
0501,ﾎｸﾖｳ,345,ｵﾀﾙｴｷﾏｴ
0501,ﾎｸﾖｳ,346,ｱﾙｶ
0501,ﾎｸﾖｳ,349,ﾄﾝﾃﾞﾝｷﾀ
0501,ﾎｸﾖｳ,350,ｵｸｻﾜｸﾞﾁ
0501,ﾎｸﾖｳ,354,ｲﾜﾅｲﾁﾕｳｵｳ
0501,ﾎｸﾖｳ,361,ﾑﾛﾗﾝﾁﾕｳｵｳ
0501,ﾎｸﾖｳ,363,ﾅｶｼﾞﾏﾁﾖｳ
0501,ﾎｸﾖｳ,371,ﾄﾏｺﾏｲﾁﾕｳｵｳ
0501,ﾎｸﾖｳ,381,ｲﾜﾐｻﾞﾜﾁﾕｳｵｳ
0501,ﾎｸﾖｳ,387,ﾕｳﾊﾞﾘ
0501,ﾎｸﾖｳ,395,ｱｶﾋﾞﾗ
0501,ﾎｸﾖｳ,396,ｱｼﾍﾞﾂ
0501,ﾎｸﾖｳ,401,ｱｻﾋｶﾜﾁﾕｳｵｳ
0501,ﾎｸﾖｳ,403,ﾀｲｾﾂﾄﾞｵﾘ
0501,ﾎｸﾖｳ,404,ﾅｶﾞﾔﾏﾁﾕｳｵｳ
0501,ﾎｸﾖｳ,408,ﾄﾖｵｶ
0501,ﾎｸﾖｳ,409,ｼﾕﾝｺｳ
0501,ﾎｸﾖｳ,423,ﾋﾞﾌｶ
0501,ﾎｸﾖｳ,424,ｲﾄｲ
0501,ﾎｸﾖｳ,431,ｵﾋﾞﾋﾛﾁﾕｳｵｳ
0501,ﾎｸﾖｳ,436,ﾏｸﾍﾞﾂ
0501,ﾎｸﾖｳ,438,ﾎﾝﾍﾞﾂ
0501,ﾎｸﾖｳ,441,ｸｼﾛﾁﾕｳｵｳ
0501,ﾎｸﾖｳ,448,ｼﾝﾊﾞｼｵｵﾄﾞｵﾘ
0501,ﾎｸﾖｳ,450,ﾎｼｵｷ
0501,ﾎｸﾖｳ,451,ｷﾀﾐﾁﾕｳｵｳ
0501,ﾎｸﾖｳ,452,ｼﾔﾘ
0501,ﾎｸﾖｳ,461,ｽﾐｶﾜﾁﾕｳｵｳ
0501,ﾎｸﾖｳ,462,ｻｶｴﾏﾁ
0501,ﾎｸﾖｳ,464,ｼﾝﾊﾂｻﾑ
0501,ﾎｸﾖｳ,468,ｼﾝｶﾜﾁﾕｳｵｳ
0501,ﾎｸﾖｳ,472,ｴﾆﾜﾁﾕｳｵｳ
0501,ﾎｸﾖｳ,473,ﾏｺﾏﾅｲﾁﾕｳｵｳ
0501,ﾎｸﾖｳ,474,ｵｵﾔﾁ
0501,ﾎｸﾖｳ,475,ﾄﾞｳﾁﾖｳ
0501,ﾎｸﾖｳ,476,ｼﾛｲｼﾁﾕｳｵｳ
0501,ﾎｸﾖｳ,477,ﾂｷｻﾑﾁﾕｳｵｳ
0501,ﾎｸﾖｳ,478,ｲｼﾔﾏﾄﾞｵﾘ
0501,ﾎｸﾖｳ,480,ﾆｼﾏﾁ
0501,ﾎｸﾖｳ,481,ｷﾀｼﾞﾕｳｺﾞｼﾞﾖｳ
0501,ﾎｸﾖｳ,483,ﾋﾗｷﾞｼﾁﾕｳｵｳ
0501,ﾎｸﾖｳ,484,ﾁﾄｾｸｳｺｳ
0501,ﾎｸﾖｳ,485,ｻﾂﾎﾟﾛｼﾔｸｼﾖ
0501,ﾎｸﾖｳ,486,ｱﾂﾍﾞﾂﾁﾕｳｵｳ
0501,ﾎｸﾖｳ,487,ｱｻﾌﾞ
0501,ﾎｸﾖｳ,488,ﾅﾝｺﾞｳﾄﾞｵﾘ
0501,ﾎｸﾖｳ,489,ﾌｼｺ
0501,ﾎｸﾖｳ,490,ﾎｸﾄ
0501,ﾎｸﾖｳ,491,ﾃｲﾈﾁﾕｳｵｳ
0501,ﾎｸﾖｳ,492,ﾊﾅｶﾜｷﾀ
0501,ﾎｸﾖｳ,494,ﾓｲﾜ
0501,ﾎｸﾖｳ,495,ｼﾉﾛ
0501,ﾎｸﾖｳ,496,ﾉﾂﾎﾟﾛﾁﾕｳｵｳ
0501,ﾎｸﾖｳ,497,ｷﾖﾀｸﾔｸｼﾖﾏｴ
0501,ﾎｸﾖｳ,701,ﾊﾏﾅｽ
0508,ｷﾗﾔｶ,001,ﾎﾝﾃﾝ
0508,ｷﾗﾔｶ,002,ﾔﾏｶﾞﾀｴｷﾏｴ
0508,ｷﾗﾔｶ,003,ﾔﾏｶﾞﾀｷﾀ
0508,ｷﾗﾔｶ,004,ﾎﾝﾁﾖｳ
0508,ｷﾗﾔｶ,005,ｻﾝｷﾞﾖｳﾄﾞｵﾘ
0508,ｷﾗﾔｶ,006,ｼﾓｼﾞﾖｳ
0508,ｷﾗﾔｶ,007,ﾆｼ
0508,ｷﾗﾔｶ,008,ｺｼﾞﾗｶﾜ
0508,ｷﾗﾔｶ,009,ﾘﾕｳﾂｳｾﾝﾀ-
0508,ｷﾗﾔｶ,010,ｶﾐﾉﾔﾏﾁﾕｳｵｳ
0508,ｷﾗﾔｶ,011,ﾃﾝﾄﾞｳﾁﾕｳｵｳ
0508,ｷﾗﾔｶ,012,ﾔﾏﾉﾍﾞｷﾀ
0508,ｷﾗﾔｶ,013,ﾅｶﾞｻｷ
0508,ｷﾗﾔｶ,014,ﾀﾃｵｶ
0508,ｷﾗﾔｶ,015,ﾋｶﾞｼﾈ
0508,ｷﾗﾔｶ,016,ﾃﾝﾄﾞｳｷﾀ
0508,ｷﾗﾔｶ,017,ｻﾞｵｳ
0508,ｷﾗﾔｶ,018,ﾔﾏｶﾞﾀﾋｶﾞｼ
0508,ｷﾗﾔｶ,019,ｽｽﾞｶﾜ
0508,ｷﾗﾔｶ,020,ｻｶﾞｴﾁﾕｳｵｳ
0508,ｷﾗﾔｶ,021,ｼﾗｲﾜ
0508,ｷﾗﾔｶ,022,ﾏｻﾞﾜ
0508,ｷﾗﾔｶ,023,ｵｵｴ
0508,ｷﾗﾔｶ,024,ﾋｶﾞｼｱｵﾀ
0508,ｷﾗﾔｶ,025,ﾔﾁ
0508,ｷﾗﾔｶ,026,ｻｸﾗﾀﾞ
0508,ｷﾗﾔｶ,028,ｼﾛﾆｼ
0508,ｷﾗﾔｶ,029,ｴﾏﾀ
0508,ｷﾗﾔｶ,030,ｼﾝｼﾞﾖｳｷﾀ
0508,ｷﾗﾔｶ,031,ｵﾊﾞﾅｻﾞﾜﾁﾕｳｵｳ
0508,ｷﾗﾔｶ,032,ｼﾞﾝﾏﾁｷﾀ
0508,ｷﾗﾔｶ,033,ﾜｶﾊﾞﾁﾖｳ
0508,ｷﾗﾔｶ,034,ﾐﾅﾐﾀﾞﾃ
0508,ｷﾗﾔｶ,035,ｱｷﾀ
0508,ｷﾗﾔｶ,036,ﾎﾝｼﾞﾖｳ
0508,ｷﾗﾔｶ,037,ﾐﾅﾐﾊﾗ
0508,ｷﾗﾔｶ,038,ｲｼﾜｷ
0508,ｷﾗﾔｶ,039,ｼﾝｼﾞﾖｳﾐﾅﾐ
0508,ｷﾗﾔｶ,040,ｻｶﾀﾁﾕｳｵｳ
0508,ｷﾗﾔｶ,042,ｻｶﾀｴｷﾋｶﾞｼ
0508,ｷﾗﾔｶ,043,ﾋｶﾞｼｵｵﾏﾁ
0508,ｷﾗﾔｶ,045,ﾕｻﾞ
0508,ｷﾗﾔｶ,046,ｶﾝﾉﾝｼﾞ
0508,ｷﾗﾔｶ,047,ｱﾏﾙﾒ
0508,ｷﾗﾔｶ,048,ﾌｸﾗ
0508,ｷﾗﾔｶ,050,ﾂﾙｵｶ
0508,ｷﾗﾔｶ,051,ｻﾝﾉｳﾏｴ
0508,ｷﾗﾔｶ,052,ｵｵﾔﾏ
0508,ｷﾗﾔｶ,053,ｼﾝｻｲﾁﾖｳ
0508,ｷﾗﾔｶ,054,ﾐﾊﾗﾏﾁ
0508,ｷﾗﾔｶ,055,ｱﾂﾐｴｷﾏｴ
0508,ｷﾗﾔｶ,056,ﾑﾗｶﾐ
0508,ｷﾗﾔｶ,057,ﾆｲｶﾞﾀ
0508,ｷﾗﾔｶ,058,ｼﾊﾞﾀﾆｼ
0508,ｷﾗﾔｶ,060,ﾖﾈｻﾞﾜﾁﾕｳｵｳ
0508,ｷﾗﾔｶ,061,ﾖﾈｻﾞﾜﾆｼ
0508,ｷﾗﾔｶ,062,ﾖﾈｻﾞﾜﾋｶﾞｼ
0508,ｷﾗﾔｶ,065,ﾀｶﾊﾀﾋｶﾞｼ
0508,ｷﾗﾔｶ,066,ﾅﾝﾖｳ
0508,ｷﾗﾔｶ,067,ﾐﾔｳﾁﾋｶﾞｼ
0508,ｷﾗﾔｶ,070,ﾅｶﾞｲ
0508,ｷﾗﾔｶ,071,ｱﾕｶｲ
0508,ｷﾗﾔｶ,075,ｾﾝﾀﾞｲｲﾁﾊﾞﾝﾁﾖｳ
0508,ｷﾗﾔｶ,076,ﾕﾐﾉﾏﾁ
0508,ｷﾗﾔｶ,077,ﾄﾐｻﾜ
0508,ｷﾗﾔｶ,086,ｵｵﾐﾔ
0508,ｷﾗﾔｶ,090,ﾄｳｷﾖｳ
0508,ｷﾗﾔｶ,110,ｻｸﾗﾁﾖｳ
0508,ｷﾗﾔｶ,111,ﾐﾔﾏﾁ
0508,ｷﾗﾔｶ,112,ﾅﾉｶﾏﾁ
0508,ｷﾗﾔｶ,113,ｶｽﾐﾁﾖｳ
0508,ｷﾗﾔｶ,114,ﾄｳｶﾏﾁ
0508,ｷﾗﾔｶ,115,ﾔﾏｶﾞﾀｼﾞﾖｳﾎｸ
0508,ｷﾗﾔｶ,116,ﾔﾏｶﾞﾀﾆｼ
0508,ｷﾗﾔｶ,117,ｷﾀ
0508,ｷﾗﾔｶ,118,ｹﾝﾁﾖｳﾄﾞｵﾘ
0508,ｷﾗﾔｶ,119,ﾘﾕｳﾂｳﾀﾞﾝﾁ
0508,ｷﾗﾔｶ,128,ﾔﾏｶﾞﾀﾋﾉｷﾁﾖｳ
0508,ｷﾗﾔｶ,129,ﾔﾏｶﾞﾀﾐﾅﾐ
0508,ｷﾗﾔｶ,134,ﾁﾕｳｵｳ
0508,ｷﾗﾔｶ,136,ｲｲﾂﾞｶ
0508,ｷﾗﾔｶ,137,ｽｽﾞｶﾜﾐﾅﾐ
0508,ｷﾗﾔｶ,155,ｻﾞｵｳｴｷﾏｴ
0508,ｷﾗﾔｶ,158,ｳﾙｼﾔﾏ
0508,ｷﾗﾔｶ,220,ｶﾐﾉﾔﾏ
0508,ｷﾗﾔｶ,221,ｶﾐﾉﾔﾏﾐﾅﾐ
0508,ｷﾗﾔｶ,250,ﾖﾈｻﾞﾜ
0508,ｷﾗﾔｶ,251,ﾖﾈｻﾞﾜｴｷﾏｴ
0508,ｷﾗﾔｶ,252,ﾐﾔｳﾁ
0508,ｷﾗﾔｶ,253,ｱｶﾕ
0508,ｷﾗﾔｶ,254,ﾀｶﾊﾀ
0508,ｷﾗﾔｶ,256,ﾅｶﾞｲﾁﾕｳｵｳ
0508,ｷﾗﾔｶ,257,ｱﾗﾄ
0508,ｷﾗﾔｶ,262,ﾆｼｵｵﾄﾞｵﾘ
0508,ｷﾗﾔｶ,321,ﾃﾝﾄﾞｳ
0508,ｷﾗﾔｶ,322,ｻｶﾞｴ
0508,ｷﾗﾔｶ,323,ｱﾃﾗｻﾞﾜ
0508,ｷﾗﾔｶ,324,ﾐﾔｼﾞﾕｸ
0508,ｷﾗﾔｶ,325,ｶﾎｸ
0508,ｷﾗﾔｶ,326,ﾃﾝﾄﾞｳﾋｶﾞｼ
0508,ｷﾗﾔｶ,327,ﾔﾏﾉﾍﾞ
0508,ｷﾗﾔｶ,328,ﾃﾝﾄﾞｳﾐﾅﾐ
0508,ｷﾗﾔｶ,330,ﾀﾃｵｶｷﾀ
0508,ｷﾗﾔｶ,331,ｻｸﾗﾝﾎﾞﾋｶﾞｼﾈ
0508,ｷﾗﾔｶ,332,ｵﾊﾞﾅｻﾞﾜ
0508,ｷﾗﾔｶ,333,ｼﾝｼﾞﾖｳ
0508,ｷﾗﾔｶ,334,ｼﾝｼﾞﾖｳﾆｼ
0508,ｷﾗﾔｶ,335,ﾓｶﾞﾐﾏﾁ
0508,ｷﾗﾔｶ,338,ｻｶﾞｴﾐﾅﾐ
0508,ｷﾗﾔｶ,339,ｼﾞﾝﾏﾁ
0508,ｷﾗﾔｶ,359,ﾆｼｶﾜ
0508,ｷﾗﾔｶ,440,ﾂﾙｵｶﾁﾕｳｵｳ
0508,ｷﾗﾔｶ,441,ﾂﾙｵｶｴｷﾏｴ
0508,ｷﾗﾔｶ,442,ﾕﾉﾊﾏ
0508,ｷﾗﾔｶ,443,ｻｶﾀ
0508,ｷﾗﾔｶ,444,ｻｶﾀｾﾝｺﾞｸﾁﾖｳ
0508,ｷﾗﾔｶ,445,ｻｶﾀｼﾝﾊﾞｼ
0508,ｷﾗﾔｶ,446,ﾕｻﾞｴｷﾏｴ
0508,ｷﾗﾔｶ,447,ｻｶﾀｷﾀ
0508,ｷﾗﾔｶ,448,ｱﾂﾐ
0508,ｷﾗﾔｶ,477,ﾂﾙｵｶﾆｼ
0508,ｷﾗﾔｶ,560,ﾌｸｼﾏ
0508,ｷﾗﾔｶ,580,ｾﾝﾀﾞｲ
0508,ｷﾗﾔｶ,581,ｾﾝﾀﾞｲｵﾛｼﾏﾁ
0508,ｷﾗﾔｶ,582,ｾﾝﾀﾞｲﾅｶﾞﾏﾁ
0508,ｷﾗﾔｶ,583,ｾﾝﾀﾞｲｲｽﾞﾐ
0508,ｷﾗﾔｶ,670,ｼﾊﾞﾀ
0508,ｷﾗﾔｶ,672,ﾄﾖｻｶ
0508,ｷﾗﾔｶ,673,ｼﾊﾞﾀｷﾀ
0508,ｷﾗﾔｶ,690,ｶﾝﾀﾞ
0508,ｷﾗﾔｶ,700,ｴｽﾋﾞ-ｱｲｻｸﾗﾝﾎﾞ
0509,ｷﾀﾆﾂﾎﾟﾝ,002,ﾎﾝﾃﾝ
0509,ｷﾀﾆﾂﾎﾟﾝ,003,ﾎﾝﾁﾖｳ
0509,ｷﾀﾆﾂﾎﾟﾝ,004,ｻｶﾅﾁﾖｳ
0509,ｷﾀﾆﾂﾎﾟﾝ,005,ﾐﾅﾐｵｵﾄﾞｵﾘ
0509,ｷﾀﾆﾂﾎﾟﾝ,006,ｵｵﾄﾞｵﾘ
0509,ｷﾀﾆﾂﾎﾟﾝ,007,ｻﾞｲﾓｸﾁﾖｳ
0509,ｷﾀﾆﾂﾎﾟﾝ,008,ｶﾏｲｼ
0509,ｷﾀﾆﾂﾎﾟﾝ,009,ｺｻﾉ
0509,ｷﾀﾆﾂﾎﾟﾝ,010,ﾐﾔｺ
0509,ｷﾀﾆﾂﾎﾟﾝ,011,ｲﾁﾉｾｷ
0509,ｷﾀﾆﾂﾎﾟﾝ,013,ｵｵﾌﾅﾄ
0509,ｷﾀﾆﾂﾎﾟﾝ,014,ﾐｽﾞｻﾜ
0509,ｷﾀﾆﾂﾎﾟﾝ,015,ﾊﾅﾏｷ
0509,ｷﾀﾆﾂﾎﾟﾝ,016,ｷﾀｶﾐ
0509,ｷﾀﾆﾂﾎﾟﾝ,017,ｸｼﾞ
0509,ｷﾀﾆﾂﾎﾟﾝ,018,ﾄｵﾉ
0509,ｷﾀﾆﾂﾎﾟﾝ,019,ﾀｶﾀ
0509,ｷﾀﾆﾂﾎﾟﾝ,020,ｴｻｼ
0509,ｷﾀﾆﾂﾎﾟﾝ,021,ﾇﾏｸﾅｲ
0509,ｷﾀﾆﾂﾎﾟﾝ,023,ﾀｲﾗﾀﾞﾃ
0509,ｷﾀﾆﾂﾎﾟﾝ,024,ｼﾜ
0509,ｷﾀﾆﾂﾎﾟﾝ,025,ｲｼﾄﾞﾘﾔ
0509,ｷﾀﾆﾂﾎﾟﾝ,027,ﾏｴｻﾜ
0509,ｷﾀﾆﾂﾎﾟﾝ,028,ｾﾝﾏﾔ
0509,ｷﾀﾆﾂﾎﾟﾝ,029,ｽﾘｻﾜ
0509,ｷﾀﾆﾂﾎﾟﾝ,030,ｵｵﾂﾞﾁ
0509,ｷﾀﾆﾂﾎﾟﾝ,031,ﾔﾏﾀﾞ
0509,ｷﾀﾆﾂﾎﾟﾝ,032,ｲﾜｲｽﾞﾐ
0509,ｷﾀﾆﾂﾎﾟﾝ,033,ﾆﾉﾍ
0509,ｷﾀﾆﾂﾎﾟﾝ,034,ｱｷﾀ
0509,ｷﾀﾆﾂﾎﾟﾝ,035,ﾖｺﾃ
0509,ｷﾀﾆﾂﾎﾟﾝ,038,ｶﾂﾞﾉ
0509,ｷﾀﾆﾂﾎﾟﾝ,039,ｱｵﾓﾘ
0509,ｷﾀﾆﾂﾎﾟﾝ,040,ﾊﾁﾉﾍ
0509,ｷﾀﾆﾂﾎﾟﾝ,041,ﾐﾅﾄ
0509,ｷﾀﾆﾂﾎﾟﾝ,043,ｾﾝﾀﾞｲ
0509,ｷﾀﾆﾂﾎﾟﾝ,044,ｲｼﾉﾏｷ
0509,ｷﾀﾆﾂﾎﾟﾝ,045,ｼｵｶﾞﾏ
0509,ｷﾀﾆﾂﾎﾟﾝ,046,ｹｾﾝﾇﾏ
0509,ｷﾀﾆﾂﾎﾟﾝ,048,ｳｴﾀﾞ
0509,ｷﾀﾆﾂﾎﾟﾝ,050,ﾌﾂｶﾏﾁ
0509,ｷﾀﾆﾂﾎﾟﾝ,051,ｺｵﾘﾔﾏ
0509,ｷﾀﾆﾂﾎﾟﾝ,052,ﾄｳｷﾖｳ
0509,ｷﾀﾆﾂﾎﾟﾝ,053,ﾌｸｼﾏ
0509,ｷﾀﾆﾂﾎﾟﾝ,054,ﾀﾃｻｶ
0509,ｷﾀﾆﾂﾎﾟﾝ,055,ﾊﾗﾉﾏﾁ
0509,ｷﾀﾆﾂﾎﾟﾝ,058,ﾘﾕｳﾂｳｾﾝﾀ-
0509,ｷﾀﾆﾂﾎﾟﾝ,059,ｶｶﾞﾉ
0509,ｷﾀﾆﾂﾎﾟﾝ,060,ｱｵﾔﾏﾁﾖｳ
0509,ｷﾀﾆﾂﾎﾟﾝ,061,ﾏﾂｿﾞﾉ
0509,ｷﾀﾆﾂﾎﾟﾝ,062,ﾔﾊﾊﾞ
0509,ｷﾀﾆﾂﾎﾟﾝ,063,ﾅﾝｺｳﾀﾞｲ
0509,ｷﾀﾆﾂﾎﾟﾝ,064,ﾆｼｱｵﾔﾏ
0509,ｷﾀﾆﾂﾎﾟﾝ,065,ﾆｼﾊﾅﾏｷ
0509,ｷﾀﾆﾂﾎﾟﾝ,066,ﾄﾅﾝ
0509,ｷﾀﾆﾂﾎﾟﾝ,067,ﾐﾅﾐｺｲｽﾞﾐ
0509,ｷﾀﾆﾂﾎﾟﾝ,069,ﾓﾄﾐﾔ
0509,ｷﾀﾆﾂﾎﾟﾝ,070,ﾀｶﾞｼﾞﾖｳ
0509,ｷﾀﾆﾂﾎﾟﾝ,071,ｼﾞﾖｳｾｲ
0509,ｷﾀﾆﾂﾎﾟﾝ,072,ﾔﾏﾉﾒ
0509,ｷﾀﾆﾂﾎﾟﾝ,073,ﾐﾄﾞﾘｶﾞｵｶ
0509,ｷﾀﾆﾂﾎﾟﾝ,075,ﾊﾗﾅｶ
0509,ｷﾀﾆﾂﾎﾟﾝ,077,ｶﾜｷﾞｼ
0509,ｷﾀﾆﾂﾎﾟﾝ,079,ｾﾝﾎﾞｸﾁﾖｳ
0509,ｷﾀﾆﾂﾎﾟﾝ,080,ﾁﾔﾊﾞﾀｹ
0509,ｷﾀﾆﾂﾎﾟﾝ,082,ﾐﾀｹ
0509,ｷﾀﾆﾂﾎﾟﾝ,085,ｶﾈｶﾞｻｷ
0509,ｷﾀﾆﾂﾎﾟﾝ,086,ｳﾉｽﾏｲ
0509,ｷﾀﾆﾂﾎﾟﾝ,089,ｼｽﾞｸｲｼ
0509,ｷﾀﾆﾂﾎﾟﾝ,090,ﾀｷｻﾞﾜ
0509,ｷﾀﾆﾂﾎﾟﾝ,091,ｴﾂﾞﾘｺ
0509,ｷﾀﾆﾂﾎﾟﾝ,093,ｶﾜﾗｷﾞ
0509,ｷﾀﾆﾂﾎﾟﾝ,095,ﾐﾅﾐｱｵﾓﾘ
0509,ｷﾀﾆﾂﾎﾟﾝ,097,ｽｺﾞ
0509,ｷﾀﾆﾂﾎﾟﾝ,098,ｲｽﾞﾐﾁﾕｳｵｳ
0509,ｷﾀﾆﾂﾎﾟﾝ,150,ｲ-ﾀﾞｲﾚｸﾄ
0509,ｷﾀﾆﾂﾎﾟﾝ,200,ｲﾝﾀ-ﾈﾂﾄ
0512,ｾﾝﾀﾞｲ,201,ﾎﾝﾃﾝ
0512,ｾﾝﾀﾞｲ,202,ｸﾛﾏﾂ
0512,ｾﾝﾀﾞｲ,203,ｺｸﾌﾞﾝﾁﾖｳ
0512,ｾﾝﾀﾞｲ,204,ﾁﾕｳｵｳﾄﾞｵﾘ
0512,ｾﾝﾀﾞｲ,205,ｱﾗﾏﾁ
0512,ｾﾝﾀﾞｲ,206,ﾊﾗﾉﾏﾁ
0512,ｾﾝﾀﾞｲ,207,ﾐﾔｷﾞﾉ
0512,ｾﾝﾀﾞｲ,208,ﾐﾔﾏﾁ
0512,ｾﾝﾀﾞｲ,209,ﾅｶﾞﾏﾁ
0512,ｾﾝﾀﾞｲ,210,ﾆｶﾞﾀｹ
0512,ｾﾝﾀﾞｲ,211,ﾀｶﾞｼﾞﾖｳ
0512,ｾﾝﾀﾞｲ,212,ｵﾛｼﾏﾁ
0512,ｾﾝﾀﾞｲ,213,ﾅｶﾔﾏ
0512,ｾﾝﾀﾞｲ,214,ｼﾖｳｹﾞﾝ
0512,ｾﾝﾀﾞｲ,215,ｾﾝﾀﾞｲﾋｶﾞｼｸﾞﾁ
0512,ｾﾝﾀﾞｲ,216,ﾅﾝｺｳﾀﾞｲ
0512,ｾﾝﾀﾞｲ,217,ｲｽﾞﾐｶﾞｵｶ
0512,ｾﾝﾀﾞｲ,218,ｻｸﾗｶﾞｵｶ
0512,ｾﾝﾀﾞｲ,219,ｷﾀﾔﾏ
0512,ｾﾝﾀﾞｲ,220,ﾐﾔｷﾞﾏﾁ
0512,ｾﾝﾀﾞｲ,221,ﾅｶﾞﾏﾁﾐﾅﾐ
0512,ｾﾝﾀﾞｲ,223,ｼﾖｳﾘﾖｳ
0512,ｾﾝﾀﾞｲ,224,ﾀｲﾄﾐ
0512,ｾﾝﾀﾞｲ,225,ｶﾐｽｷﾞ
0512,ｾﾝﾀﾞｲ,226,ﾀﾞｲﾉﾊﾗ
0512,ｾﾝﾀﾞｲ,227,ﾊﾁﾏﾝﾏﾁ
0512,ｾﾝﾀﾞｲ,228,ﾐﾅﾐｺｲｽﾞﾐ
0512,ｾﾝﾀﾞｲ,229,ｵｷﾉ
0512,ｾﾝﾀﾞｲ,230,ﾄｳﾌﾞｺｳｼﾞﾖｳﾀﾞﾝﾁ
0512,ｾﾝﾀﾞｲ,231,ﾔｷﾞﾔﾏ
0512,ｾﾝﾀﾞｲ,232,ﾀｲﾊｸ
0512,ｾﾝﾀﾞｲ,233,ﾆｼﾅｶﾀﾞ
0512,ｾﾝﾀﾞｲ,234,ﾂﾙｶﾞｵｶ
0512,ｾﾝﾀﾞｲ,235,ﾘﾌ
0512,ｾﾝﾀﾞｲ,236,ﾀｶｻｺﾞ
0512,ｾﾝﾀﾞｲ,237,ﾖｼｵｶ
0512,ｾﾝﾀﾞｲ,238,ｱﾗｲ
0512,ｾﾝﾀﾞｲ,301,ｼﾛｲｼ
0512,ｾﾝﾀﾞｲ,302,ｶｸﾀﾞ
0512,ｾﾝﾀﾞｲ,303,ﾏﾙﾓﾘ
0512,ｾﾝﾀﾞｲ,304,ｵｵｶﾞﾜﾗ
0512,ｾﾝﾀﾞｲ,305,ﾌﾅｵｶ
0512,ｾﾝﾀﾞｲ,306,ｲﾜﾇﾏ
0512,ｾﾝﾀﾞｲ,307,ﾅﾄﾘ
0512,ｾﾝﾀﾞｲ,308,ﾅﾄﾘｶﾞｵｶ
0512,ｾﾝﾀﾞｲ,309,ﾜﾀﾘ
0512,ｾﾝﾀﾞｲ,401,ｼｵｶﾞﾏ
0512,ｾﾝﾀﾞｲ,402,ｲｼﾉﾏｷ
0512,ｾﾝﾀﾞｲ,403,ｵﾅｶﾞﾜ
0512,ｾﾝﾀﾞｲ,404,ｼﾂﾞｶﾞﾜ
0512,ｾﾝﾀﾞｲ,405,ｳﾀﾂ
0512,ｾﾝﾀﾞｲ,406,ｹｾﾝﾇﾏ
0512,ｾﾝﾀﾞｲ,407,ﾅｶｻﾄ
0512,ｾﾝﾀﾞｲ,408,ｵｶﾞﾂ
0512,ｾﾝﾀﾞｲ,409,ﾂﾔ
0512,ｾﾝﾀﾞｲ,501,ﾌﾙｶﾜ
0512,ｾﾝﾀﾞｲ,502,ﾀｼﾞﾘ
0512,ｾﾝﾀﾞｲ,503,ﾀｶｼﾐｽﾞ
0512,ｾﾝﾀﾞｲ,504,ｲﾜﾃﾞﾔﾏ
0512,ｾﾝﾀﾞｲ,505,ﾜｸﾔ
0512,ｾﾝﾀﾞｲ,506,ﾅｶﾆｲﾀﾞ
0512,ｾﾝﾀﾞｲ,507,ﾅﾙｺﾞ
0512,ｾﾝﾀﾞｲ,508,ｻﾝﾎﾞﾝｷﾞ
0512,ｾﾝﾀﾞｲ,601,ﾄﾒ
0512,ｾﾝﾀﾞｲ,602,ﾖﾈｶﾜ
0512,ｾﾝﾀﾞｲ,603,ﾂﾔﾏ
0512,ｾﾝﾀﾞｲ,604,ｻﾇﾏ
0512,ｾﾝﾀﾞｲ,606,ｲﾜｶﾞｻｷ
0512,ｾﾝﾀﾞｲ,607,ﾂｷﾀﾞﾃ
0512,ｾﾝﾀﾞｲ,608,ｾﾐﾈ
0512,ｾﾝﾀﾞｲ,609,ﾅｶﾀﾞﾁﾖｳ
0512,ｾﾝﾀﾞｲ,781,ﾄｳｷﾖｳ
0513,ﾌｸｼﾏ,110,ﾎﾝﾃﾝ
0513,ﾌｸｼﾏ,112,ﾜﾀﾘ
0513,ﾌｸｼﾏ,114,ﾌｸｼﾏﾆｼ
0513,ﾌｸｼﾏ,116,ﾌｸｼﾏｷﾀ
0513,ﾌｸｼﾏ,118,ﾌｸｼﾏﾐﾅﾐ
0513,ﾌｸｼﾏ,120,ｻｻﾔ
0513,ﾌｸｼﾏ,122,ﾔﾏｼﾀﾁﾖｳ
0513,ﾌｸｼﾏ,124,ｲｽﾞﾐ
0513,ﾌｸｼﾏ,126,ｵｶﾍﾞ
0513,ﾌｸｼﾏ,128,ｵｵﾓﾘ
0513,ﾌｸｼﾏ,130,ﾎｳﾗｲ
0513,ﾌｸｼﾏ,132,ﾔｼﾏﾀﾞ
0513,ﾌｸｼﾏ,140,ｲｲｻﾞｶ
0513,ﾌｸｼﾏ,150,ﾎﾊﾞﾗ
0513,ﾌｸｼﾏ,152,ｺｵﾘ
0513,ﾌｸｼﾏ,154,ｶﾜﾏﾀ
0513,ﾌｸｼﾏ,160,ﾆﾎﾝﾏﾂ
0513,ﾌｸｼﾏ,210,ﾓﾄﾐﾔ
0513,ﾌｸｼﾏ,220,ｺｵﾘﾔﾏ
0513,ﾌｸｼﾏ,223,ﾊｶﾞ
0513,ﾌｸｼﾏ,224,ｶｲｾｲ
0513,ﾌｸｼﾏ,228,ｵｵﾂｷ
0513,ﾌｸｼﾏ,232,ﾌｸﾔﾏ
0513,ﾌｸｼﾏ,234,ｻｲｺﾝ
0513,ﾌｸｼﾏ,236,ｱｻｶ
0513,ﾌｸｼﾏ,237,ｱﾗｲ
0513,ﾌｸｼﾏ,238,ﾄﾐﾀ
0513,ﾌｸｼﾏ,250,ｽｶｶﾞﾜ
0513,ﾌｸｼﾏ,255,ﾔﾌﾞｷ
0513,ﾌｸｼﾏ,260,ｼﾗｶﾜ
0513,ﾌｸｼﾏ,310,ﾌﾈﾋｷ
0513,ﾌｸｼﾏ,320,ｲｼｶﾜ
0513,ﾌｸｼﾏ,330,ﾀﾅｸﾞﾗ
0513,ﾌｸｼﾏ,340,ﾔﾏﾂﾘ
0513,ﾌｸｼﾏ,410,ｱｲﾂﾞ
0513,ﾌｸｼﾏ,416,ﾓﾝﾃﾞﾝ
0513,ﾌｸｼﾏ,430,ｲﾅﾜｼﾛ
0513,ﾌｸｼﾏ,450,ｷﾀｶﾀ
0513,ﾌｸｼﾏ,510,ｿｳﾏ
0513,ﾌｸｼﾏ,520,ﾊﾗﾏﾁ
0513,ﾌｸｼﾏ,530,ﾅﾐｴ
0513,ﾌｸｼﾏ,540,ﾄﾐｵｶ
0513,ﾌｸｼﾏ,610,ﾖﾂｸﾗ
0513,ﾌｸｼﾏ,620,ﾀｲﾗ
0513,ﾌｸｼﾏ,624,ﾀｲﾗﾋｶﾞｼ
0513,ﾌｸｼﾏ,630,ｳﾁｺﾞｳ
0513,ﾌｸｼﾏ,640,ﾕﾓﾄ
0513,ﾌｸｼﾏ,650,ｵﾅﾊﾏ
0513,ﾌｸｼﾏ,660,ｳｴﾀﾞ
0513,ﾌｸｼﾏ,710,ｾﾝﾀﾞｲ
0513,ﾌｸｼﾏ,720,ｸﾛｲｿ
0513,ﾌｸｼﾏ,730,ﾐﾄ
0513,ﾌｸｼﾏ,735,ｵｵﾐﾔ
0513,ﾌｸｼﾏ,800,ｲﾂﾃﾞﾓﾄﾞｺﾃﾞﾓ
0514,ﾀﾞｲﾄｳ,021,ｱｻﾋ
0514,ﾀﾞｲﾄｳ,022,ﾌｸﾔﾏ
0514,ﾀﾞｲﾄｳ,023,ｱｻｶ
0514,ﾀﾞｲﾄｳ,024,ｶﾅﾔ
0514,ﾀﾞｲﾄｳ,025,ﾂﾙﾐﾀﾞﾝ
0514,ﾀﾞｲﾄｳ,027,ｵｵﾂｷ
0514,ﾀﾞｲﾄｳ,028,ﾄﾐﾀ
0514,ﾀﾞｲﾄｳ,030,ﾎﾝﾃﾝ
0514,ﾀﾞｲﾄｳ,033,ｼﾊﾞﾐﾔ
0514,ﾀﾞｲﾄｳ,034,ﾌﾈﾋｷ
0514,ﾀﾞｲﾄｳ,035,ｵﾉ
0514,ﾀﾞｲﾄｳ,036,ｺｵﾘﾔﾏｶｲｾｲ
0514,ﾀﾞｲﾄｳ,038,ﾎｳﾊﾂﾁﾖｳ
0514,ﾀﾞｲﾄｳ,039,ﾌｶｻﾞﾜ
0514,ﾀﾞｲﾄｳ,040,ﾌｸｼﾏ
0514,ﾀﾞｲﾄｳ,044,ｶﾜﾏﾀ
0514,ﾀﾞｲﾄｳ,045,ﾆﾎﾝﾏﾂ
0514,ﾀﾞｲﾄｳ,046,ﾓﾄﾐﾔ
0514,ﾀﾞｲﾄｳ,047,ﾌｸｼﾏﾆｼ
0514,ﾀﾞｲﾄｳ,050,ｽｶｶﾞﾜ
0514,ﾀﾞｲﾄｳ,051,ｼﾗｶﾜ
0514,ﾀﾞｲﾄｳ,052,ｲｼｶﾜ
0514,ﾀﾞｲﾄｳ,053,ﾌﾙﾄﾞﾉ
0514,ﾀﾞｲﾄｳ,054,ﾀﾅｸﾞﾗ
0514,ﾀﾞｲﾄｳ,055,ｳﾂﾉﾐﾔ
0514,ﾀﾞｲﾄｳ,060,ｱｲﾂﾞ
0514,ﾀﾞｲﾄｳ,062,ｲﾅﾜｼﾛ
0514,ﾀﾞｲﾄｳ,063,ｷﾀｶﾀ
0514,ﾀﾞｲﾄｳ,064,ﾊﾞﾝｹﾞ
0514,ﾀﾞｲﾄｳ,066,ﾀｼﾞﾏ
0514,ﾀﾞｲﾄｳ,067,ﾓﾝﾃﾞﾝ
0514,ﾀﾞｲﾄｳ,069,ｾﾝｺﾞｸ
0514,ﾀﾞｲﾄｳ,070,ﾀｲﾗ
0514,ﾀﾞｲﾄｳ,072,ﾕﾓﾄ
0514,ﾀﾞｲﾄｳ,073,ｳｴﾀﾞ
0514,ﾀﾞｲﾄｳ,074,ｵﾅﾊﾏ
0514,ﾀﾞｲﾄｳ,075,ｶﾍﾞﾔ
0514,ﾀﾞｲﾄｳ,076,ｲﾜｷﾋｶﾞｼ
0514,ﾀﾞｲﾄｳ,080,ﾄﾐｵｶ
0514,ﾀﾞｲﾄｳ,081,ﾅﾐｴ
0514,ﾀﾞｲﾄｳ,083,ﾊﾗﾏﾁ
0514,ﾀﾞｲﾄｳ,084,ｶｼﾏ
0514,ﾀﾞｲﾄｳ,085,ｿｳﾏ
0514,ﾀﾞｲﾄｳ,088,ﾄｳｷﾖｳ
0514,ﾀﾞｲﾄｳ,089,ｻｲﾀﾏ
0514,ﾀﾞｲﾄｳ,090,ﾜｶﾊﾞ
0514,ﾀﾞｲﾄｳ,091,ｾﾉｳｴ
0514,ﾀﾞｲﾄｳ,092,ﾔﾉﾒ
0514,ﾀﾞｲﾄｳ,093,ｻｻﾔ
0514,ﾀﾞｲﾄｳ,094,ﾌｸｼﾏﾐﾅﾐ
0514,ﾀﾞｲﾄｳ,095,ｻﾞｲﾓｸﾁﾖｳ
0514,ﾀﾞｲﾄｳ,096,ﾎﾊﾞﾗ
0514,ﾀﾞｲﾄｳ,097,ｺｽﾓｽﾄﾞｵﾘ
0514,ﾀﾞｲﾄｳ,098,ｸﾙﾒ
0514,ﾀﾞｲﾄｳ,104,ｳﾈﾒ
0514,ﾀﾞｲﾄｳ,111,ﾔﾂﾔﾏﾀﾞ
0514,ﾀﾞｲﾄｳ,151,ﾊ-ﾓﾆ-
0516,ﾄｳﾜ,011,ﾎﾝﾃﾝ
0516,ﾄｳﾜ,012,ﾏｴﾊﾞｼｷﾀ
0516,ﾄｳﾜ,013,ﾀｶｻｷ
0516,ﾄｳﾜ,014,ﾌｼﾞｵｶ
0516,ﾄｳﾜ,015,ｲｾｻｷ
0516,ﾄｳﾜ,016,ｷﾘﾕｳ
0516,ﾄｳﾜ,017,ｵｵﾀ
0516,ﾄｳﾜ,018,ｵｵｲｽﾞﾐ
0516,ﾄｳﾜ,019,ｼﾌﾞｶﾜ
0516,ﾄｳﾜ,020,ﾇﾏﾀ
0516,ﾄｳﾜ,021,ﾐﾅｶﾐ
0516,ﾄｳﾜ,022,ﾅｶﾉｼﾞﾖｳ
0516,ﾄｳﾜ,023,ｲｾｻｷﾋｶﾞｼ
0516,ﾄｳﾜ,024,ｸｻﾂ
0516,ﾄｳﾜ,025,ﾄﾐｵｶ
0516,ﾄｳﾜ,026,ｱﾝﾅｶ
0516,ﾄｳﾜ,027,ｷﾘﾕｳﾆｼ
0516,ﾄｳﾜ,028,ﾀﾃﾊﾞﾔｼ
0516,ﾄｳﾜ,029,ﾀｶｻｷﾐﾅﾐ
0516,ﾄｳﾜ,030,ﾀｶｻｷﾋｶﾞｼ
0516,ﾄｳﾜ,031,ﾏｴﾊﾞｼﾆｼ
0516,ﾄｳﾜ,032,ﾏｴﾊﾞｼﾋｶﾞｼ
0516,ﾄｳﾜ,033,ﾀｶｻｷｷﾀ
0516,ﾄｳﾜ,034,ﾏｴﾊﾞｼﾐﾅﾐ
0516,ﾄｳﾜ,035,ﾁﾖﾀﾞ
0516,ﾄｳﾜ,036,ｱｼｶｶﾞ
0516,ﾄｳﾜ,038,ｱｼｶｶﾞﾐﾅﾐ
0516,ﾄｳﾜ,041,ｸﾏｶﾞﾔ
0516,ﾄｳﾜ,042,ﾌｶﾔ
0516,ﾄｳﾜ,043,ﾎﾝｼﾞﾖｳ
0516,ﾄｳﾜ,044,ｶｺﾞﾊﾗ
0516,ﾄｳﾜ,045,ﾋｶﾞｼﾏﾂﾔﾏ
0516,ﾄｳﾜ,046,ｵｶﾞﾜ
0516,ﾄｳﾜ,047,ﾁﾁﾌﾞ
0516,ﾄｳﾜ,048,ﾊﾝﾉｳ
0516,ﾄｳﾜ,049,ﾄｺﾛｻﾞﾜ
0516,ﾄｳﾜ,050,ｶﾜｺﾞｴ
0516,ﾄｳﾜ,051,ｵｵﾐﾔ
0516,ﾄｳﾜ,052,ｱｹﾞｵ
0516,ﾄｳﾜ,053,ｿｳｶ
0516,ﾄｳﾜ,054,ﾊﾆﾕｳ
0516,ﾄｳﾜ,055,ﾂﾙｾ
0516,ﾄｳﾜ,056,ｳﾗﾜ
0516,ﾄｳﾜ,057,ﾜﾗﾋﾞ
0516,ﾄｳﾜ,058,ｵｹｶﾞﾜ
0516,ﾄｳﾜ,059,ｱｻｶ
0516,ﾄｳﾜ,060,ｻﾔﾏｶﾞｵｶ
0516,ﾄｳﾜ,061,ﾅｶﾞｾ
0516,ﾄｳﾜ,062,ｸｷｱｵﾊﾞ
0516,ﾄｳﾜ,063,ｶｽﾐｶﾞｾｷ
0516,ﾄｳﾜ,064,ｲﾜﾂｷ
0516,ﾄｳﾜ,065,ｼﾝｴｲﾁﾖｳ
0516,ﾄｳﾜ,066,ｵｵﾐﾔｷﾀ
0516,ﾄｳﾜ,067,ﾌｷｱｹﾞ
0516,ﾄｳﾜ,068,ｵｵｲﾏﾁ
0516,ﾄｳﾜ,069,ｷﾀﾓﾄ
0516,ﾄｳﾜ,070,ｷﾞﾖｳﾀﾞ
0516,ﾄｳﾜ,071,ﾄｳｷﾖｳ
0516,ﾄｳﾜ,074,ｱｷｼﾏ
0516,ﾄｳﾜ,076,ﾌｶｶﾞﾜ
0516,ﾄｳﾜ,077,ｶｻｲ
0516,ﾄｳﾜ,078,ﾐﾅﾐｽﾅ
0516,ﾄｳﾜ,082,ﾋｶﾞｼｸﾙﾒﾆｼ
0516,ﾄｳﾜ,086,ﾋｶﾞｼｵｵｲｽﾞﾐ
0516,ﾄｳﾜ,201,ｻｶｲ
0516,ﾄｳﾜ,202,ｸﾞﾝﾏﾏﾁ
0516,ﾄｳﾜ,203,ｼﾝﾏｴﾊﾞｼ
0516,ﾄｳﾜ,204,ﾆﾗｶﾞﾜ
0516,ﾄｳﾜ,205,ﾛｸｺﾞｳ
0516,ﾄｳﾜ,206,ﾀﾏﾑﾗ
0516,ﾄｳﾜ,207,ｵｵﾗﾏﾁ
0516,ﾄｳﾜ,208,ﾀｶﾊﾔｼ
0516,ﾄｳﾜ,209,ｲｾｻｷﾆｼ
0516,ﾄｳﾜ,211,ﾀﾃﾊﾞﾔｼｴｷﾏｴ
0516,ﾄｳﾜ,212,ｵｵｺﾞ
0516,ﾄｳﾜ,301,ｻｶﾄﾞ
0516,ﾄｳﾜ,302,ｵｹｶﾞﾜﾆｼ
0516,ﾄｳﾜ,303,ﾒﾇﾏ
0516,ﾄｳﾜ,304,ｺｳﾉｽ
0516,ﾄｳﾜ,305,ｺﾀﾞﾏ
0516,ﾄｳﾜ,306,ｱｹﾞｵﾆｼ
0516,ﾄｳﾜ,307,ﾌｶﾔﾐﾅﾐ
0516,ﾄｳﾜ,308,ﾊｽﾀﾞ
0516,ﾄｳﾜ,310,ﾋｶﾞｼﾀﾞｲﾗ
0516,ﾄｳﾜ,402,ﾋｶﾞｼｸﾙﾒﾁﾕｳｵｳ
0516,ﾄｳﾜ,501,ｻﾉ
0516,ﾄｳﾜ,907,ｷﾞﾝｺｳATM
0516,ﾄｳﾜ,926,ｲﾝﾀ-ﾈﾂﾄ
0516,ﾄｳﾜ,927,ﾔﾏﾀﾞﾃﾞﾝｷ
0516,ﾄｳﾜ,928,ﾌﾘｺﾐ
0517,ﾄﾁｷﾞ,001,ﾎﾝﾃﾝ
0517,ﾄﾁｷﾞ,002,ｳﾂﾉﾐﾔｴｷﾏｴ
0517,ﾄﾁｷﾞ,003,ﾖｳﾅﾝ
0517,ﾄﾁｷﾞ,004,ｳﾂﾉﾐﾔﾆｼ
0517,ﾄﾁｷﾞ,005,ﾊﾞﾊﾞﾁﾖｳ
0517,ﾄﾁｷﾞ,006,ｱｼｶｶﾞ
0517,ﾄﾁｷﾞ,007,ﾄﾁｷﾞ
0517,ﾄﾁｷﾞ,008,ｶﾇﾏ
0517,ﾄﾁｷﾞ,009,ｵｵﾀﾜﾗ
0517,ﾄﾁｷﾞ,010,ﾓｵｶ
0517,ﾄﾁｷﾞ,011,ｲｼﾊﾞｼ
0517,ﾄﾁｷﾞ,012,ｸﾛｲｿ
0517,ﾄﾁｷﾞ,014,ｳｼﾞｲｴ
0517,ﾄﾁｷﾞ,015,ｲﾏｲﾁ
0517,ﾄﾁｷﾞ,016,ﾔｲﾀ
0517,ﾄﾁｷﾞ,017,ﾓﾃｷﾞ
0517,ﾄﾁｷﾞ,018,ﾆｼﾅｽﾉ
0517,ﾄﾁｷﾞ,019,ｵﾔﾏ
0517,ﾄﾁｷﾞ,020,ｶﾗｽﾔﾏ
0517,ﾄﾁｷﾞ,021,ｻﾉ
0517,ﾄﾁｷﾞ,022,ﾆﾂｺｳ
0517,ﾄﾁｷﾞ,023,ｷﾇｶﾞﾜ
0517,ﾄﾁｷﾞ,024,ｵｵﾐﾔ
0517,ﾄﾁｷﾞ,025,ﾏｴﾊﾞｼ
0517,ﾄﾁｷﾞ,026,ｺｼｶﾞﾔ
0517,ﾄﾁｷﾞ,027,ﾄｳｷﾖｳ
0517,ﾄﾁｷﾞ,028,ｳﾂﾉﾐﾔﾋｶﾞｼ
0517,ﾄﾁｷﾞ,029,ｶﾐﾉｶﾜ
0517,ﾄﾁｷﾞ,030,ｵｵﾀ
0517,ﾄﾁｷﾞ,031,ｵｵﾌﾞｸﾛ
0517,ﾄﾁｷﾞ,032,ｺｶﾞ
0517,ﾄﾁｷﾞ,033,ﾄﾏﾂﾘ
0517,ﾄﾁｷﾞ,034,ｻﾂﾃ
0517,ﾄﾁｷﾞ,035,ｽｽﾞﾒﾉﾐﾔ
0517,ﾄﾁｷﾞ,036,ｳﾂﾉﾐﾔｷﾀ
0517,ﾄﾁｷﾞ,037,ｶﾞﾓｳ
0517,ﾄﾁｷﾞ,038,ｵﾓﾁﾔﾉﾏﾁ
0517,ﾄﾁｷﾞ,039,ﾏﾏﾀﾞ
0517,ﾄﾁｷﾞ,040,ｲｼｲﾏﾁ
0517,ﾄﾁｷﾞ,041,ﾀｹｻﾄ
0517,ﾄﾁｷﾞ,042,ﾃｸﾉﾎﾟﾘｽ
0517,ﾄﾁｷﾞ,043,ｻﾉﾋｶﾞｼ
0517,ﾄﾁｷﾞ,044,ｵｵﾀﾜﾗﾆｼ
0517,ﾄﾁｷﾞ,045,ｱｼｶｶﾞﾐﾅﾐ
0517,ﾄﾁｷﾞ,046,ｻﾝﾉｻﾜ
0517,ﾄﾁｷﾞ,047,ｵﾔﾏﾋｶﾞｼ
0517,ﾄﾁｷﾞ,048,ｸﾛｲｿﾆｼ
0517,ﾄﾁｷﾞ,049,ｺｶﾞﾈｲ
0517,ﾄﾁｷﾞ,050,ﾉｷﾞ
0517,ﾄﾁｷﾞ,051,ﾋﾖｳｺﾞﾂﾞｶ
0517,ﾄﾁｷﾞ,052,ｺｼｶﾞﾔﾆｼ
0517,ﾄﾁｷﾞ,053,ﾋｶﾞｼｺｼｶﾞﾔ
0517,ﾄﾁｷﾞ,054,ﾎｳｼﾔｸｼﾞ
0517,ﾄﾁｷﾞ,055,ﾄﾁｷﾞﾆｼ
0517,ﾄﾁｷﾞ,056,ﾜｶｸｻ
0517,ﾄﾁｷﾞ,057,ﾔｼﾞﾕｳﾛｳ
0517,ﾄﾁｷﾞ,058,ｲｽﾞﾐｶﾞｵｶ
0517,ﾄﾁｷﾞ,059,ﾋﾗﾏﾂ
0517,ﾄﾁｷﾞ,060,ｶﾇﾏﾋｶﾞｼ
0517,ﾄﾁｷﾞ,061,ﾖｼｶﾜ
0517,ﾄﾁｷﾞ,062,ｾﾝｹﾞﾝﾀﾞｲ
0517,ﾄﾁｷﾞ,063,ﾖｳﾄｳｻｸﾗｶﾞｵｶ
0517,ﾄﾁｷﾞ,064,ﾔﾅｾﾞ
0517,ﾄﾁｷﾞ,065,ｸｷ
0517,ﾄﾁｷﾞ,066,ﾋｶﾞｼｵｵﾐﾔ
0517,ﾄﾁｷﾞ,067,ﾐﾕｷｶﾞﾊﾗ
0517,ﾄﾁｷﾞ,068,ﾓｵｶﾆｼ
0517,ﾄﾁｷﾞ,069,ｵｵﾋﾗ
0517,ﾄﾁｷﾞ,070,ｵｵﾀﾆｼ
0517,ﾄﾁｷﾞ,071,ｶﾞﾓｳﾆｼ
0517,ﾄﾁｷﾞ,072,ｶﾜﾁ
0517,ﾄﾁｷﾞ,073,ｵｵｻﾜ
0517,ﾄﾁｷﾞ,074,ﾐﾌﾞ
0517,ﾄﾁｷﾞ,075,ﾂﾙﾀ
0517,ﾄﾁｷﾞ,076,ﾏﾂﾌﾞｼ
0517,ﾄﾁｷﾞ,077,ﾏｼｺ
0517,ﾄﾁｷﾞ,078,ﾄﾁｷﾞｷﾀ
0517,ﾄﾁｷﾞ,079,ｵｵｿﾞ
0517,ﾄﾁｷﾞ,080,ﾐｻﾄﾁﾕｳｵｳ
0517,ﾄﾁｷﾞ,081,ﾐｼﾏ
0517,ﾄﾁｷﾞ,700,ｲﾁｺﾞ
0517,ﾄﾁｷﾞ,886,ﾛ-ｿﾝ
0522,ｹｲﾖｳ,080,ﾎﾝﾃﾝ
0522,ｹｲﾖｳ,091,ﾄｳｷﾖｳ
0522,ｹｲﾖｳ,092,ﾆﾎﾝﾊﾞｼ
0522,ｹｲﾖｳ,093,ｼﾅｶﾞﾜ
0522,ｹｲﾖｳ,099,ｲﾝﾀ-ﾈﾂﾄ
0522,ｹｲﾖｳ,111,ﾌﾅﾊﾞｼ
0522,ｹｲﾖｳ,112,ﾏｺﾞﾒｻﾞﾜ
0522,ｹｲﾖｳ,114,ﾅｶﾔﾏ
0522,ｹｲﾖｳ,121,ﾌﾅﾊﾞｼｴｷﾏｴ
0522,ｹｲﾖｳ,123,ﾌﾀﾜﾑｺｳﾀﾞｲ
0522,ｹｲﾖｳ,125,ｼﾝﾌﾅﾊﾞｼ
0522,ｹｲﾖｳ,131,ｷﾀﾅﾗｼﾉ
0522,ｹｲﾖｳ,132,ﾔﾁﾖﾐﾄﾞﾘｶﾞｵｶ
0522,ｹｲﾖｳ,133,ﾂﾀﾞﾇﾏ
0522,ｹｲﾖｳ,135,ﾀｶﾈ
0522,ｹｲﾖｳ,137,ｼﾝﾅﾗｼﾉ
0522,ｹｲﾖｳ,138,ﾌｼﾞｻｷ
0522,ｹｲﾖｳ,139,ｵｵｸﾎﾞ
0522,ｹｲﾖｳ,141,ﾐﾓﾐ
0522,ｹｲﾖｳ,143,ｼﾂﾞ
0522,ｹｲﾖｳ,144,ﾕ-ｶﾘｶﾞｵｶ
0522,ｹｲﾖｳ,145,ｳｽｲ
0522,ｹｲﾖｳ,146,ｻｸﾗ
0522,ｹｲﾖｳ,147,ｻｸﾗｻﾝﾉｳ
0522,ｹｲﾖｳ,151,ﾓﾄﾔﾜﾀ
0522,ｹｲﾖｳ,153,ｷﾀｶﾀ
0522,ｹｲﾖｳ,161,ｳﾗﾔｽ
0522,ｹｲﾖｳ,162,ｼﾝｳﾗﾔｽ
0522,ｹｲﾖｳ,163,ｳﾗﾔｽﾄﾐｵｶ
0522,ｹｲﾖｳ,165,ｷﾞﾖｳﾄｸ
0522,ｹｲﾖｳ,166,ﾊﾞﾗｷﾅｶﾔﾏ
0522,ｹｲﾖｳ,171,ｲﾁｶﾜ
0522,ｹｲﾖｳ,181,ﾔﾁﾖﾁﾕｳｵｳ
0522,ｹｲﾖｳ,191,ｶﾏｶﾞﾔ
0522,ｹｲﾖｳ,193,ｼﾝｶﾏｶﾞﾔ
0522,ｹｲﾖｳ,211,ﾏﾂﾄﾞ
0522,ｹｲﾖｳ,212,ﾔｷﾞﾘ
0522,ｹｲﾖｳ,213,ﾏﾂﾄﾞｼﾝﾃﾞﾝ
0522,ｹｲﾖｳ,214,ｷﾀｺｶﾞﾈ
0522,ｹｲﾖｳ,221,ﾄｷﾜﾀﾞｲﾗ
0522,ｹｲﾖｳ,225,ｺﾞｺｳ
0522,ｹｲﾖｳ,231,ｶｼﾜ
0522,ｹｲﾖｳ,232,ｷﾀｶｼﾜ
0522,ｹｲﾖｳ,233,ﾂｸｼｶﾞｵｶ
0522,ｹｲﾖｳ,234,ﾄﾖｼｷ
0522,ｹｲﾖｳ,236,ｶｼﾜﾉﾊｷﾔﾝﾊﾟｽ
0522,ｹｲﾖｳ,241,ﾐﾅﾐｶｼﾜ
0522,ｹｲﾖｳ,243,ｼﾖｳﾅﾝ
0522,ｹｲﾖｳ,251,ﾉﾀﾞ
0522,ｹｲﾖｳ,252,ｶﾜﾏ
0522,ｹｲﾖｳ,253,ｳﾒｻﾄ
0522,ｹｲﾖｳ,261,ｴﾄﾞｶﾞﾜﾀﾞｲ
0522,ｹｲﾖｳ,262,ﾊﾂｲｼ
0522,ｹｲﾖｳ,263,ﾅｶﾞﾚﾔﾏ
0522,ｹｲﾖｳ,265,ﾅｶﾞﾚﾔﾏｵｵﾀｶﾉﾓﾘ
0522,ｹｲﾖｳ,271,ｺﾎｸﾀﾞｲ
0522,ｹｲﾖｳ,272,ﾃﾝﾉｳﾀﾞｲ
0522,ｹｲﾖｳ,273,ｱﾗｷ
0522,ｹｲﾖｳ,274,ﾌｻ
0522,ｹｲﾖｳ,275,ｱﾋﾞｺ
0522,ｹｲﾖｳ,281,ｲﾝｻﾞｲ
0522,ｹｲﾖｳ,282,ﾁﾊﾞﾆﾕ-ﾀｳﾝ
0522,ｹｲﾖｳ,283,ｼﾛｲ
0522,ｹｲﾖｳ,285,ｲﾝｻﾞｲﾏｷﾉﾊﾗ
0522,ｹｲﾖｳ,311,ﾅﾘﾀ
0522,ｹｲﾖｳ,313,ﾅﾘﾀﾆｼ
0522,ｹｲﾖｳ,314,ﾄﾐｻﾄ
0522,ｹｲﾖｳ,315,ｼｽｲ
0522,ｹｲﾖｳ,318,ｻｶｴ
0522,ｹｲﾖｳ,321,ｻﾜﾗ
0522,ｹｲﾖｳ,331,ｵﾐｶﾞﾜ
0522,ｹｲﾖｳ,341,ﾁﾖｳｼ
0522,ｹｲﾖｳ,351,ｱｻﾋ
0522,ｹｲﾖｳ,361,ﾖｳｶｲﾁﾊﾞ
0522,ｹｲﾖｳ,362,ﾀｺ
0522,ｹｲﾖｳ,371,ﾖｺｼﾊﾞ
0522,ｹｲﾖｳ,381,ﾔﾁﾏﾀ
0522,ｹｲﾖｳ,411,ﾎﾝﾁﾖｳ
0522,ｹｲﾖｳ,412,ﾁｼﾛﾀﾞｲ
0522,ｹｲﾖｳ,413,ﾐﾄﾞﾘﾀﾞｲ
0522,ｹｲﾖｳ,415,ﾏｸﾊﾘﾎﾝｺﾞｳ
0522,ｹｲﾖｳ,417,ｼﾝｹﾐｶﾞﾜ
0522,ｹｲﾖｳ,418,ｶﾏﾄﾘ
0522,ｹｲﾖｳ,419,ｶｲﾋﾝﾏｸﾊﾘ
0522,ｹｲﾖｳ,421,ﾏﾂｶﾞｵｶ
0522,ｹｲﾖｳ,422,ﾎﾝﾀﾞ
0522,ｹｲﾖｳ,423,ﾄｹ
0522,ｹｲﾖｳ,431,ｿｶﾞ
0522,ｹｲﾖｳ,433,ｻﾂｷｶﾞｵｶ
0522,ｹｲﾖｳ,435,ｺﾃﾊｼﾀﾞｲ
0522,ｹｲﾖｳ,441,ｲﾅｹﾞ
0522,ｹｲﾖｳ,443,ﾆｼﾁﾊﾞ
0522,ｹｲﾖｳ,445,ｲﾅｹﾞｶｲｶﾞﾝ
0522,ｹｲﾖｳ,447,ﾏｸﾊﾘ
0522,ｹｲﾖｳ,449,ﾐﾔﾉｷﾞ
0522,ｹｲﾖｳ,451,ﾖﾂｶｲﾄﾞｳ
0522,ｹｲﾖｳ,452,ﾖﾂｶｲﾄﾞｳﾐﾅﾐ
0522,ｹｲﾖｳ,453,ﾂｶﾞ
0522,ｹｲﾖｳ,455,ﾁﾖﾀﾞ
0522,ｹｲﾖｳ,461,ｺﾞｲ
0522,ｹｲﾖｳ,462,ｺｸﾌﾞﾝｼﾞﾀﾞｲ
0522,ｹｲﾖｳ,463,ﾁﾊﾗﾀﾞｲ
0522,ｹｲﾖｳ,464,ﾔﾜﾀ
0522,ｹｲﾖｳ,471,ｱﾈｻｷ
0522,ｹｲﾖｳ,473,ﾕｳｼﾕｳﾀﾞｲ
0522,ｹｲﾖｳ,481,ﾄｳｶﾞﾈ
0522,ｹｲﾖｳ,483,ｵｵｱﾐ
0522,ｹｲﾖｳ,501,ﾅｶﾞｳﾗ
0522,ｹｲﾖｳ,505,ﾌﾂﾂ
0522,ｹｲﾖｳ,511,ｷｻﾗﾂﾞ
0522,ｹｲﾖｳ,515,ｷﾐﾂ
0522,ｹｲﾖｳ,516,ｷﾐﾂﾋｶﾞｼ
0522,ｹｲﾖｳ,521,ﾎﾀ
0522,ｹｲﾖｳ,531,ﾀﾃﾔﾏ
0522,ｹｲﾖｳ,541,ﾁｸﾗ
0522,ｹｲﾖｳ,551,ｶﾓｶﾞﾜ
0522,ｹｲﾖｳ,561,ｶﾂｳﾗ
0522,ｹｲﾖｳ,571,ﾓﾊﾞﾗ
0522,ｹｲﾖｳ,572,ﾓﾊﾞﾗﾐﾄﾞﾘｶﾞｵｶ
0522,ｹｲﾖｳ,581,ｵｵﾊﾗ
0525,ﾋｶﾞｼﾆﾂﾎﾟﾝ,101,ﾎﾝﾃﾝ
0525,ﾋｶﾞｼﾆﾂﾎﾟﾝ,102,ｶﾝﾀﾞ
0525,ﾋｶﾞｼﾆﾂﾎﾟﾝ,103,ｾﾝｼﾞﾕ
0525,ﾋｶﾞｼﾆﾂﾎﾟﾝ,104,ｲｹﾌﾞｸﾛ
0525,ﾋｶﾞｼﾆﾂﾎﾟﾝ,106,ｳｴﾉ
0525,ﾋｶﾞｼﾆﾂﾎﾟﾝ,107,ｼﾝｼﾞﾕｸ
0525,ﾋｶﾞｼﾆﾂﾎﾟﾝ,109,ｼﾌﾞﾔ
0525,ﾋｶﾞｼﾆﾂﾎﾟﾝ,110,ﾋｶﾞｼｼﾞﾕｳｼﾞﾖｳ
0525,ﾋｶﾞｼﾆﾂﾎﾟﾝ,111,ｲｲﾀﾞﾊﾞｼ
0525,ﾋｶﾞｼﾆﾂﾎﾟﾝ,112,ｶﾏﾀ
0525,ﾋｶﾞｼﾆﾂﾎﾟﾝ,113,ﾋﾗｲ
0525,ﾋｶﾞｼﾆﾂﾎﾟﾝ,114,ﾌｶｶﾞﾜ
0525,ﾋｶﾞｼﾆﾂﾎﾟﾝ,115,ｵｸﾞ
0525,ﾋｶﾞｼﾆﾂﾎﾟﾝ,116,ｴﾊﾞﾗ
0525,ﾋｶﾞｼﾆﾂﾎﾟﾝ,117,ﾅｶｲﾀﾊﾞｼ
0525,ﾋｶﾞｼﾆﾂﾎﾟﾝ,118,ｼﾝｺｲﾜ
0525,ﾋｶﾞｼﾆﾂﾎﾟﾝ,119,ﾊﾁﾏﾝﾔﾏ
0525,ﾋｶﾞｼﾆﾂﾎﾟﾝ,120,ｱﾂﾞﾏﾊﾞｼ
0525,ﾋｶﾞｼﾆﾂﾎﾟﾝ,121,ﾌﾁﾕｳ
0525,ﾋｶﾞｼﾆﾂﾎﾟﾝ,122,ﾊﾏﾏﾂﾁﾖｳ
0525,ﾋｶﾞｼﾆﾂﾎﾟﾝ,123,ﾔｸﾞﾁ
0525,ﾋｶﾞｼﾆﾂﾎﾟﾝ,125,ﾊｲｼﾞﾏ
0525,ﾋｶﾞｼﾆﾂﾎﾟﾝ,126,ﾀﾁﾊﾞﾅ
0525,ﾋｶﾞｼﾆﾂﾎﾟﾝ,127,ﾏﾁﾀﾞｻｶｲｶﾞﾜ
0525,ﾋｶﾞｼﾆﾂﾎﾟﾝ,128,ｼﾝｺｶﾞﾈｲ
0525,ﾋｶﾞｼﾆﾂﾎﾟﾝ,129,ｷﾀﾉ
0525,ﾋｶﾞｼﾆﾂﾎﾟﾝ,130,ﾊﾂﾀﾞｲ
0525,ﾋｶﾞｼﾆﾂﾎﾟﾝ,131,ﾋｶﾞｼｷﾀｻﾞﾜ
0525,ﾋｶﾞｼﾆﾂﾎﾟﾝ,132,ｵｵｻｷ
0525,ﾋｶﾞｼﾆﾂﾎﾟﾝ,133,ﾄﾈﾘ
0525,ﾋｶﾞｼﾆﾂﾎﾟﾝ,134,ﾂｷｼﾏ
0525,ﾋｶﾞｼﾆﾂﾎﾟﾝ,135,ｴﾄﾞｶﾞﾜ
0525,ﾋｶﾞｼﾆﾂﾎﾟﾝ,136,ﾆｼｱﾗｲ
0525,ﾋｶﾞｼﾆﾂﾎﾟﾝ,137,ﾄｺﾞｼ
0525,ﾋｶﾞｼﾆﾂﾎﾟﾝ,138,ｲﾀﾊﾞｼｴｷﾏｴ
0525,ﾋｶﾞｼﾆﾂﾎﾟﾝ,139,ﾊﾁｵｳｼﾞ
0525,ﾋｶﾞｼﾆﾂﾎﾟﾝ,140,ﾀﾁｱｲｶﾞﾜ
0525,ﾋｶﾞｼﾆﾂﾎﾟﾝ,141,ｳﾒﾔｼｷ
0525,ﾋｶﾞｼﾆﾂﾎﾟﾝ,142,ﾐｽﾞｴ
0525,ﾋｶﾞｼﾆﾂﾎﾟﾝ,143,ｺﾏｺﾞﾒ
0525,ﾋｶﾞｼﾆﾂﾎﾟﾝ,146,ﾀﾞｲﾀﾊﾞｼ
0525,ﾋｶﾞｼﾆﾂﾎﾟﾝ,147,ｺﾏﾂｶﾞﾜ
0525,ﾋｶﾞｼﾆﾂﾎﾟﾝ,148,ﾏﾁﾔ
0525,ﾋｶﾞｼﾆﾂﾎﾟﾝ,149,ﾀﾁｶﾜ
0525,ﾋｶﾞｼﾆﾂﾎﾟﾝ,150,ﾐﾀ
0525,ﾋｶﾞｼﾆﾂﾎﾟﾝ,151,ﾋｶﾞｼﾆﾎﾝﾊﾞｼ
0525,ﾋｶﾞｼﾆﾂﾎﾟﾝ,152,ｱｵﾔﾏ
0525,ﾋｶﾞｼﾆﾂﾎﾟﾝ,153,ｱｶｻｶ
0525,ﾋｶﾞｼﾆﾂﾎﾟﾝ,154,ﾀｶﾀﾞﾉﾊﾞﾊﾞ
0525,ﾋｶﾞｼﾆﾂﾎﾟﾝ,155,ﾅｶﾉ
0525,ﾋｶﾞｼﾆﾂﾎﾟﾝ,156,ﾊｸｻﾝ
0525,ﾋｶﾞｼﾆﾂﾎﾟﾝ,201,ﾐﾄ
0525,ﾋｶﾞｼﾆﾂﾎﾟﾝ,203,ｼﾓﾀﾞﾃ
0525,ﾋｶﾞｼﾆﾂﾎﾟﾝ,204,ｲｼｵｶ
0525,ﾋｶﾞｼﾆﾂﾎﾟﾝ,205,ﾎｺﾀ
0525,ﾋｶﾞｼﾆﾂﾎﾟﾝ,206,ﾂﾁｳﾗ
0525,ﾋｶﾞｼﾆﾂﾎﾟﾝ,207,ｵｵﾀ
0525,ﾋｶﾞｼﾆﾂﾎﾟﾝ,208,ﾋﾀﾁ
0525,ﾋｶﾞｼﾆﾂﾎﾟﾝ,209,ｺｶﾞ
0525,ﾋｶﾞｼﾆﾂﾎﾟﾝ,210,ﾐﾂｶｲﾄﾞｳ
0525,ﾋｶﾞｼﾆﾂﾎﾟﾝ,211,ｲﾀｺ
0525,ﾋｶﾞｼﾆﾂﾎﾟﾝ,212,ｵｵﾐﾔ
0525,ﾋｶﾞｼﾆﾂﾎﾟﾝ,213,ﾋﾀﾁﾅｶ
0525,ﾋｶﾞｼﾆﾂﾎﾟﾝ,214,ﾄﾘﾃﾞ
0525,ﾋｶﾞｼﾆﾂﾎﾟﾝ,301,ｳﾂﾉﾐﾔ
0525,ﾋｶﾞｼﾆﾂﾎﾟﾝ,302,ﾎｳｼﾞﾝ
0525,ﾋｶﾞｼﾆﾂﾎﾟﾝ,402,ｶｼﾜ
0525,ﾋｶﾞｼﾆﾂﾎﾟﾝ,403,ﾏﾂﾄﾞ
0525,ﾋｶﾞｼﾆﾂﾎﾟﾝ,404,ｻｶｻｲ
0525,ﾋｶﾞｼﾆﾂﾎﾟﾝ,501,ｶﾏｸﾗ
0525,ﾋｶﾞｼﾆﾂﾎﾟﾝ,502,ﾖｺﾊﾏ
0525,ﾋｶﾞｼﾆﾂﾎﾟﾝ,503,ﾅﾗｷﾀ
0525,ﾋｶﾞｼﾆﾂﾎﾟﾝ,504,ｶﾜｻｷ
0525,ﾋｶﾞｼﾆﾂﾎﾟﾝ,505,ｻｶﾞﾐﾊﾗ
0525,ﾋｶﾞｼﾆﾂﾎﾟﾝ,506,ｶﾀｸﾗ
0525,ﾋｶﾞｼﾆﾂﾎﾟﾝ,507,ﾔﾏﾃ
0525,ﾋｶﾞｼﾆﾂﾎﾟﾝ,508,ｶｾ
0525,ﾋｶﾞｼﾆﾂﾎﾟﾝ,509,ｺﾌﾞﾁ
0525,ﾋｶﾞｼﾆﾂﾎﾟﾝ,701,ｿｳｶ
0525,ﾋｶﾞｼﾆﾂﾎﾟﾝ,702,ﾖﾉ
0525,ﾋｶﾞｼﾆﾂﾎﾟﾝ,703,ﾏﾂﾊﾞﾗ
0525,ﾋｶﾞｼﾆﾂﾎﾟﾝ,704,ｵｵﾜﾀﾞ
0525,ﾋｶﾞｼﾆﾂﾎﾟﾝ,706,ﾜｺｳ
0525,ﾋｶﾞｼﾆﾂﾎﾟﾝ,707,ｵｴﾄﾞﾆﾎﾝﾊﾞｼ
0525,ﾋｶﾞｼﾆﾂﾎﾟﾝ,845,ﾃﾚﾊﾞﾝｾﾝﾀ-
0526,ﾄｳｷﾖｳｽﾀ-,019,ｴｲﾃｲｴﾑｲﾁ
0526,ﾄｳｷﾖｳｽﾀ-,100,ﾎﾝﾃﾝ
0526,ﾄｳｷﾖｳｽﾀ-,101,ｲｹﾌﾞｸﾛ
0526,ﾄｳｷﾖｳｽﾀ-,102,ｷﾞﾝｻﾞ
0526,ﾄｳｷﾖｳｽﾀ-,106,ｼﾌﾞﾔ
0526,ﾄｳｷﾖｳｽﾀ-,107,ｳｴﾉ
0526,ﾄｳｷﾖｳｽﾀ-,116,ｺｲﾜ
0526,ﾄｳｷﾖｳｽﾀ-,128,ｷﾁｼﾞﾖｳｼﾞ
0526,ﾄｳｷﾖｳｽﾀ-,129,ﾀﾁｶﾜ
0526,ﾄｳｷﾖｳｽﾀ-,131,ｺﾀﾞｲﾗ
0526,ﾄｳｷﾖｳｽﾀ-,132,ｼﾝｼﾞﾕｸ
0526,ﾄｳｷﾖｳｽﾀ-,137,ﾀｶｼﾏﾀﾞｲﾗ
0526,ﾄｳｷﾖｳｽﾀ-,169,ﾋﾋﾞﾔ
0526,ﾄｳｷﾖｳｽﾀ-,181,ｼﾞﾕｳｶﾞｵｶ
0526,ﾄｳｷﾖｳｽﾀ-,182,ﾁﾖｳﾌ
0526,ﾄｳｷﾖｳｽﾀ-,201,ﾖｺﾊﾏ
0526,ﾄｳｷﾖｳｽﾀ-,205,ﾌｼﾞｻﾜ
0526,ﾄｳｷﾖｳｽﾀ-,206,ｼﾌﾞﾔｴｷﾏｴ
0526,ﾄｳｷﾖｳｽﾀ-,210,ｺｳﾅﾝﾀﾞｲ
0526,ﾄｳｷﾖｳｽﾀ-,301,ﾁﾊﾞ
0526,ﾄｳｷﾖｳｽﾀ-,303,ﾏﾂﾄﾞ
0526,ﾄｳｷﾖｳｽﾀ-,304,ﾌﾅﾊﾞｼ
0526,ﾄｳｷﾖｳｽﾀ-,401,ｳﾗﾜ
0526,ﾄｳｷﾖｳｽﾀ-,404,ｵｵﾐﾔ
0526,ﾄｳｷﾖｳｽﾀ-,511,ｻﾂﾎﾟﾛ
0526,ﾄｳｷﾖｳｽﾀ-,521,ｾﾝﾀﾞｲ
0526,ﾄｳｷﾖｳｽﾀ-,522,ｺｳﾍﾞ
0526,ﾄｳｷﾖｳｽﾀ-,531,ﾌｸｵｶ
0526,ﾄｳｷﾖｳｽﾀ-,532,ﾋﾛｼﾏ
0526,ﾄｳｷﾖｳｽﾀ-,541,ﾅｺﾞﾔ
0526,ﾄｳｷﾖｳｽﾀ-,551,ﾅﾝﾊﾞ
0526,ﾄｳｷﾖｳｽﾀ-,555,ｳﾒﾀﾞ
0526,ﾄｳｷﾖｳｽﾀ-,561,ｸﾏﾓﾄ
0526,ﾄｳｷﾖｳｽﾀ-,601,ｵﾚﾝｼﾞ
0526,ﾄｳｷﾖｳｽﾀ-,611,ｵﾚﾝｼﾞﾎﾟ-ﾄ
0530,ｶﾅｶﾞﾜ,201,ﾎﾝﾃﾝ
0530,ｶﾅｶﾞﾜ,202,ｺｳﾌｸｼﾞ
0530,ｶﾅｶﾞﾜ,203,ﾖｺﾊﾏﾊﾞｼﾄﾞｵﾘ
0530,ｶﾅｶﾞﾜ,204,ｶﾐｵｵｵｶ
0530,ｶﾅｶﾞﾜ,205,ﾛﾂｶｸﾊﾞｼ
0530,ｶﾅｶﾞﾜ,206,ﾅｶﾀﾞ
0530,ｶﾅｶﾞﾜ,207,ﾄﾐｵｶ
0530,ｶﾅｶﾞﾜ,208,ｲﾄﾞｶﾞﾔ
0530,ｶﾅｶﾞﾜ,209,ｾﾘｶﾞﾔ
0530,ｶﾅｶﾞﾜ,211,ﾏｲﾀ
0530,ｶﾅｶﾞﾜ,212,ﾎﾝﾓｸ
0530,ｶﾅｶﾞﾜ,213,ｽｴﾖｼ
0530,ｶﾅｶﾞﾜ,214,ｾﾔ
0530,ｶﾅｶﾞﾜ,215,ｵｶﾑﾗ
0530,ｶﾅｶﾞﾜ,216,ﾈｷﾞｼ
0530,ｶﾅｶﾞﾜ,217,ﾔﾖｲﾀﾞｲ
0530,ｶﾅｶﾞﾜ,218,ﾖｺﾊﾏﾆｼｸﾞﾁ
0530,ｶﾅｶﾞﾜ,219,ﾄﾍﾞ
0530,ｶﾅｶﾞﾜ,220,ｾﾝﾀ-ｷﾀ
0530,ｶﾅｶﾞﾜ,231,ﾖｺｽｶ
0530,ｶﾅｶﾞﾜ,232,ﾅｶﾞｲ
0530,ｶﾅｶﾞﾜ,233,ﾋﾗﾂｶ
0530,ｶﾅｶﾞﾜ,234,ﾁｶﾞｻｷ
0530,ｶﾅｶﾞﾜ,235,ﾂｼﾞﾄﾞｳ
0530,ｶﾅｶﾞﾜ,236,ﾌｼﾞｻﾜ
0530,ｶﾅｶﾞﾜ,237,ﾑﾂｱｲ
0530,ｶﾅｶﾞﾜ,261,ｶﾜｻｷ
0530,ｶﾅｶﾞﾜ,262,ﾅｶﾊﾗ
0530,ｶﾅｶﾞﾜ,263,ﾜﾀﾘﾀﾞ
0530,ｶﾅｶﾞﾜ,271,ｻｶﾞﾐﾀﾞｲ
0530,ｶﾅｶﾞﾜ,272,ｼﾓｵｵﾂｷ
0530,ｶﾅｶﾞﾜ,273,ｻｸﾗｶﾞｵｶ
0530,ｶﾅｶﾞﾜ,274,ﾀｶﾑﾗ
0530,ｶﾅｶﾞﾜ,275,ｺｳｻﾞｼﾌﾞﾔ
0532,ﾀｲｺｳ,001,ﾎﾝﾃﾝ
0532,ﾀｲｺｳ,002,ﾆｲｶﾞﾀ
0532,ﾀｲｺｳ,003,ｻﾝｼﾞﾖｳ
0532,ﾀｲｺｳ,004,ｶｼﾜｻﾞｷ
0532,ﾀｲｺｳ,005,ﾀｶﾀﾞ
0532,ﾀｲｺｳ,006,ﾐﾂｹ
0532,ﾀｲｺｳ,007,ﾆｲﾂ
0532,ﾀｲｺｳ,008,ﾂﾊﾞﾒ
0532,ﾀｲｺｳ,009,ｼﾊﾞﾀ
0532,ﾀｲｺｳ,010,ｺﾞｾﾝ
0532,ﾀｲｺｳ,011,ﾏｷ
0532,ﾀｲｺｳ,012,ﾄｵｶﾏﾁ
0532,ﾀｲｺｳ,013,ｲﾄｲｶﾞﾜ
0532,ﾀｲｺｳ,014,ﾑｲｶﾏﾁ
0532,ﾀｲｺｳ,015,ｶﾓ
0532,ﾀｲｺｳ,017,ﾑﾗｶﾐ
0532,ﾀｲｺｳ,018,ﾘﾖｳﾂ
0532,ﾀｲｺｳ,019,ｶﾝﾀﾞ
0532,ﾀｲｺｳ,020,ﾇﾂﾀﾘ
0532,ﾀｲｺｳ,021,ｶﾞﾂｺｳﾁﾖｳ
0532,ﾀｲｺｳ,022,ｵﾁﾞﾔ
0532,ﾀｲｺｳ,023,ｾﾝｼﾞﾕ
0532,ﾀｲｺｳ,024,ｺｲﾃﾞ
0532,ﾀｲｺｳ,025,ﾋｶﾞｼｻﾝｼﾞﾖｳ
0532,ﾀｲｺｳ,026,ｽｲﾊﾞﾗ
0532,ﾀｲｺｳ,027,ｵｵﾉ
0532,ﾀｲｺｳ,028,ｶﾜｸﾞﾁ
0532,ﾀｲｺｳ,029,ｼﾛﾈ
0532,ﾀｲｺｳ,030,ｻﾜﾀﾞ
0532,ﾀｲｺｳ,031,ｵｵﾐﾔ
0532,ﾀｲｺｳ,033,ﾄｳｷﾖｳ
0532,ﾀｲｺｳ,035,ﾅｶﾞｵｶﾋｶﾞｼ
0532,ﾀｲｺｳ,036,ﾏｴﾊﾞｼ
0532,ﾀｲｺｳ,041,ﾖｺﾊﾏ
0532,ﾀｲｺｳ,042,ｷﾎﾞｳｶﾞｵｶ
0532,ﾀｲｺｳ,043,ｺﾊﾞﾘ
0532,ﾀｲｺｳ,044,ﾃﾗｵ
0532,ﾀｲｺｳ,045,ﾍｲﾜﾀﾞｲ
0532,ﾀｲｺｳ,046,ﾅｶﾞｵｶﾆｼ
0532,ﾀｲｺｳ,047,ﾅｵｴﾂ
0532,ﾀｲｺｳ,048,ﾅｶｻﾞﾜ
0532,ﾀｲｺｳ,049,ｼﾊﾞﾀﾆｼ
0532,ﾀｲｺｳ,050,ﾆｲﾎﾞ
0532,ﾀｲｺｳ,051,ﾐﾔｳﾁ
0532,ﾀｲｺｳ,052,ｵｵｶﾞﾀ
0532,ﾀｲｺｳ,053,ﾔﾏﾉｼﾀ
0532,ﾀｲｺｳ,055,ﾔｽﾀﾞ
0532,ﾀｲｺｳ,056,ｱｹﾞｵ
0532,ﾀｲｺｳ,057,ﾆｲｶﾞﾀｴｷﾐﾅﾐ
0532,ﾀｲｺｳ,058,ｶﾒﾀﾞ
0532,ﾀｲｺｳ,059,ﾅｶｼﾞﾖｳ
0532,ﾀｲｺｳ,060,ｵｹｶﾞﾜ
0532,ﾀｲｺｳ,061,ｲｼﾔﾏ
0532,ﾀｲｺｳ,062,ｺﾊﾞﾘﾐﾅﾐ
0532,ﾀｲｺｳ,063,ｶｼﾜｻﾞｷﾐﾅﾐ
0532,ﾀｲｺｳ,064,ｺｳﾉｽ
0532,ﾀｲｺｳ,065,ﾖｼﾀﾞ
0532,ﾀｲｺｳ,066,ﾄﾖｻｶ
0532,ﾀｲｺｳ,067,ﾑﾗﾏﾂ
0532,ﾀｲｺｳ,068,ﾖｲﾀ
0532,ﾀｲｺｳ,069,ｺｽﾄﾞ
0532,ﾀｲｺｳ,070,ﾆｲｶﾞﾀｴｷﾏｴ
0532,ﾀｲｺｳ,071,ﾂｶﾞﾜ
0532,ﾀｲｺｳ,072,ｳﾁﾉ
0532,ﾀｲｺｳ,073,ｾｷﾊﾗ
0532,ﾀｲｺｳ,074,ｺｳﾄﾞ
0532,ﾀｲｺｳ,075,ｵｳﾐ
0532,ﾀｲｺｳ,076,ｴﾁｺﾞｶﾜｸﾞﾁ
0532,ﾀｲｺｳ,077,ﾆｲﾂﾆｼ
0532,ﾀｲｺｳ,078,ﾅｶｻﾄ
0532,ﾀｲｺｳ,301,ｴﾁｺﾞｵｵﾊﾅﾋﾞ
0534,ﾄﾔﾏﾀﾞｲｲﾁ,001,ﾎﾝﾃﾝ
0534,ﾄﾔﾏﾀﾞｲｲﾁ,002,ﾄﾔﾏｴｷﾏｴ
0534,ﾄﾔﾏﾀﾞｲｲﾁ,003,ﾂﾂﾐﾁﾖｳ
0534,ﾄﾔﾏﾀﾞｲｲﾁ,004,ｲｼｶﾞﾈ
0534,ﾄﾔﾏﾀﾞｲｲﾁ,005,ｺﾞﾌｸ
0534,ﾄﾔﾏﾀﾞｲｲﾁ,006,ｺｲｽﾞﾐ
0534,ﾄﾔﾏﾀﾞｲｲﾁ,007,ｼﾓｼﾝ
0534,ﾄﾔﾏﾀﾞｲｲﾁ,008,ﾋｶﾞｼﾏﾁ
0534,ﾄﾔﾏﾀﾞｲｲﾁ,009,ｲﾜｾ
0534,ﾄﾔﾏﾀﾞｲｲﾁ,010,ﾐｽﾞﾊｼ
0534,ﾄﾔﾏﾀﾞｲｲﾁ,011,ﾎﾘ
0534,ﾄﾔﾏﾀﾞｲｲﾁ,012,ﾄｲﾔﾏﾁ
0534,ﾄﾔﾏﾀﾞｲｲﾁ,013,ｴﾊﾞﾗ
0534,ﾄﾔﾏﾀﾞｲｲﾁ,014,ﾂｷｵｶ
0534,ﾄﾔﾏﾀﾞｲｲﾁ,015,ﾈﾂﾞｶﾏﾁ
0534,ﾄﾔﾏﾀﾞｲｲﾁ,016,ﾊﾘﾊﾗ
0534,ﾄﾔﾏﾀﾞｲｲﾁ,017,ｸﾚﾊ
0534,ﾄﾔﾏﾀﾞｲｲﾁ,019,ﾔﾏﾑﾛ
0534,ﾄﾔﾏﾀﾞｲｲﾁ,020,ｳｻｶ
0534,ﾄﾔﾏﾀﾞｲｲﾁ,021,ﾌﾁﾕｳ
0534,ﾄﾔﾏﾀﾞｲｲﾁ,022,ﾔﾂｵ
0534,ﾄﾔﾏﾀﾞｲｲﾁ,023,ｵｵｻﾜﾉ
0534,ﾄﾔﾏﾀﾞｲｲﾁ,024,ｶﾐﾀﾞｷ
0534,ﾄﾔﾏﾀﾞｲｲﾁ,025,ﾀﾃﾔﾏ
0534,ﾄﾔﾏﾀﾞｲｲﾁ,026,ｶﾐｲﾁ
0534,ﾄﾔﾏﾀﾞｲｲﾁ,027,ﾅﾒﾘｶﾜ
0534,ﾄﾔﾏﾀﾞｲｲﾁ,028,ｳｵﾂﾞ
0534,ﾄﾔﾏﾀﾞｲｲﾁ,029,ｸﾛﾍﾞ
0534,ﾄﾔﾏﾀﾞｲｲﾁ,031,ﾆﾕｳｾﾞﾝ
0534,ﾄﾔﾏﾀﾞｲｲﾁ,032,ﾄﾏﾘ
0534,ﾄﾔﾏﾀﾞｲｲﾁ,033,ｳｵﾂﾞｴｷﾏｴ
0534,ﾄﾔﾏﾀﾞｲｲﾁ,035,ｷﾀﾉﾓﾘ
0534,ﾄﾔﾏﾀﾞｲｲﾁ,039,ﾋﾛｺｳｼﾞ
0534,ﾄﾔﾏﾀﾞｲｲﾁ,041,ﾀｶｵｶ
0534,ﾄﾔﾏﾀﾞｲｲﾁ,043,ｼﾖｳﾜﾏﾁ
0534,ﾄﾔﾏﾀﾞｲｲﾁ,044,ｼﾐｽﾞ
0534,ﾄﾔﾏﾀﾞｲｲﾁ,045,ﾀｶｵｶﾁﾕｳｵｳ
0534,ﾄﾔﾏﾀﾞｲｲﾁ,046,ﾅｶｶﾞﾜ
0534,ﾄﾔﾏﾀﾞｲｲﾁ,047,ｵｵﾉ
0534,ﾄﾔﾏﾀﾞｲｲﾁ,048,ﾀｲｺｳﾔﾏ
0534,ﾄﾔﾏﾀﾞｲｲﾁ,049,ﾀﾞｲﾓﾝ
0534,ﾄﾔﾏﾀﾞｲｲﾁ,051,ｼﾝﾐﾅﾄ
0534,ﾄﾔﾏﾀﾞｲｲﾁ,052,ﾋﾐ
0534,ﾄﾔﾏﾀﾞｲｲﾁ,053,ﾄﾅﾐ
0534,ﾄﾔﾏﾀﾞｲｲﾁ,054,ﾌｸﾉ
0534,ﾄﾔﾏﾀﾞｲｲﾁ,055,ﾌｸﾐﾂ
0534,ﾄﾔﾏﾀﾞｲｲﾁ,056,ｼﾞﾖｳﾊﾅ
0534,ﾄﾔﾏﾀﾞｲｲﾁ,057,ｲﾅﾐ
0534,ﾄﾔﾏﾀﾞｲｲﾁ,058,ｲｽﾙｷﾞ
0534,ﾄﾔﾏﾀﾞｲｲﾁ,059,ﾋﾐﾐﾅﾐ
0534,ﾄﾔﾏﾀﾞｲｲﾁ,060,ﾌｸｵｶ
0534,ﾄﾔﾏﾀﾞｲｲﾁ,061,ｶﾅｻﾞﾜ
0534,ﾄﾔﾏﾀﾞｲｲﾁ,062,ｲｽﾞﾐ
0534,ﾄﾔﾏﾀﾞｲｲﾁ,066,ﾋｶﾞｼｵｵﾄﾞｵﾘ
0534,ﾄﾔﾏﾀﾞｲｲﾁ,071,ｲﾄｲｶﾞﾜ
0534,ﾄﾔﾏﾀﾞｲｲﾁ,072,ﾅｵｴﾂ
0534,ﾄﾔﾏﾀﾞｲｲﾁ,073,ﾅｶﾞｵｶ
0534,ﾄﾔﾏﾀﾞｲｲﾁ,081,ｶﾐｵｶ
0534,ﾄﾔﾏﾀﾞｲｲﾁ,082,ﾀｶﾔﾏ
0534,ﾄﾔﾏﾀﾞｲｲﾁ,085,ﾄｳｷﾖｳ
0534,ﾄﾔﾏﾀﾞｲｲﾁ,095,ｵｵｻｶ
0534,ﾄﾔﾏﾀﾞｲｲﾁ,100,ｲﾝﾀ-ﾈﾂﾄ
0534,ﾄﾔﾏﾀﾞｲｲﾁ,101,ﾄﾔﾏﾐﾅﾐｾﾝﾀ-
0534,ﾄﾔﾏﾀﾞｲｲﾁ,102,ｾﾌﾃｲﾌﾟﾗｻﾞﾄﾔﾏ
0534,ﾄﾔﾏﾀﾞｲｲﾁ,111,ﾆﾕ-ｾﾝﾀ-
0534,ﾄﾔﾏﾀﾞｲｲﾁ,120,ﾋﾞｼﾞﾈｽﾌﾟﾗｻﾞ
0538,ｼｽﾞｵｶﾁﾕｳｵｳ,002,ﾎﾝﾃﾝ
0538,ｼｽﾞｵｶﾁﾕｳｵｳ,003,ｻﾝﾄﾑ-ﾝｶｷﾀｶﾞﾜ
0538,ｼｽﾞｵｶﾁﾕｳｵｳ,004,ﾐｼﾏ
0538,ｼｽﾞｵｶﾁﾕｳｵｳ,005,ｼﾕｾﾞﾝｼﾞ
0538,ｼｽﾞｵｶﾁﾕｳｵｳ,006,ｺﾞﾃﾝﾊﾞ
0538,ｼｽﾞｵｶﾁﾕｳｵｳ,007,ﾖｼﾜﾗ
0538,ｼｽﾞｵｶﾁﾕｳｵｳ,008,ﾌｼﾞﾉﾐﾔ
0538,ｼｽﾞｵｶﾁﾕｳｵｳ,009,ﾌｼﾞ
0538,ｼｽﾞｵｶﾁﾕｳｵｳ,010,ﾇﾏﾂﾞｷﾀ
0538,ｼｽﾞｵｶﾁﾕｳｵｳ,011,ﾅｶﾞｲｽﾞﾐ
0538,ｼｽﾞｵｶﾁﾕｳｵｳ,012,ﾇﾏﾂﾞﾋｶﾞｼ
0538,ｼｽﾞｵｶﾁﾕｳｵｳ,021,ｼﾐｽﾞ
0538,ｼｽﾞｵｶﾁﾕｳｵｳ,022,ｼｽﾞｵｶ
0538,ｼｽﾞｵｶﾁﾕｳｵｳ,023,ﾏ-ｸｲｽﾞｼｽﾞｵｶ
0538,ｼｽﾞｵｶﾁﾕｳｵｳ,024,ﾔｲﾂﾞ
0538,ｼｽﾞｵｶﾁﾕｳｵｳ,026,ｼﾏﾀﾞ
0538,ｼｽﾞｵｶﾁﾕｳｵｳ,033,ｲﾜﾀ
0538,ｼｽﾞｵｶﾁﾕｳｵｳ,034,ﾊﾏﾏﾂ
0538,ｼｽﾞｵｶﾁﾕｳｵｳ,035,ﾊﾏﾏﾂｷﾀ
0538,ｼｽﾞｵｶﾁﾕｳｵｳ,037,ﾊﾏﾏﾂﾋｶﾞｼ
0538,ｼｽﾞｵｶﾁﾕｳｵｳ,041,ｱﾀﾐ
0538,ｼｽﾞｵｶﾁﾕｳｵｳ,042,ｲﾄｳ
0538,ｼｽﾞｵｶﾁﾕｳｵｳ,043,ｲﾅﾄﾘ
0538,ｼｽﾞｵｶﾁﾕｳｵｳ,044,ｼﾓﾀﾞ
0538,ｼｽﾞｵｶﾁﾕｳｵｳ,045,ﾐﾅﾐｲｽﾞ
0538,ｼｽﾞｵｶﾁﾕｳｵｳ,046,ﾏﾂｻﾞｷ
0538,ｼｽﾞｵｶﾁﾕｳｵｳ,051,ｶﾜｻｷ
0538,ｼｽﾞｵｶﾁﾕｳｵｳ,052,ﾖｺﾊﾏ
0538,ｼｽﾞｵｶﾁﾕｳｵｳ,054,ｵﾀﾞﾜﾗ
0538,ｼｽﾞｵｶﾁﾕｳｵｳ,055,ﾁﾕｳｵｳﾘﾝｶﾝ
0538,ｼｽﾞｵｶﾁﾕｳｵｳ,056,ｼﾌﾞｻﾜ
0538,ｼｽﾞｵｶﾁﾕｳｵｳ,057,ﾅｶﾔﾏ
0538,ｼｽﾞｵｶﾁﾕｳｵｳ,058,ｶｶﾞﾜ
0538,ｼｽﾞｵｶﾁﾕｳｵｳ,059,ｾﾞﾝｷﾞﾖｳ
0538,ｼｽﾞｵｶﾁﾕｳｵｳ,061,ﾄｳｷﾖｳ
0538,ｼｽﾞｵｶﾁﾕｳｵｳ,064,ｼﾖｳﾅﾝﾓ-ﾙﾌｲﾙ
0538,ｼｽﾞｵｶﾁﾕｳｵｳ,071,ｻﾑｶﾜ
0538,ｼｽﾞｵｶﾁﾕｳｵｳ,072,ｻﾞﾏ
0538,ｼｽﾞｵｶﾁﾕｳｵｳ,073,ﾋﾗﾂｶ
0538,ｼｽﾞｵｶﾁﾕｳｵｳ,074,ｱﾔｾ
0538,ｼｽﾞｵｶﾁﾕｳｵｳ,075,ﾊﾞﾝﾀﾞ
0538,ｼｽﾞｵｶﾁﾕｳｵｳ,076,ｱﾂｷﾞ
0538,ｼｽﾞｵｶﾁﾕｳｵｳ,077,ﾗﾗﾎﾟ-ﾄｴﾋﾞﾅ
0542,ｱｲﾁ,008,ﾅｺﾞﾔﾒｼ
0542,ｱｲﾁ,100,ﾅｺﾞﾔ
0542,ｱｲﾁ,102,ﾅｺﾞﾔﾁﾕｳｵｳ
0542,ｱｲﾁ,103,ｵｵﾂﾊﾞｼ
0542,ｱｲﾁ,104,ﾋｶﾞｼﾍﾞﾂｲﾝ
0542,ｱｲﾁ,111,ｲﾏｲｹﾁﾕｳｵｳ
0542,ｱｲﾁ,112,ﾋｶﾞｼﾔﾏﾁﾕｳｵｳ
0542,ｱｲﾁ,113,ｼﾝﾎﾟ
0542,ｱｲﾁ,121,ﾀﾞｲｶﾝﾁﾖｳ
0542,ｱｲﾁ,131,ｵｵｿﾞﾈﾁﾕｳｵｳ
0542,ｱｲﾁ,132,ｶﾐｲｲﾀﾞ
0542,ｱｲﾁ,133,ｼﾞﾖｳﾎｸ
0542,ｱｲﾁ,134,ｸｽﾉｷﾁﾖｳﾁﾕｳｵｳ
0542,ｱｲﾁ,142,ｼﾞﾖｳｼﾝﾁﾕｳｵｳ
0542,ｱｲﾁ,143,ﾒｲｾｲ
0542,ｱｲﾁ,152,ﾅｶﾑﾗﾁﾕｳｵｳ
0542,ｱｲﾁ,153,ｾﾝﾅﾘ
0542,ｱｲﾁ,161,ﾉﾅﾐ
0542,ｱｲﾁ,162,ｼﾏﾀﾞﾁﾕｳｵｳ
0542,ｱｲﾁ,163,ｳｴﾀﾞ
0542,ｱｲﾁ,171,ｱﾗﾀﾏﾊﾞｼ
0542,ｱｲﾁ,172,ﾔﾄﾐﾄﾞｵﾘ
0542,ｱｲﾁ,181,ｱﾂﾀ
0542,ｱｲﾁ,191,ﾔｸﾞﾏ
0542,ｱｲﾁ,193,ﾄｳﾁﾁﾕｳｵｳ
0542,ｱｲﾁ,194,ｱﾗｺ
0542,ｱｲﾁ,195,ﾌｼﾔ
0542,ｱｲﾁ,201,ﾎﾝﾃﾝ
0542,ｱｲﾁ,202,ｻｸﾗﾔﾏ
0542,ｱｲﾁ,203,ｵﾄｳﾊﾞｼ
0542,ｱｲﾁ,204,ｼﾝﾐﾁ
0542,ｱｲﾁ,205,ｵｵｿﾞﾈ
0542,ｱｲﾁ,206,ｲﾏｲｹ
0542,ｱｲﾁ,207,ｵｵｽ
0542,ｱｲﾁ,208,ﾅｶﾑﾗ
0542,ｱｲﾁ,210,ﾎﾘﾀ
0542,ｱｲﾁ,211,ｼﾞﾖｳｼﾝ
0542,ｱｲﾁ,212,ﾄｳｺｳﾄﾞｵﾘ
0542,ｱｲﾁ,213,ﾄﾞｳﾄｸ
0542,ｱｲﾁ,214,ﾐﾅﾄ
0542,ｱｲﾁ,215,ｶｻﾃﾞﾗ
0542,ｱｲﾁ,216,ｸﾛｶﾜ
0542,ｱｲﾁ,217,ﾓﾘﾔﾏ
0542,ｱｲﾁ,218,ﾋｶﾞｼﾔﾏ
0542,ｱｲﾁ,219,ｼﾖｳﾜﾊﾞｼ
0542,ｱｲﾁ,220,ﾏﾂﾊﾞﾁﾖｳ
0542,ｱｲﾁ,221,ｶﾅﾔﾏ
0542,ｱｲﾁ,222,ﾔｺﾞﾄ
0542,ｱｲﾁ,223,ﾅｶﾈ
0542,ｱｲﾁ,224,ﾎﾝｼﾞﾝ
0542,ｱｲﾁ,225,ﾔﾏﾀﾞ
0542,ｱｲﾁ,226,ｲﾜﾂｶ
0542,ｱｲﾁ,227,ﾅｺﾞﾔｴｷﾏｴ
0542,ｱｲﾁ,228,ﾅﾙﾐ
0542,ｱｲﾁ,229,ﾀｶﾊﾞﾘ
0542,ｱｲﾁ,230,ｲﾉｺｲｼ
0542,ｱｲﾁ,231,ｼﾏﾀﾞ
0542,ｱｲﾁ,232,ｼｵﾂｹﾄﾞｵﾘ
0542,ｱｲﾁ,233,ﾓﾄﾔﾏ
0542,ｱｲﾁ,234,ﾎｳｾｲ
0542,ｱｲﾁ,235,ｲﾅｴ
0542,ｱｲﾁ,236,ﾄｳﾁ
0542,ｱｲﾁ,237,ﾌｼﾞｶﾞｵｶ
0542,ｱｲﾁ,239,ﾀｶﾊﾀ
0542,ｱｲﾁ,241,ﾓﾘﾔﾏﾁﾕｳｵｳ
0542,ｱｲﾁ,242,ｵｵﾓﾘ
0542,ｱｲﾁ,244,ﾄｳｶｲﾄﾞｵﾘ
0542,ｱｲﾁ,245,ｼﾊﾞﾀ
0542,ｱｲﾁ,246,ｸｽﾉｷﾁﾖｳ
0542,ｱｲﾁ,247,ﾅﾝﾖｳﾁﾖｳ
0542,ｱｲﾁ,248,ｵｵﾀﾞｶ
0542,ｱｲﾁ,249,ﾄﾐﾀﾞ
0542,ｱｲﾁ,250,ｵﾀｲ
0542,ｱｲﾁ,253,ﾅﾙｺ
0542,ｱｲﾁ,270,ﾐﾅﾄﾁﾕｳｵｳ
0542,ｱｲﾁ,271,ﾅﾝﾖｳﾁﾖｳﾁﾕｳｵｳ
0542,ｱｲﾁ,272,ｶｻﾃﾞﾗﾁﾕｳｵｳ
0542,ｱｲﾁ,273,ｼﾊﾞﾀﾁﾕｳｵｳ
0542,ｱｲﾁ,274,ｵｵｴ
0542,ｱｲﾁ,275,ﾅﾙｺﾁﾕｳｵｳ
0542,ｱｲﾁ,276,ﾅﾙﾐﾁﾕｳｵｳ
0542,ｱｲﾁ,277,ｵｹﾊｻﾞﾏ
0542,ｱｲﾁ,278,ﾄｸｼｹﾞ
0542,ｱｲﾁ,279,ｶﾐﾔｼﾛ
0542,ｱｲﾁ,280,ﾀｶﾊﾞﾘﾁﾕｳｵｳ
0542,ｱｲﾁ,281,ﾄｳｶｲﾁﾕｳｵｳ
0542,ｱｲﾁ,301,ｲﾁﾉﾐﾔ
0542,ｱｲﾁ,302,ﾊﾝﾀﾞ
0542,ｱｲﾁ,303,ｺｳﾅﾝ
0542,ｱｲﾁ,304,ｺﾏｷ
0542,ｱｲﾁ,305,ｾﾄ
0542,ｱｲﾁ,306,ﾂｼﾏ
0542,ｱｲﾁ,307,ｶｽｶﾞｲ
0542,ｱｲﾁ,308,ﾓﾛｻﾞｷ
0542,ｱｲﾁ,309,ﾄｳｶｲ
0542,ｱｲﾁ,310,ﾁﾀ
0542,ｱｲﾁ,311,ｵｶﾀﾞ
0542,ｱｲﾁ,312,ﾅﾜ
0542,ｱｲﾁ,313,ｵﾜﾘｱｻﾋ
0542,ｱｲﾁ,315,ﾁﾘﾕｳ
0542,ｱｲﾁ,316,ｺｳｿﾞｳｼﾞ
0542,ｱｲﾁ,317,ｱｶｲｹ
0542,ｱｲﾁ,318,ｻﾝｺﾞｳ
0542,ｱｲﾁ,319,ｼｶﾂ
0542,ｱｲﾁ,320,ﾄﾖｱｹ
0542,ｱｲﾁ,321,ｵｵｸﾞﾁ
0542,ｱｲﾁ,322,ﾄﾖﾔﾏ
0542,ｱｲﾁ,323,ｶｽｶﾞｲﾆｼ
0542,ｱｲﾁ,324,ﾁｱｷ
0542,ｱｲﾁ,325,ﾐﾜ
0542,ｱｲﾁ,326,ｶﾆｴ
0542,ｱｲﾁ,327,ｵｵﾊﾙ
0542,ｱｲﾁ,328,ｲﾇﾔﾏ
0542,ｱｲﾁ,329,ｵｵﾌﾞ
0542,ｱｲﾁ,330,ｺﾏｷﾆｼ
0542,ｱｲﾁ,331,ｲﾅｻﾞﾜ
0542,ｱｲﾁ,332,ｲﾁﾉﾐﾔﾐﾅﾐ
0542,ｱｲﾁ,333,ｺｳﾅﾝﾆｼ
0542,ｱｲﾁ,334,ﾐﾅﾐｶｷﾞﾔ
0542,ｱｲﾁ,335,ﾆｼﾊﾙ
0542,ｱｲﾁ,336,ｲﾜｸﾗ
0542,ｱｲﾁ,338,ｶﾁｶﾞﾜ
0542,ｱｲﾁ,339,ｱﾗｵ
0542,ｱｲﾁ,340,ﾅｶﾞｸﾃ
0542,ｱｲﾁ,370,ｲﾅｻﾞﾜﾁﾕｳｵｳ
0542,ｱｲﾁ,371,ﾂｼﾏﾁﾕｳｵｳ
0542,ｱｲﾁ,372,ﾊﾝﾀﾞﾁﾕｳｵｳ
0542,ｱｲﾁ,373,ﾄｺﾅﾒ
0542,ｱｲﾁ,374,ｶﾆｴﾁﾕｳｵｳ
0542,ｱｲﾁ,375,ｵｵﾊﾙﾁﾕｳｵｳ
0542,ｱｲﾁ,376,ｶﾁｶﾞﾜﾁﾕｳｵｳ
0542,ｱｲﾁ,377,ｲﾜｸﾗﾁﾕｳｵｳ
0542,ｱｲﾁ,378,ﾄﾖｱｹﾁﾕｳｵｳ
0542,ｱｲﾁ,379,ｵｵﾌﾞﾁﾕｳｵｳ
0542,ｱｲﾁ,380,ｲﾁﾉﾐﾔﾁﾕｳｵｳ
0542,ｱｲﾁ,381,ｺｳﾅﾝﾁﾕｳｵｳ
0542,ｱｲﾁ,382,ｺﾏｷﾁﾕｳｵｳ
0542,ｱｲﾁ,383,ﾔﾄﾐ
0542,ｱｲﾁ,384,ﾊﾙﾋ
0542,ｱｲﾁ,385,ｼｶﾂﾁﾕｳｵｳ
0542,ｱｲﾁ,386,ﾅｶﾞｸﾃﾁﾕｳｵｳ
0542,ｱｲﾁ,387,ｲﾇﾔﾏﾁﾕｳｵｳ
0542,ｱｲﾁ,388,ﾊﾙｵｶ
0542,ｱｲﾁ,389,ｺｳｿﾞｳｼﾞﾁﾕｳｵｳ
0542,ｱｲﾁ,401,ﾄﾖﾊｼ
0542,ｱｲﾁ,402,ｵｶｻﾞｷ
0542,ｱｲﾁ,403,ｶﾞﾏｺﾞｵﾘ
0542,ｱｲﾁ,404,ﾆｼｵ
0542,ｱｲﾁ,405,ｼﾝｼﾛ
0542,ｱｲﾁ,406,ｶﾘﾔ
0542,ｱｲﾁ,407,ﾍｷﾅﾝ
0542,ｱｲﾁ,409,ﾄﾖﾀ
0542,ｱｲﾁ,410,ﾁﾘﾕｳﾀﾞﾝﾁ
0542,ｱｲﾁ,411,ｱﾝｼﾞﾖｳ
0542,ｱｲﾁ,412,ﾄﾖﾊｼﾐﾅﾐ
0542,ｱｲﾁ,413,ﾋﾄﾂｷﾞ
0542,ｱｲﾁ,414,ｵｶｻﾞｷﾐﾅﾐ
0542,ｱｲﾁ,415,ﾄﾖﾀﾐﾅﾐ
0542,ｱｲﾁ,417,ﾄﾖﾀｼﾞﾖｳｽｲ
0542,ｱｲﾁ,470,ｵｶｻﾞｷﾁﾕｳｵｳ
0542,ｱｲﾁ,471,ﾄﾖﾊｼﾁﾕｳｵｳ
0542,ｱｲﾁ,472,ｶﾘﾔﾁﾕｳｵｳ
0542,ｱｲﾁ,473,ﾄﾖﾀﾁﾕｳｵｳ
0542,ｱｲﾁ,501,ﾀｼﾞﾐ
0542,ｱｲﾁ,502,ｷﾞﾌ
0542,ｱｲﾁ,505,ﾅｶﾂｶﾞﾜ
0542,ｱｲﾁ,601,ｸﾜﾅﾁﾕｳｵｳ
0542,ｱｲﾁ,602,ﾖﾂｶｲﾁ
0542,ｱｲﾁ,603,ﾖﾂｶｲﾁﾁﾕｳｵｳ
0542,ｱｲﾁ,604,ﾄﾐﾀﾞﾁﾕｳｵｳ
0542,ｱｲﾁ,605,ｸﾜﾅ
0542,ｱｲﾁ,606,ﾋｻｲ
0542,ｱｲﾁ,607,ﾆｼｸﾜﾅ
0542,ｱｲﾁ,608,ﾏﾂｻﾞｶ
0542,ｱｲﾁ,609,ｲｾ
0542,ｱｲﾁ,610,ﾄﾊﾞ
0542,ｱｲﾁ,616,ﾅﾊﾞﾘ
0542,ｱｲﾁ,617,ｳｴﾉ
0542,ｱｲﾁ,618,ﾀﾞｲｱﾝ
0542,ｱｲﾁ,619,ｽｽﾞｶ
0542,ｱｲﾁ,621,ｷｷﾖｳｶﾞｵｶ
0542,ｱｲﾁ,670,ｱｹﾞｷ
0542,ｱｲﾁ,671,ﾂ
0542,ｱｲﾁ,701,ﾊﾏﾏﾂ
0542,ｱｲﾁ,703,ｻｸﾗｲ
0542,ｱｲﾁ,770,ｼｽﾞｵｶ
0542,ｱｲﾁ,801,ｵｵｻｶ
0542,ｱｲﾁ,810,ﾄｳｷﾖｳ
0542,ｱｲﾁ,870,ｵｵｻｶﾁﾕｳｵｳ
0542,ｱｲﾁ,871,ﾅﾗ
0542,ｱｲﾁ,901,ﾄｳｷﾖｳﾁﾕｳｵｳ
0542,ｱｲﾁ,959,ﾛ-ｿﾝATM
0542,ｱｲﾁ,976,ｲ-ﾈﾂﾄ
0543,ﾅｺﾞﾔ,101,ﾎﾝﾃﾝ
0543,ﾅｺﾞﾔ,102,ﾅｺﾞﾔｴｷﾏｴ
0543,ﾅｺﾞﾔ,103,ﾍｲﾃﾞﾝﾁﾖｳ
0543,ﾅｺﾞﾔ,104,ﾎﾘﾀ
0543,ﾅｺﾞﾔ,105,ｻｸﾗﾔﾏ
0543,ﾅｺﾞﾔ,106,ﾔｸﾞﾏ
0543,ﾅｺﾞﾔ,107,ｼﾞﾖｳｼﾝ
0543,ﾅｺﾞﾔ,108,ﾅｶﾑﾗ
0543,ﾅｺﾞﾔ,109,ｲﾏｲｹ
0543,ﾅｺﾞﾔ,110,ｶﾐﾏｴﾂﾞ
0543,ﾅｺﾞﾔ,111,ﾐﾅﾄ
0543,ﾅｺﾞﾔ,112,ｳﾁﾀﾞﾊﾞｼ
0543,ﾅｺﾞﾔ,113,ｸﾛｶﾜ
0543,ﾅｺﾞﾔ,114,ﾋﾞﾜｼﾞﾏﾄﾞｵﾘ
0543,ﾅｺﾞﾔ,115,ﾛｸﾊﾞﾝﾁﾖｳ
0543,ﾅｺﾞﾔ,116,ｶｸｵｳｻﾞﾝ
0543,ﾅｺﾞﾔ,117,ｱﾗﾀﾏﾊﾞｼ
0543,ﾅｺﾞﾔ,118,ﾔﾅｷﾞﾊﾞｼ
0543,ﾅｺﾞﾔ,119,ﾁﾔﾔｶﾞｻｶ
0543,ﾅｺﾞﾔ,120,ｶﾜﾊﾗﾄﾞｵﾘ
0543,ﾅｺﾞﾔ,121,ｱｵｲ
0543,ﾅｺﾞﾔ,122,ｻﾂｷﾄﾞｵﾘ
0543,ﾅｺﾞﾔ,123,ｵｵｿﾞﾈ
0543,ﾅｺﾞﾔ,124,ﾄｳｺｳﾄﾞｵﾘ
0543,ﾅｺﾞﾔ,125,ｱｼﾞﾏ
0543,ﾅｺﾞﾔ,126,ｵｵｴ
0543,ﾅｺﾞﾔ,127,ｵﾀｲ
0543,ﾅｺﾞﾔ,128,ﾋﾗﾊﾞﾘ
0543,ﾅｺﾞﾔ,129,ﾋｶﾞｼﾅｶｼﾏ
0543,ﾅｺﾞﾔ,130,ﾌｼﾞｶﾞｵｶ
0543,ﾅｺﾞﾔ,131,ｲﾅｴ
0543,ﾅｺﾞﾔ,132,ﾉﾅﾐ
0543,ﾅｺﾞﾔ,133,ﾓﾘﾔﾏ
0543,ﾅｺﾞﾔ,134,ｳﾒﾓﾘ
0543,ﾅｺﾞﾔ,135,ｾﾝﾉﾝｼﾞ
0543,ﾅｺﾞﾔ,136,ﾎﾝｼﾞﾖｳ
0543,ﾅｺﾞﾔ,137,ﾅﾙﾐ
0543,ﾅｺﾞﾔ,138,ﾅﾝﾖｳﾁﾖｳ
0543,ﾅｺﾞﾔ,139,ｼｵｶﾞﾏｸﾞﾁ
0543,ﾅｺﾞﾔ,140,ｲﾂｼﾔ
0543,ﾅｺﾞﾔ,141,ｲﾉｺｲｼ
0543,ﾅｺﾞﾔ,142,ﾅﾙｵ
0543,ﾅｺﾞﾔ,144,ﾅﾙﾐﾋｶﾞｼ
0543,ﾅｺﾞﾔ,146,ｲﾜﾂｶ
0543,ﾅｺﾞﾔ,147,ﾀｶﾊﾞﾘ
0543,ﾅｺﾞﾔ,148,ｼﾏﾀﾞ
0543,ﾅｺﾞﾔ,150,ｼﾖｳﾅｲ
0543,ﾅｺﾞﾔ,151,ｷﾀﾔﾏ
0543,ﾅｺﾞﾔ,152,ｱﾗｺ
0543,ﾅｺﾞﾔ,153,ﾄｳﾁ
0543,ﾅｺﾞﾔ,154,ｷﾊﾞ
0543,ﾅｺﾞﾔ,156,ｺｳﾌﾞﾂﾒ
0543,ﾅｺﾞﾔ,157,ｲﾏｲｹﾛ-ﾝｾﾝﾀ-
0543,ﾅｺﾞﾔ,158,ｴｲﾃｲｴﾑ
0543,ﾅｺﾞﾔ,161,ｵｵﾀﾞｶ
0543,ﾅｺﾞﾔ,163,ｲ-ﾈﾂﾄ
0543,ﾅｺﾞﾔ,164,ﾛ-ｿﾝ
0543,ﾅｺﾞﾔ,191,ｲﾝﾀ-ﾈﾂﾄ
0543,ﾅｺﾞﾔ,230,ｲﾁﾉﾐﾔ
0543,ﾅｺﾞﾔ,231,ﾊﾝﾀﾞ
0543,ﾅｺﾞﾔ,232,ｾﾄ
0543,ﾅｺﾞﾔ,233,ﾂｼﾏ
0543,ﾅｺﾞﾔ,234,ｵｶｻﾞｷ
0543,ﾅｺﾞﾔ,235,ﾍｷﾅﾝ
0543,ﾅｺﾞﾔ,236,ﾄﾖﾊｼ
0543,ﾅｺﾞﾔ,237,ｶﾞﾏｺﾞｵﾘ
0543,ﾅｺﾞﾔ,238,ｶﾘﾔ
0543,ﾅｺﾞﾔ,239,ﾄﾖﾀ
0543,ﾅｺﾞﾔ,240,ﾆｼｵ
0543,ﾅｺﾞﾔ,241,ﾁﾘﾕｳ
0543,ﾅｺﾞﾔ,243,ﾄﾖﾀﾐﾅﾐ
0543,ﾅｺﾞﾔ,244,ﾄﾖｱｹ
0543,ﾅｺﾞﾔ,246,ﾁﾀ
0543,ﾅｺﾞﾔ,247,ｶｽｶﾞｲ
0543,ﾅｺﾞﾔ,248,ｵｶｻﾞｷﾐﾅﾐ
0543,ﾅｺﾞﾔ,249,ﾄﾖﾀｼﾞﾖｳｽｲ
0543,ﾅｺﾞﾔ,250,ｺﾏｷ
0543,ﾅｺﾞﾔ,252,ｲﾅｻﾞﾜ
0543,ﾅｺﾞﾔ,253,ﾄｳｶｲ
0543,ﾅｺﾞﾔ,254,ﾀﾞｲｼﾞﾕｳｼﾞ
0543,ﾅｺﾞﾔ,255,ｼｶﾂ
0543,ﾅｺﾞﾔ,256,ﾄｳｺﾞｳ
0543,ﾅｺﾞﾔ,258,ｵｵﾌﾞ
0543,ﾅｺﾞﾔ,259,ﾐﾖｼ
0543,ﾅｺﾞﾔ,260,ｶﾓﾘ
0543,ﾅｺﾞﾔ,261,ｱｼﾞﾖｼ
0543,ﾅｺﾞﾔ,262,ﾆﾂｼﾝ
0543,ﾅｺﾞﾔ,263,ﾎｸﾌﾞｼｼﾞﾖｳ
0543,ﾅｺﾞﾔ,264,ｲﾁﾉﾐﾔﾆｼ
0543,ﾅｺﾞﾔ,266,ﾅｶﾞｸﾃ
0543,ﾅｺﾞﾔ,267,ｶﾜﾗﾏﾁ
0543,ﾅｺﾞﾔ,269,ﾄﾖｶﾜ
0543,ﾅｺﾞﾔ,270,ｵﾜﾘｱｻﾋ
0543,ﾅｺﾞﾔ,272,ｲﾜｸﾗ
0543,ﾅｺﾞﾔ,273,ｼﾞﾓｸｼﾞ
0543,ﾅｺﾞﾔ,274,ｺｳｿﾞｳｼﾞ
0543,ﾅｺﾞﾔ,275,ｱｲｻｲ
0543,ﾅｺﾞﾔ,276,ﾄﾖﾀﾋｶﾞｼ
0543,ﾅｺﾞﾔ,277,ﾀｹﾄﾖ
0543,ﾅｺﾞﾔ,278,ｲﾇﾔﾏ
0543,ﾅｺﾞﾔ,279,ｺｳﾅﾝ
0543,ﾅｺﾞﾔ,280,ﾌｿｳ
0543,ﾅｺﾞﾔ,281,ﾊｸﾞﾛ
0543,ﾅｺﾞﾔ,283,ﾋﾄﾂｷﾞ
0543,ﾅｺﾞﾔ,286,ｶﾆｴ
0543,ﾅｺﾞﾔ,287,ｱﾝｼﾞﾖｳ
0543,ﾅｺﾞﾔ,289,ｵｵﾊﾙ
0543,ﾅｺﾞﾔ,290,ｺﾏｷｴｷﾏｴ
0543,ﾅｺﾞﾔ,291,ﾄﾖﾊｼﾐﾗﾏﾁ
0543,ﾅｺﾞﾔ,351,ｷﾞﾌ
0543,ﾅｺﾞﾔ,353,ﾀｼﾞﾐ
0543,ﾅｺﾞﾔ,460,ｼｽﾞｵｶ
0543,ﾅｺﾞﾔ,461,ﾊﾏﾏﾂ
0543,ﾅｺﾞﾔ,571,ｵｵｻｶ
0543,ﾅｺﾞﾔ,675,ﾄｳｷﾖｳ
0562,ﾐﾅﾄ,011,ﾎﾝﾃﾝ
0562,ﾐﾅﾄ,012,ﾓﾄﾔﾏ
0562,ﾐﾅﾄ,013,ｽｲﾄﾞｳｽｼﾞ
0562,ﾐﾅﾄ,015,ﾋﾖｳｺﾞ
0562,ﾐﾅﾄ,016,ﾕﾒﾉ
0562,ﾐﾅﾄ,017,ﾅｶﾞﾀ
0562,ﾐﾅﾄ,018,ｵｵﾊｼ
0562,ﾐﾅﾄ,019,ｲﾀﾔﾄﾞ
0562,ﾐﾅﾄ,020,ﾀﾙﾐ
0562,ﾐﾅﾄ,021,ﾆｼｽｽﾞﾗﾝﾀﾞｲ
0562,ﾐﾅﾄ,022,ﾀｶｸﾗﾀﾞｲ
0562,ﾐﾅﾄ,023,ｼﾝﾀﾓﾝ
0562,ﾐﾅﾄ,028,ｵｵｷﾞ
0562,ﾐﾅﾄ,029,ﾖｺｵ
0562,ﾐﾅﾄ,031,ｵｵｻｶ
0562,ﾐﾅﾄ,033,ｳﾒﾀﾞ
0562,ﾐﾅﾄ,040,ｾﾝﾘﾔﾏ
0562,ﾐﾅﾄ,042,ﾀﾆｶﾞﾐ
0562,ﾐﾅﾄ,044,ｶｽｶﾞﾉ
0562,ﾐﾅﾄ,047,ｾｲｼﾝﾆﾕ-ﾀｳﾝﾆｼ
0562,ﾐﾅﾄ,048,ｾｲｼﾝﾁﾕｳｵｳ
0562,ﾐﾅﾄ,050,ﾛﾂｺｳｱｲﾗﾝﾄﾞ
0562,ﾐﾅﾄ,051,ｱﾏｶﾞｻｷ
0562,ﾐﾅﾄ,052,ﾑｺﾉｿｳ
0562,ﾐﾅﾄ,055,ｶﾜﾆｼ
0562,ﾐﾅﾄ,056,ｲﾀﾐ
0562,ﾐﾅﾄ,057,ｻｶｾｶﾞﾜ
0562,ﾐﾅﾄ,059,ﾅﾙｵ
0562,ﾐﾅﾄ,060,ｺﾔﾉｻﾄ
0562,ﾐﾅﾄ,065,ｺｳﾍﾞｷﾀﾏﾁ
0562,ﾐﾅﾄ,066,ﾀｶﾗﾂﾞｶ
0562,ﾐﾅﾄ,068,ｽﾐﾖｼ
0562,ﾐﾅﾄ,070,ﾄｳｷﾖｳ
0562,ﾐﾅﾄ,071,ｽﾓﾄ
0562,ﾐﾅﾄ,074,ﾐﾅﾐｱﾜｼﾞ
0562,ﾐﾅﾄ,077,ｱｻｷﾞﾘ
0562,ﾐﾅﾄ,078,ﾒｲﾅﾝ
0562,ﾐﾅﾄ,079,ﾋｶﾞｼｶｺｶﾞﾜ
0562,ﾐﾅﾄ,081,ﾋﾒｼﾞ
0562,ﾐﾅﾄ,083,ﾎｳﾃﾞﾝ
0562,ﾐﾅﾄ,084,ｱｶｼ
0562,ﾐﾅﾄ,085,ﾐｷ
0562,ﾐﾅﾄ,086,ﾆｼﾜｷ
0562,ﾐﾅﾄ,087,ｶｺｶﾞﾜ
0562,ﾐﾅﾄ,088,ｼｼﾞﾐ
0562,ﾐﾅﾄ,089,ﾎﾝｼﾞﾖｳ
0562,ﾐﾅﾄ,103,ﾛﾂｺｳﾐﾁ
0562,ﾐﾅﾄ,106,ｵﾉ
0562,ﾐﾅﾄ,108,ﾌｼﾞﾜﾗﾀﾞｲ
0562,ﾐﾅﾄ,111,ｻﾝﾉﾐﾔ
0562,ﾐﾅﾄ,115,ﾐｻｷ
0562,ﾐﾅﾄ,116,ﾄｳﾌﾞｲﾁﾊﾞ
0562,ﾐﾅﾄ,117,ｵｵｸﾎﾞｴｷﾏｴ
0562,ﾐﾅﾄ,118,ｼｶﾏ
0562,ﾐﾅﾄ,120,ｸﾗｸｴﾝｸﾞﾁ
0562,ﾐﾅﾄ,121,ｶﾞｸｴﾝﾄｼ
0562,ﾐﾅﾄ,132,ﾊﾝｷﾕｳﾐｶｹﾞ
0562,ﾐﾅﾄ,141,ｷﾀﾉｻﾞｶ
0562,ﾐﾅﾄ,143,ｺｳﾅﾝ
0562,ﾐﾅﾄ,148,ｽｽﾞﾗﾝﾀﾞｲ
0562,ﾐﾅﾄ,149,ｵｼﾍﾞﾀﾞﾆ
0562,ﾐﾅﾄ,151,ﾆｼﾉﾐﾔ
0562,ﾐﾅﾄ,154,ｺｳﾄｳｴﾝ
0562,ﾐﾅﾄ,158,ｱｼﾔｴｷﾏｴ
0562,ﾐﾅﾄ,162,ﾁﾕｳｵｳｲﾁﾊﾞ
0562,ﾐﾅﾄ,163,ｺｳﾍﾞｴｷﾏｴ
0562,ﾐﾅﾄ,170,ｽﾏﾆﾕ-ﾀｳﾝ
0562,ﾐﾅﾄ,175,ﾒｲﾏｲ
0562,ﾐﾅﾄ,176,ﾆｼｱｶｼ
0562,ﾐﾅﾄ,178,ﾂﾁﾔﾏ
0562,ﾐﾅﾄ,180,ﾏｲｺ
0562,ﾐﾅﾄ,181,ｳｵｽﾞﾐ
0562,ﾐﾅﾄ,184,ﾂｷﾐﾔﾏ
0562,ﾐﾅﾄ,197,ｲｶﾜﾀﾞﾆ
0562,ﾐﾅﾄ,199,ｲﾜｵｶ
0562,ﾐﾅﾄ,237,ﾂｶｸﾞﾁ
0562,ﾐﾅﾄ,303,ﾌﾀﾐ
0562,ﾐﾅﾄ,321,ｻﾝﾀﾞ
0562,ﾐﾅﾄ,323,ｻｻﾔﾏ
0562,ﾐﾅﾄ,325,ﾔｼﾛ
0562,ﾐﾅﾄ,334,ｶｻｲ
0562,ﾐﾅﾄ,337,ﾀｶｻｺﾞ
0562,ﾐﾅﾄ,339,ｲﾅﾐ
0562,ﾐﾅﾄ,343,ﾔﾏｻｷ
0562,ﾐﾅﾄ,345,ｱﾎﾞｼ
0562,ﾐﾅﾄ,346,ﾀﾂﾉ
0562,ﾐﾅﾄ,347,ｲｴｼﾏ
0562,ﾐﾅﾄ,349,ﾋﾒｼﾞﾁﾕｳｵｳ
0562,ﾐﾅﾄ,352,ﾂﾅ
0562,ﾐﾅﾄ,393,ｶｲﾊﾞﾗ
0562,ﾐﾅﾄ,413,ｲﾜﾔ
0562,ﾐﾅﾄ,437,ｼｶﾀ
0562,ﾐﾅﾄ,454,ﾉｻﾞﾄ
0562,ﾐﾅﾄ,459,ｱﾎﾞｼｴｷ
0562,ﾐﾅﾄ,460,ｺﾞﾁﾔｸ
0562,ﾐﾅﾄ,462,ﾌｸｻｷ
0562,ﾐﾅﾄ,465,ｱｲｵｲ
0562,ﾐﾅﾄ,466,ｱｺｳ
0562,ﾐﾅﾄ,467,ｶﾐｺﾞｵﾘ
0562,ﾐﾅﾄ,702,ｶｽﾐ
0562,ﾐﾅﾄ,705,ﾄﾖｵｶ
0562,ﾐﾅﾄ,710,ﾜﾀﾞﾔﾏ
0562,ﾐﾅﾄ,780,ｶｲｶﾞﾝﾄﾞｵﾘ
0562,ﾐﾅﾄ,790,ｺｳﾍﾞﾎﾟ-ﾄ
0565,ｼﾏﾈ,201,ﾎﾝﾃﾝ
0565,ｼﾏﾈ,202,ﾏﾂｴｴｷﾏｴ
0565,ｼﾏﾈ,203,ﾐﾅﾐ
0565,ｼﾏﾈ,204,ｷﾀ
0565,ｼﾏﾈ,205,ﾂﾀﾞ
0565,ｼﾏﾈ,207,ﾏﾂｴｵﾛｼﾀﾞﾝﾁ
0565,ｼﾏﾈ,208,ﾔﾏｼﾛ
0565,ｼﾏﾈ,209,ｸﾛﾀﾞ
0565,ｼﾏﾈ,210,ｱｹﾞﾉｷﾞ
0565,ｼﾏﾈ,211,ｶﾞｸｴﾝﾄﾞｵﾘ
0565,ｼﾏﾈ,212,ﾏﾂｴﾐﾅﾐ
0565,ｼﾏﾈ,301,ｻｲｺﾞｳ
0565,ｼﾏﾈ,302,ﾔｽｷﾞ
0565,ｼﾏﾈ,401,ﾀﾞｲﾄｳ
0565,ｼﾏﾈ,403,ｳﾝﾅﾝ
0565,ｼﾏﾈ,501,ｲｽﾞﾓ
0565,ｼﾏﾈ,502,ﾀｲｼﾔ
0565,ｼﾏﾈ,503,ﾋﾗﾀ
0565,ｼﾏﾈ,504,ｲｽﾞﾓﾋｶﾞｼ
0565,ｼﾏﾈ,505,ｲｽﾞﾓﾁﾕｳｵｳ
0565,ｼﾏﾈ,506,ﾋｶﾜ
0565,ｼﾏﾈ,601,ｵｵﾀﾞ
0565,ｼﾏﾈ,602,ｺﾞｳﾂ
0565,ｼﾏﾈ,605,ﾊﾏﾀﾞ
0565,ｼﾏﾈ,606,ﾏｽﾀﾞ
0565,ｼﾏﾈ,701,ｶｸﾊﾞﾝﾁﾖｳ
0565,ｼﾏﾈ,702,ｻｶｲ
0565,ｼﾏﾈ,703,ﾈｳ
0565,ｼﾏﾈ,704,ﾖﾅｺﾞｴｷﾏｴ
0565,ｼﾏﾈ,705,ﾖﾅｺﾞ
0565,ｼﾏﾈ,706,ﾖﾅｺﾞﾋｶﾞｼ
0565,ｼﾏﾈ,802,ｸﾗﾖｼ
0565,ｼﾏﾈ,803,ﾄﾂﾄﾘ
0565,ｼﾏﾈ,804,ﾄﾂﾄﾘｴｷﾅﾝ
0565,ｼﾏﾈ,905,ｽﾏ-ﾄﾌｵﾝ
0566,ﾄﾏﾄ,001,ﾎﾝﾃﾝ
0566,ﾄﾏﾄ,002,ﾌｸﾜﾀﾘ
0566,ﾄﾏﾄ,004,ﾀﾞｲｸ
0566,ﾄﾏﾄ,005,ﾎｳｶﾝﾁﾖｳ
0566,ﾄﾏﾄ,007,ｻｲﾀﾞｲｼﾞ
0566,ﾄﾏﾄ,009,ｶﾀｶﾐ
0566,ﾄﾏﾄ,011,ﾜｹ
0566,ﾄﾏﾄ,012,ﾖｼｲ
0566,ﾄﾏﾄ,013,ｾﾄ
0566,ﾄﾏﾄ,014,ﾂﾔﾏ
0566,ﾄﾏﾄ,015,ﾊﾔｼﾉ
0566,ﾄﾏﾄ,017,ｸｾ
0566,ﾄﾏﾄ,018,ﾆｲﾐ
0566,ﾄﾏﾄ,019,ﾀｶﾊｼ
0566,ﾄﾏﾄ,021,ｶﾖｳ
0566,ﾄﾏﾄ,022,ﾅﾘﾜ
0566,ﾄﾏﾄ,023,ｿｳｼﾞﾔ
0566,ﾄﾏﾄ,024,ｸﾗｼｷ
0566,ﾄﾏﾄ,025,ﾐｽﾞｼﾏ
0566,ﾄﾏﾄ,026,ｺｼﾞﾏ
0566,ﾄﾏﾄ,027,ﾀﾏｼﾏ
0566,ﾄﾏﾄ,028,ﾁﾔﾔﾏﾁ
0566,ﾄﾏﾄ,029,ﾀﾏﾉ
0566,ﾄﾏﾄ,030,ｶｻｵｶ
0566,ﾄﾏﾄ,031,ｲﾊﾞﾗ
0566,ﾄﾏﾄ,032,ﾌｸﾔﾏ
0566,ﾄﾏﾄ,035,ﾋﾒｼﾞ
0566,ﾄﾏﾄ,036,ｱｺｳ
0566,ﾄﾏﾄ,037,ﾀﾂﾉ
0566,ﾄﾏﾄ,038,ｺｳﾍﾞ
0566,ﾄﾏﾄ,039,ﾐｶﾄﾞ
0566,ﾄﾏﾄ,040,ｵｶﾔﾏﾐﾅﾐ
0566,ﾄﾏﾄ,042,ｿｳｹﾞﾝｼﾞ
0566,ﾄﾏﾄ,043,ﾅｶｻﾝｹﾞ
0566,ﾄﾏﾄ,045,ｵｵｻｶ
0566,ﾄﾏﾄ,046,ﾉﾀﾞ
0566,ﾄﾏﾄ,047,ﾅｶｼﾏ
0566,ﾄﾏﾄ,048,ﾀｶｼﾏ
0566,ﾄﾏﾄ,049,ﾊﾗｵｼﾏ
0566,ﾄﾏﾄ,050,ｱｵｴ
0566,ﾄﾏﾄ,052,ｵｶﾔﾏｴｷﾏｴ
0566,ﾄﾏﾄ,053,ﾆｼｲﾁ
0566,ﾄﾏﾄ,054,ｾﾉｵ
0566,ﾄﾏﾄ,057,ﾆﾜｾ
0566,ﾄﾏﾄ,058,ﾘﾕｳｿｳ
0566,ﾄﾏﾄ,060,ﾅｶｼﾖｳ
0566,ﾄﾏﾄ,062,ﾄｳｷﾖｳ
0566,ﾄﾏﾄ,063,ﾊﾁｵｳｼﾞ
0566,ﾄﾏﾄ,065,ｵｶﾔﾏﾘﾕｳﾂｳｾﾝﾀ-
0566,ﾄﾏﾄ,066,ｵｶﾔﾏｹﾝﾁﾖｳ
0566,ﾄﾏﾄ,067,ｻｻｵｷ
0566,ﾄﾏﾄ,068,ﾋﾗｲ
0566,ﾄﾏﾄ,070,ﾊﾔｼﾏ
0566,ﾄﾏﾄ,071,ﾔｶｹﾞ
0566,ﾄﾏﾄ,072,ﾅﾀﾞｻｷ
0566,ﾄﾏﾄ,073,ｷﾋﾞﾂ
0566,ﾄﾏﾄ,074,ﾂﾀﾞｶ
0566,ﾄﾏﾄ,076,ﾋﾙｾﾞﾝ
0566,ﾄﾏﾄ,077,ｱｶｲﾜ
0566,ﾄﾏﾄ,078,ﾂﾙｶﾞﾀ
0566,ﾄﾏﾄ,800,ﾓﾓﾀﾛｳ
0569,ﾓﾐｼﾞ,002,ﾎﾝﾃﾝ
0569,ﾓﾐｼﾞ,003,ﾋﾛｼﾏｴｷﾏｴ
0569,ﾓﾐｼﾞ,004,ｵｵｽﾞ
0569,ﾓﾐｼﾞ,005,ｼﾉﾉﾒ
0569,ﾓﾐｼﾞ,006,ｼﾖｳﾜﾏﾁ
0569,ﾓﾐｼﾞ,007,ﾐﾄﾞﾘﾏﾁ
0569,ﾓﾐｼﾞ,008,ｳｼﾞﾅ
0569,ﾓﾐｼﾞ,009,ﾀｶﾉﾊﾞｼ
0569,ﾓﾐｼﾞ,011,ﾖｼｼﾞﾏ
0569,ﾓﾐｼﾞ,012,ﾌﾅｲﾘ
0569,ﾓﾐｼﾞ,013,ｻｶｲﾏﾁ
0569,ﾓﾐｼﾞ,014,ﾃﾝﾏ
0569,ﾓﾐｼﾞ,016,ﾐｻｻ
0569,ﾓﾐｼﾞ,017,ﾋﾛｼﾏﾁﾕｳｵｳ
0569,ﾓﾐｼﾞ,018,ｼﾝﾃﾝﾁ
0569,ﾓﾐｼﾞ,019,ｺｲ
0569,ﾓﾐｼﾞ,020,ｳｼﾀ
0569,ﾓﾐｼﾞ,021,ｶﾝｵﾝ
0569,ﾓﾐｼﾞ,050,ﾋﾛｼﾏﾋｶﾘﾏﾁ
0569,ﾓﾐｼﾞ,051,ｼﾖｳｺｳｾﾝﾀ-
0569,ﾓﾐｼﾞ,053,ﾁﾕｳｵｳｲﾁﾊﾞ
0569,ﾓﾐｼﾞ,054,ﾑｶｲﾅﾀﾞ
0569,ﾓﾐｼﾞ,060,ﾍｻｶ
0569,ﾓﾐｼﾞ,070,ﾌﾙｴ
0569,ﾓﾐｼﾞ,122,ｷﾞｵﾝ
0569,ﾓﾐｼﾞ,123,ﾊﾂｶｲﾁ
0569,ﾓﾐｼﾞ,124,ｶｲﾀ
0569,ﾓﾐｼﾞ,125,ｲﾂｶｲﾁ
0569,ﾓﾐｼﾞ,126,ﾌﾙｲﾁ
0569,ﾓﾐｼﾞ,127,ｱｷﾌﾁﾕｳ
0569,ﾓﾐｼﾞ,128,ｶﾍﾞ
0569,ﾓﾐｼﾞ,130,ｾｲﾌｳｼﾝﾄ
0569,ﾓﾐｼﾞ,132,ｲﾂｶｲﾁｴｷﾏｴ
0569,ﾓﾐｼﾞ,155,ｺｳﾖｳ
0569,ﾓﾐｼﾞ,156,ﾐﾄﾞﾘｲ
0569,ﾓﾐｼﾞ,157,ｺｳﾖｳﾆﾕ-ﾀｳﾝ
0569,ﾓﾐｼﾞ,158,ｾﾉｶﾞﾜ
0569,ﾓﾐｼﾞ,159,ﾔｽ
0569,ﾓﾐｼﾞ,162,ﾔﾉ
0569,ﾓﾐｼﾞ,178,ﾐﾔｳﾁ
0569,ﾓﾐｼﾞ,179,ｻｶ
0569,ﾓﾐｼﾞ,185,ｲﾂｶｲﾁｷﾀ
0569,ﾓﾐｼﾞ,186,ﾇｸｼﾅ
0569,ﾓﾐｼﾞ,187,ｶﾍﾞｷﾀ
0569,ﾓﾐｼﾞ,189,ｸﾏﾉ
0569,ﾓﾐｼﾞ,191,ｵｵﾉ
0569,ﾓﾐｼﾞ,192,ﾇﾏﾀ
0569,ﾓﾐｼﾞ,230,ｸﾚﾁﾕｳｵｳ
0569,ﾓﾐｼﾞ,231,ﾋﾛﾁﾕｳｵｳ
0569,ﾓﾐｼﾞ,344,ﾏﾂﾅｶﾞ
0569,ﾓﾐｼﾞ,345,ﾌｸﾔﾏ
0569,ﾓﾐｼﾞ,347,ﾌｸﾔﾏﾐﾅﾐ
0569,ﾓﾐｼﾞ,350,ｻﾞｵｳ
0569,ﾓﾐｼﾞ,355,ﾌｸﾔﾏｷﾀ
0569,ﾓﾐｼﾞ,360,ｶﾜｸﾞﾁ
0569,ﾓﾐｼﾞ,370,ｴｷﾔ
0569,ﾓﾐｼﾞ,380,ﾋｷﾉ
0569,ﾓﾐｼﾞ,415,ｸﾛｾ
0569,ﾓﾐｼﾞ,432,ｻｲｼﾞﾖｳ
0569,ﾓﾐｼﾞ,433,ﾀｹﾊﾗ
0569,ﾓﾐｼﾞ,435,ﾐﾊﾗ
0569,ﾓﾐｼﾞ,436,ｵﾉﾐﾁ
0569,ﾓﾐｼﾞ,437,ｺｳｻﾞﾝ
0569,ﾓﾐｼﾞ,438,ｲﾝﾉｼﾏﾀｸﾏ
0569,ﾓﾐｼﾞ,439,ﾖｼﾀﾞ
0569,ﾓﾐｼﾞ,440,ﾐﾖｼ
0569,ﾓﾐｼﾞ,443,ﾌﾁﾕｳ
0569,ﾓﾐｼﾞ,445,ﾁﾖﾀﾞ
0569,ﾓﾐｼﾞ,447,ｺｲﾝﾄﾞｵﾘ
0569,ﾓﾐｼﾞ,460,ｶﾝﾅﾍﾞ
0569,ﾓﾐｼﾞ,490,ｻｲｼﾞﾖｳﾐﾅﾐ
0569,ﾓﾐｼﾞ,493,ﾀｶﾔ
0569,ﾓﾐｼﾞ,494,ﾊﾁﾎﾝﾏﾂ
0569,ﾓﾐｼﾞ,560,ｲﾜｸﾆ
0569,ﾓﾐｼﾞ,564,ﾄｸﾔﾏ
0569,ﾓﾐｼﾞ,565,ﾎｳﾌ
0569,ﾓﾐｼﾞ,680,ｵｶﾔﾏ
0569,ﾓﾐｼﾞ,682,ｸﾗｼｷ
0569,ﾓﾐｼﾞ,775,ｺｸﾗ
0569,ﾓﾐｼﾞ,801,ｸﾚ
0569,ﾓﾐｼﾞ,802,ｶﾐﾔﾁﾖｳ
0569,ﾓﾐｼﾞ,804,ｱｷﾂ
0569,ﾓﾐｼﾞ,805,ｵﾝﾄﾞ
0569,ﾓﾐｼﾞ,806,ﾋﾛ
0569,ﾓﾐｼﾞ,809,ｵﾉﾐﾁﾁﾕｳｵｳ
0569,ﾓﾐｼﾞ,811,ﾐﾊﾗﾆｼ
0569,ﾓﾐｼﾞ,812,ｵｵﾀｹ
0569,ﾓﾐｼﾞ,814,ﾖｼｳﾗ
0569,ﾓﾐｼﾞ,815,ﾋﾛｼﾏﾋｶﾞｼ
0569,ﾓﾐｼﾞ,817,ﾌﾁﾕｳﾁﾕｳｵｳ
0569,ﾓﾐｼﾞ,819,ｸﾚｺｳｼﾞﾝ
0569,ﾓﾐｼﾞ,823,ｲﾝﾉｼﾏ
0569,ﾓﾐｼﾞ,824,ｵｵｻｷ
0569,ﾓﾐｼﾞ,826,ｴﾀｼﾞﾏ
0569,ﾓﾐｼﾞ,827,ｱｶﾞ
0569,ﾓﾐｼﾞ,828,ﾌｸﾔﾏﾋｶﾞｼ
0569,ﾓﾐｼﾞ,830,ｷﾞｵﾝﾁﾕｳｵｳ
0569,ﾓﾐｼﾞ,835,ﾌｸﾔﾏﾆｼ
0569,ﾓﾐｼﾞ,838,ｶｽｶﾞ
0569,ﾓﾐｼﾞ,840,ﾔｹﾔﾏ
0569,ﾓﾐｼﾞ,841,ﾔｽﾁﾕｳｵｳ
0569,ﾓﾐｼﾞ,858,ｵｵｶﾞｷ
0569,ﾓﾐｼﾞ,895,ﾄｳｷﾖｳ
0570,ｻｲｷﾖｳ,001,ｼﾓﾉｾｷ
0570,ｻｲｷﾖｳ,002,ﾎﾝﾃﾝ
0570,ｻｲｷﾖｳ,003,ｳﾍﾞ
0570,ｻｲｷﾖｳ,004,ﾎｳﾌ
0570,ｻｲｷﾖｳ,005,ﾋｶﾘ
0570,ｻｲｷﾖｳ,006,ﾊｷﾞ
0570,ｻｲｷﾖｳ,007,ﾔﾅｲ
0570,ｻｲｷﾖｳ,008,ﾔﾏｸﾞﾁ
0570,ｻｲｷﾖｳ,009,ｾﾝｻﾞｷ
0570,ｻｲｷﾖｳ,010,ｲﾜｸﾆ
0570,ｻｲｷﾖｳ,012,ｺｸﾗ
0570,ｻｲｷﾖｳ,013,ｵﾉﾀﾞ
0570,ｻｲｷﾖｳ,014,ｵｵｼﾏ
0570,ｻｲｷﾖｳ,016,ﾄﾝﾀﾞ
0570,ｻｲｷﾖｳ,017,ｶﾗﾄ
0570,ｻｲｷﾖｳ,018,ﾔﾊﾀ
0570,ｻｲｷﾖｳ,019,ｵｺﾞｵﾘ
0570,ｻｲｷﾖｳ,020,ﾅｶﾞﾄ
0570,ｻｲｷﾖｳ,021,ﾐﾈ
0570,ｻｲｷﾖｳ,022,ﾄﾖｳﾗ
0570,ｻｲｷﾖｳ,023,ｱｻ
0570,ｻｲｷﾖｳ,024,ｵﾂﾞｷ
0570,ｻｲｷﾖｳ,025,ﾋﾛｼﾏ
0570,ｻｲｷﾖｳ,026,ﾋｺｼﾏ
0570,ｻｲｷﾖｳ,027,ﾄﾊﾞﾀ
0570,ｻｲｷﾖｳ,028,ﾜｷ
0570,ｻｲｷﾖｳ,030,ｸｶﾞ
0570,ｻｲｷﾖｳ,031,ｸｼｶﾞﾊﾏ
0570,ｻｲｷﾖｳ,032,ｶｲﾀ
0570,ｻｲｷﾖｳ,033,ﾌｸｵｶ
0570,ｻｲｷﾖｳ,034,ｷﾞﾝﾅﾝｶﾞｲ
0570,ｻｲｷﾖｳ,036,ｼﾝﾁ
0570,ｻｲｷﾖｳ,037,ﾐﾅﾐｲﾜｸﾆ
0570,ｻｲｷﾖｳ,038,ｱﾔﾗｷﾞ
0570,ｻｲｷﾖｳ,039,ｼﾕｳﾅﾝ
0570,ｻｲｷﾖｳ,040,ｼﾝｼﾞﾕｸﾄﾞｵﾘ
0570,ｻｲｷﾖｳ,043,ｺｳﾅﾝ
0570,ｻｲｷﾖｳ,044,ｱｸﾄ
0570,ｻｲｷﾖｳ,045,ｻｸﾗｷﾞ
0570,ｻｲｷﾖｳ,046,ｸﾀﾞﾏﾂ
0570,ｻｲｷﾖｳ,048,ﾅｶﾉｾｷ
0570,ｻｲｷﾖｳ,049,ﾀﾌﾞｾ
0570,ｻｲｷﾖｳ,051,ﾆｼﾞｶﾞﾊﾏ
0570,ｻｲｷﾖｳ,052,ｹﾝﾁﾖｳ
0570,ｻｲｷﾖｳ,053,ｵﾝﾀﾞ
0570,ｻｲｷﾖｳ,054,ﾊﾀﾌﾞ
0570,ｻｲｷﾖｳ,056,ﾁﾖｳﾌ
0570,ｻｲｷﾖｳ,057,ｺ-ﾎﾟﾚ-ﾄ
0570,ｻｲｷﾖｳ,059,ｼﾝｼﾓﾉｾｷ
0570,ｻｲｷﾖｳ,060,ﾕﾀﾞ
0570,ｻｲｷﾖｳ,061,ｽｴﾀｹ
0570,ｻｲｷﾖｳ,062,ﾋﾉﾃﾞ
0570,ｻｲｷﾖｳ,063,ﾌｸｶﾞﾜ
0570,ｻｲｷﾖｳ,064,ﾆｼｷﾜ
0570,ｻｲｷﾖｳ,065,ﾑﾚ
0570,ｻｲｷﾖｳ,066,ﾎｼﾌﾟﾗｻﾞ
0570,ｻｲｷﾖｳ,067,ﾋﾗｵ
0570,ｻｲｷﾖｳ,068,ﾕﾒﾀｳﾝﾔﾏｸﾞﾁ
0570,ｻｲｷﾖｳ,070,ﾕｳ
0570,ｻｲｷﾖｳ,072,ｸﾏｹﾞ
0570,ｻｲｷﾖｳ,073,ｱｼﾞｽ
0572,ﾄｸｼﾏﾀｲｼﾖｳ,001,ﾎﾝﾃﾝ
0572,ﾄｸｼﾏﾀｲｼﾖｳ,002,ｱﾅﾝ
0572,ﾄｸｼﾏﾀｲｼﾖｳ,003,ﾅﾙﾄ
0572,ﾄｸｼﾏﾀｲｼﾖｳ,004,ｲｹﾀﾞ
0572,ﾄｸｼﾏﾀｲｼﾖｳ,005,ﾑｷﾞ
0572,ﾄｸｼﾏﾀｲｼﾖｳ,006,ｺﾏﾂｼﾏ
0572,ﾄｸｼﾏﾀｲｼﾖｳ,007,ｲﾁﾊﾞ
0572,ﾄｸｼﾏﾀｲｼﾖｳ,008,ﾅｶｼﾏ
0572,ﾄｸｼﾏﾀｲｼﾖｳ,009,ｶﾓｼﾞﾏ
0572,ﾄｸｼﾏﾀｲｼﾖｳ,010,ｱﾅﾌﾞｷ
0572,ﾄｸｼﾏﾀｲｼﾖｳ,011,ｲﾀﾉ
0572,ﾄｸｼﾏﾀｲｼﾖｳ,013,ｶﾂｳﾗ
0572,ﾄｸｼﾏﾀｲｼﾖｳ,014,ﾀｶﾏﾂ
0572,ﾄｸｼﾏﾀｲｼﾖｳ,015,ｺｳﾁ
0572,ﾄｸｼﾏﾀｲｼﾖｳ,016,ﾋﾜｻ
0572,ﾄｸｼﾏﾀｲｼﾖｳ,017,ｽﾓﾄ
0572,ﾄｸｼﾏﾀｲｼﾖｳ,018,ｻｺ
0572,ﾄｸｼﾏﾀｲｼﾖｳ,019,ﾏﾙｶﾞﾒ
0572,ﾄｸｼﾏﾀｲｼﾖｳ,021,ﾐﾉ
0572,ﾄｸｼﾏﾀｲｼﾖｳ,023,ﾜｼﾞｷ
0572,ﾄｸｼﾏﾀｲｼﾖｳ,024,ｷﾀｼﾞﾏ
0572,ﾄｸｼﾏﾀｲｼﾖｳ,025,ｲｼｲ
0572,ﾄｸｼﾏﾀｲｼﾖｳ,026,ﾀﾁﾊﾞﾅ
0572,ﾄｸｼﾏﾀｲｼﾖｳ,029,ｲﾄｳ
0572,ﾄｸｼﾏﾀｲｼﾖｳ,030,ﾐﾅﾐｱﾜｼﾞ
0572,ﾄｸｼﾏﾀｲｼﾖｳ,031,ｶｲﾌ
0572,ﾄｸｼﾏﾀｲｼﾖｳ,032,ｲﾎｸ
0572,ﾄｸｼﾏﾀｲｼﾖｳ,033,ｼﾖｳﾜﾁﾖｳ
0572,ﾄｸｼﾏﾀｲｼﾖｳ,034,ﾆｹﾝﾔ
0572,ﾄｸｼﾏﾀｲｼﾖｳ,035,ﾏﾂﾔﾏ
0572,ﾄｸｼﾏﾀｲｼﾖｳ,036,ﾄｸｼﾏｴｷﾏｴ
0572,ﾄｸｼﾏﾀｲｼﾖｳ,037,ｵｵｻｶ
0572,ﾄｸｼﾏﾀｲｼﾖｳ,038,ｺｸﾌ
0572,ﾄｸｼﾏﾀｲｼﾖｳ,039,ｽｹﾄｳ
0572,ﾄｸｼﾏﾀｲｼﾖｳ,040,ﾂﾀﾞ
0572,ﾄｸｼﾏﾀｲｼﾖｳ,041,ﾊﾁﾏﾝ
0572,ﾄｸｼﾏﾀｲｼﾖｳ,042,ｶﾓﾅ
0572,ﾄｸｼﾏﾀｲｼﾖｳ,043,ｵｷﾉｽ
0572,ﾄｸｼﾏﾀｲｼﾖｳ,044,ｻｺﾋｶﾞｼ
0572,ﾄｸｼﾏﾀｲｼﾖｳ,045,ﾊﾉｳﾗ
0572,ﾄｸｼﾏﾀｲｼﾖｳ,046,ﾐﾅﾐｼﾖｳﾜﾁﾖｳ
0572,ﾄｸｼﾏﾀｲｼﾖｳ,047,ｱｲｽﾞﾐ
0572,ﾄｸｼﾏﾀｲｼﾖｳ,048,ﾐﾅﾐｺﾏﾂｼﾏ
0572,ﾄｸｼﾏﾀｲｼﾖｳ,049,ｶﾜｳﾁ
0572,ﾄｸｼﾏﾀｲｼﾖｳ,050,ﾔｿ
0572,ﾄｸｼﾏﾀｲｼﾖｳ,051,ｱﾎｸ
0572,ﾄｸｼﾏﾀｲｼﾖｳ,052,ｻｶｲ
0572,ﾄｸｼﾏﾀｲｼﾖｳ,054,ﾜｷﾏﾁ
0572,ﾄｸｼﾏﾀｲｼﾖｳ,055,ﾀｶﾗﾀﾞ
0572,ﾄｸｼﾏﾀｲｼﾖｳ,056,ﾁﾞｿﾞｳﾊﾞｼ
0572,ﾄｸｼﾏﾀｲｼﾖｳ,057,ﾘﾕｳﾂｳｾﾝﾀ-
0572,ﾄｸｼﾏﾀｲｼﾖｳ,058,ｲﾏﾊﾞﾘ
0572,ﾄｸｼﾏﾀｲｼﾖｳ,059,ﾅﾙﾄﾋｶﾞｼ
0572,ﾄｸｼﾏﾀｲｼﾖｳ,060,ｵｵｱｻ
0572,ﾄｸｼﾏﾀｲｼﾖｳ,061,ｶﾐｲﾀ
0572,ﾄｸｼﾏﾀｲｼﾖｳ,062,ｹﾝﾁﾖｳ
0572,ﾄｸｼﾏﾀｲｼﾖｳ,063,ｻﾀﾞﾐﾂ
0572,ﾄｸｼﾏﾀｲｼﾖｳ,064,ﾛﾝﾃﾞﾝ
0572,ﾄｸｼﾏﾀｲｼﾖｳ,065,ﾐｶﾓ
0572,ﾄｸｼﾏﾀｲｼﾖｳ,066,ﾄｳｷﾖｳ
0572,ﾄｸｼﾏﾀｲｼﾖｳ,067,ｸｳｺｳ
0572,ﾄｸｼﾏﾀｲｼﾖｳ,068,ｺｸﾌｷﾀ
0572,ﾄｸｼﾏﾀｲｼﾖｳ,069,ﾍﾞﾝﾃﾝﾁﾖｳ
0572,ﾄｸｼﾏﾀｲｼﾖｳ,070,ｼﾖｳｽﾞｲ
0572,ﾄｸｼﾏﾀｲｼﾖｳ,071,ﾔﾏｶﾜ
0572,ﾄｸｼﾏﾀｲｼﾖｳ,072,ｸﾜﾉ
0572,ﾄｸｼﾏﾀｲｼﾖｳ,073,ﾏﾘﾝﾋﾟｱ
0572,ﾄｸｼﾏﾀｲｼﾖｳ,074,ｺｳﾍﾞ
0572,ﾄｸｼﾏﾀｲｼﾖｳ,075,ｱﾜﾁﾖｳ
0572,ﾄｸｼﾏﾀｲｼﾖｳ,076,ﾋｶﾞｼｵｵｻｶ
0572,ﾄｸｼﾏﾀｲｼﾖｳ,077,ｴｻｶ
0572,ﾄｸｼﾏﾀｲｼﾖｳ,078,ﾐﾅﾐﾓﾘﾏﾁ
0572,ﾄｸｼﾏﾀｲｼﾖｳ,079,ｱﾏｶﾞｻｷ
0572,ﾄｸｼﾏﾀｲｼﾖｳ,080,ｶﾏﾀ
0572,ﾄｸｼﾏﾀｲｼﾖｳ,081,ｶﾒｲﾄﾞ
0572,ﾄｸｼﾏﾀｲｼﾖｳ,082,ｲｹﾌﾞｸﾛ
0572,ﾄｸｼﾏﾀｲｼﾖｳ,099,ﾄｸｷﾞﾝﾈﾂﾄ
0572,ﾄｸｼﾏﾀｲｼﾖｳ,139,ｵｵｻｶﾁﾕｳｵｳ
0572,ﾄｸｼﾏﾀｲｼﾖｳ,140,ﾀﾏﾂｸﾘ
0572,ﾄｸｼﾏﾀｲｼﾖｳ,141,ﾓﾘｼﾖｳｼﾞ
0572,ﾄｸｼﾏﾀｲｼﾖｳ,143,ﾋﾞｼﾖｳｴﾝ
0572,ﾄｸｼﾏﾀｲｼﾖｳ,144,ｿｳｼﾞｼﾞ
0572,ﾄｸｼﾏﾀｲｼﾖｳ,145,ｶﾔｼﾏ
0572,ﾄｸｼﾏﾀｲｼﾖｳ,146,ﾀｶﾐﾉｻﾄ
0572,ﾄｸｼﾏﾀｲｼﾖｳ,147,ﾁﾖﾀﾞ
0572,ﾄｸｼﾏﾀｲｼﾖｳ,148,ｺｸﾌﾞ
0572,ﾄｸｼﾏﾀｲｼﾖｳ,149,ｱｻｶﾔﾏ
0572,ﾄｸｼﾏﾀｲｼﾖｳ,150,ｵﾝﾁﾞ
0572,ﾄｸｼﾏﾀｲｼﾖｳ,151,ﾎﾘｴ
0572,ﾄｸｼﾏﾀｲｼﾖｳ,152,ﾀｶｲﾀﾞ
0572,ﾄｸｼﾏﾀｲｼﾖｳ,153,ﾋｶﾞｼｵｵｻｶﾁﾕｳｵｳ
0572,ﾄｸｼﾏﾀｲｼﾖｳ,154,ｶﾀｼﾓ
0572,ﾄｸｼﾏﾀｲｼﾖｳ,155,ﾀｶﾔｽ
0572,ﾄｸｼﾏﾀｲｼﾖｳ,156,ｻﾔﾏ
0572,ﾄｸｼﾏﾀｲｼﾖｳ,159,ｵｵｻｶｷﾀ
0572,ﾄｸｼﾏﾀｲｼﾖｳ,160,ｵｵﾖﾄﾞ
0572,ﾄｸｼﾏﾀｲｼﾖｳ,161,ﾆｼﾃﾝﾏ
0572,ﾄｸｼﾏﾀｲｼﾖｳ,188,ﾋｶﾞｼｺｳﾍﾞ
0572,ﾄｸｼﾏﾀｲｼﾖｳ,189,ｲﾀﾐ
0572,ﾄｸｼﾏﾀｲｼﾖｳ,191,ｲﾀﾐｷﾀ
0572,ﾄｸｼﾏﾀｲｼﾖｳ,192,ﾀｶﾗﾂﾞｶﾔﾏﾓﾄ
0572,ﾄｸｼﾏﾀｲｼﾖｳ,193,ｲﾅﾉ
0572,ﾄｸｼﾏﾀｲｼﾖｳ,199,ﾓﾓﾔﾏ
0572,ﾄｸｼﾏﾀｲｼﾖｳ,200,ｷﾖｳﾄ
0573,ｶｶﾞﾜ,100,ﾎﾝﾃﾝ
0573,ｶｶﾞﾜ,101,ﾐﾅﾐｼﾝﾏﾁ
0573,ｶｶﾞﾜ,102,ﾋﾖｳｺﾞﾏﾁ
0573,ｶｶﾞﾜ,103,ﾘﾂﾘﾝ
0573,ｶｶﾞﾜ,104,ﾋｶﾞｼ
0573,ｶｶﾞﾜ,105,ﾄｵﾘﾏﾁ
0573,ｶｶﾞﾜ,106,ｺｳｻﾞｲ
0573,ｶｶﾞﾜ,107,ｻｲﾎｳﾁﾖｳ
0573,ｶｶﾞﾜ,108,ﾔｼﾏ
0573,ｶｶﾞﾜ,109,ﾌﾞﾂｼﾖｳｻﾞﾝ
0573,ｶｶﾞﾜ,110,ｷﾀ
0573,ｶｶﾞﾜ,111,ﾀｶﾀ
0573,ｶｶﾞﾜ,112,ｲﾏｻﾞﾄ
0573,ｶｶﾞﾜ,113,ﾁﾕｳｵｳｲﾁﾊﾞ
0573,ｶｶﾞﾜ,114,ﾁﾖｸｼ
0573,ｶｶﾞﾜ,115,ｻﾝｼﾞﾖｳ
0573,ｶｶﾞﾜ,117,ﾐｽﾞﾀ
0573,ｶｶﾞﾜ,118,ｺｸﾌﾞﾝｼﾞ
0573,ｶｶﾞﾜ,119,ｵｶﾓﾄ
0573,ｶｶﾞﾜ,120,ｱｻﾉ
0573,ｶｶﾞﾜ,123,ｶﾀﾓﾄ
0573,ｶｶﾞﾜ,125,ｴﾝｻﾞ
0573,ｶｶﾞﾜ,126,ﾂﾙｲﾁ
0573,ｶｶﾞﾜ,128,ｸｳｺｳｸﾞﾁ
0573,ｶｶﾞﾜ,129,ﾐﾔﾜｷﾁﾖｳ
0573,ｶｶﾞﾜ,130,ｹﾞﾝﾍﾟｲﾄﾞｵﾘ
0573,ｶｶﾞﾜ,131,ﾌｸｵｶﾁﾖｳ
0573,ｶｶﾞﾜ,132,ﾌｾｲｼ
0573,ｶｶﾞﾜ,133,ｶﾜｼﾏ
0573,ｶｶﾞﾜ,135,ｹﾝﾁﾖｳ
0573,ｶｶﾞﾜ,201,ｻﾝﾎﾞﾝﾏﾂ
0573,ｶｶﾞﾜ,202,ﾂﾀﾞ
0573,ｶｶﾞﾜ,203,ｼﾄﾞ
0573,ｶｶﾞﾜ,204,ﾅｶﾞｵ
0573,ｶｶﾞﾜ,205,ﾀｷﾉﾐﾔ
0573,ｶｶﾞﾜ,206,ｼﾖｳﾄﾞｼﾏ
0573,ｶｶﾞﾜ,207,ｳﾁﾉﾐ
0573,ｶｶﾞﾜ,208,ｼﾛﾄﾘ
0573,ｶｶﾞﾜ,209,ﾐｷ
0573,ｶｶﾞﾜ,301,ｻｶｲﾃﾞ
0573,ｶｶﾞﾜ,302,ｳﾀﾂﾞ
0573,ｶｶﾞﾜ,303,ﾏﾙｶﾞﾒ
0573,ｶｶﾞﾜ,304,ﾀﾄﾞﾂ
0573,ｶｶﾞﾜ,305,ｾﾞﾝﾂｳｼﾞ
0573,ｶｶﾞﾜ,306,ｺﾄﾋﾗ
0573,ｶｶﾞﾜ,307,ﾀｸﾏ
0573,ｶｶﾞﾜ,309,ｶﾝｵﾝｼﾞ
0573,ｶｶﾞﾜ,310,ﾊﾝｻﾞﾝ
0573,ｶｶﾞﾜ,311,ﾏﾙｶﾞﾒﾆｼ
0573,ｶｶﾞﾜ,312,ｸﾞﾝｹﾞ
0573,ｶｶﾞﾜ,313,ﾀｶｾ
0573,ｶｶﾞﾜ,314,ﾐﾅﾐ
0573,ｶｶﾞﾜ,315,ｻｶｲﾃﾞﾋｶﾞｼ
0573,ｶｶﾞﾜ,316,ﾏﾝﾉｳ
0573,ｶｶﾞﾜ,317,ｶﾝｵﾝｼﾞﾋｶﾞｼ
0573,ｶｶﾞﾜ,319,ﾄﾞｷﾁﾖｳ
0573,ｶｶﾞﾜ,320,ｱﾔｳﾀ
0573,ｶｶﾞﾜ,401,ｶﾜﾉｴ
0573,ｶｶﾞﾜ,402,ﾐｼﾏ
0573,ｶｶﾞﾜ,403,ﾆｲﾊﾏ
0573,ｶｶﾞﾜ,404,ｻｲｼﾞﾖｳ
0573,ｶｶﾞﾜ,406,ｲﾏﾊﾞﾘ
0573,ｶｶﾞﾜ,501,ﾏﾂﾔﾏ
0573,ｶｶﾞﾜ,502,ﾏﾂﾔﾏﾆｼ
0573,ｶｶﾞﾜ,504,ｵｵｽﾞ
0573,ｶｶﾞﾜ,505,ﾔﾜﾀﾊﾏ
0573,ｶｶﾞﾜ,506,ｳﾜｼﾞﾏ
0573,ｶｶﾞﾜ,507,ｲﾜﾏﾂ
0573,ｶｶﾞﾜ,601,ﾄｸｼﾏ
0573,ｶｶﾞﾜ,603,ﾅﾙﾄ
0573,ｶｶﾞﾜ,701,ｺｳﾁ
0573,ｶｶﾞﾜ,801,ｵｶﾔﾏ
0573,ｶｶﾞﾜ,802,ｺﾄｳﾗ
0573,ｶｶﾞﾜ,803,ﾀﾏﾉ
0573,ｶｶﾞﾜ,804,ｸﾗｼｷ
0573,ｶｶﾞﾜ,805,ｵｶﾔﾏﾐﾅﾐ
0573,ｶｶﾞﾜ,806,ｲﾏﾑﾗ
0573,ｶｶﾞﾜ,807,ﾌｸﾔﾏ
0573,ｶｶﾞﾜ,808,ｸﾗｼｷｺﾐｿﾞ
0573,ｶｶﾞﾜ,809,ﾋﾗｲ
0573,ｶｶﾞﾜ,901,ｵｵｻｶ
0573,ｶｶﾞﾜ,902,ﾍﾞﾝﾃﾝﾁﾖｳ
0573,ｶｶﾞﾜ,903,ｵｵｻｶｷﾀ
0573,ｶｶﾞﾜ,904,ｵｵｻｶﾐﾅﾐ
0573,ｶｶﾞﾜ,905,ｵｵｻｶｼﾞﾖｳﾄｳ
0573,ｶｶﾞﾜ,911,ﾄｳｷﾖｳ
0573,ｶｶﾞﾜ,912,ﾌｶｶﾞﾜ
0573,ｶｶﾞﾜ,913,ｼﾝｼﾞﾕｸ
0573,ｶｶﾞﾜ,914,ｼﾅｶﾞﾜ
0573,ｶｶﾞﾜ,931,ｾﾙﾌｳﾄﾞﾝ
0576,ｴﾋﾒ,001,ﾎﾝﾃﾝ
0576,ｴﾋﾒ,002,ｽｴﾋﾛﾏﾁ
0576,ｴﾋﾒ,003,ｵｵｶｲﾄﾞｳ
0576,ｴﾋﾒ,004,ﾄﾞｳｺﾞ
0576,ｴﾋﾒ,005,ﾎﾝﾏﾁ
0576,ｴﾋﾒ,006,ﾐﾂﾊﾏ
0576,ｴﾋﾒ,007,ｸﾞﾝﾁﾕｳ
0576,ｴﾋﾒ,008,ｸﾏ
0576,ｴﾋﾒ,009,ﾎｳｼﾞﾖｳ
0576,ｴﾋﾒ,010,ﾀﾁﾊﾞﾅ
0576,ｴﾋﾒ,011,ｸﾒ
0576,ｴﾋﾒ,012,ﾖｳｺﾞ
0576,ｴﾋﾒ,013,ｶﾓｶﾞﾜ
0576,ｴﾋﾒ,014,ﾁﾕｳｵｳﾄﾞｵﾘ
0576,ｴﾋﾒ,015,ﾏﾂﾔﾏﾁﾕｳｵｳｲﾁﾊﾞ
0576,ｴﾋﾒ,016,ｼｹﾞﾉﾌﾞ
0576,ｴﾋﾒ,017,ﾌﾙｶﾜ
0576,ｴﾋﾒ,018,ｸﾜﾊﾞﾗ
0576,ｴﾋﾒ,019,ｹﾝﾁﾖｳ
0576,ｴﾋﾒ,020,ﾓﾘﾏﾂ
0576,ｴﾋﾒ,021,ｶﾜﾉｴ
0576,ｴﾋﾒ,022,ﾐｼﾏ
0576,ｴﾋﾒ,023,ﾆｲﾊﾏ
0576,ｴﾋﾒ,024,ｲｽﾞﾐｶﾞﾜ
0576,ｴﾋﾒ,025,ｻｲｼﾞﾖｳ
0576,ｴﾋﾒ,026,ﾋﾐ
0576,ｴﾋﾒ,027,ﾆﾕｳｶﾞﾜ
0576,ｴﾋﾒ,028,ﾀﾝﾊﾞﾗ
0576,ｴﾋﾒ,029,ｲﾏﾊﾞﾘ
0576,ｴﾋﾒ,030,ｱｻﾋﾏﾁ
0576,ｴﾋﾒ,031,ﾊｼﾊﾏ
0576,ｴﾋﾒ,032,ﾊｶﾀ
0576,ｴﾋﾒ,033,ﾕｹﾞ
0576,ｴﾋﾒ,034,ｷｸﾏ
0576,ｴﾋﾒ,035,ﾖｼｳﾐ
0576,ｴﾋﾒ,036,ﾆｲﾊﾏﾋｶﾞｼ
0576,ｴﾋﾒ,037,ﾅｶﾊｷﾞ
0576,ｴﾋﾒ,038,ｲﾏﾊﾞﾘﾋｶﾞｼ
0576,ｴﾋﾒ,039,ﾋﾀﾞｶ
0576,ｴﾋﾒ,040,ｲｲｵｶ
0576,ｴﾋﾒ,041,ﾅｶﾞﾊﾏ
0576,ｴﾋﾒ,042,ｳﾁｺ
0576,ｴﾋﾒ,043,ｵｵｽﾞ
0576,ｴﾋﾒ,044,ﾔﾜﾀﾊﾏ
0576,ｴﾋﾒ,045,ﾐｶﾒ
0576,ｴﾋﾒ,046,ｳﾉﾏﾁ
0576,ｴﾋﾒ,047,ﾉﾑﾗ
0576,ｴﾋﾒ,048,ﾖｼﾀﾞ
0576,ｴﾋﾒ,049,ｳﾜｼﾞﾏ
0576,ｴﾋﾒ,050,ﾁｶﾅｶﾞ
0576,ｴﾋﾒ,051,ｼﾛｶﾜ
0576,ｴﾋﾒ,052,ｼﾞﾖｳﾍﾝ
0576,ｴﾋﾒ,053,ｳﾜｼﾞﾏﾐﾅﾐ
0576,ｴﾋﾒ,054,ｶﾜﾉｲｼ
0576,ｴﾋﾒ,055,ｲﾜﾏﾂ
0576,ｴﾋﾒ,056,ﾏﾂﾔﾏｼﾔｸｼﾖ
0576,ｴﾋﾒ,057,ﾏﾂﾔﾏｽｲｻﾝｲﾁﾊﾞ
0576,ｴﾋﾒ,058,ｸｳｺｳﾄﾞｵﾘ
0576,ｴﾋﾒ,059,ｲｼｲ
0576,ｴﾋﾒ,060,ｹﾝﾘﾂﾁﾕｳｵｳﾋﾞﾖｳｲﾝ
0576,ｴﾋﾒ,061,ｺｳﾁ
0576,ｴﾋﾒ,062,ｶﾐﾏﾁ
0576,ｴﾋﾒ,063,ﾔﾏﾀﾞ
0576,ｴﾋﾒ,064,ﾀｶｵｶ
0576,ｴﾋﾒ,065,ｽｻｷ
0576,ｴﾋﾒ,066,ﾅｶﾑﾗ
0576,ｴﾋﾒ,067,ﾋﾒﾊﾞﾗ
0576,ｴﾋﾒ,068,ｽｸﾓ
0576,ｴﾋﾒ,069,ﾏｻｷ
0576,ｴﾋﾒ,070,ｻｸﾗｲ
0576,ｴﾋﾒ,071,ﾀｶﾏﾂ
0576,ｴﾋﾒ,072,ｻｶｲﾃﾞ
0576,ｴﾋﾒ,073,ﾏﾙｶﾞﾒ
0576,ｴﾋﾒ,074,ｶﾝｵﾝｼﾞ
0576,ｴﾋﾒ,075,ｶﾜｳﾁ
0576,ｴﾋﾒ,077,ﾄﾞｲ
0576,ｴﾋﾒ,078,ｳﾜｼﾞﾏｼﾝﾏﾁ
0576,ｴﾋﾒ,079,ﾐﾌﾞ
0576,ｴﾋﾒ,080,ﾏﾂｽｴ
0576,ｴﾋﾒ,081,ﾄｸｼﾏ
0576,ｴﾋﾒ,082,ﾄｳｷﾖｳ
0576,ｴﾋﾒ,083,ﾕｳｸﾞﾝ
0576,ｴﾋﾒ,085,ﾐﾅﾗ
0576,ｴﾋﾒ,086,ｵｵｲﾀ
0576,ｴﾋﾒ,087,ﾕﾂﾞｷ
0576,ｴﾋﾒ,088,ﾏﾂﾔﾏｴｷﾏｴ
0576,ｴﾋﾒ,089,ﾐﾂﾊﾏﾋｶﾞｼ
0576,ｴﾋﾒ,090,ﾌｸﾔﾏ
0576,ｴﾋﾒ,091,ﾋﾛｼﾏ
0576,ｴﾋﾒ,092,ｵﾉﾐﾁ
0576,ｴﾋﾒ,093,ｵｶﾔﾏ
0576,ｴﾋﾒ,094,ｵｵｻｶ
0576,ｴﾋﾒ,095,ｼﾝｵｵｻｶ
0576,ｴﾋﾒ,096,ｷﾝｾｲ
0576,ｴﾋﾒ,097,ﾅｶﾉｼﾖｳ
0576,ｴﾋﾒ,103,ﾎﾞ-ﾁｴｼｹﾞﾉﾌﾞ
0576,ｴﾋﾒ,104,ﾛ-ﾝｾﾝﾀ-ﾏﾂﾔﾏ
0576,ｴﾋﾒ,105,ﾎﾞ-ﾁｴﾏｻｷ
0576,ｴﾋﾒ,110,ﾊﾝﾃﾞｲﾊﾞﾝｸ
0576,ｴﾋﾒ,111,ﾄﾍﾞ
0576,ｴﾋﾒ,112,ｷｼ
0576,ｴﾋﾒ,114,ｽﾐﾉ
0576,ｴﾋﾒ,115,ﾄｷﾜ
0576,ｴﾋﾒ,116,ﾊﾅﾐｽﾞｷ
0576,ｴﾋﾒ,117,ｶﾜﾋｶﾞｼ
0576,ｴﾋﾒ,118,ｼｺｸﾊﾁｼﾞﾕｳﾊﾁｶｼﾖ
0576,ｴﾋﾒ,119,ｴｲﾃｲｴﾑﾄｳｶﾂ
0578,ｺｳﾁ,001,ﾎﾝﾃﾝ
0578,ｺｳﾁ,002,ﾋｶﾞｼ
0578,ｺｳﾁ,003,ﾆｼ
0578,ｺｳﾁ,004,ﾐﾅﾐ
0578,ｺｳﾁ,005,ｷﾀ
0578,ｺｳﾁ,006,ﾎﾝﾏﾁ
0578,ｺｳﾁ,007,ﾁﾖﾘﾏﾁ
0578,ｺｳﾁ,008,ﾁﾕｳｵｳｲﾁﾊﾞ
0578,ｺｳﾁ,009,ｱｻｸﾗ
0578,ｺｳﾁ,010,ﾅｶﾞﾊﾏ
0578,ｺｳﾁ,013,ﾑﾛﾄ
0578,ｺｳﾁ,014,ｷﾗｶﾞﾜ
0578,ｺｳﾁ,016,ｱｷ
0578,ｺｳﾁ,017,ｱｶｵｶ
0578,ｺｳﾁ,019,ﾔﾏﾀﾞ
0578,ｺｳﾁ,020,ｺﾞﾒﾝ
0578,ｺｳﾁ,021,ﾄﾖﾅｶﾞ
0578,ｺｳﾁ,023,ﾚｲﾎｸ
0578,ｺｳﾁ,025,ｲﾉ
0578,ｺｳﾁ,027,ﾀｶｵｶ
0578,ｺｳﾁ,028,ｳｻ
0578,ｺｳﾁ,029,ｻｶﾜ
0578,ｺｳﾁ,030,ｵﾁ
0578,ｺｳﾁ,031,ｲｹｶﾞﾜ
0578,ｺｳﾁ,032,ｽｻｷ
0578,ｺｳﾁ,033,ﾕｽﾊﾗ
0578,ｺｳﾁ,034,ｸﾎﾞｶﾜ
0578,ｺｳﾁ,035,ﾀｲｼﾖｳ
0578,ｺｳﾁ,036,ｻｶﾞ
0578,ｺｳﾁ,037,ﾅｶﾑﾗ
0578,ｺｳﾁ,038,ｼﾐｽﾞ
0578,ｺｳﾁ,040,ﾄｸｼﾏ
0578,ｺｳﾁ,043,ｱﾅﾝ
0578,ｺｳﾁ,044,ｲｹﾀﾞ
0578,ｺｳﾁ,045,ｼﾞﾖｳﾍﾝ
0578,ｺｳﾁ,046,ｳﾜｼﾞﾏ
0578,ｺｳﾁ,047,ﾔﾜﾀﾊﾏ
0578,ｺｳﾁ,048,ﾏﾂﾔﾏ
0578,ｺｳﾁ,049,ｲﾏﾊﾞﾘ
0578,ｺｳﾁ,050,ﾆｲﾊﾏ
0578,ｺｳﾁ,051,ﾀｶﾏﾂ
0578,ｺｳﾁ,052,ｵｵｻｶ
0578,ｺｳﾁ,053,ﾁﾕｳｹﾞｲ
0578,ｺｳﾁ,055,ｵｶﾔﾏ
0578,ｺｳﾁ,056,ﾏﾏ
0578,ｺｳﾁ,057,ｸﾏｶﾞﾜﾊﾞｼ
0578,ｺｳﾁ,058,ﾀｶｽ
0578,ｺｳﾁ,059,ｲﾂｸ
0578,ｺｳﾁ,060,ﾄｳｷﾖｳ
0578,ｺｳﾁ,061,ﾀｹｼﾏ
0578,ｺｳﾁ,062,ｵﾋﾞﾔﾏﾁ
0578,ｺｳﾁ,063,ｱｻﾋ
0578,ｺｳﾁ,064,ﾌｸｲ
0578,ｺｳﾁ,065,ﾐｻﾄ
0578,ｺｳﾁ,066,ｵｵﾂ
0578,ｺｳﾁ,067,ｱｿﾞｳﾉ
0578,ｺｳﾁ,068,ﾅﾝｺﾞｸ
0578,ｺｳﾁ,069,ｱｻｸﾗﾐﾅﾐ
0578,ｺｳﾁ,070,ｳﾒﾀﾞﾊﾞｼ
0578,ｺｳﾁ,072,ﾉｲﾁ
0578,ｺｳﾁ,073,ｺｳﾀﾞ
0578,ｺｳﾁ,075,ﾋｶﾞｼｸﾏ
0578,ｺｳﾁ,077,ｶﾂﾞﾗｼﾏ
0578,ｺｳﾁ,078,ﾊﾙﾉ
0578,ｺｳﾁ,079,ｽｻｷﾋｶﾞｼ
0578,ｺｳﾁ,080,ｺﾞｻﾞ
0578,ｺｳﾁ,082,ﾊﾘｷﾞ
0578,ｺｳﾁ,083,ﾖｺﾊﾏﾆﾕ-ﾀｳﾝ
0578,ｺｳﾁ,085,ﾄｵﾁ
0578,ｺｳﾁ,086,ｽｸﾓ
0578,ｺｳﾁ,089,ｹﾝﾁﾖｳ
0578,ｺｳﾁ,099,ﾖｻｺｲｵｷﾔｸ
0582,ﾌｸｵｶﾁﾕｳｵｳ,001,ﾎﾝﾃﾝ
0582,ﾌｸｵｶﾁﾕｳｵｳ,002,ﾜﾀﾅﾍﾞﾄﾞｵﾘ
0582,ﾌｸｵｶﾁﾕｳｵｳ,003,ﾆｼｼﾞﾝ
0582,ﾌｸｵｶﾁﾕｳｵｳ,004,ﾊｶﾀ
0582,ﾌｸｵｶﾁﾕｳｵｳ,005,ﾏｲﾀﾞｼ
0582,ﾌｸｵｶﾁﾕｳｵｳ,006,ｻﾞﾂｼﾖﾉｸﾏ
0582,ﾌｸｵｶﾁﾕｳｵｳ,007,ｺｸﾗ
0582,ﾌｸｵｶﾁﾕｳｵｳ,008,ﾓｼﾞ
0582,ﾌｸｵｶﾁﾕｳｵｳ,009,ﾄﾊﾞﾀ
0582,ﾌｸｵｶﾁﾕｳｵｳ,011,ﾜｶﾏﾂ
0582,ﾌｸｵｶﾁﾕｳｵｳ,013,ｲｲﾂﾞｶ
0582,ﾌｸｵｶﾁﾕｳｵｳ,014,ﾉｵｶﾞﾀ
0582,ﾌｸｵｶﾁﾕｳｵｳ,015,ﾀｶﾞﾜ
0582,ﾌｸｵｶﾁﾕｳｵｳ,016,ﾉﾏ
0582,ﾌｸｵｶﾁﾕｳｵｳ,017,ﾕｸﾊｼ
0582,ﾌｸｵｶﾁﾕｳｵｳ,020,ｸﾙﾒ
0582,ﾌｸｵｶﾁﾕｳｵｳ,021,ｵｵﾑﾀ
0582,ﾌｸｵｶﾁﾕｳｵｳ,022,ｵｵｶﾜ
0582,ﾌｸｵｶﾁﾕｳｵｳ,023,ﾔﾒ
0582,ﾌｸｵｶﾁﾕｳｵｳ,024,ｱﾏｷﾞ
0582,ﾌｸｵｶﾁﾕｳｵｳ,025,ｸﾛｻｷ
0582,ﾌｸｵｶﾁﾕｳｵｳ,026,ﾊｶﾀｴｷﾋｶﾞｼ
0582,ﾌｸｵｶﾁﾕｳｵｳ,027,ｶｼｲ
0582,ﾌｸｵｶﾁﾕｳｵｳ,028,ｵｵﾊｼ
0582,ﾌｸｵｶﾁﾕｳｵｳ,029,ﾌﾂｶｲﾁ
0582,ﾌｸｵｶﾁﾕｳｵｳ,030,ﾅｶﾞｵ
0582,ﾌｸｵｶﾁﾕｳｵｳ,031,ﾋﾗｵ
0582,ﾌｸｵｶﾁﾕｳｵｳ,032,ﾊﾗ
0582,ﾌｸｵｶﾁﾕｳｵｳ,033,ﾅﾅｸﾏ
0582,ﾌｸｵｶﾁﾕｳｵｳ,034,ｼﾞﾕｳｶﾞｵｶ
0582,ﾌｸｵｶﾁﾕｳｵｳ,035,ｽｸﾞ
0582,ﾌｸｵｶﾁﾕｳｵｳ,036,ｼﾝﾑﾛﾐ
0582,ﾌｸｵｶﾁﾕｳｵｳ,037,ﾋﾊﾞﾙ
0582,ﾌｸｵｶﾁﾕｳｵｳ,038,ﾂﾙﾀ
0582,ﾌｸｵｶﾁﾕｳｵｳ,039,ﾑﾛﾐｴｷﾏｴ
0582,ﾌｸｵｶﾁﾕｳｵｳ,040,ｵｵﾘ
0582,ﾌｸｵｶﾁﾕｳｵｳ,041,ﾋﾏﾜﾘﾀﾞｲ
0582,ﾌｸｵｶﾁﾕｳｵｳ,042,ﾁｸｼﾄﾞｵﾘ
0582,ﾌｸｵｶﾁﾕｳｵｳ,043,ｸﾙﾒｱｲｶﾜ
0582,ﾌｸｵｶﾁﾕｳｵｳ,045,ﾏｴﾊﾞﾙ
0582,ﾌｸｵｶﾁﾕｳｵｳ,046,ｼﾒ
0583,ｻｶﾞｷﾖｳｴｲ,001,ﾎﾝﾃﾝ
0583,ｻｶﾞｷﾖｳｴｲ,003,ｺｳﾉ
0583,ｻｶﾞｷﾖｳｴｲ,004,ｻｶﾞﾆｼ
0583,ｻｶﾞｷﾖｳｴｲ,006,ｶﾜｿｴ
0583,ｻｶﾞｷﾖｳｴｲ,007,ｶﾗﾂ
0583,ｻｶﾞｷﾖｳｴｲ,008,ﾀｸ
0583,ｻｶﾞｷﾖｳｴｲ,009,ｵｷﾞ
0583,ｻｶﾞｷﾖｳｴｲ,010,ｲﾏﾘ
0583,ｻｶﾞｷﾖｳｴｲ,011,ｱﾘﾀ
0583,ｻｶﾞｷﾖｳｴｲ,012,ﾀｹｵ
0583,ｻｶﾞｷﾖｳｴｲ,013,ｳﾚｼﾉ
0583,ｻｶﾞｷﾖｳｴｲ,014,ｶｼﾏ
0583,ｻｶﾞｷﾖｳｴｲ,015,ｼﾛｲｼ
0583,ｻｶﾞｷﾖｳｴｲ,016,ｺｳﾎｸ
0583,ｻｶﾞｷﾖｳｴｲ,017,ｶﾝｻﾞｷ
0583,ｻｶﾞｷﾖｳｴｲ,018,ﾄｽ
0583,ｻｶﾞｷﾖｳｴｲ,019,ｴﾐ
0583,ｻｶﾞｷﾖｳｴｲ,020,ﾌｸｵｶ
0583,ｻｶﾞｷﾖｳｴｲ,022,ｸﾙﾒ
0583,ｻｶﾞｷﾖｳｴｲ,023,ｻｾﾎ
0583,ｻｶﾞｷﾖｳｴｲ,024,ｻﾀﾞｲﾄﾞｵﾘ
0583,ｻｶﾞｷﾖｳｴｲ,025,ｻｶﾞｷﾀ
0583,ｻｶﾞｷﾖｳｴｲ,026,ｲｲｸﾗ
0583,ｻｶﾞｷﾖｳｴｲ,027,ﾌｸﾄﾞﾐ
0583,ｻｶﾞｷﾖｳｴｲ,028,ﾜｶﾐﾔ
0583,ｻｶﾞｷﾖｳｴｲ,029,ｷﾊﾗ
0583,ｻｶﾞｷﾖｳｴｲ,030,ﾁﾖﾀﾞ
0583,ｻｶﾞｷﾖｳｴｲ,031,ﾔﾏﾄ
0583,ｻｶﾞｷﾖｳｴｲ,032,ﾐﾀｶﾞﾜ
0583,ｻｶﾞｷﾖｳｴｲ,033,ｵｵﾉｼﾞﾖｳ
0583,ｻｶﾞｷﾖｳｴｲ,034,ｷﾔﾏ
0583,ｻｶﾞｷﾖｳｴｲ,036,ﾐﾂｾ
0583,ｻｶﾞｷﾖｳｴｲ,037,ﾋﾖｳｺﾞ
0583,ｻｶﾞｷﾖｳｴｲ,038,ﾔﾖｲｶﾞｵｶ
0583,ｻｶﾞｷﾖｳｴｲ,100,ｲﾝﾀ-ﾈﾂﾄ
0585,ﾅｶﾞｻｷ,100,ﾎﾝﾃﾝ
0585,ﾅｶﾞｻｷ,120,ﾁﾄｾ
0585,ﾅｶﾞｻｷ,130,ｳﾗｶﾐ
0585,ﾅｶﾞｻｷ,140,ｼﾝﾀﾞｲｸﾏﾁ
0585,ﾅｶﾞｻｷ,150,ｼｱﾝﾊﾞｼ
0585,ﾅｶﾞｻｷ,170,ﾅﾒｼ
0585,ﾅｶﾞｻｷ,180,ｴｶﾞﾜ
0585,ﾅｶﾞｻｷ,190,ｼﾛﾔﾏ
0585,ﾅｶﾞｻｷ,210,ﾅｶﾞﾖ
0585,ﾅｶﾞｻｷ,230,ﾄｲｼ
0585,ﾅｶﾞｻｷ,250,ﾄｷﾂ
0585,ﾅｶﾞｻｷ,300,ｲｻﾊﾔ
0585,ﾅｶﾞｻｷ,310,ｵｵﾑﾗ
0585,ﾅｶﾞｻｷ,320,ｼﾏﾊﾞﾗ
0585,ﾅｶﾞｻｷ,330,ｸﾁﾉﾂ
0585,ﾅｶﾞｻｷ,340,ｱﾘｱｹ
0585,ﾅｶﾞｻｷ,360,ﾆｼｵｵﾑﾗ
0585,ﾅｶﾞｻｷ,400,ｻｾﾎ
0585,ﾅｶﾞｻｷ,420,ｵｵｾﾄ
0585,ﾅｶﾞｻｷ,500,ｻｶﾞ
0585,ﾅｶﾞｻｷ,530,ｱﾘﾀ
0585,ﾅｶﾞｻｷ,900,ｸﾏﾓﾄ
0585,ﾅｶﾞｻｷ,910,ﾔﾂｼﾛ
0587,ｸﾏﾓﾄ,001,ﾁﾕｳｵｳ
0587,ｸﾏﾓﾄ,002,ｶﾜｼﾘ
0587,ｸﾏﾓﾄ,003,ｽｲｾﾞﾝｼﾞ
0587,ｸﾏﾓﾄ,004,ｼﾓﾄｵﾘ
0587,ｸﾏﾓﾄ,005,ｼﾞﾖｳｷﾞﾖｳｼﾞ
0587,ｸﾏﾓﾄ,006,ﾀｻｷ
0587,ｸﾏﾓﾄ,009,ﾀｸﾏ
0587,ｸﾏﾓﾄ,010,ﾐﾅﾐｸﾏﾓﾄ
0587,ｸﾏﾓﾄ,011,ｼﾐｽﾞ
0587,ｸﾏﾓﾄ,012,ﾀﾏﾅ
0587,ｸﾏﾓﾄ,013,ﾐﾔﾁﾞ
0587,ｸﾏﾓﾄ,017,ｵｸﾞﾆ
0587,ｸﾏﾓﾄ,018,ﾊﾏﾏﾁ
0587,ｸﾏﾓﾄ,019,ﾆﾂｾｷﾄﾞｵﾘ
0587,ｸﾏﾓﾄ,020,ﾑｻｼｶﾞｵｶ
0587,ｸﾏﾓﾄ,021,ﾋﾄﾖｼ
0587,ｸﾏﾓﾄ,023,ﾐﾅﾏﾀ
0587,ｸﾏﾓﾄ,026,ﾐﾔﾉﾊﾗ
0587,ｸﾏﾓﾄ,027,ﾀﾗｷﾞ
0587,ｸﾏﾓﾄ,029,ｼﾝｵｵｴ
0587,ｸﾏﾓﾄ,031,ｱﾗｵ
0587,ｸﾏﾓﾄ,035,ﾌｸｵｶ
0587,ｸﾏﾓﾄ,043,ｲｽﾞﾐ
0587,ｸﾏﾓﾄ,045,ｾﾝﾀﾞｲ
0587,ｸﾏﾓﾄ,047,ﾀﾑｶｴ
0587,ｸﾏﾓﾄ,049,ｿｳｼﾞﾖｳﾀﾞｲﾄﾞｵﾘ
0587,ｸﾏﾓﾄ,050,ﾋｶﾞｼﾀｸﾏ
0587,ｸﾏﾓﾄ,053,ﾀﾞｲﾆｸｳｺｳﾄﾞｵﾘ
0587,ｸﾏﾓﾄ,056,ｵｵｴｼﾗｶﾜ
0587,ｸﾏﾓﾄ,100,ﾎﾝﾃﾝ
0587,ｸﾏﾓﾄ,101,ﾊﾅﾊﾞﾀ
0587,ｸﾏﾓﾄ,102,ｺｶｲﾊﾞｼ
0587,ｸﾏﾓﾄ,107,ｹﾝｸﾞﾝ
0587,ｸﾏﾓﾄ,108,ﾊｸｻﾞﾝﾄﾞｵﾘ
0587,ｸﾏﾓﾄ,109,ﾎﾀｸﾎﾞ
0587,ｸﾏﾓﾄ,110,ｸｽﾉｷ
0587,ｸﾏﾓﾄ,111,ｻｸﾗｷﾞ
0587,ｸﾏﾓﾄ,114,ﾏｼｷ
0587,ｸﾏﾓﾄ,115,ｷｸﾅﾝ
0587,ｸﾏﾓﾄ,116,ｷﾖｳﾏﾁﾀﾞｲ
0587,ｸﾏﾓﾄ,120,ｾｲｻﾞﾝﾁﾕｳｶﾞｸﾏｴ
0587,ｸﾏﾓﾄ,124,ﾁｶﾐ
0587,ｸﾏﾓﾄ,126,ｱｿｳﾀﾞ
0587,ｸﾏﾓﾄ,129,ｺｳｼ
0587,ｸﾏﾓﾄ,130,ｳｽﾊﾞ
0587,ｸﾏﾓﾄ,131,ｹﾝﾁﾖｳ
0587,ｸﾏﾓﾄ,132,ｷｸﾖｳ
0587,ｸﾏﾓﾄ,133,ｶｼﾏ
0587,ｸﾏﾓﾄ,201,ﾔﾂｼﾛ
0587,ｸﾏﾓﾄ,202,ﾔﾏｶﾞ
0587,ｸﾏﾓﾄ,204,ｱﾏｸｻ
0587,ｸﾏﾓﾄ,207,ｳｼﾌﾞｶ
0587,ｸﾏﾓﾄ,208,ｷｸﾁ
0587,ｸﾏﾓﾄ,209,ｳﾄ
0587,ｸﾏﾓﾄ,210,ﾐｽﾐ
0587,ｸﾏﾓﾄ,211,ｵｵﾂﾞ
0587,ｸﾏﾓﾄ,212,ｱｿ
0587,ｸﾏﾓﾄ,213,ｶｶﾞﾐ
0587,ｸﾏﾓﾄ,215,ﾏﾂﾊﾞｾ
0587,ｸﾏﾓﾄ,216,ﾅﾝｶﾝ
0587,ｸﾏﾓﾄ,217,ﾃﾝｽｲ
0587,ｸﾏﾓﾄ,219,ｵｵﾔﾉ
0587,ｸﾏﾓﾄ,220,ﾏﾂｴﾄﾞｵﾘ
0587,ｸﾏﾓﾄ,291,ｳｴｷ
0587,ｸﾏﾓﾄ,292,ｲﾂﾜ
0587,ｸﾏﾓﾄ,293,ﾏﾂｼﾏ
0587,ｸﾏﾓﾄ,303,ﾓﾛｵｶ
0587,ｸﾏﾓﾄ,320,ｸﾙﾒ
0587,ｸﾏﾓﾄ,330,ｵｵﾑﾀ
0587,ｸﾏﾓﾄ,501,ｶｺﾞｼﾏ
0590,ﾎｳﾜ,001,ﾎﾝﾃﾝ
0590,ﾎｳﾜ,002,ﾋｶﾞｼ
0590,ﾎｳﾜ,003,ﾂﾙｻｷ
0590,ﾎｳﾜ,004,ﾍﾞﾂﾌﾟ
0590,ﾎｳﾜ,005,ｶﾒｶﾞﾜ
0590,ﾎｳﾜ,006,ﾋﾀ
0590,ﾎｳﾜ,008,ｻｲｷ
0590,ﾎｳﾜ,009,ｳｽｷ
0590,ﾎｳﾜ,010,ﾂｸﾐ
0590,ﾎｳﾜ,011,ﾀｹﾀ
0590,ﾎｳﾜ,012,ﾀｶﾀﾞ
0590,ﾎｳﾜ,013,ｷﾂｷ
0590,ﾎｳﾜ,014,ｸﾆｻﾞｷ
0590,ﾎｳﾜ,015,ﾋｼﾞ
0590,ﾎｳﾜ,019,ｳｻ
0590,ﾎｳﾜ,020,ﾅｶﾞｽ
0590,ﾎｳﾜ,022,ﾐﾅﾐｵｵｲﾀ
0590,ﾎｳﾜ,023,ﾌｸｵｶ
0590,ﾎｳﾜ,024,ｷﾀｷﾕｳｼﾕｳ
0590,ﾎｳﾜ,026,ｸﾏﾓﾄ
0590,ﾎｳﾜ,029,ｹﾝﾁﾖｳﾏｴ
0590,ﾎｳﾜ,033,ｱｹﾉ
0590,ﾎｳﾜ,034,ｳｴﾉ
0590,ﾎｳﾜ,035,ｿｳﾀﾞ
0590,ﾎｳﾜ,037,ﾑﾅｶﾀ
0590,ﾎｳﾜ,038,ﾌｼﾞﾐｶﾞｵｶ
0590,ﾎｳﾜ,039,ｵｵｻﾞｲ
0590,ﾎｳﾜ,040,ﾐﾂﾖｼ
0590,ﾎｳﾜ,042,ﾅｶﾂ
0590,ﾎｳﾜ,043,ｼﾝﾍﾞﾂﾌﾟ
0590,ﾎｳﾜ,045,ﾏｷ
0590,ﾎｳﾜ,046,ｵｵﾐﾁ
0590,ﾎｳﾜ,048,ｶｸ
0590,ﾎｳﾜ,049,ｲｼｶﾞｷ
0590,ﾎｳﾜ,050,ﾂﾙｻｷﾐﾅﾐ
0590,ﾎｳﾜ,051,ﾌﾙｺﾞｳ
0590,ﾎｳﾜ,053,ﾐｴ
0590,ﾎｳﾜ,054,ﾍﾂｷﾞ
0590,ﾎｳﾜ,055,ｸｽ
0590,ﾎｳﾜ,058,ｼﾓｺﾞｵﾘ
0590,ﾎｳﾜ,059,ﾕﾌｲﾝ
0590,ﾎｳﾜ,060,ﾜｻﾀﾞ
0591,ﾐﾔｻﾞｷﾀｲﾖｳ,002,ﾎﾝﾃﾝ
0591,ﾐﾔｻﾞｷﾀｲﾖｳ,003,ﾐﾅﾐ
0591,ﾐﾔｻﾞｷﾀｲﾖｳ,004,ｷﾀ
0591,ﾐﾔｻﾞｷﾀｲﾖｳ,005,ｱ-ﾄｾﾝﾀ-
0591,ﾐﾔｻﾞｷﾀｲﾖｳ,006,ﾀﾞｲｸﾏﾁ
0591,ﾐﾔｻﾞｷﾀｲﾖｳ,007,ﾊﾅｶﾞｼﾏ
0591,ﾐﾔｻﾞｷﾀｲﾖｳ,008,ｱｵｼﾏ
0591,ﾐﾔｻﾞｷﾀｲﾖｳ,009,ｸﾆﾄﾐ
0591,ﾐﾔｻﾞｷﾀｲﾖｳ,010,ﾆｼｻﾄﾞﾜﾗ
0591,ﾐﾔｻﾞｷﾀｲﾖｳ,011,ｱｵﾊﾞﾁﾖｳ
0591,ﾐﾔｻﾞｷﾀｲﾖｳ,012,ｷﾖｳﾂﾞｶ
0591,ﾐﾔｻﾞｷﾀｲﾖｳ,013,ﾍｲﾜﾀﾞｲ
0591,ﾐﾔｻﾞｷﾀｲﾖｳ,014,ﾐﾔｻﾞｷｲﾁﾊﾞ
0591,ﾐﾔｻﾞｷﾀｲﾖｳ,015,ｼﾞﾖｳｶﾞｻｷ
0591,ﾐﾔｻﾞｷﾀｲﾖｳ,016,ﾎﾘｶﾜﾁﾖｳ
0591,ﾐﾔｻﾞｷﾀｲﾖｳ,017,ｵｵﾂｶ
0591,ﾐﾔｻﾞｷﾀｲﾖｳ,018,ﾌﾅﾂｶ
0591,ﾐﾔｻﾞｷﾀｲﾖｳ,019,ｷﾖﾀｹ
0591,ﾐﾔｻﾞｷﾀｲﾖｳ,020,ﾉﾍﾞｵｶﾁﾕｳｵｳ
0591,ﾐﾔｻﾞｷﾀｲﾖｳ,021,ﾀｶﾅﾍﾞ
0591,ﾐﾔｻﾞｷﾀｲﾖｳ,022,ｻｲﾄ
0591,ﾐﾔｻﾞｷﾀｲﾖｳ,023,ﾂﾉ
0591,ﾐﾔｻﾞｷﾀｲﾖｳ,024,ｻﾄﾞﾜﾗ
0591,ﾐﾔｻﾞｷﾀｲﾖｳ,025,ﾀﾉ
0591,ﾐﾔｻﾞｷﾀｲﾖｳ,026,ｽﾐﾖｼ
0591,ﾐﾔｻﾞｷﾀｲﾖｳ,027,ｱｶｴ
0591,ﾐﾔｻﾞｷﾀｲﾖｳ,029,ｵｵﾂｶｷﾀ
0591,ﾐﾔｻﾞｷﾀｲﾖｳ,031,ﾉﾍﾞｵｶ
0591,ﾐﾔｻﾞｷﾀｲﾖｳ,032,ﾐﾅﾐﾉﾍﾞｵｶ
0591,ﾐﾔｻﾞｷﾀｲﾖｳ,033,ﾀｶﾁﾎ
0591,ﾐﾔｻﾞｷﾀｲﾖｳ,034,ｶﾄﾞｶﾞﾜ
0591,ﾐﾔｻﾞｷﾀｲﾖｳ,035,ﾋﾕｳｶﾞ
0591,ﾐﾔｻﾞｷﾀｲﾖｳ,036,ｲﾃﾞｷﾀ
0591,ﾐﾔｻﾞｷﾀｲﾖｳ,037,ｻﾞｲｺｳｼﾞ
0591,ﾐﾔｻﾞｷﾀｲﾖｳ,038,ﾋﾕｳｶﾞｷﾀ
0591,ﾐﾔｻﾞｷﾀｲﾖｳ,041,ﾐﾔｺﾉｼﾞﾖｳ
0591,ﾐﾔｻﾞｷﾀｲﾖｳ,042,ﾐﾔｺﾉｼﾞﾖｳｷﾀ
0591,ﾐﾔｻﾞｷﾀｲﾖｳ,043,ｺﾊﾞﾔｼ
0591,ﾐﾔｻﾞｷﾀｲﾖｳ,044,ｱﾌﾞﾗﾂ
0591,ﾐﾔｻﾞｷﾀｲﾖｳ,045,ｵﾋﾞ
0591,ﾐﾔｻﾞｷﾀｲﾖｳ,046,ｸｼﾏ
0591,ﾐﾔｻﾞｷﾀｲﾖｳ,047,ﾄﾎｸﾁﾖｳ
0591,ﾐﾔｻﾞｷﾀｲﾖｳ,048,ｱﾔﾒﾊﾞﾙ
0591,ﾐﾔｻﾞｷﾀｲﾖｳ,049,ﾐﾏﾀ
0591,ﾐﾔｻﾞｷﾀｲﾖｳ,050,ﾀｶｵ
0591,ﾐﾔｻﾞｷﾀｲﾖｳ,051,ｶｺﾞｼﾏ
0591,ﾐﾔｻﾞｷﾀｲﾖｳ,052,ｶﾉﾔ
0591,ﾐﾔｻﾞｷﾀｲﾖｳ,053,ｾﾝﾀﾞｲ
0591,ﾐﾔｻﾞｷﾀｲﾖｳ,054,ｺｸﾌﾞ
0591,ﾐﾔｻﾞｷﾀｲﾖｳ,055,ﾐﾅﾐｶｺﾞｼﾏ
0591,ﾐﾔｻﾞｷﾀｲﾖｳ,063,ｻｲｷ
0591,ﾐﾔｻﾞｷﾀｲﾖｳ,071,ﾌｸｵｶ
0591,ﾐﾔｻﾞｷﾀｲﾖｳ,333,ﾀｲﾖｳﾈﾂﾄ
0594,ﾐﾅﾐﾆﾂﾎﾟﾝ,100,ﾎﾝﾃﾝ
0594,ﾐﾅﾐﾆﾂﾎﾟﾝ,101,ｹﾝﾁﾖｳ
0594,ﾐﾅﾐﾆﾂﾎﾟﾝ,110,ﾃﾝﾓﾝｶﾝ
0594,ﾐﾅﾐﾆﾂﾎﾟﾝ,120,ｱﾗﾀ
0594,ﾐﾅﾐﾆﾂﾎﾟﾝ,130,ﾁﾕｳｵｳ
0594,ﾐﾅﾐﾆﾂﾎﾟﾝ,140,ｲｼｷ
0594,ﾐﾅﾐﾆﾂﾎﾟﾝ,150,ﾜｷﾀﾞ
0594,ﾐﾅﾐﾆﾂﾎﾟﾝ,151,ﾎｼｶﾞﾐﾈ
0594,ﾐﾅﾐﾆﾂﾎﾟﾝ,160,ｼﾞﾖｳﾅﾝ
0594,ﾐﾅﾐﾆﾂﾎﾟﾝ,170,ﾆｼﾀﾞ
0594,ﾐﾅﾐﾆﾂﾎﾟﾝ,180,ｶﾓｲｹ
0594,ﾐﾅﾐﾆﾂﾎﾟﾝ,190,ｶﾝﾏﾁ
0594,ﾐﾅﾐﾆﾂﾎﾟﾝ,191,ﾖｼﾉ
0594,ﾐﾅﾐﾆﾂﾎﾟﾝ,192,ﾒｲﾜ
0594,ﾐﾅﾐﾆﾂﾎﾟﾝ,193,ｹﾀﾞﾅ
0594,ﾐﾅﾐﾆﾂﾎﾟﾝ,199,ﾆｼﾀﾆﾔﾏ
0594,ﾐﾅﾐﾆﾂﾎﾟﾝ,200,ﾀﾆﾔﾏ
0594,ﾐﾅﾐﾆﾂﾎﾟﾝ,201,ｵﾛｼﾎﾝﾏﾁ
0594,ﾐﾅﾐﾆﾂﾎﾟﾝ,202,ﾀﾏｻﾞﾄ
0594,ﾐﾅﾐﾆﾂﾎﾟﾝ,203,ﾖｼﾞﾛｳｶﾞﾊﾏ
0594,ﾐﾅﾐﾆﾂﾎﾟﾝ,204,ﾑﾗｻｷﾊﾞﾙ
0594,ﾐﾅﾐﾆﾂﾎﾟﾝ,205,ﾋｶﾞｼﾀﾆﾔﾏ
0594,ﾐﾅﾐﾆﾂﾎﾟﾝ,206,ｿｳﾑﾀ
0594,ﾐﾅﾐﾆﾂﾎﾟﾝ,209,ｻｸﾗｶﾞｵｶ
0594,ﾐﾅﾐﾆﾂﾎﾟﾝ,210,ｲﾌﾞｽｷ
0594,ﾐﾅﾐﾆﾂﾎﾟﾝ,211,ｷｲﾚ
0594,ﾐﾅﾐﾆﾂﾎﾟﾝ,220,ｺｸﾌﾞ
0594,ﾐﾅﾐﾆﾂﾎﾟﾝ,225,ﾊﾔﾄ
0594,ﾐﾅﾐﾆﾂﾎﾟﾝ,230,ｶｼﾞｷ
0594,ﾐﾅﾐﾆﾂﾎﾟﾝ,231,ｱｲﾗ
0594,ﾐﾅﾐﾆﾂﾎﾟﾝ,240,ﾀﾈｶﾞｼﾏ
0594,ﾐﾅﾐﾆﾂﾎﾟﾝ,250,ﾔｸｼﾏ
0594,ﾐﾅﾐﾆﾂﾎﾟﾝ,251,ｱﾝﾎﾞｳ
0594,ﾐﾅﾐﾆﾂﾎﾟﾝ,260,ｵｵｼﾏ
0594,ﾐﾅﾐﾆﾂﾎﾟﾝ,300,ｾﾝﾀﾞｲ
0594,ﾐﾅﾐﾆﾂﾎﾟﾝ,301,ｶﾐｾﾝﾀﾞｲ
0594,ﾐﾅﾐﾆﾂﾎﾟﾝ,310,ｲｽﾞﾐ
0594,ﾐﾅﾐﾆﾂﾎﾟﾝ,320,ｱｸﾈ
0594,ﾐﾅﾐﾆﾂﾎﾟﾝ,330,ﾐﾔﾉｼﾞﾖｳ
0594,ﾐﾅﾐﾆﾂﾎﾟﾝ,340,ｵｵｸﾁ
0594,ﾐﾅﾐﾆﾂﾎﾟﾝ,350,ｸｼｷﾉ
0594,ﾐﾅﾐﾆﾂﾎﾟﾝ,360,ｺｼｷｼﾞﾏ
0594,ﾐﾅﾐﾆﾂﾎﾟﾝ,361,ｼﾓｺｼｷ
0594,ﾐﾅﾐﾆﾂﾎﾟﾝ,373,ﾐﾅﾐﾈﾂﾄ
0594,ﾐﾅﾐﾆﾂﾎﾟﾝ,400,ｶﾉﾔ
0594,ﾐﾅﾐﾆﾂﾎﾟﾝ,401,ｶｻﾉﾊﾗ
0594,ﾐﾅﾐﾆﾂﾎﾟﾝ,410,ﾀﾙﾐｽﾞ
0594,ﾐﾅﾐﾆﾂﾎﾟﾝ,420,ｼﾌﾞｼ
0594,ﾐﾅﾐﾆﾂﾎﾟﾝ,500,ｶｾﾀﾞ
0594,ﾐﾅﾐﾆﾂﾎﾟﾝ,510,ﾌｷｱｹﾞ
0594,ﾐﾅﾐﾆﾂﾎﾟﾝ,520,ｲｼﾞﾕｳｲﾝ
0594,ﾐﾅﾐﾆﾂﾎﾟﾝ,530,ｶﾜﾅﾍﾞ
0594,ﾐﾅﾐﾆﾂﾎﾟﾝ,540,ﾏｸﾗｻﾞｷ
0594,ﾐﾅﾐﾆﾂﾎﾟﾝ,550,ｴｲ
0594,ﾐﾅﾐﾆﾂﾎﾟﾝ,600,ﾐﾔｻﾞｷ
0594,ﾐﾅﾐﾆﾂﾎﾟﾝ,630,ﾐﾔｺﾉｼﾞﾖｳ
0594,ﾐﾅﾐﾆﾂﾎﾟﾝ,650,ｽｴﾖｼ
0594,ﾐﾅﾐﾆﾂﾎﾟﾝ,700,ｸﾏﾓﾄ
0594,ﾐﾅﾐﾆﾂﾎﾟﾝ,760,ﾀﾏﾅ
0594,ﾐﾅﾐﾆﾂﾎﾟﾝ,800,ﾔﾂｼﾛ
0594,ﾐﾅﾐﾆﾂﾎﾟﾝ,820,ﾋﾄﾖｼ
0594,ﾐﾅﾐﾆﾂﾎﾟﾝ,900,ﾌｸｵｶ
0594,ﾐﾅﾐﾆﾂﾎﾟﾝ,960,ｺｸﾗ
0594,ﾐﾅﾐﾆﾂﾎﾟﾝ,991,ﾄｳｷﾖｳ
0596,ｵｷﾅﾜｶｲﾎｳ,002,ﾎﾝﾃﾝ
0596,ｵｷﾅﾜｶｲﾎｳ,010,ﾏﾂｵ
0596,ｵｷﾅﾜｶｲﾎｳ,016,ﾂﾎﾞｶﾞﾜ
0596,ｵｷﾅﾜｶｲﾎｳ,017,ﾄﾏﾘ
0596,ｵｷﾅﾜｶｲﾎｳ,018,ｱｼﾞﾔ
0596,ｵｷﾅﾜｶｲﾎｳ,019,ﾏｶﾋﾞ
0596,ｵｷﾅﾜｶｲﾎｳ,021,ﾂﾁﾞﾏﾁ
0596,ｵｷﾅﾜｶｲﾎｳ,023,ﾐﾊﾗ
0596,ｵｷﾅﾜｶｲﾎｳ,024,ﾖｾﾐﾔ
0596,ｵｷﾅﾜｶｲﾎｳ,025,ｼﾕﾘ
0596,ｵｷﾅﾜｶｲﾎｳ,026,ｵﾛｸ
0596,ｵｷﾅﾜｶｲﾎｳ,027,ﾀｶﾗ
0596,ｵｷﾅﾜｶｲﾎｳ,028,ﾃﾗ
0596,ｵｷﾅﾜｶｲﾎｳ,029,ﾏﾀﾞﾝﾊﾞｼ
0596,ｵｷﾅﾜｶｲﾎｳ,030,ﾄﾐｼﾛ
0596,ｵｷﾅﾜｶｲﾎｳ,031,ﾊｴﾊﾞﾙ
0596,ｵｷﾅﾜｶｲﾎｳ,032,ｲﾄﾏﾝ
0596,ｵｷﾅﾜｶｲﾎｳ,033,ﾖﾅﾊﾞﾙ
0596,ｵｷﾅﾜｶｲﾎｳ,034,ｾﾘｷﾔｸ
0596,ｵｷﾅﾜｶｲﾎｳ,035,ﾏｴﾊﾗ
0596,ｵｷﾅﾜｶｲﾎｳ,036,ｳﾁﾏ
0596,ｵｷﾅﾜｶｲﾎｳ,037,ﾆｼﾊﾗ
0596,ｵｷﾅﾜｶｲﾎｳ,038,ﾐﾅﾄｶﾞﾜ
0596,ｵｷﾅﾜｶｲﾎｳ,039,ｷﾞﾉﾜﾝ
0596,ｵｷﾅﾜｶｲﾎｳ,040,ｳﾗｿｴ
0596,ｵｷﾅﾜｶｲﾎｳ,041,ｵｵｼﾞﾔﾅ
0596,ｵｷﾅﾜｶｲﾎｳ,042,ﾌﾃﾝﾏ
0596,ｵｷﾅﾜｶｲﾎｳ,043,ﾓﾛﾐ
0596,ｵｷﾅﾜｶｲﾎｳ,044,ｺｻﾞ
0596,ｵｷﾅﾜｶｲﾎｳ,045,ﾐｻﾄ
0596,ｵｷﾅﾜｶｲﾎｳ,046,ﾁﾔﾀﾝ
0596,ｵｷﾅﾜｶｲﾎｳ,047,ﾆｼｻﾞｷ
0596,ｵｷﾅﾜｶｲﾎｳ,048,ｱﾜｾ
0596,ｵｷﾅﾜｶｲﾎｳ,049,ｱｶﾐﾁ
0596,ｵｷﾅﾜｶｲﾎｳ,050,ｱｹﾞﾅ
0596,ｵｷﾅﾜｶｲﾎｳ,051,ｲｼｶﾜ
0596,ｵｷﾅﾜｶｲﾎｳ,052,ｶﾃﾞﾅ
0596,ｵｷﾅﾜｶｲﾎｳ,053,ﾖﾐﾀﾝ
0596,ｵｷﾅﾜｶｲﾎｳ,054,ﾂｶｻﾞﾝ
0596,ｵｷﾅﾜｶｲﾎｳ,055,ｼﾝﾄｼﾝ
0596,ｵｷﾅﾜｶｲﾎｳ,056,ﾔﾝﾊﾞﾙ
0596,ｵｷﾅﾜｶｲﾎｳ,057,ﾃﾀﾞｺ
0596,ｵｷﾅﾜｶｲﾎｳ,058,ﾔｴｾ
0596,ｵｷﾅﾜｶｲﾎｳ,059,ｵｵﾜﾝ
0596,ｵｷﾅﾜｶｲﾎｳ,060,ﾅｺﾞ
0596,ｵｷﾅﾜｶｲﾎｳ,061,ﾓﾄﾌﾞ
0596,ｵｷﾅﾜｶｲﾎｳ,062,ｸﾆｶﾞﾐ
0596,ｵｷﾅﾜｶｲﾎｳ,070,ﾐﾔｺ
0596,ｵｷﾅﾜｶｲﾎｳ,080,ﾔｴﾔﾏ
0596,ｵｷﾅﾜｶｲﾎｳ,102,ｹﾝﾁﾖｳﾅｲ
0603,ｶﾝｺｸｻﾝｷﾞﾖｳ,001,ﾄｳｷﾖｳ
0607,ｼﾖｳｶｼﾖｳｷﾞﾖｳ,001,ﾄｳｷﾖｳ
0608,ｳｴﾙｽﾞ.ﾌｱ-ｺﾞ,001,ﾄｳｷﾖｳ
0611,ﾀﾞｲｲﾁｼﾖｳｷﾞﾖｳ,001,ﾄｳｷﾖｳ
0612,ﾀｲﾜﾝ,001,ﾄｳｷﾖｳ
0615,ｺｳﾂｳ,001,ﾄｳｷﾖｳ
0616,ﾒﾄﾛﾎﾟﾘﾀﾝ,453,ﾄｳｷﾖｳ
0616,ﾒﾄﾛﾎﾟﾘﾀﾝ,458,ｵｵｻｶ
0617,ﾌｲﾘﾋﾟﾝ.ﾅｼﾖﾅﾙ,001,ﾄｳｷﾖｳ
0617,ﾌｲﾘﾋﾟﾝ.ﾅｼﾖﾅﾙ,002,ﾅｺﾞﾔ
0619,ﾁﾕｳｺﾞｸｺｳｼﾖｳ,001,ﾄｳｷﾖｳ
0619,ﾁﾕｳｺﾞｸｺｳｼﾖｳ,002,ｵｵｻｶ
0619,ﾁﾕｳｺﾞｸｺｳｼﾖｳ,003,ｲｹﾌﾞｸﾛ
0621,ﾁﾕｳｺﾞｸｼﾝﾀｸｼﾖｳｷﾞ,001,ﾄｳｷﾖｳ
0623,ｲﾝﾃ-ｻﾞ.ｻﾝﾊﾟｵﾛ,001,ﾄｳｷﾖｳ
0624,ｺｸﾐﾝ,001,ﾄｳｷﾖｳ
0625,ﾁﾕｳｺﾞｸｹﾝｾﾂ,100,ﾄｳｷﾖｳ
0625,ﾁﾕｳｺﾞｸｹﾝｾﾂ,200,ｵｵｻｶ
0627,ﾋﾞﾙﾊﾞｵ.ﾋﾞｽｶﾔ.ｱﾙ,001,ﾄｳｷﾖｳ
0630,ﾁﾕｳｺﾞｸﾉｳｷﾞﾖｳ,001,ﾄｳｷﾖｳ
0631,ﾀｲｼﾝｺｸｻｲｼﾖｳｷﾞﾖｳ,001,ﾄｳｷﾖｳ
0632,ｲｲｻﾝ,001,ﾄｳｷﾖｳ
0633,ﾀｲﾜﾝﾁﾕｳｼﾖｳｷｷﾞﾖｳ,001,ﾄｳｷﾖｳ
1000,ｼﾝｷﾝﾁﾕｳｵｳｷﾝｺ,001,ﾎﾂｶｲﾄﾞｳ
1000,ｼﾝｷﾝﾁﾕｳｵｳｷﾝｺ,003,ﾄｳﾎｸ
1000,ｼﾝｷﾝﾁﾕｳｵｳｷﾝｺ,004,ﾎﾝﾃﾝ
1000,ｼﾝｷﾝﾁﾕｳｵｳｷﾝｺ,009,ﾎｸﾘｸ
1000,ｼﾝｷﾝﾁﾕｳｵｳｷﾝｺ,010,ｼｽﾞｵｶ
1000,ｼﾝｷﾝﾁﾕｳｵｳｷﾝｺ,011,ﾅｺﾞﾔ
1000,ｼﾝｷﾝﾁﾕｳｵｳｷﾝｺ,013,ｵｵｻｶ
1000,ｼﾝｷﾝﾁﾕｳｵｳｷﾝｺ,014,ｺｳﾍﾞ
1000,ｼﾝｷﾝﾁﾕｳｵｳｷﾝｺ,017,ﾁﾕｳｺﾞｸ
1000,ｼﾝｷﾝﾁﾕｳｵｳｷﾝｺ,018,ｼｺｸ
1000,ｼﾝｷﾝﾁﾕｳｵｳｷﾝｺ,020,ﾌｸｵｶ
1000,ｼﾝｷﾝﾁﾕｳｵｳｷﾝｺ,021,ﾐﾅﾐｷﾕｳｼﾕｳ
1001,ﾎﾂｶｲﾄﾞｳｼﾝｷﾝ,001,ﾎﾝﾃﾝ
1001,ﾎﾂｶｲﾄﾞｳｼﾝｷﾝ,002,ﾄﾖﾋﾗ
1001,ﾎﾂｶｲﾄﾞｳｼﾝｷﾝ,005,ﾔﾏﾊﾅﾁﾕｳｵｳ
1001,ﾎﾂｶｲﾄﾞｳｼﾝｷﾝ,007,ｺﾄﾆ
1001,ﾎﾂｶｲﾄﾞｳｼﾝｷﾝ,008,ﾁﾕｳｵｳﾆｼ
1001,ﾎﾂｶｲﾄﾞｳｼﾝｷﾝ,012,ﾎﾛｷﾀ
1001,ﾎﾂｶｲﾄﾞｳｼﾝｷﾝ,013,ｺｳｾｲ
1001,ﾎﾂｶｲﾄﾞｳｼﾝｷﾝ,014,ﾅﾝｺﾞｳ
1001,ﾎﾂｶｲﾄﾞｳｼﾝｷﾝ,015,ﾂｷｻﾑ
1001,ﾎﾂｶｲﾄﾞｳｼﾝｷﾝ,017,ｼﾝｺﾄﾆ
1001,ﾎﾂｶｲﾄﾞｳｼﾝｷﾝ,018,ｶﾜｿﾞｴ
1001,ﾎﾂｶｲﾄﾞｳｼﾝｷﾝ,019,ｻｶｴﾏﾁ
1001,ﾎﾂｶｲﾄﾞｳｼﾝｷﾝ,020,ﾊﾂｻﾑ
1001,ﾎﾂｶｲﾄﾞｳｼﾝｷﾝ,021,ｽﾐｶﾜ
1001,ﾎﾂｶｲﾄﾞｳｼﾝｷﾝ,022,ｷﾖﾀ
1001,ﾎﾂｶｲﾄﾞｳｼﾝｷﾝ,023,ｼﾝｻﾂﾎﾟﾛ
1001,ﾎﾂｶｲﾄﾞｳｼﾝｷﾝ,024,ﾎｸﾄ
1001,ﾎﾂｶｲﾄﾞｳｼﾝｷﾝ,025,ﾓﾄﾏﾁ
1001,ﾎﾂｶｲﾄﾞｳｼﾝｷﾝ,026,ﾋﾗｵｶ
1001,ﾎﾂｶｲﾄﾞｳｼﾝｷﾝ,028,ｷｸｽｲ
1001,ﾎﾂｶｲﾄﾞｳｼﾝｷﾝ,029,ﾃｲﾈ
1001,ﾎﾂｶｲﾄﾞｳｼﾝｷﾝ,030,ｼﾉﾛ
1001,ﾎﾂｶｲﾄﾞｳｼﾝｷﾝ,031,ﾋｶﾞｼﾅｴﾎﾞ
1001,ﾎﾂｶｲﾄﾞｳｼﾝｷﾝ,032,ｻﾂﾎﾟﾛｴｷｷﾀｸﾞﾁ
1001,ﾎﾂｶｲﾄﾞｳｼﾝｷﾝ,051,ﾁﾄｾ
1001,ﾎﾂｶｲﾄﾞｳｼﾝｷﾝ,052,ｴﾆﾜ
1001,ﾎﾂｶｲﾄﾞｳｼﾝｷﾝ,053,ｼﾏﾏﾂ
1001,ﾎﾂｶｲﾄﾞｳｼﾝｷﾝ,054,ｷﾀﾋﾛｼﾏ
1001,ﾎﾂｶｲﾄﾞｳｼﾝｷﾝ,055,ｲｼｶﾘ
1001,ﾎﾂｶｲﾄﾞｳｼﾝｷﾝ,057,ﾒｸﾞﾐﾉ
1001,ﾎﾂｶｲﾄﾞｳｼﾝｷﾝ,059,ｴﾍﾞﾂ
1001,ﾎﾂｶｲﾄﾞｳｼﾝｷﾝ,060,ﾄｳﾍﾞﾂ
1001,ﾎﾂｶｲﾄﾞｳｼﾝｷﾝ,061,ﾉﾂﾎﾟﾛ
1001,ﾎﾂｶｲﾄﾞｳｼﾝｷﾝ,062,ﾂｷｶﾞﾀ
1001,ﾎﾂｶｲﾄﾞｳｼﾝｷﾝ,063,ｼﾝｼﾉﾂ
1001,ﾎﾂｶｲﾄﾞｳｼﾝｷﾝ,064,ｵｵｱｻ
1001,ﾎﾂｶｲﾄﾞｳｼﾝｷﾝ,065,ｺﾞﾁﾖｳﾒ
1001,ﾎﾂｶｲﾄﾞｳｼﾝｷﾝ,101,ﾖｲﾁ
1001,ﾎﾂｶｲﾄﾞｳｼﾝｷﾝ,102,ｻﾜﾏﾁ
1001,ﾎﾂｶｲﾄﾞｳｼﾝｷﾝ,103,ﾆｷ
1001,ﾎﾂｶｲﾄﾞｳｼﾝｷﾝ,104,ｸﾂﾁﾔﾝ
1001,ﾎﾂｶｲﾄﾞｳｼﾝｷﾝ,105,ｷﾓﾍﾞﾂ
1001,ﾎﾂｶｲﾄﾞｳｼﾝｷﾝ,106,ｽﾂﾂ
1001,ﾎﾂｶｲﾄﾞｳｼﾝｷﾝ,107,ｸﾛﾏﾂﾅｲ
1001,ﾎﾂｶｲﾄﾞｳｼﾝｷﾝ,108,ﾆｾｺ
1001,ﾎﾂｶｲﾄﾞｳｼﾝｷﾝ,109,ﾗﾝｺｼ
1001,ﾎﾂｶｲﾄﾞｳｼﾝｷﾝ,110,ﾏﾂｶﾘ
1001,ﾎﾂｶｲﾄﾞｳｼﾝｷﾝ,111,ｷﾖｳｺﾞｸ
1001,ﾎﾂｶｲﾄﾞｳｼﾝｷﾝ,113,ｵｵﾄﾞｵﾘﾐﾅﾐ
1001,ﾎﾂｶｲﾄﾞｳｼﾝｷﾝ,114,ｱｻﾘ
1001,ﾎﾂｶｲﾄﾞｳｼﾝｷﾝ,115,ﾌｸｽﾞﾐ
1001,ﾎﾂｶｲﾄﾞｳｼﾝｷﾝ,116,ﾆｼﾉ
1001,ﾎﾂｶｲﾄﾞｳｼﾝｷﾝ,117,ｱｹﾎﾞﾉ
1001,ﾎﾂｶｲﾄﾞｳｼﾝｷﾝ,118,ﾙｽﾂ
1001,ﾎﾂｶｲﾄﾞｳｼﾝｷﾝ,120,ｼﾝﾄﾞｳﾋｶﾞｼ
1001,ﾎﾂｶｲﾄﾞｳｼﾝｷﾝ,122,ｼﾏﾏｷ
1001,ﾎﾂｶｲﾄﾞｳｼﾝｷﾝ,123,ｷﾖｳﾜ
1001,ﾎﾂｶｲﾄﾞｳｼﾝｷﾝ,127,ｵｼﾔﾏﾝﾍﾞ
1001,ﾎﾂｶｲﾄﾞｳｼﾝｷﾝ,129,ｲﾜﾅｲ
1001,ﾎﾂｶｲﾄﾞｳｼﾝｷﾝ,134,ﾋｶﾞｼｻﾂﾎﾟﾛ
1001,ﾎﾂｶｲﾄﾞｳｼﾝｷﾝ,135,ｼﾛｲｼ
1001,ﾎﾂｶｲﾄﾞｳｼﾝｷﾝ,136,ﾊｸﾖｳ
1001,ﾎﾂｶｲﾄﾞｳｼﾝｷﾝ,137,ﾁﾕｳｵｳｼｼﾞﾖｳ
1001,ﾎﾂｶｲﾄﾞｳｼﾝｷﾝ,138,ﾊﾅｶﾜ
1001,ﾎﾂｶｲﾄﾞｳｼﾝｷﾝ,139,ｷﾀﾉﾄﾞｵﾘ
1001,ﾎﾂｶｲﾄﾞｳｼﾝｷﾝ,143,ﾕｳﾊﾞﾘﾁﾕｳｵｳ
1001,ﾎﾂｶｲﾄﾞｳｼﾝｷﾝ,148,ﾌﾙﾋﾞﾗ
1001,ﾎﾂｶｲﾄﾞｳｼﾝｷﾝ,149,ﾋﾞｸﾆ
1001,ﾎﾂｶｲﾄﾞｳｼﾝｷﾝ,201,ｵﾀﾙ
1001,ﾎﾂｶｲﾄﾞｳｼﾝｷﾝ,202,ﾀｶｼﾏ
1001,ﾎﾂｶｲﾄﾞｳｼﾝｷﾝ,203,ﾃﾐﾔ
1001,ﾎﾂｶｲﾄﾞｳｼﾝｷﾝ,204,ﾅｶﾞﾊｼ
1001,ﾎﾂｶｲﾄﾞｳｼﾝｷﾝ,205,ﾐﾄﾞﾘ
1001,ﾎﾂｶｲﾄﾞｳｼﾝｷﾝ,206,ｲﾘﾌﾈ
1001,ﾎﾂｶｲﾄﾞｳｼﾝｷﾝ,207,ｾﾞﾆﾊﾞｺ
1001,ﾎﾂｶｲﾄﾞｳｼﾝｷﾝ,208,ﾃｲﾈｴｷﾏｴ
1001,ﾎﾂｶｲﾄﾞｳｼﾝｷﾝ,210,ﾊﾁｹﾝ
1001,ﾎﾂｶｲﾄﾞｳｼﾝｷﾝ,211,ﾐｿﾉ
1001,ﾎﾂｶｲﾄﾞｳｼﾝｷﾝ,212,ｵｶﾀﾞﾏ
1001,ﾎﾂｶｲﾄﾞｳｼﾝｷﾝ,217,ｻｸﾗ
1003,ﾑﾛﾗﾝｼﾝｷﾝ,001,ﾎﾝﾃﾝ
1003,ﾑﾛﾗﾝｼﾝｷﾝ,002,ﾜﾆｼ
1003,ﾑﾛﾗﾝｼﾝｷﾝ,003,ﾎﾞｺｲ
1003,ﾑﾛﾗﾝｼﾝｷﾝ,004,ﾓﾄﾜﾆｼ
1003,ﾑﾛﾗﾝｼﾝｷﾝ,005,ﾅｶｼﾞﾏ
1003,ﾑﾛﾗﾝｼﾝｷﾝ,006,ﾋｶﾞｼﾏﾁ
1003,ﾑﾛﾗﾝｼﾝｷﾝ,007,ｵﾊｼﾅｲ
1003,ﾑﾛﾗﾝｼﾝｷﾝ,008,ﾀｶｻｺﾞ
1003,ﾑﾛﾗﾝｼﾝｷﾝ,009,ﾎﾛﾍﾞﾂ
1003,ﾑﾛﾗﾝｼﾝｷﾝ,010,ﾉﾎﾞﾘﾍﾞﾂｵﾝｾﾝ
1003,ﾑﾛﾗﾝｼﾝｷﾝ,011,ｼﾗｵｲ
1003,ﾑﾛﾗﾝｼﾝｷﾝ,012,ﾊｷﾞﾉ
1003,ﾑﾛﾗﾝｼﾝｷﾝ,013,ﾄﾏｺﾏｲ
1003,ﾑﾛﾗﾝｼﾝｷﾝ,014,ｻﾂﾎﾟﾛ
1003,ﾑﾛﾗﾝｼﾝｷﾝ,015,ﾊｸﾁﾖｳﾀﾞｲ
1003,ﾑﾛﾗﾝｼﾝｷﾝ,016,ﾜｼﾍﾞﾂ
1003,ﾑﾛﾗﾝｼﾝｷﾝ,017,ﾄﾏｺﾏｲﾁﾕｳｵｳ
1003,ﾑﾛﾗﾝｼﾝｷﾝ,018,ｻﾂﾎﾟﾛｷﾀ
1003,ﾑﾛﾗﾝｼﾝｷﾝ,019,ﾉﾎﾞﾘﾍﾞﾂ
1003,ﾑﾛﾗﾝｼﾝｷﾝ,020,ﾆｼｷｵｶ
1003,ﾑﾛﾗﾝｼﾝｷﾝ,021,ﾋｶﾞｼﾑﾛﾗﾝｴｷﾏｴ
1003,ﾑﾛﾗﾝｼﾝｷﾝ,022,ｺｳﾀﾞｲﾏｴ
1003,ﾑﾛﾗﾝｼﾝｷﾝ,023,ﾌｼﾞﾁﾖｳ
1003,ﾑﾛﾗﾝｼﾝｷﾝ,024,ｺｼﾞﾖｳﾊﾏ
1003,ﾑﾛﾗﾝｼﾝｷﾝ,025,ﾜｶｸｻ
1003,ﾑﾛﾗﾝｼﾝｷﾝ,026,ﾀﾞﾃ
1003,ﾑﾛﾗﾝｼﾝｷﾝ,027,ｲｵﾝﾉﾎﾞﾘﾍﾞﾂ
1004,ｿﾗﾁｼﾝｷﾝ,010,ﾎﾝﾃﾝ
1004,ｿﾗﾁｼﾝｷﾝ,014,ﾎﾛﾑｲ
1004,ｿﾗﾁｼﾝｷﾝ,015,ｸﾘｻﾜ
1004,ｿﾗﾁｼﾝｷﾝ,017,ﾃﾂﾎｸ
1004,ｿﾗﾁｼﾝｷﾝ,018,ﾋﾉﾃﾞ
1004,ｿﾗﾁｼﾝｷﾝ,019,ﾐｿﾉ
1004,ｿﾗﾁｼﾝｷﾝ,020,ﾋﾞﾊﾞｲ
1004,ｿﾗﾁｼﾝｷﾝ,030,ﾐｶｻ
1004,ｿﾗﾁｼﾝｷﾝ,040,ｸﾘﾔﾏ
1004,ｿﾗﾁｼﾝｷﾝ,042,ﾕﾆ
1004,ｿﾗﾁｼﾝｷﾝ,044,ﾅｶﾞﾇﾏ
1004,ｿﾗﾁｼﾝｷﾝ,045,ﾅﾝﾎﾟﾛ
1004,ｿﾗﾁｼﾝｷﾝ,050,ｻﾂﾎﾟﾛ
1004,ｿﾗﾁｼﾝｷﾝ,051,ｴﾍﾞﾂ
1004,ｿﾗﾁｼﾝｷﾝ,052,ｻﾂﾎﾟﾛｷﾀ
1004,ｿﾗﾁｼﾝｷﾝ,053,ｺﾄﾆ
1004,ｿﾗﾁｼﾝｷﾝ,054,ｼﾛｲｼ
1004,ｿﾗﾁｼﾝｷﾝ,055,ﾋﾗｷﾞｼ
1004,ｿﾗﾁｼﾝｷﾝ,056,ｱﾂﾍﾞﾂ
1004,ｿﾗﾁｼﾝｷﾝ,057,ｻﾂﾎﾟﾛﾆｼ
1004,ｿﾗﾁｼﾝｷﾝ,058,ｻﾂﾎﾟﾛﾋｶﾞｼ
1006,ﾄﾏｺﾏｲｼﾝｷﾝ,010,ﾎﾝﾃﾝ
1006,ﾄﾏｺﾏｲｼﾝｷﾝ,011,ｻｸﾗｷﾞ
1006,ﾄﾏｺﾏｲｼﾝｷﾝ,014,ﾆｼｷｵｶ
1006,ﾄﾏｺﾏｲｼﾝｷﾝ,015,ｱｹﾉ
1006,ﾄﾏｺﾏｲｼﾝｷﾝ,016,ｶﾜｿﾞｴ
1006,ﾄﾏｺﾏｲｼﾝｷﾝ,017,ｼﾝｶｲ
1006,ﾄﾏｺﾏｲｼﾝｷﾝ,018,ﾇﾏﾉﾊﾀｷﾀ
1006,ﾄﾏｺﾏｲｼﾝｷﾝ,019,ｼﾔｸｼﾖ
1006,ﾄﾏｺﾏｲｼﾝｷﾝ,021,ﾐﾄﾞﾘﾏﾁ
1006,ﾄﾏｺﾏｲｼﾝｷﾝ,022,ﾆｼ
1006,ﾄﾏｺﾏｲｼﾝｷﾝ,023,ﾅｶﾉ
1006,ﾄﾏｺﾏｲｼﾝｷﾝ,024,ｲﾄｲ
1006,ﾄﾏｺﾏｲｼﾝｷﾝ,025,ｻﾝｼﾞﾖｳ
1006,ﾄﾏｺﾏｲｼﾝｷﾝ,026,ﾐｿﾉ
1006,ﾄﾏｺﾏｲｼﾝｷﾝ,027,ｺｳﾖｳ
1006,ﾄﾏｺﾏｲｼﾝｷﾝ,028,ﾇﾏﾉﾊﾀ
1006,ﾄﾏｺﾏｲｼﾝｷﾝ,029,ｽﾐｶﾜ
1006,ﾄﾏｺﾏｲｼﾝｷﾝ,030,ｻﾂﾎﾟﾛ
1006,ﾄﾏｺﾏｲｼﾝｷﾝ,032,ｻﾂﾎﾟﾛｷﾀ
1006,ﾄﾏｺﾏｲｼﾝｷﾝ,033,ﾁﾄｾ
1006,ﾄﾏｺﾏｲｼﾝｷﾝ,034,ｵｻﾂ
1006,ﾄﾏｺﾏｲｼﾝｷﾝ,035,ﾄﾖﾋﾗ
1006,ﾄﾏｺﾏｲｼﾝｷﾝ,041,ﾑｶﾜ
1006,ﾄﾏｺﾏｲｼﾝｷﾝ,042,ｱﾂﾞﾏ
1006,ﾄﾏｺﾏｲｼﾝｷﾝ,043,ﾋﾞﾗﾄﾘ
1006,ﾄﾏｺﾏｲｼﾝｷﾝ,044,ﾎﾍﾞﾂ
1006,ﾄﾏｺﾏｲｼﾝｷﾝ,047,ﾓﾝﾍﾞﾂ
1006,ﾄﾏｺﾏｲｼﾝｷﾝ,048,ﾆｲｶﾂﾌﾟ
1006,ﾄﾏｺﾏｲｼﾝｷﾝ,049,ﾄﾐｶﾜ
1006,ﾄﾏｺﾏｲｼﾝｷﾝ,051,ｼﾗｵｲ
1008,ﾎｸﾓﾝｼﾝｷﾝ,001,ﾎﾝﾃﾝ
1008,ﾎｸﾓﾝｼﾝｷﾝ,002,ｴﾍﾞｵﾂ
1008,ﾎｸﾓﾝｼﾝｷﾝ,003,ｶﾐｽﾅｶﾞﾜ
1008,ﾎｸﾓﾝｼﾝｷﾝ,004,ｳﾗｳｽ
1008,ﾎｸﾓﾝｼﾝｷﾝ,005,ｽﾅｶﾞﾜ
1008,ﾎｸﾓﾝｼﾝｷﾝ,006,ﾅｲｴ
1008,ﾎｸﾓﾝｼﾝｷﾝ,007,ｳﾀｼﾅｲ
1008,ﾎｸﾓﾝｼﾝｷﾝ,009,ｱｼﾍﾞﾂ
1008,ﾎｸﾓﾝｼﾝｷﾝ,010,ｼﾝﾄﾂｶﾜ
1008,ﾎｸﾓﾝｼﾝｷﾝ,012,ｱｶﾋﾞﾗ
1008,ﾎｸﾓﾝｼﾝｷﾝ,013,ﾀｷｶﾜｷﾀ
1008,ﾎｸﾓﾝｼﾝｷﾝ,014,ｻﾂﾎﾟﾛ
1008,ﾎｸﾓﾝｼﾝｷﾝ,015,ｲﾜﾐｻﾞﾜ
1008,ﾎｸﾓﾝｼﾝｷﾝ,018,ﾌｼﾞﾉ
1008,ﾎｸﾓﾝｼﾝｷﾝ,019,ｱﾂﾍﾞﾂﾆｼ
1008,ﾎｸﾓﾝｼﾝｷﾝ,020,ｼﾉﾛ
1008,ﾎｸﾓﾝｼﾝｷﾝ,021,ｼﾛｲｼ
1008,ﾎｸﾓﾝｼﾝｷﾝ,022,ｼﾝｺﾄﾆ
1008,ﾎｸﾓﾝｼﾝｷﾝ,023,ﾉﾂﾎﾟﾛ
1008,ﾎｸﾓﾝｼﾝｷﾝ,024,ﾃｲﾈﾏｴﾀﾞ
1008,ﾎｸﾓﾝｼﾝｷﾝ,026,ｻｶｴﾏﾁ
1008,ﾎｸﾓﾝｼﾝｷﾝ,027,ﾁﾄｾ
1008,ﾎｸﾓﾝｼﾝｷﾝ,028,ｲｼｶﾘ
1009,ﾀﾞﾃｼﾝｷﾝ,001,ﾎﾝﾃﾝ
1009,ﾀﾞﾃｼﾝｷﾝ,002,ｱﾌﾞﾀ
1009,ﾀﾞﾃｼﾝｷﾝ,004,ﾄｳﾔｵﾝｾﾝ
1009,ﾀﾞﾃｼﾝｷﾝ,006,ｿｳﾍﾞﾂ
1009,ﾀﾞﾃｼﾝｷﾝ,010,ﾑﾛﾗﾝ
1009,ﾀﾞﾃｼﾝｷﾝ,011,ﾜｼﾍﾞﾂ
1009,ﾀﾞﾃｼﾝｷﾝ,016,ﾋｶﾞｼﾏﾁ
1010,ｷﾀｿﾗﾁｼﾝｷﾝ,001,ﾎﾝﾃﾝ
1010,ｷﾀｿﾗﾁｼﾝｷﾝ,002,ﾓｾｳｼ
1010,ｷﾀｿﾗﾁｼﾝｷﾝ,003,ﾇﾏﾀ
1010,ｷﾀｿﾗﾁｼﾝｷﾝ,004,ｵｻﾑﾅｲ
1010,ｷﾀｿﾗﾁｼﾝｷﾝ,005,ﾎﾛｶﾅｲ
1010,ｷﾀｿﾗﾁｼﾝｷﾝ,007,ﾁﾂﾌﾟﾍﾞﾂ
1010,ｷﾀｿﾗﾁｼﾝｷﾝ,008,ｳﾘﾕｳ
1010,ｷﾀｿﾗﾁｼﾝｷﾝ,009,ﾎｸﾘﾕｳ
1010,ｷﾀｿﾗﾁｼﾝｷﾝ,010,ｱｻﾋｶﾜ
1010,ｷﾀｿﾗﾁｼﾝｷﾝ,011,ﾀｷｶﾜ
1010,ｷﾀｿﾗﾁｼﾝｷﾝ,012,ﾆｼ
1010,ｷﾀｿﾗﾁｼﾝｷﾝ,014,ｻﾂﾎﾟﾛ
1010,ｷﾀｿﾗﾁｼﾝｷﾝ,015,ｱｻﾌﾞ
1011,ﾋﾀﾞｶｼﾝｷﾝ,001,ﾎﾝﾃﾝ
1011,ﾋﾀﾞｶｼﾝｷﾝ,002,ｼｽﾞﾅｲ
1011,ﾋﾀﾞｶｼﾝｷﾝ,003,ﾐﾂｲｼ
1011,ﾋﾀﾞｶｼﾝｷﾝ,004,ｻﾏﾆ
1011,ﾋﾀﾞｶｼﾝｷﾝ,005,ｴﾘﾓ
1011,ﾋﾀﾞｶｼﾝｷﾝ,006,ﾋﾛｵ
1011,ﾋﾀﾞｶｼﾝｷﾝ,009,ｻｶｲﾏﾁ
1011,ﾋﾀﾞｶｼﾝｷﾝ,011,ｻﾂﾎﾟﾛ
1013,ｵｼﾏｼﾝｷﾝ,001,ﾎﾝﾃﾝ
1013,ｵｼﾏｼﾝｷﾝ,003,ｼｶﾍﾞ
1013,ｵｼﾏｼﾝｷﾝ,005,ｵｵﾉ
1013,ｵｼﾏｼﾝｷﾝ,006,ﾔｸﾓ
1013,ｵｼﾏｼﾝｷﾝ,007,ｼﾝｾﾀﾅ
1013,ｵｼﾏｼﾝｷﾝ,011,ﾊｺﾀﾞﾃ
1013,ｵｼﾏｼﾝｷﾝ,012,ｺﾞﾘﾖｳｶｸ
1013,ｵｼﾏｼﾝｷﾝ,013,ｶﾒﾀﾞ
1013,ｵｼﾏｼﾝｷﾝ,014,ｶﾐｲｿ
1013,ｵｼﾏｼﾝｷﾝ,015,ｱｶﾏﾂｶｲﾄﾞｳ
1013,ｵｼﾏｼﾝｷﾝ,016,ｻﾂﾎﾟﾛ
1014,ﾄﾞｳﾅﾝｳﾐﾏﾁｼﾝｷﾝ,001,ﾎﾝﾃﾝ
1014,ﾄﾞｳﾅﾝｳﾐﾏﾁｼﾝｷﾝ,002,ｶﾐﾉｸﾆ
1014,ﾄﾞｳﾅﾝｳﾐﾏﾁｼﾝｷﾝ,003,ｸﾏｲｼ
1014,ﾄﾞｳﾅﾝｳﾐﾏﾁｼﾝｷﾝ,004,ｵﾄﾍﾞ
1014,ﾄﾞｳﾅﾝｳﾐﾏﾁｼﾝｷﾝ,005,ｱﾂｻﾌﾞ
1014,ﾄﾞｳﾅﾝｳﾐﾏﾁｼﾝｷﾝ,006,ﾌｸｼﾏ
1014,ﾄﾞｳﾅﾝｳﾐﾏﾁｼﾝｷﾝ,007,ｵｸｼﾘ
1014,ﾄﾞｳﾅﾝｳﾐﾏﾁｼﾝｷﾝ,009,ﾊｺﾀﾞﾃ
1014,ﾄﾞｳﾅﾝｳﾐﾏﾁｼﾝｷﾝ,010,ﾏﾂﾏｴ
1014,ﾄﾞｳﾅﾝｳﾐﾏﾁｼﾝｷﾝ,011,ﾅﾅｴﾊﾏ
1014,ﾄﾞｳﾅﾝｳﾐﾏﾁｼﾝｷﾝ,021,ﾊｺﾀﾞﾃﾁﾕｳｵｳ
1014,ﾄﾞｳﾅﾝｳﾐﾏﾁｼﾝｷﾝ,023,ﾊﾞﾝﾀﾞｲ
1014,ﾄﾞｳﾅﾝｳﾐﾏﾁｼﾝｷﾝ,027,ｶﾒﾀﾞ
1014,ﾄﾞｳﾅﾝｳﾐﾏﾁｼﾝｷﾝ,028,ﾕﾉｶﾜ
1014,ﾄﾞｳﾅﾝｳﾐﾏﾁｼﾝｷﾝ,029,ﾎｸﾄ
1014,ﾄﾞｳﾅﾝｳﾐﾏﾁｼﾝｷﾝ,030,ﾅﾅｴ
1014,ﾄﾞｳﾅﾝｳﾐﾏﾁｼﾝｷﾝ,031,ｴｻﾝ
1014,ﾄﾞｳﾅﾝｳﾐﾏﾁｼﾝｷﾝ,032,ｷｺﾅｲ
1014,ﾄﾞｳﾅﾝｳﾐﾏﾁｼﾝｷﾝ,035,ｼﾘｳﾁ
1020,ｱｻﾋｶﾜｼﾝｷﾝ,001,ﾎﾝﾃﾝ
1020,ｱｻﾋｶﾜｼﾝｷﾝ,002,ｷﾞﾝｻﾞ
1020,ｱｻﾋｶﾜｼﾝｷﾝ,003,ﾎｸｾｲ
1020,ｱｻﾋｶﾜｼﾝｷﾝ,004,ｶｸﾞﾗ
1020,ｱｻﾋｶﾜｼﾝｷﾝ,005,ﾋｶﾞｼ
1020,ｱｻﾋｶﾜｼﾝｷﾝ,006,ｽｴﾋﾛ
1020,ｱｻﾋｶﾜｼﾝｷﾝ,007,ｼﾝｱｻﾋｶﾜ
1020,ｱｻﾋｶﾜｼﾝｷﾝ,008,ﾆｼ
1020,ｱｻﾋｶﾜｼﾝｷﾝ,009,ﾋｶﾞｼｱｻﾋｶﾜ
1020,ｱｻﾋｶﾜｼﾝｷﾝ,010,ﾄﾖｵｶ
1020,ｱｻﾋｶﾜｼﾝｷﾝ,011,ﾋﾟﾂﾌﾟ
1020,ｱｻﾋｶﾜｼﾝｷﾝ,012,ﾆｼｶｸﾞﾗ
1020,ｱｻﾋｶﾜｼﾝｷﾝ,013,ﾅｶﾞﾔﾏ
1020,ｱｻﾋｶﾜｼﾝｷﾝ,014,ﾁｶﾌﾞﾐ
1020,ｱｻﾋｶﾜｼﾝｷﾝ,015,ｱｲﾍﾞﾂ
1020,ｱｻﾋｶﾜｼﾝｷﾝ,016,ｶﾐｶﾜ
1020,ｱｻﾋｶﾜｼﾝｷﾝ,017,ﾄｳﾏ
1020,ｱｻﾋｶﾜｼﾝｷﾝ,019,ｶﾑｲ
1020,ｱｻﾋｶﾜｼﾝｷﾝ,020,ﾄｳｺｳ
1020,ｱｻﾋｶﾜｼﾝｷﾝ,022,ｱﾀｺﾞ
1020,ｱｻﾋｶﾜｼﾝｷﾝ,023,ﾘﾕｳﾂｳﾀﾞﾝﾁ
1020,ｱｻﾋｶﾜｼﾝｷﾝ,024,ﾐﾅﾐ
1020,ｱｻﾋｶﾜｼﾝｷﾝ,025,ｻﾂﾎﾟﾛ
1020,ｱｻﾋｶﾜｼﾝｷﾝ,026,ﾐﾄﾞﾘｶﾞｵｶ
1020,ｱｻﾋｶﾜｼﾝｷﾝ,027,ﾁﾕｳﾜ
1020,ｱｻﾋｶﾜｼﾝｷﾝ,028,ﾋﾗｷﾞｼ
1020,ｱｻﾋｶﾜｼﾝｷﾝ,030,ﾐﾅﾐﾛｸｼﾞﾖｳ
1020,ｱｻﾋｶﾜｼﾝｷﾝ,031,ﾄｳﾎｸﾄﾞｵﾘ
1020,ｱｻﾋｶﾜｼﾝｷﾝ,032,ﾄｳｺｳﾋｶﾞｼ
1020,ｱｻﾋｶﾜｼﾝｷﾝ,033,ｽｴﾋﾛｷﾀ
1020,ｱｻﾋｶﾜｼﾝｷﾝ,034,ｻｶｴﾏﾁ
1020,ｱｻﾋｶﾜｼﾝｷﾝ,035,ｼﾕﾝｺｳ
1020,ｱｻﾋｶﾜｼﾝｷﾝ,036,ﾅｶﾞﾔﾏﾐﾅﾐ
1020,ｱｻﾋｶﾜｼﾝｷﾝ,037,ｺﾄﾆ
1020,ｱｻﾋｶﾜｼﾝｷﾝ,038,ﾌﾗﾉ
1020,ｱｻﾋｶﾜｼﾝｷﾝ,039,ｶﾐﾌﾗﾉ
1020,ｱｻﾋｶﾜｼﾝｷﾝ,040,ﾋﾞｴｲ
1020,ｱｻﾋｶﾜｼﾝｷﾝ,043,ﾅｶﾌﾗﾉ
1020,ｱｻﾋｶﾜｼﾝｷﾝ,044,ﾐﾅﾐﾌﾗﾉ
1020,ｱｻﾋｶﾜｼﾝｷﾝ,054,ｼﾑｶﾂﾌﾟ
1021,ﾜﾂｶﾅｲｼﾝｷﾝ,001,ﾎﾝﾃﾝ
1021,ﾜﾂｶﾅｲｼﾝｷﾝ,002,ﾐﾅﾐ
1021,ﾜﾂｶﾅｲｼﾝｷﾝ,003,ｷﾀ
1021,ﾜﾂｶﾅｲｼﾝｷﾝ,004,ﾋｶﾞｼ
1021,ﾜﾂｶﾅｲｼﾝｷﾝ,005,ｵﾆｼﾍﾞﾂ
1021,ﾜﾂｶﾅｲｼﾝｷﾝ,006,ﾊﾏﾄﾝﾍﾞﾂ
1021,ﾜﾂｶﾅｲｼﾝｷﾝ,007,ｴｻｼ
1021,ﾜﾂｶﾅｲｼﾝｷﾝ,008,ﾅｶﾄﾝﾍﾞﾂ
1021,ﾜﾂｶﾅｲｼﾝｷﾝ,009,ｳﾀﾉﾎﾞﾘ
1021,ﾜﾂｶﾅｲｼﾝｷﾝ,010,ﾄﾖﾄﾐ
1021,ﾜﾂｶﾅｲｼﾝｷﾝ,011,ﾎﾛﾉﾍﾞ
1021,ﾜﾂｶﾅｲｼﾝｷﾝ,012,ﾃｼｵ
1021,ﾜﾂｶﾅｲｼﾝｷﾝ,013,ｴﾝﾍﾞﾂ
1021,ﾜﾂｶﾅｲｼﾝｷﾝ,014,ﾘｼﾘﾌｼﾞ
1021,ﾜﾂｶﾅｲｼﾝｷﾝ,015,ﾘｼﾘ
1021,ﾜﾂｶﾅｲｼﾝｷﾝ,016,ﾚﾌﾞﾝ
1021,ﾜﾂｶﾅｲｼﾝｷﾝ,017,ｱｻﾋｶﾜ
1021,ﾜﾂｶﾅｲｼﾝｷﾝ,018,ｶﾑｲ
1021,ﾜﾂｶﾅｲｼﾝｷﾝ,019,ｽｴﾋﾛ
1021,ﾜﾂｶﾅｲｼﾝｷﾝ,020,ｵｵﾑ
1021,ﾜﾂｶﾅｲｼﾝｷﾝ,021,ﾄﾐｵｶ
1021,ﾜﾂｶﾅｲｼﾝｷﾝ,022,ｻﾂﾎﾟﾛ
1021,ﾜﾂｶﾅｲｼﾝｷﾝ,023,ｷﾖﾀ
1021,ﾜﾂｶﾅｲｼﾝｷﾝ,024,ｺﾄﾆ
1022,ﾙﾓｲｼﾝｷﾝ,001,ﾁﾕｳｵｳ
1022,ﾙﾓｲｼﾝｷﾝ,003,ﾏｼｹ
1022,ﾙﾓｲｼﾝｷﾝ,004,ｵﾋﾞﾗ
1022,ﾙﾓｲｼﾝｷﾝ,006,ｺﾀﾝﾍﾞﾂ
1022,ﾙﾓｲｼﾝｷﾝ,007,ﾄﾏﾏｴ
1022,ﾙﾓｲｼﾝｷﾝ,008,ﾊﾎﾞﾛ
1022,ﾙﾓｲｼﾝｷﾝ,009,ｱｻﾋｶﾜ
1022,ﾙﾓｲｼﾝｷﾝ,010,ｱｻﾋｶﾜｷﾀ
1022,ﾙﾓｲｼﾝｷﾝ,011,ｱｻﾋｶﾜﾋｶﾞｼ
1022,ﾙﾓｲｼﾝｷﾝ,012,ｼﾖｻﾝﾍﾞﾂ
1022,ﾙﾓｲｼﾝｷﾝ,015,ｻﾂﾎﾟﾛ
1022,ﾙﾓｲｼﾝｷﾝ,016,ｼﾝｶﾜ
1022,ﾙﾓｲｼﾝｷﾝ,017,ｻﾂﾎﾟﾛﾆｼ
1022,ﾙﾓｲｼﾝｷﾝ,018,ﾂｷｻﾑ
1022,ﾙﾓｲｼﾝｷﾝ,019,ｻﾂﾎﾟﾛﾁﾕｳｵｳ
1022,ﾙﾓｲｼﾝｷﾝ,050,ﾎﾝﾃﾝ
1024,ﾎｸｾｲｼﾝｷﾝ,001,ﾎﾝﾃﾝ
1024,ﾎｸｾｲｼﾝｷﾝ,002,ﾋﾞﾌｶ
1024,ﾎｸｾｲｼﾝｷﾝ,003,ｼﾓｶﾜ
1024,ﾎｸｾｲｼﾝｷﾝ,004,ﾌｳﾚﾝ
1024,ﾎｸｾｲｼﾝｷﾝ,005,ﾅｶｶﾞﾜ
1024,ﾎｸｾｲｼﾝｷﾝ,006,ｵﾄｲﾈﾂﾌﾟ
1024,ﾎｸｾｲｼﾝｷﾝ,008,ｱｻﾋｶﾜ
1024,ﾎｸｾｲｼﾝｷﾝ,009,ｱｻﾋｶﾜｷﾀ
1024,ﾎｸｾｲｼﾝｷﾝ,010,ﾁﾕｳｵｳﾄﾞｵﾘ
1024,ﾎｸｾｲｼﾝｷﾝ,011,ｺｳｴﾝﾄﾞｵﾘ
1024,ﾎｸｾｲｼﾝｷﾝ,012,ﾌﾚｱｲ
1024,ﾎｸｾｲｼﾝｷﾝ,013,ﾅｶﾞﾔﾏ
1024,ﾎｸｾｲｼﾝｷﾝ,014,ｼﾍﾞﾂﾁﾕｳｵｳ
1024,ﾎｸｾｲｼﾝｷﾝ,015,ｼﾍﾞﾂｷﾀ
1024,ﾎｸｾｲｼﾝｷﾝ,019,ｱｻﾋ
1024,ﾎｸｾｲｼﾝｷﾝ,020,ｹﾝﾌﾞﾁ
1024,ﾎｸｾｲｼﾝｷﾝ,021,ﾜﾂｻﾑ
1024,ﾎｸｾｲｼﾝｷﾝ,023,ﾄｳｺｳ
1024,ﾎｸｾｲｼﾝｷﾝ,025,ｻﾂﾎﾟﾛ
1024,ﾎｸｾｲｼﾝｷﾝ,026,ﾏﾙﾔﾏ
1024,ﾎｸｾｲｼﾝｷﾝ,027,ｼﾛｲｼ
1026,ｵﾋﾞﾋﾛｼﾝｷﾝ,001,ﾎﾝﾃﾝ
1026,ｵﾋﾞﾋﾛｼﾝｷﾝ,002,ﾁﾕｳｵｳ
1026,ｵﾋﾞﾋﾛｼﾝｷﾝ,003,ｵﾄﾌｹ
1026,ｵﾋﾞﾋﾛｼﾝｷﾝ,004,ｶﾐｼﾎﾛ
1026,ｵﾋﾞﾋﾛｼﾝｷﾝ,005,ﾒﾑﾛ
1026,ｵﾋﾞﾋﾛｼﾝｷﾝ,006,ｼｶｵｲ
1026,ｵﾋﾞﾋﾛｼﾝｷﾝ,007,ｳﾗﾎﾛ
1026,ｵﾋﾞﾋﾛｼﾝｷﾝ,008,ﾀｲｷ
1026,ｵﾋﾞﾋﾛｼﾝｷﾝ,009,ﾐｶｹﾞ
1026,ｵﾋﾞﾋﾛｼﾝｷﾝ,010,ｱｼﾖﾛ
1026,ｵﾋﾞﾋﾛｼﾝｷﾝ,011,ﾀｲｼﾖｳ
1026,ｵﾋﾞﾋﾛｼﾝｷﾝ,012,ｼﾎﾛ
1026,ｵﾋﾞﾋﾛｼﾝｷﾝ,013,ｼﾐｽﾞ
1026,ｵﾋﾞﾋﾛｼﾝｷﾝ,014,ﾋｶﾞｼ
1026,ｵﾋﾞﾋﾛｼﾝｷﾝ,015,ﾄﾖｺﾛ
1026,ｵﾋﾞﾋﾛｼﾝｷﾝ,016,ｼﾝﾄｸ
1026,ｵﾋﾞﾋﾛｼﾝｷﾝ,018,ﾐﾄﾞﾘｶﾞｵｶ
1026,ｵﾋﾞﾋﾛｼﾝｷﾝ,019,ﾘｸﾍﾞﾂ
1026,ｵﾋﾞﾋﾛｼﾝｷﾝ,020,ﾆｼ
1026,ｵﾋﾞﾋﾛｼﾝｷﾝ,021,ｷﾉ
1026,ｵﾋﾞﾋﾛｼﾝｷﾝ,023,ｻﾂﾅｲ
1026,ｵﾋﾞﾋﾛｼﾝｷﾝ,024,ﾊｸﾘﾝﾀﾞｲ
1026,ｵﾋﾞﾋﾛｼﾝｷﾝ,025,ｲﾅﾀﾞ
1026,ｵﾋﾞﾋﾛｼﾝｷﾝ,027,ﾋﾛｵ
1026,ｵﾋﾞﾋﾛｼﾝｷﾝ,029,ｷﾀ
1026,ｵﾋﾞﾋﾛｼﾝｷﾝ,030,ﾘﾖｸｾｲ
1026,ｵﾋﾞﾋﾛｼﾝｷﾝ,031,ｶｲｾｲ
1026,ｵﾋﾞﾋﾛｼﾝｷﾝ,032,ﾎﾝﾍﾞﾂ
1026,ｵﾋﾞﾋﾛｼﾝｷﾝ,033,ﾅｶｻﾂﾅｲ
1026,ｵﾋﾞﾋﾛｼﾝｷﾝ,034,ﾂﾂｼﾞｶﾞｵｶ
1026,ｵﾋﾞﾋﾛｼﾝｷﾝ,035,ﾊﾙｺﾏﾄﾞｵﾘ
1027,ｸｼﾛｼﾝｷﾝ,001,ﾎﾝﾃﾝ
1027,ｸｼﾛｼﾝｷﾝ,002,ﾐﾅﾐ
1027,ｸｼﾛｼﾝｷﾝ,003,ｼﾛﾔﾏ
1027,ｸｼﾛｼﾝｷﾝ,004,ｷﾖｳｴｲｵｵﾄﾞｵﾘ
1027,ｸｼﾛｼﾝｷﾝ,006,ﾃｼｶｶﾞ
1027,ｸｼﾛｼﾝｷﾝ,008,ｱｶﾝ
1027,ｸｼﾛｼﾝｷﾝ,009,ｱｶﾝｺﾊﾝ
1027,ｸｼﾛｼﾝｷﾝ,010,ｼﾗﾇｶ
1027,ｸｼﾛｼﾝｷﾝ,011,ﾊﾙﾄﾘ
1027,ｸｼﾛｼﾝｷﾝ,012,ｱｲｺｸ
1027,ｸｼﾛｼﾝｷﾝ,013,ﾆｼｺｳ
1027,ｸｼﾛｼﾝｷﾝ,014,ｻｸﾗｶﾞｵｶ
1027,ｸｼﾛｼﾝｷﾝ,015,ﾐﾊﾗ
1027,ｸｼﾛｼﾝｷﾝ,016,ﾑｻ
1027,ｸｼﾛｼﾝｷﾝ,017,ｷﾊﾞ
1027,ｸｼﾛｼﾝｷﾝ,018,ｵﾋﾞﾋﾛ
1027,ｸｼﾛｼﾝｷﾝ,019,ｼﾖｳﾜ
1027,ｸｼﾛｼﾝｷﾝ,020,ｵﾋﾞﾋﾛﾆｼ
1028,ﾀﾞｲﾁﾐﾗｲｼﾝｷﾝ,001,ﾎﾝﾃﾝ
1028,ﾀﾞｲﾁﾐﾗｲｼﾝｷﾝ,002,ﾅｶｼﾍﾞﾂ
1028,ﾀﾞｲﾁﾐﾗｲｼﾝｷﾝ,003,ﾗｳｽ
1028,ﾀﾞｲﾁﾐﾗｲｼﾝｷﾝ,004,ｼﾍﾞﾂ
1028,ﾀﾞｲﾁﾐﾗｲｼﾝｷﾝ,005,ﾍﾞﾂｶｲ
1028,ﾀﾞｲﾁﾐﾗｲｼﾝｷﾝ,006,ﾊﾎﾞﾏｲ
1028,ﾀﾞｲﾁﾐﾗｲｼﾝｷﾝ,007,ｸｼﾛ
1028,ﾀﾞｲﾁﾐﾗｲｼﾝｷﾝ,008,ｸｼﾛｼﾝﾊﾞｼ
1028,ﾀﾞｲﾁﾐﾗｲｼﾝｷﾝ,009,ｴｷﾏｴ
1028,ﾀﾞｲﾁﾐﾗｲｼﾝｷﾝ,011,ｸｼﾛﾋｶﾞｼ
1028,ﾀﾞｲﾁﾐﾗｲｼﾝｷﾝ,013,ｻｸﾗｶﾞｵｶ
1028,ﾀﾞｲﾁﾐﾗｲｼﾝｷﾝ,014,ｼﾗﾇｶ
1028,ﾀﾞｲﾁﾐﾗｲｼﾝｷﾝ,015,ﾆｼｼﾕﾝﾍﾞﾂ
1028,ﾀﾞｲﾁﾐﾗｲｼﾝｷﾝ,016,ｱｹﾎﾞﾉ
1028,ﾀﾞｲﾁﾐﾗｲｼﾝｷﾝ,017,ｱﾂｹｼ
1028,ﾀﾞｲﾁﾐﾗｲｼﾝｷﾝ,018,ﾏﾂﾊﾞﾁﾖｳ
1028,ﾀﾞｲﾁﾐﾗｲｼﾝｷﾝ,019,ﾊﾏﾅｶ
1028,ﾀﾞｲﾁﾐﾗｲｼﾝｷﾝ,020,ｼﾍﾞﾁﾔ
1028,ﾀﾞｲﾁﾐﾗｲｼﾝｷﾝ,022,ﾑｻ
1028,ﾀﾞｲﾁﾐﾗｲｼﾝｷﾝ,024,ﾄﾂﾄﾘﾆｼ
1028,ﾀﾞｲﾁﾐﾗｲｼﾝｷﾝ,025,ｵﾝﾍﾞﾂ
1028,ﾀﾞｲﾁﾐﾗｲｼﾝｷﾝ,027,ﾘﾝﾄﾞｳ
1028,ﾀﾞｲﾁﾐﾗｲｼﾝｷﾝ,028,ｻﾂﾎﾟﾛ
1028,ﾀﾞｲﾁﾐﾗｲｼﾝｷﾝ,029,ﾔﾏﾉﾃ
1030,ｷﾀﾐｼﾝｷﾝ,001,ﾎﾝﾃﾝ
1030,ｷﾀﾐｼﾝｷﾝ,002,ｸﾝﾈﾂﾌﾟ
1030,ｷﾀﾐｼﾝｷﾝ,003,ﾙﾍﾞｼﾍﾞ
1030,ｷﾀﾐｼﾝｷﾝ,004,ﾂﾍﾞﾂ
1030,ｷﾀﾐｼﾝｷﾝ,005,ｵｹﾄ
1030,ｷﾀﾐｼﾝｷﾝ,006,ｵﾝﾈﾕ
1030,ｷﾀﾐｼﾝｷﾝ,007,ｱｲﾉﾅｲ
1030,ｷﾀﾐｼﾝｷﾝ,008,ﾆｼ
1030,ｷﾀﾐｼﾝｷﾝ,009,ﾋｶﾞｼ
1030,ｷﾀﾐｼﾝｷﾝ,010,ｵﾋﾞﾋﾛ
1030,ｷﾀﾐｼﾝｷﾝ,011,ﾐﾜ
1030,ｷﾀﾐｼﾝｷﾝ,012,ｸｼﾛ
1030,ｷﾀﾐｼﾝｷﾝ,013,ﾋﾞﾎﾛ
1030,ｷﾀﾐｼﾝｷﾝ,014,ｺﾄﾌﾞｷ
1030,ｷﾀﾐｼﾝｷﾝ,016,ｵﾛｼﾏﾁ
1030,ｷﾀﾐｼﾝｷﾝ,018,ﾎﾂｺｳ
1030,ｷﾀﾐｼﾝｷﾝ,019,ﾀﾝﾉ
1030,ｷﾀﾐｼﾝｷﾝ,021,ﾄｺﾛ
1030,ｷﾀﾐｼﾝｷﾝ,022,ﾐﾅﾐｵｵﾄﾞｵﾘ
1030,ｷﾀﾐｼﾝｷﾝ,023,ﾓﾝﾍﾞﾂ
1030,ｷﾀﾐｼﾝｷﾝ,024,ﾀｷﾉｳｴ
1030,ｷﾀﾐｼﾝｷﾝ,025,ｵｺﾂﾍﾟ
1030,ｷﾀﾐｼﾝｷﾝ,026,ｵｵﾑ
1030,ｷﾀﾐｼﾝｷﾝ,027,ﾆｼｵｺﾂﾍﾟ
1030,ｷﾀﾐｼﾝｷﾝ,029,ｱｻﾋｶﾜ
1030,ｷﾀﾐｼﾝｷﾝ,030,ﾅﾖﾛ
1030,ｷﾀﾐｼﾝｷﾝ,037,ｻﾂﾎﾟﾛ
1031,ｱﾊﾞｼﾘｼﾝｷﾝ,001,ﾎﾝﾃﾝ
1031,ｱﾊﾞｼﾘｼﾝｷﾝ,002,ｴｷﾏｴ
1031,ｱﾊﾞｼﾘｼﾝｷﾝ,003,ｼﾔﾘ
1031,ｱﾊﾞｼﾘｼﾝｷﾝ,004,ﾋﾞﾎﾛ
1031,ｱﾊﾞｼﾘｼﾝｷﾝ,005,ﾄｺﾛ
1031,ｱﾊﾞｼﾘｼﾝｷﾝ,006,ｺｼﾐｽﾞ
1031,ｱﾊﾞｼﾘｼﾝｷﾝ,007,ｷﾖｻﾄ
1031,ｱﾊﾞｼﾘｼﾝｷﾝ,008,ﾒﾏﾝﾍﾞﾂ
1031,ｱﾊﾞｼﾘｼﾝｷﾝ,009,ﾋｶﾞｼﾓｺﾄ
1031,ｱﾊﾞｼﾘｼﾝｷﾝ,010,ｷﾀﾐ
1031,ｱﾊﾞｼﾘｼﾝｷﾝ,011,ﾂﾍﾞﾂ
1031,ｱﾊﾞｼﾘｼﾝｷﾝ,012,ｸｼﾛ
1031,ｱﾊﾞｼﾘｼﾝｷﾝ,013,ﾎｸｼﾝ
1031,ｱﾊﾞｼﾘｼﾝｷﾝ,015,ｸｼﾛｷﾀ
1031,ｱﾊﾞｼﾘｼﾝｷﾝ,016,ｺﾏﾊﾞ
1031,ｱﾊﾞｼﾘｼﾝｷﾝ,017,ｵﾋﾞﾋﾛ
1031,ｱﾊﾞｼﾘｼﾝｷﾝ,018,ｲﾅﾐ
1031,ｱﾊﾞｼﾘｼﾝｷﾝ,019,ｼｵﾐ
1031,ｱﾊﾞｼﾘｼﾝｷﾝ,020,ｵﾄﾌｹ
1033,ｴﾝｶﾞﾙｼﾝｷﾝ,001,ﾎﾝﾃﾝ
1033,ｴﾝｶﾞﾙｼﾝｷﾝ,002,ｲｸﾀﾊﾗ
1033,ｴﾝｶﾞﾙｼﾝｷﾝ,003,ﾏﾙｾﾂﾌﾟ
1033,ｴﾝｶﾞﾙｼﾝｷﾝ,005,ﾅｶﾕｳﾍﾞﾂ
1033,ｴﾝｶﾞﾙｼﾝｷﾝ,006,ﾕｳﾍﾞﾂ
1033,ｴﾝｶﾞﾙｼﾝｷﾝ,007,ｻﾛﾏ
1033,ｴﾝｶﾞﾙｼﾝｷﾝ,009,ｱｻﾋｶﾜ
1033,ｴﾝｶﾞﾙｼﾝｷﾝ,010,ｷﾀﾐ
1033,ｴﾝｶﾞﾙｼﾝｷﾝ,011,ﾓﾝﾍﾞﾂ
1033,ｴﾝｶﾞﾙｼﾝｷﾝ,014,ｽｴﾋﾛ
1033,ｴﾝｶﾞﾙｼﾝｷﾝ,015,ﾆｼﾄﾐ
1033,ｴﾝｶﾞﾙｼﾝｷﾝ,016,ﾅｶﾞﾔﾏ
1033,ｴﾝｶﾞﾙｼﾝｷﾝ,018,ﾋｶﾞｼ
1033,ｴﾝｶﾞﾙｼﾝｷﾝ,019,ﾄﾖｵｶ
1033,ｴﾝｶﾞﾙｼﾝｷﾝ,020,ｻﾂﾎﾟﾛ
1033,ｴﾝｶﾞﾙｼﾝｷﾝ,021,ﾂｷｻﾑ
1033,ｴﾝｶﾞﾙｼﾝｷﾝ,022,ﾁﾕｳｵｳ
1033,ｴﾝｶﾞﾙｼﾝｷﾝ,023,ﾐﾔﾉｻﾜ
1033,ｴﾝｶﾞﾙｼﾝｷﾝ,024,ﾁﾄｾ
1104,ﾄｳｵｳｼﾝｷﾝ,001,ﾎﾝﾃﾝ
1104,ﾄｳｵｳｼﾝｷﾝ,002,ｼﾀﾏﾁ
1104,ﾄｳｵｳｼﾝｷﾝ,003,ｵｵﾏﾁ
1104,ﾄｳｵｳｼﾝｷﾝ,004,ﾜﾄｸ
1104,ﾄｳｵｳｼﾝｷﾝ,005,ｵｵﾜﾆ
1104,ﾄｳｵｳｼﾝｷﾝ,006,ｲﾜｷ
1104,ﾄｳｵｳｼﾝｷﾝ,007,ﾄﾐﾀ
1104,ﾄｳｵｳｼﾝｷﾝ,009,ｸﾛｲｼ
1104,ﾄｳｵｳｼﾝｷﾝ,011,ｵﾉｴ
1104,ﾄｳｵｳｼﾝｷﾝ,012,ﾌｼﾞｻｷ
1104,ﾄｳｵｳｼﾝｷﾝ,013,ﾋﾗｶ
1104,ﾄｳｵｳｼﾝｷﾝ,014,ｲﾅｶﾀﾞﾃ
1104,ﾄｳｵｳｼﾝｷﾝ,015,ｺﾞｼﾖｶﾞﾜﾗ
1104,ﾄｳｵｳｼﾝｷﾝ,016,ﾊﾏﾉﾏﾁ
1104,ﾄｳｵｳｼﾝｷﾝ,017,ｼﾞﾖｳﾄｳ
1105,ｱｵｲﾓﾘｼﾝｷﾝ,002,ﾎﾝﾃﾝ
1105,ｱｵｲﾓﾘｼﾝｷﾝ,003,ﾐﾅﾄ
1105,ｱｵｲﾓﾘｼﾝｷﾝ,004,ｶｼﾞﾁﾖｳ
1105,ｱｵｲﾓﾘｼﾝｷﾝ,005,ｼﾛｶﾞﾈ
1105,ｱｵｲﾓﾘｼﾝｷﾝ,006,ｻﾒ
1105,ｱｵｲﾓﾘｼﾝｷﾝ,007,ﾆｼﾞﾕｳｻﾝﾆﾁﾏﾁ
1105,ｱｵｲﾓﾘｼﾝｷﾝ,010,ﾊﾁﾉﾍｷｷﾖｳﾉ
1105,ｱｵｲﾓﾘｼﾝｷﾝ,012,ﾙｲｹ
1105,ｱｵｲﾓﾘｼﾝｷﾝ,013,ﾇﾏﾀﾞﾃ
1105,ｱｵｲﾓﾘｼﾝｷﾝ,014,ﾈｼﾞﾖｳ
1105,ｱｵｲﾓﾘｼﾝｷﾝ,015,ﾊﾁﾉﾍｴｷﾄﾞｵﾘ
1105,ｱｵｲﾓﾘｼﾝｷﾝ,016,ｶﾜﾗｷﾞ
1105,ｱｵｲﾓﾘｼﾝｷﾝ,018,ﾅｶｲﾊﾞﾔｼ
1105,ｱｵｲﾓﾘｼﾝｷﾝ,020,ﾆｲﾀﾞ
1105,ｱｵｲﾓﾘｼﾝｷﾝ,026,ﾐﾅﾐﾙｲｹ
1105,ｱｵｲﾓﾘｼﾝｷﾝ,028,ﾄﾜﾀﾞ
1105,ｱｵｲﾓﾘｼﾝｷﾝ,029,ﾐｻﾜ
1105,ｱｵｲﾓﾘｼﾝｷﾝ,032,ﾛｸﾉﾍ
1105,ｱｵｲﾓﾘｼﾝｷﾝ,037,ﾀﾞｲｶﾞｸﾄﾞｵﾘ
1105,ｱｵｲﾓﾘｼﾝｷﾝ,038,ｵｲﾗｾ
1105,ｱｵｲﾓﾘｼﾝｷﾝ,040,ｱｵﾓﾘ
1105,ｱｵｲﾓﾘｼﾝｷﾝ,046,ｸﾛｲｼ
1105,ｱｵｲﾓﾘｼﾝｷﾝ,047,ﾋﾛｻｷ
1105,ｱｵｲﾓﾘｼﾝｷﾝ,049,ﾋﾛｻｷｴｷﾏｴ
1105,ｱｵｲﾓﾘｼﾝｷﾝ,053,ﾔｴﾀﾞ
1105,ｱｵｲﾓﾘｼﾝｷﾝ,054,ｼﾞﾖｳﾄｳ
1105,ｱｵｲﾓﾘｼﾝｷﾝ,058,ｶﾅｻﾞﾜ
1105,ｱｵｲﾓﾘｼﾝｷﾝ,059,ﾔｽﾊﾗ
1105,ｱｵｲﾓﾘｼﾝｷﾝ,060,ﾂｸﾀﾞ
1105,ｱｵｲﾓﾘｼﾝｷﾝ,061,ｼﾉﾀﾞ
1105,ｱｵｲﾓﾘｼﾝｷﾝ,064,ｲﾀﾔﾅｷﾞ
1105,ｱｵｲﾓﾘｼﾝｷﾝ,066,ﾂｶﾞﾙ
1105,ｱｵｲﾓﾘｼﾝｷﾝ,067,ｶﾅｷﾞ
1105,ｱｵｲﾓﾘｼﾝｷﾝ,072,ｼﾓｷﾀ
1120,ｱｷﾀｼﾝｷﾝ,001,ﾎﾝﾃﾝ
1120,ｱｷﾀｼﾝｷﾝ,002,ｳｼｼﾞﾏ
1120,ｱｷﾀｼﾝｷﾝ,003,ｱｷﾀｴｷﾏｴ
1120,ｱｷﾀｼﾝｷﾝ,006,ﾖｺﾃ
1120,ｱｷﾀｼﾝｷﾝ,007,ﾌﾅｺｼ
1120,ｱｷﾀｼﾝｷﾝ,009,ﾃﾝﾉｳ
1120,ｱｷﾀｼﾝｷﾝ,010,ﾜﾘﾔﾏ
1120,ｱｷﾀｼﾝｷﾝ,012,ﾋﾛｵﾓﾃ
1120,ｱｷﾀｼﾝｷﾝ,013,ﾆｲﾀﾞ
1120,ｱｷﾀｼﾝｷﾝ,018,ﾂﾁｻﾞｷ
1120,ｱｷﾀｼﾝｷﾝ,019,ｺｳﾎｸ
1120,ｱｷﾀｼﾝｷﾝ,032,ｼﾖｳﾜ
1120,ｱｷﾀｼﾝｷﾝ,036,ｼﾝｺｸﾄﾞｳ
1120,ｱｷﾀｼﾝｷﾝ,037,ｼﾞｴｲﾀｲﾏｴ
1120,ｱｷﾀｼﾝｷﾝ,039,ｺﾞｼﾞﾖｳﾒ
1120,ｱｷﾀｼﾝｷﾝ,040,ﾊﾁﾛｳｶﾞﾀ
1123,ｳｺﾞｼﾝｷﾝ,001,ﾎﾝﾃﾝ
1123,ｳｺﾞｼﾝｷﾝ,002,ﾆｶﾎ
1123,ｳｺﾞｼﾝｷﾝ,003,ｵｵｳﾁ
1123,ｳｺﾞｼﾝｷﾝ,005,ﾕｻﾞﾜ
1123,ｳｺﾞｼﾝｷﾝ,006,ﾖｺﾃ
1123,ｳｺﾞｼﾝｷﾝ,007,ｲﾅｶﾜ
1123,ｳｺﾞｼﾝｷﾝ,008,ｺﾞﾓﾝ
1123,ｳｺﾞｼﾝｷﾝ,009,ｲｼﾜｷ
1123,ｳｺﾞｼﾝｷﾝ,010,ｷｻｶﾀ
1123,ｳｺﾞｼﾝｷﾝ,011,ｶﾜｸﾞﾁ
1123,ｳｺﾞｼﾝｷﾝ,025,ﾔｼﾏ
1123,ｳｺﾞｼﾝｷﾝ,026,ﾎﾝｼﾞﾖｳ
1123,ｳｺﾞｼﾝｷﾝ,027,ﾕﾘ
1123,ｳｺﾞｼﾝｷﾝ,028,ﾁﾖｳｶｲ
1123,ｳｺﾞｼﾝｷﾝ,029,ﾋｶﾞｼﾕﾘ
1123,ｳｺﾞｼﾝｷﾝ,048,ｲﾜｷ
1123,ｳｺﾞｼﾝｷﾝ,049,ﾆｼﾒ
1123,ｳｺﾞｼﾝｷﾝ,100,ｵｵﾏｶﾞﾘ
1123,ｳｺﾞｼﾝｷﾝ,101,ｵｵﾏﾁ
1123,ｳｺﾞｼﾝｷﾝ,102,ｵｵﾏｶﾞﾘﾐﾅﾐ
1123,ｳｺﾞｼﾝｷﾝ,103,ｵｵﾏｶﾞﾘﾋｶﾞｼ
1123,ｳｺﾞｼﾝｷﾝ,104,ﾐｻﾄ
1123,ｳｺﾞｼﾝｷﾝ,105,ﾆｼｾﾝﾎﾞｸ
1123,ｳｺﾞｼﾝｷﾝ,106,ｵｵﾓﾘ
1123,ｳｺﾞｼﾝｷﾝ,107,ｶﾐｵｶ
1123,ｳｺﾞｼﾝｷﾝ,108,ｷﾖｳﾜ
1123,ｳｺﾞｼﾝｷﾝ,109,ﾖｺﾃﾆｼ
1123,ｳｺﾞｼﾝｷﾝ,110,ｶｸﾉﾀﾞﾃ
1123,ｳｺﾞｼﾝｷﾝ,111,ﾅｶｾﾝ
1123,ｳｺﾞｼﾝｷﾝ,112,ｵｵﾀ
1123,ｳｺﾞｼﾝｷﾝ,113,ﾉｼﾛ
1123,ｳｺﾞｼﾝｷﾝ,114,ﾉｼﾛﾐﾅﾐ
1123,ｳｺﾞｼﾝｷﾝ,115,ﾓﾘﾀｹ
1123,ｳｺﾞｼﾝｷﾝ,116,ﾊﾁﾘﾕｳ
1123,ｳｺﾞｼﾝｷﾝ,117,ﾌﾀﾂｲ
1140,ﾔﾏｶﾞﾀｼﾝｷﾝ,001,ﾔﾏｶﾞﾀ
1140,ﾔﾏｶﾞﾀｼﾝｷﾝ,003,ｼﾞﾖｳﾅﾝ
1140,ﾔﾏｶﾞﾀｼﾝｷﾝ,005,ｶﾐﾉﾔﾏ
1140,ﾔﾏｶﾞﾀｼﾝｷﾝ,006,ｻｶﾞｴ
1140,ﾔﾏｶﾞﾀｼﾝｷﾝ,007,ﾔﾁ
1140,ﾔﾏｶﾞﾀｼﾝｷﾝ,008,ﾄﾞｳﾏﾁ
1140,ﾔﾏｶﾞﾀｼﾝｷﾝ,009,ｱﾗﾀﾃ
1140,ﾔﾏｶﾞﾀｼﾝｷﾝ,011,ﾎﾝﾃﾝ
1140,ﾔﾏｶﾞﾀｼﾝｷﾝ,012,ｼﾅﾝ
1140,ﾔﾏｶﾞﾀｼﾝｷﾝ,013,ﾓﾝﾃﾞﾝ
1140,ﾔﾏｶﾞﾀｼﾝｷﾝ,015,ﾁﾕｳｵｳ
1140,ﾔﾏｶﾞﾀｼﾝｷﾝ,016,ﾃﾝﾄﾞｳ
1140,ﾔﾏｶﾞﾀｼﾝｷﾝ,021,ｴﾏﾀ
1141,ﾖﾈｻﾞﾜｼﾝｷﾝ,011,ﾎﾝﾃﾝ
1141,ﾖﾈｻﾞﾜｼﾝｷﾝ,012,ﾋｶﾞｼ
1141,ﾖﾈｻﾞﾜｼﾝｷﾝ,013,ﾎｸﾌﾞ
1141,ﾖﾈｻﾞﾜｼﾝｷﾝ,014,ｾｲﾌﾞ
1141,ﾖﾈｻﾞﾜｼﾝｷﾝ,015,ﾐﾅﾐ
1141,ﾖﾈｻﾞﾜｼﾝｷﾝ,016,ｺﾞﾋﾞﾖｳ
1141,ﾖﾈｻﾞﾜｼﾝｷﾝ,019,ﾅｶﾀﾞ
1141,ﾖﾈｻﾞﾜｼﾝｷﾝ,020,ﾄｵﾘﾏﾁ
1141,ﾖﾈｻﾞﾜｼﾝｷﾝ,021,ｱｶﾕ
1141,ﾖﾈｻﾞﾜｼﾝｷﾝ,022,ﾅｶﾞｲ
1141,ﾖﾈｻﾞﾜｼﾝｷﾝ,023,ﾀｶﾊﾀﾇｶﾉﾒ
1141,ﾖﾈｻﾞﾜｼﾝｷﾝ,024,ｶﾜﾆｼ
1141,ﾖﾈｻﾞﾜｼﾝｷﾝ,031,ﾔﾏｶﾞﾀ
1142,ﾂﾙｵｶｼﾝｷﾝ,002,ﾎﾝﾃﾝ
1142,ﾂﾙｵｶｼﾝｷﾝ,005,ﾆｼ
1142,ﾂﾙｵｶｼﾝｷﾝ,008,ｻｶﾀ
1142,ﾂﾙｵｶｼﾝｷﾝ,009,ｵｵﾔﾏ
1142,ﾂﾙｵｶｼﾝｷﾝ,010,ﾆｼｷﾏﾁ
1142,ﾂﾙｵｶｼﾝｷﾝ,011,ﾐﾊﾗﾏﾁ
1142,ﾂﾙｵｶｼﾝｷﾝ,013,ﾌﾐｿﾞﾉ
1142,ﾂﾙｵｶｼﾝｷﾝ,015,ﾌｼﾞｼﾏ
1142,ﾂﾙｵｶｼﾝｷﾝ,016,ﾋｶﾞｼ
1142,ﾂﾙｵｶｼﾝｷﾝ,022,ﾄﾉﾏﾁ
1142,ﾂﾙｵｶｼﾝｷﾝ,023,ﾜｶﾀｹﾁﾖｳ
1142,ﾂﾙｵｶｼﾝｷﾝ,024,ﾋｶﾞｼｵｵﾏﾁ
1142,ﾂﾙｵｶｼﾝｷﾝ,028,ｱﾏﾙﾒ
1143,ｼﾝｼﾞﾖｳｼﾝｷﾝ,029,ﾎﾝﾃﾝ
1143,ｼﾝｼﾞﾖｳｼﾝｷﾝ,030,ｵｵｲｼﾀﾞ
1143,ｼﾝｼﾞﾖｳｼﾝｷﾝ,031,ﾐﾅﾐ
1143,ｼﾝｼﾞﾖｳｼﾝｷﾝ,032,ｶﾈﾔﾏ
1143,ｼﾝｼﾞﾖｳｼﾝｷﾝ,033,ﾃﾝﾄﾞｳ
1143,ｼﾝｼﾞﾖｳｼﾝｷﾝ,035,ﾆｼ
1143,ｼﾝｼﾞﾖｳｼﾝｷﾝ,038,ﾓｶﾞﾐﾏﾁ
1143,ｼﾝｼﾞﾖｳｼﾝｷﾝ,039,ﾋｶﾞｼﾈ
1150,ﾓﾘｵｶｼﾝｷﾝ,001,ﾎﾝﾃﾝ
1150,ﾓﾘｵｶｼﾝｷﾝ,002,ｾﾝﾎﾞｸﾁﾖｳ
1150,ﾓﾘｵｶｼﾝｷﾝ,003,ｻﾞｲﾓｸﾁﾖｳ
1150,ﾓﾘｵｶｼﾝｷﾝ,004,ｵｵﾄﾞｵﾘ
1150,ﾓﾘｵｶｼﾝｷﾝ,005,ﾎﾝﾁﾖｳ
1150,ﾓﾘｵｶｼﾝｷﾝ,006,ｱｵﾔﾏﾁﾖｳ
1150,ﾓﾘｵｶｼﾝｷﾝ,007,ｸﾘﾔｶﾞﾜ
1150,ﾓﾘｵｶｼﾝｷﾝ,009,ﾄﾅﾝ
1150,ﾓﾘｵｶｼﾝｷﾝ,010,ﾀｶﾏﾂ
1150,ﾓﾘｵｶｼﾝｷﾝ,011,ﾔﾏｷﾞｼ
1150,ﾓﾘｵｶｼﾝｷﾝ,012,ﾏﾂｿﾞﾉ
1150,ﾓﾘｵｶｼﾝｷﾝ,014,ﾃﾝｼﾖｳｼﾞ
1150,ﾓﾘｵｶｼﾝｷﾝ,016,ﾋｶﾞｼ
1150,ﾓﾘｵｶｼﾝｷﾝ,019,ﾐﾀｹ
1150,ﾓﾘｵｶｼﾝｷﾝ,020,ｼﾜ
1150,ﾓﾘｵｶｼﾝｷﾝ,021,ﾔﾊﾊﾞ
1150,ﾓﾘｵｶｼﾝｷﾝ,025,ﾆｼﾈ
1150,ﾓﾘｵｶｼﾝｷﾝ,030,ｸｼﾞ
1150,ﾓﾘｵｶｼﾝｷﾝ,047,ﾄｵﾉ
1150,ﾓﾘｵｶｼﾝｷﾝ,051,ﾆﾉﾍ
1150,ﾓﾘｵｶｼﾝｷﾝ,052,ｲﾁﾉﾍ
1150,ﾓﾘｵｶｼﾝｷﾝ,053,ｸｽﾞﾏｷ
1150,ﾓﾘｵｶｼﾝｷﾝ,055,ｸﾉﾍ
1152,ﾐﾔｺｼﾝｷﾝ,001,ﾎﾝﾃﾝ
1152,ﾐﾔｺｼﾝｷﾝ,003,ｴｷﾏｴ
1152,ﾐﾔｺｼﾝｷﾝ,004,ﾀﾛｳ
1152,ﾐﾔｺｼﾝｷﾝ,005,ﾔﾏﾀﾞ
1152,ﾐﾔｺｼﾝｷﾝ,008,ｾﾝﾄｸ
1152,ﾐﾔｺｼﾝｷﾝ,022,ｵｵﾜﾀﾘ
1153,ｲﾁﾉｾｷｼﾝｷﾝ,001,ﾎﾝﾃﾝ
1153,ｲﾁﾉｾｷｼﾝｷﾝ,002,ﾊﾅｲｽﾞﾐ
1153,ｲﾁﾉｾｷｼﾝｷﾝ,003,ﾋｶﾞｼﾔﾏ
1153,ｲﾁﾉｾｷｼﾝｷﾝ,004,ｶﾜｻｷ
1153,ｲﾁﾉｾｷｼﾝｷﾝ,005,ﾔﾏﾉﾒ
1153,ｲﾁﾉｾｷｼﾝｷﾝ,006,ﾋﾗｲｽﾞﾐ
1153,ｲﾁﾉｾｷｼﾝｷﾝ,007,ｾﾝﾏﾔ
1153,ｲﾁﾉｾｷｼﾝｷﾝ,009,ﾁﾞｼﾕｳﾏﾁ
1153,ｲﾁﾉｾｷｼﾝｷﾝ,010,ｴｷﾏｴ
1153,ｲﾁﾉｾｷｼﾝｷﾝ,011,ﾜｶﾔﾅｷﾞ
1153,ｲﾁﾉｾｷｼﾝｷﾝ,012,ｻﾝﾉｾｷ
1153,ｲﾁﾉｾｷｼﾝｷﾝ,013,ﾑﾛﾈ
1153,ｲﾁﾉｾｷｼﾝｷﾝ,014,ﾊｷﾞｼﾖｳ
1153,ｲﾁﾉｾｷｼﾝｷﾝ,015,ｶﾝﾅﾘ
1153,ｲﾁﾉｾｷｼﾝｷﾝ,016,ｲﾁﾉｾｷｲﾝﾀ-
1153,ｲﾁﾉｾｷｼﾝｷﾝ,017,ﾄﾒ
1154,ｷﾀｶﾐｼﾝｷﾝ,001,ﾎﾝﾃﾝ
1154,ｷﾀｶﾐｼﾝｷﾝ,002,ﾌｼﾞﾈ
1154,ｷﾀｶﾐｼﾝｷﾝ,003,ﾆｼﾜｶﾞ
1154,ｷﾀｶﾐｼﾝｷﾝ,004,ﾄｷﾜﾀﾞｲ
1154,ｷﾀｶﾐｼﾝｷﾝ,005,ｵｵﾂﾂﾐ
1154,ｷﾀｶﾐｼﾝｷﾝ,006,ｷﾀｶﾐｴｷﾏｴ
1154,ｷﾀｶﾐｼﾝｷﾝ,007,ﾔﾅｷﾞﾊﾗ
1154,ｷﾀｶﾐｼﾝｷﾝ,008,ﾑﾗｻｷﾉ
1154,ｷﾀｶﾐｼﾝｷﾝ,009,ﾋｶﾞｼ
1155,ﾊﾅﾏｷｼﾝｷﾝ,001,ﾎﾝﾃﾝ
1155,ﾊﾅﾏｷｼﾝｷﾝ,002,ﾋﾄｲﾁ
1155,ﾊﾅﾏｷｼﾝｷﾝ,003,ｲｼﾄﾞﾘﾔ
1155,ﾊﾅﾏｷｼﾝｷﾝ,004,ｵｵﾊｻﾏ
1155,ﾊﾅﾏｷｼﾝｷﾝ,005,ﾄｳﾜ
1155,ﾊﾅﾏｷｼﾝｷﾝ,006,ﾆﾏｲﾊﾞｼ
1155,ﾊﾅﾏｷｼﾝｷﾝ,007,ﾐﾔﾓﾘ
1155,ﾊﾅﾏｷｼﾝｷﾝ,008,ﾐﾅﾐ
1155,ﾊﾅﾏｷｼﾝｷﾝ,009,ﾜｶﾊﾞﾁﾖｳ
1156,ﾐｽﾞｻﾜｼﾝｷﾝ,001,ﾎﾝﾃﾝ
1156,ﾐｽﾞｻﾜｼﾝｷﾝ,002,ﾏｴｻﾜ
1156,ﾐｽﾞｻﾜｼﾝｷﾝ,003,ｴｻｼ
1156,ﾐｽﾞｻﾜｼﾝｷﾝ,004,ｶﾈｶﾞｻｷ
1156,ﾐｽﾞｻﾜｼﾝｷﾝ,005,ﾊﾗﾅｶ
1156,ﾐｽﾞｻﾜｼﾝｷﾝ,006,ﾊﾀﾞ
1156,ﾐｽﾞｻﾜｼﾝｷﾝ,007,ﾐﾅﾐ
1156,ﾐｽﾞｻﾜｼﾝｷﾝ,008,ｴｷﾏｴ
1156,ﾐｽﾞｻﾜｼﾝｷﾝ,011,ｲｻﾜ
1156,ﾐｽﾞｻﾜｼﾝｷﾝ,012,ﾋｶﾞｼ
1156,ﾐｽﾞｻﾜｼﾝｷﾝ,013,ｱﾈﾀｲ
1170,ﾓﾘﾉﾐﾔｺｼﾝｷﾝ,001,ﾎﾝﾃﾝ
1170,ﾓﾘﾉﾐﾔｺｼﾝｷﾝ,003,ﾚﾝﾎﾞｳｺｳｼﾞ
1170,ﾓﾘﾉﾐﾔｺｼﾝｷﾝ,004,ﾅｶﾞﾏﾁ
1170,ﾓﾘﾉﾐﾔｺｼﾝｷﾝ,008,ﾐﾔﾏﾁ
1170,ﾓﾘﾉﾐﾔｺｼﾝｷﾝ,010,ｷﾀｾﾝﾀﾞｲ
1170,ﾓﾘﾉﾐﾔｺｼﾝｷﾝ,011,ﾊﾁﾏﾝﾏﾁ
1170,ﾓﾘﾉﾐﾔｺｼﾝｷﾝ,013,ﾆｼﾀｶﾞ
1170,ﾓﾘﾉﾐﾔｺｼﾝｷﾝ,014,ｵﾛｼﾏﾁ
1170,ﾓﾘﾉﾐﾔｺｼﾝｷﾝ,015,ﾅﾝｺｳﾀﾞｲ
1170,ﾓﾘﾉﾐﾔｺｼﾝｷﾝ,016,ﾛｸｺﾞｳ
1170,ﾓﾘﾉﾐﾔｺｼﾝｷﾝ,017,ﾀｶｻｺﾞ
1170,ﾓﾘﾉﾐﾔｺｼﾝｷﾝ,018,ﾅｶﾀﾞ
1170,ﾓﾘﾉﾐﾔｺｼﾝｷﾝ,019,ﾐﾔｷﾞﾏﾁ
1170,ﾓﾘﾉﾐﾔｺｼﾝｷﾝ,020,ｲｽﾞﾐﾅｶﾔﾏ
1170,ﾓﾘﾉﾐﾔｺｼﾝｷﾝ,021,ﾌﾙｶﾜ
1170,ﾓﾘﾉﾐﾔｺｼﾝｷﾝ,022,ｼｵｶﾞﾏ
1170,ﾓﾘﾉﾐﾔｺｼﾝｷﾝ,023,ｼﾁｺﾞｳ
1170,ﾓﾘﾉﾐﾔｺｼﾝｷﾝ,024,ｸﾛﾏﾂｴｷﾏｴ
1170,ﾓﾘﾉﾐﾔｺｼﾝｷﾝ,025,ｲｽﾞﾐﾁﾕｳｵｳ
1170,ﾓﾘﾉﾐﾔｺｼﾝｷﾝ,027,ﾆｼﾅｶﾀﾞ
1170,ﾓﾘﾉﾐﾔｺｼﾝｷﾝ,028,ｲﾜｷﾘ
1170,ﾓﾘﾉﾐﾔｺｼﾝｷﾝ,029,ﾌｸﾀﾞﾏﾁ
1170,ﾓﾘﾉﾐﾔｺｼﾝｷﾝ,042,ﾀｶﾞｼﾞﾖｳ
1170,ﾓﾘﾉﾐﾔｺｼﾝｷﾝ,043,ﾀﾏｶﾞﾜ
1170,ﾓﾘﾉﾐﾔｺｼﾝｷﾝ,044,ｷﾀ
1170,ﾓﾘﾉﾐﾔｺｼﾝｷﾝ,048,ｼﾁｶﾞﾊﾏ
1171,ﾐﾔｷﾞﾀﾞｲｲﾁｼﾝｷﾝ,011,ﾎﾝﾃﾝ
1171,ﾐﾔｷﾞﾀﾞｲｲﾁｼﾝｷﾝ,012,ﾜｶﾊﾞﾔｼ
1171,ﾐﾔｷﾞﾀﾞｲｲﾁｼﾝｷﾝ,015,ﾆｶﾞﾀｹ
1171,ﾐﾔｷﾞﾀﾞｲｲﾁｼﾝｷﾝ,016,ﾎｼﾕｳｲﾝﾏｴ
1171,ﾐﾔｷﾞﾀﾞｲｲﾁｼﾝｷﾝ,017,ｺﾏﾂｼﾏ
1171,ﾐﾔｷﾞﾀﾞｲｲﾁｼﾝｷﾝ,018,ﾐﾔｷﾞﾉ
1171,ﾐﾔｷﾞﾀﾞｲｲﾁｼﾝｷﾝ,019,ﾀｶｻｺﾞ
1171,ﾐﾔｷﾞﾀﾞｲｲﾁｼﾝｷﾝ,020,ﾌｸﾛﾊﾞﾗ
1171,ﾐﾔｷﾞﾀﾞｲｲﾁｼﾝｷﾝ,021,ｵｵﾉﾀﾞ
1171,ﾐﾔｷﾞﾀﾞｲｲﾁｼﾝｷﾝ,022,ﾔｵﾄﾒ
1171,ﾐﾔｷﾞﾀﾞｲｲﾁｼﾝｷﾝ,031,ﾅﾄﾘ
1171,ﾐﾔｷﾞﾀﾞｲｲﾁｼﾝｷﾝ,032,ﾌﾙｶﾜ
1171,ﾐﾔｷﾞﾀﾞｲｲﾁｼﾝｷﾝ,033,ﾜﾀﾘ
1172,ｲｼﾉﾏｷｼﾝｷﾝ,001,ﾎﾝﾃﾝ
1172,ｲｼﾉﾏｷｼﾝｷﾝ,002,ﾐﾅﾄ
1172,ｲｼﾉﾏｷｼﾝｷﾝ,004,ﾔﾓﾄ
1172,ｲｼﾉﾏｷｼﾝｷﾝ,005,ｵﾅｶﾞﾜ
1172,ｲｼﾉﾏｷｼﾝｷﾝ,006,ｱﾕﾐﾉ
1172,ｲｼﾉﾏｷｼﾝｷﾝ,007,ｺｳﾖｳ
1172,ｲｼﾉﾏｷｼﾝｷﾝ,009,ｶｲﾎｸ
1172,ｲｼﾉﾏｷｼﾝｷﾝ,010,ﾔﾏｼﾀ
1172,ｲｼﾉﾏｷｼﾝｷﾝ,011,ｶﾂﾞﾏ
1172,ｲｼﾉﾏｷｼﾝｷﾝ,012,ｱｶｲ
1172,ｲｼﾉﾏｷｼﾝｷﾝ,013,ｵｵｶｲﾄﾞｳ
1172,ｲｼﾉﾏｷｼﾝｷﾝ,014,ｶｼﾏﾀﾞｲ
1172,ｲｼﾉﾏｷｼﾝｷﾝ,015,ﾄﾒ
1174,ｾﾝﾅﾝｼﾝｷﾝ,001,ﾎﾝﾃﾝ
1174,ｾﾝﾅﾝｼﾝｷﾝ,002,ﾌﾅｵｶ
1174,ｾﾝﾅﾝｼﾝｷﾝ,003,ｵｵｶﾞﾜﾗ
1174,ｾﾝﾅﾝｼﾝｷﾝ,004,ｶｸﾀﾞ
1174,ｾﾝﾅﾝｼﾝｷﾝ,005,ﾑﾗﾀ
1174,ｾﾝﾅﾝｼﾝｷﾝ,006,ｶﾜｻｷ
1174,ｾﾝﾅﾝｼﾝｷﾝ,007,ｱﾀｺﾞﾊﾞｼ
1174,ｾﾝﾅﾝｼﾝｷﾝ,008,ﾊﾗﾉﾏﾁ
1174,ｾﾝﾅﾝｼﾝｷﾝ,009,ｲﾜﾇﾏ
1174,ｾﾝﾅﾝｼﾝｷﾝ,010,ﾌﾂｶﾏﾁ
1174,ｾﾝﾅﾝｼﾝｷﾝ,011,ｼﾛｲｼｴｷﾏｴ
1174,ｾﾝﾅﾝｼﾝｷﾝ,012,ﾅﾄﾘ
1174,ｾﾝﾅﾝｼﾝｷﾝ,013,ﾌﾅﾊﾞｻﾏ
1174,ｾﾝﾅﾝｼﾝｷﾝ,014,ｻﾞｵｳ
1174,ｾﾝﾅﾝｼﾝｷﾝ,015,ｼﾁｶﾞｼﾕｸ
1174,ｾﾝﾅﾝｼﾝｷﾝ,016,ｼﾛｲｼﾋｶﾞｼ
1175,ｹｾﾝﾇﾏｼﾝｷﾝ,001,ﾎﾝﾃﾝ
1175,ｹｾﾝﾇﾏｼﾝｷﾝ,002,ｼｼｵﾘ
1175,ｹｾﾝﾇﾏｼﾝｷﾝ,003,ﾅｲﾉﾜｷ
1175,ｹｾﾝﾇﾏｼﾝｷﾝ,004,ﾂﾔ
1175,ｹｾﾝﾇﾏｼﾝｷﾝ,005,ｼﾂﾞｶﾞﾜ
1175,ｹｾﾝﾇﾏｼﾝｷﾝ,007,ﾐﾅﾐ
1175,ｹｾﾝﾇﾏｼﾝｷﾝ,008,ﾏﾂｲﾜ
1175,ｹｾﾝﾇﾏｼﾝｷﾝ,009,ﾀｶﾀﾞ
1175,ｹｾﾝﾇﾏｼﾝｷﾝ,010,ｵｵﾌﾅﾄ
1175,ｹｾﾝﾇﾏｼﾝｷﾝ,012,ｻｶﾘ
1175,ｹｾﾝﾇﾏｼﾝｷﾝ,013,ﾋｶﾞｼｼﾝｼﾞﾖｳ
1181,ｱｲﾂﾞｼﾝｷﾝ,001,ﾎﾝﾃﾝ
1181,ｱｲﾂﾞｼﾝｷﾝ,002,ｷﾀｶﾀ
1181,ｱｲﾂﾞｼﾝｷﾝ,003,ﾎﾝｺﾞｳ
1181,ｱｲﾂﾞｼﾝｷﾝ,004,ﾀｶﾀﾞ
1181,ｱｲﾂﾞｼﾝｷﾝ,005,ﾊﾞﾝｹﾞ
1181,ｱｲﾂﾞｼﾝｷﾝ,006,ﾀｼﾞﾏ
1181,ｱｲﾂﾞｼﾝｷﾝ,007,ﾆｼｱｲﾂﾞ
1181,ｱｲﾂﾞｼﾝｷﾝ,008,ﾔﾏﾄ
1181,ｱｲﾂﾞｼﾝｷﾝ,009,ｲﾅﾜｼﾛ
1181,ｱｲﾂﾞｼﾝｷﾝ,010,ｴｷﾏｴ
1181,ｱｲﾂﾞｼﾝｷﾝ,011,ﾐﾔｼﾀ
1181,ｱｲﾂﾞｼﾝｷﾝ,012,ﾐﾅﾐ
1181,ｱｲﾂﾞｼﾝｷﾝ,013,ｶﾒｶﾞ
1181,ｱｲﾂﾞｼﾝｷﾝ,014,ﾔﾅｲﾂﾞ
1181,ｱｲﾂﾞｼﾝｷﾝ,015,ﾅﾉｶﾏﾁ
1181,ｱｲﾂﾞｼﾝｷﾝ,016,ｻﾞｲﾓｸﾁﾖｳ
1181,ｱｲﾂﾞｼﾝｷﾝ,017,ｷﾀｶﾀﾋｶﾞｼ
1181,ｱｲﾂﾞｼﾝｷﾝ,018,ﾓﾝﾃﾞﾝ
1182,ｺｵﾘﾔﾏｼﾝｷﾝ,002,ﾎﾝﾃﾝ
1182,ｺｵﾘﾔﾏｼﾝｷﾝ,003,ﾐﾊﾙ
1182,ｺｵﾘﾔﾏｼﾝｷﾝ,004,ｵﾉﾏﾁ
1182,ｺｵﾘﾔﾏｼﾝｷﾝ,005,ｱﾀﾐ
1182,ｺｵﾘﾔﾏｼﾝｷﾝ,007,ﾌﾈﾋｷ
1182,ｺｵﾘﾔﾏｼﾝｷﾝ,009,ﾋｶﾞｼ
1182,ｺｵﾘﾔﾏｼﾝｷﾝ,010,ｶｲｾｲｻﾞﾝ
1182,ｺｵﾘﾔﾏｼﾝｷﾝ,011,ｶﾜｳﾁ
1182,ｺｵﾘﾔﾏｼﾝｷﾝ,012,ｱｻｶ
1182,ｺｵﾘﾔﾏｼﾝｷﾝ,013,ｵﾛｼﾏﾁ
1182,ｺｵﾘﾔﾏｼﾝｷﾝ,014,ｻｲｺﾝ
1182,ｺｵﾘﾔﾏｼﾝｷﾝ,015,ｷﾎﾞｳｶﾞｵｶ
1182,ｺｵﾘﾔﾏｼﾝｷﾝ,016,ﾌｸﾔﾏ
1182,ｺｵﾘﾔﾏｼﾝｷﾝ,017,ｵｵﾂｷ
1182,ｺｵﾘﾔﾏｼﾝｷﾝ,018,ｸﾙﾒ
1182,ｺｵﾘﾔﾏｼﾝｷﾝ,019,ﾅﾐｷ
1182,ｺｵﾘﾔﾏｼﾝｷﾝ,020,ﾀﾞｲｼﾝ
1182,ｺｵﾘﾔﾏｼﾝｷﾝ,021,ｶﾅﾔ
1182,ｺｵﾘﾔﾏｼﾝｷﾝ,022,ﾔﾂﾔﾏﾀﾞ
1184,ｼﾗｶﾜｼﾝｷﾝ,001,ﾎﾝﾃﾝ
1184,ｼﾗｶﾜｼﾝｷﾝ,002,ﾔﾌﾞｷ
1184,ｼﾗｶﾜｼﾝｷﾝ,003,ﾀﾅｸﾗ
1184,ｼﾗｶﾜｼﾝｷﾝ,004,ﾊﾅﾜ
1184,ｼﾗｶﾜｼﾝｷﾝ,005,ｱｻｶﾜ
1184,ｼﾗｶﾜｼﾝｷﾝ,006,ｸﾛｲｿ
1184,ｼﾗｶﾜｼﾝｷﾝ,007,ﾆｼ
1184,ｼﾗｶﾜｼﾝｷﾝ,008,ﾋｶﾞｼ
1184,ｼﾗｶﾜｼﾝｷﾝ,009,ｵﾓﾃｺﾞｳ
1184,ｼﾗｶﾜｼﾝｷﾝ,010,ﾔﾏﾂﾘ
1184,ｼﾗｶﾜｼﾝｷﾝ,011,ｼﾝｼﾗｶﾜ
1184,ｼﾗｶﾜｼﾝｷﾝ,012,ｵｵﾀﾜﾗ
1184,ｼﾗｶﾜｼﾝｷﾝ,013,ﾔﾌﾞｷﾋｶﾞｼ
1184,ｼﾗｶﾜｼﾝｷﾝ,014,ﾆｼｺﾞｳ
1184,ｼﾗｶﾜｼﾝｷﾝ,015,ｶﾏﾉｺ
1184,ｼﾗｶﾜｼﾝｷﾝ,016,ﾆｼﾅｽﾉ
1185,ｽｶｶﾞﾜｼﾝｷﾝ,001,ﾎﾝﾃﾝ
1185,ｽｶｶﾞﾜｼﾝｷﾝ,002,ｴｷﾏｴ
1185,ｽｶｶﾞﾜｼﾝｷﾝ,003,ｲｼｶﾜ
1185,ｽｶｶﾞﾜｼﾝｷﾝ,004,ｺｵﾘﾔﾏ
1185,ｽｶｶﾞﾜｼﾝｷﾝ,005,ｸﾜﾉ
1185,ｽｶｶﾞﾜｼﾝｷﾝ,006,ｶｶﾞﾐｲｼ
1185,ｽｶｶﾞﾜｼﾝｷﾝ,007,ﾅｶﾞﾇﾏ
1185,ｽｶｶﾞﾜｼﾝｷﾝ,008,ｳﾜﾏﾁ
1185,ｽｶｶﾞﾜｼﾝｷﾝ,009,ﾆｼｶﾜ
1185,ｽｶｶﾞﾜｼﾝｷﾝ,012,ﾌﾙﾄﾞﾉ
1185,ｽｶｶﾞﾜｼﾝｷﾝ,013,ﾄﾐﾀ
1185,ｽｶｶﾞﾜｼﾝｷﾝ,014,ﾀﾏｶﾜ
1185,ｽｶｶﾞﾜｼﾝｷﾝ,015,ｱｻｶ
1185,ｽｶｶﾞﾜｼﾝｷﾝ,016,ｽｶｶﾞﾜｼﾔｸｼﾖ
1186,ﾋﾏﾜﾘｼﾝｷﾝ,002,ｵﾅﾊﾏ
1186,ﾋﾏﾜﾘｼﾝｷﾝ,004,ｲｽﾞﾐ
1186,ﾋﾏﾜﾘｼﾝｷﾝ,006,ﾕﾓﾄ
1186,ﾋﾏﾜﾘｼﾝｷﾝ,007,ｳｴﾀﾞ
1186,ﾋﾏﾜﾘｼﾝｷﾝ,008,ﾆｼｷ
1186,ﾋﾏﾜﾘｼﾝｷﾝ,009,ﾅｺｿ
1186,ﾋﾏﾜﾘｼﾝｷﾝ,010,ﾄｵﾉ
1186,ﾋﾏﾜﾘｼﾝｷﾝ,013,ｶｼﾏ
1186,ﾋﾏﾜﾘｼﾝｷﾝ,014,ﾅｶｵｶ
1186,ﾋﾏﾜﾘｼﾝｷﾝ,062,ﾎﾝﾃﾝ
1186,ﾋﾏﾜﾘｼﾝｷﾝ,063,ﾖﾂｸﾗ
1186,ﾋﾏﾜﾘｼﾝｷﾝ,064,ﾄﾖﾏ
1186,ﾋﾏﾜﾘｼﾝｷﾝ,066,ｳﾁｺﾞｳ
1186,ﾋﾏﾜﾘｼﾝｷﾝ,069,ﾋﾗｸﾎﾞ
1186,ﾋﾏﾜﾘｼﾝｷﾝ,070,ﾖｼﾏ
1186,ﾋﾏﾜﾘｼﾝｷﾝ,071,ﾁﾕｳｵｳﾀﾞｲ
1188,ｱﾌﾞｸﾏｼﾝｷﾝ,002,ﾎﾝﾃﾝ
1188,ｱﾌﾞｸﾏｼﾝｷﾝ,003,ﾄﾐｵｶ
1188,ｱﾌﾞｸﾏｼﾝｷﾝ,004,ｵﾀﾞｶ
1188,ｱﾌﾞｸﾏｼﾝｷﾝ,005,ﾅﾐｴ
1188,ｱﾌﾞｸﾏｼﾝｷﾝ,006,ｿｳﾏ
1188,ｱﾌﾞｸﾏｼﾝｷﾝ,007,ﾋﾛﾉ
1188,ｱﾌﾞｸﾏｼﾝｷﾝ,008,ﾋｶﾞｼ
1188,ｱﾌﾞｸﾏｼﾝｷﾝ,009,ｲｲﾀﾞﾃ
1188,ｱﾌﾞｸﾏｼﾝｷﾝ,010,ｼﾝﾁ
1188,ｱﾌﾞｸﾏｼﾝｷﾝ,012,ﾋｻﾉﾊﾏ
1188,ｱﾌﾞｸﾏｼﾝｷﾝ,013,ﾌﾀﾊﾞ
1188,ｱﾌﾞｸﾏｼﾝｷﾝ,014,ﾖﾉﾓﾘ
1188,ｱﾌﾞｸﾏｼﾝｷﾝ,015,ｵｵｸﾏ
1188,ｱﾌﾞｸﾏｼﾝｷﾝ,016,ﾜﾀﾘ
1188,ｱﾌﾞｸﾏｼﾝｷﾝ,017,ｲﾜｷ
1189,ﾆﾎﾝﾏﾂｼﾝｷﾝ,001,ﾎﾝﾃﾝ
1189,ﾆﾎﾝﾏﾂｼﾝｷﾝ,002,ﾈｻﾞｷ
1189,ﾆﾎﾝﾏﾂｼﾝｷﾝ,003,ﾓﾄﾐﾔ
1189,ﾆﾎﾝﾏﾂｼﾝｷﾝ,004,ｲﾜｼﾛ
1189,ﾆﾎﾝﾏﾂｼﾝｷﾝ,005,ﾄｳﾜ
1189,ﾆﾎﾝﾏﾂｼﾝｷﾝ,006,ｱﾀﾞﾁ
1189,ﾆﾎﾝﾏﾂｼﾝｷﾝ,007,ｶﾅｲﾛ
1190,ﾌｸｼﾏｼﾝｷﾝ,001,ﾎﾝﾃﾝ
1190,ﾌｸｼﾏｼﾝｷﾝ,004,ｴｷﾏｴ
1190,ﾌｸｼﾏｼﾝｷﾝ,005,ﾋｶﾞｼ
1190,ﾌｸｼﾏｼﾝｷﾝ,006,ﾆｼ
1190,ﾌｸｼﾏｼﾝｷﾝ,007,ｷﾀ
1190,ﾌｸｼﾏｼﾝｷﾝ,009,ﾔｼﾏﾀﾞ
1190,ﾌｸｼﾏｼﾝｷﾝ,010,ﾓﾘｱｲ
1190,ﾌｸｼﾏｼﾝｷﾝ,011,ﾐﾅﾐ
1190,ﾌｸｼﾏｼﾝｷﾝ,012,ﾖｼｲﾀﾞ
1190,ﾌｸｼﾏｼﾝｷﾝ,013,ｵｶﾔﾏ
1190,ﾌｸｼﾏｼﾝｷﾝ,014,ﾎｳﾗｲ
1190,ﾌｸｼﾏｼﾝｷﾝ,015,ｾﾉｳｴ
1190,ﾌｸｼﾏｼﾝｷﾝ,016,ｶﾏﾀ
1190,ﾌｸｼﾏｼﾝｷﾝ,018,ﾋﾗﾉ
1190,ﾌｸｼﾏｼﾝｷﾝ,019,ｲｲｻﾞｶ
1190,ﾌｸｼﾏｼﾝｷﾝ,020,ﾏﾂｶﾜ
1190,ﾌｸｼﾏｼﾝｷﾝ,021,ｺｵﾘ
1190,ﾌｸｼﾏｼﾝｷﾝ,024,ｸﾆﾐ
1190,ﾌｸｼﾏｼﾝｷﾝ,025,ﾀﾞﾃ
1190,ﾌｸｼﾏｼﾝｷﾝ,032,ﾔﾅｶﾞﾜ
1190,ﾌｸｼﾏｼﾝｷﾝ,033,ﾎﾊﾞﾗ
1190,ﾌｸｼﾏｼﾝｷﾝ,034,ﾘﾖｳｾﾞﾝｵﾃﾋﾒ
1190,ﾌｸｼﾏｼﾝｷﾝ,041,ｶﾜﾏﾀ
1190,ﾌｸｼﾏｼﾝｷﾝ,043,ｲｲﾉ
1203,ﾀｶｻｷｼﾝｷﾝ,001,ﾎﾝﾃﾝ
1203,ﾀｶｻｷｼﾝｷﾝ,002,ﾐﾅﾐ
1203,ﾀｶｻｷｼﾝｷﾝ,003,ｷﾀ
1203,ﾀｶｻｷｼﾝｷﾝ,004,ｲｲﾂﾞｶ
1203,ﾀｶｻｷｼﾝｷﾝ,005,ｸﾗｶﾞﾉ
1203,ﾀｶｻｷｼﾝｷﾝ,006,ﾑﾛﾀﾞ
1203,ﾀｶｻｷｼﾝｷﾝ,007,ﾋｶﾞｼ
1203,ﾀｶｻｷｼﾝｷﾝ,008,ｲﾉ
1203,ﾀｶｻｷｼﾝｷﾝ,010,ﾆｼ
1203,ﾀｶｻｷｼﾝｷﾝ,011,ﾏｴﾊﾞｼ
1203,ﾀｶｻｷｼﾝｷﾝ,012,ﾏｴﾊﾞｼﾐﾅﾐ
1203,ﾀｶｻｷｼﾝｷﾝ,013,ﾄﾖｵｶ
1203,ﾀｶｻｷｼﾝｷﾝ,014,ｼﾝﾏｴﾊﾞｼ
1203,ﾀｶｻｷｼﾝｷﾝ,015,ﾀｶｻｷｲﾁﾊﾞ
1203,ﾀｶｻｷｼﾝｷﾝ,016,ﾅｶｲ
1203,ﾀｶｻｷｼﾝｷﾝ,017,ﾊﾏｶﾞﾜ
1203,ﾀｶｻｷｼﾝｷﾝ,018,ｶｲｻﾞﾜ
1203,ﾀｶｻｷｼﾝｷﾝ,019,ﾔﾅｶ
1203,ﾀｶｻｷｼﾝｷﾝ,020,ｸﾞﾝﾏﾏﾁ
1203,ﾀｶｻｷｼﾝｷﾝ,021,ﾐｻﾄ
1203,ﾀｶｻｷｼﾝｷﾝ,022,ﾛｸｺﾞｳ
1203,ﾀｶｻｷｼﾝｷﾝ,023,ｼﾓﾄﾖｵｶ
1203,ﾀｶｻｷｼﾝｷﾝ,024,ｻﾉ
1203,ﾀｶｻｷｼﾝｷﾝ,025,ｲｼﾊﾗ
1203,ﾀｶｻｷｼﾝｷﾝ,026,ﾖｼｲ
1203,ﾀｶｻｷｼﾝｷﾝ,027,ﾀﾏﾑﾗ
1204,ｷﾘﾕｳｼﾝｷﾝ,001,ﾎﾝﾃﾝ
1204,ｷﾘﾕｳｼﾝｷﾝ,002,ﾎﾝﾁﾖｳ
1204,ｷﾘﾕｳｼﾝｷﾝ,004,ｼﾝｷﾘﾕｳ
1204,ｷﾘﾕｳｼﾝｷﾝ,005,ｵｵﾏﾏ
1204,ｷﾘﾕｳｼﾝｷﾝ,006,ｵｵﾀ
1204,ｷﾘﾕｳｼﾝｷﾝ,007,ｱｲｵｲ
1204,ｷﾘﾕｳｼﾝｷﾝ,009,ｵｵﾀﾆｼ
1204,ｷﾘﾕｳｼﾝｷﾝ,010,ﾏｴﾊﾞｼ
1204,ｷﾘﾕｳｼﾝｷﾝ,011,ﾋﾛｻﾜ
1204,ｷﾘﾕｳｼﾝｷﾝ,012,ｶｻｶｹ
1204,ｷﾘﾕｳｼﾝｷﾝ,013,ｶﾜｳﾁ
1204,ｷﾘﾕｳｼﾝｷﾝ,015,ｻｶｲﾉ
1204,ｷﾘﾕｳｼﾝｷﾝ,016,ﾀｶﾊﾔｼ
1204,ｷﾘﾕｳｼﾝｷﾝ,017,ﾔﾌﾞﾂﾞｶ
1204,ｷﾘﾕｳｼﾝｷﾝ,018,ｸﾆｻﾀﾞ
1204,ｷﾘﾕｳｼﾝｷﾝ,021,ﾎﾘｺﾞﾒ
1204,ｷﾘﾕｳｼﾝｷﾝ,022,ｲｾｻｷ
1204,ｷﾘﾕｳｼﾝｷﾝ,023,ｸｸﾞｳ
1204,ｷﾘﾕｳｼﾝｷﾝ,024,ﾆﾂﾀ
1204,ｷﾘﾕｳｼﾝｷﾝ,029,ﾐﾄﾞﾘ
1204,ｷﾘﾕｳｼﾝｷﾝ,030,ﾀﾏﾑﾗ
1204,ｷﾘﾕｳｼﾝｷﾝ,031,ｲｾｻｷﾆｼ
1204,ｷﾘﾕｳｼﾝｷﾝ,033,ｳﾁｶﾞｼﾏ
1204,ｷﾘﾕｳｼﾝｷﾝ,035,ﾆﾗｶﾞﾜ
1204,ｷﾘﾕｳｼﾝｷﾝ,036,ｲｾｻｷﾋｶﾞｼ
1204,ｷﾘﾕｳｼﾝｷﾝ,037,ｲｾｻｷﾐﾅﾐ
1204,ｷﾘﾕｳｼﾝｷﾝ,038,ｻｶｲ
1204,ｷﾘﾕｳｼﾝｷﾝ,039,ｵｵｲｽﾞﾐ
1204,ｷﾘﾕｳｼﾝｷﾝ,040,ﾏｴﾊﾞｼﾋｶﾞｼ
1204,ｷﾘﾕｳｼﾝｷﾝ,041,ﾄﾖｳｹ
1204,ｷﾘﾕｳｼﾝｷﾝ,043,ｱｶﾎﾞﾘ
1206,ｱｲｵ-ｼﾝｷﾝ,001,ﾎﾝﾃﾝ
1206,ｱｲｵ-ｼﾝｷﾝ,003,ｻｶｲ
1206,ｱｲｵ-ｼﾝｷﾝ,004,ｳｴﾊｽ
1206,ｱｲｵ-ｼﾝｷﾝ,005,ﾐﾔｺﾞｳ
1206,ｱｲｵ-ｼﾝｷﾝ,006,ｷﾀ
1206,ｱｲｵ-ｼﾝｷﾝ,007,ﾓﾛ
1206,ｱｲｵ-ｼﾝｷﾝ,008,ｱｽﾞﾏ
1206,ｱｲｵ-ｼﾝｷﾝ,010,ﾏｴﾊﾞｼ
1206,ｱｲｵ-ｼﾝｷﾝ,011,ｱｶﾎﾞﾘ
1206,ｱｲｵ-ｼﾝｷﾝ,014,ﾄﾖｳｹ
1206,ｱｲｵ-ｼﾝｷﾝ,016,ﾆﾂﾀ
1206,ｱｲｵ-ｼﾝｷﾝ,017,ﾀﾏﾑﾗ
1206,ｱｲｵ-ｼﾝｷﾝ,019,TBSﾊｳｼﾞﾝｸﾞ
1206,ｱｲｵ-ｼﾝｷﾝ,130,ﾌｼﾞｱｸﾞ
1206,ｱｲｵ-ｼﾝｷﾝ,135,ｵｵﾀ
1206,ｱｲｵ-ｼﾝｷﾝ,136,ﾀｶﾊﾔｼ
1206,ｱｲｵ-ｼﾝｷﾝ,139,ﾆﾗｶﾞﾜ
1208,ﾄﾈｸﾞﾝｼﾝｷﾝ,001,ﾎﾝﾃﾝ
1208,ﾄﾈｸﾞﾝｼﾝｷﾝ,002,ﾅｶﾏﾁ
1208,ﾄﾈｸﾞﾝｼﾝｷﾝ,003,ﾐﾅｶﾐ
1208,ﾄﾈｸﾞﾝｼﾝｷﾝ,004,ﾆｲﾊﾙ
1208,ﾄﾈｸﾞﾝｼﾝｷﾝ,005,ｵﾂｶｲ
1208,ﾄﾈｸﾞﾝｼﾝｷﾝ,006,ｼﾌﾞｶﾜ
1208,ﾄﾈｸﾞﾝｼﾝｷﾝ,007,ﾏｴﾊﾞｼ
1208,ﾄﾈｸﾞﾝｼﾝｷﾝ,008,ﾂｷﾖﾉ
1208,ﾄﾈｸﾞﾝｼﾝｷﾝ,010,ｷﾀ
1208,ﾄﾈｸﾞﾝｼﾝｷﾝ,011,ｺﾓﾁ
1208,ﾄﾈｸﾞﾝｼﾝｷﾝ,012,ｼﾖｳﾜ
1208,ﾄﾈｸﾞﾝｼﾝｷﾝ,013,ｶﾀｼﾅ
1208,ﾄﾈｸﾞﾝｼﾝｷﾝ,014,ﾆｼ
1208,ﾄﾈｸﾞﾝｼﾝｷﾝ,015,ｶﾜﾊﾞ
1208,ﾄﾈｸﾞﾝｼﾝｷﾝ,016,ｼﾗｻﾜ
1208,ﾄﾈｸﾞﾝｼﾝｷﾝ,017,ﾏｴﾊﾞｼﾆｼ
1209,ﾀﾃﾊﾞﾔｼｼﾝｷﾝ,001,ﾎﾝﾃﾝ
1209,ﾀﾃﾊﾞﾔｼｼﾝｷﾝ,002,ﾐﾅﾐ
1209,ﾀﾃﾊﾞﾔｼｼﾝｷﾝ,003,ｵｵｲｽﾞﾐ
1209,ﾀﾃﾊﾞﾔｼｼﾝｷﾝ,004,ﾆｼ
1209,ﾀﾃﾊﾞﾔｼｼﾝｷﾝ,005,ｲﾀｸﾗ
1209,ﾀﾃﾊﾞﾔｼｼﾝｷﾝ,006,ﾀﾃﾊﾞﾔｼｼﾔｸｼﾖ
1209,ﾀﾃﾊﾞﾔｼｼﾝｷﾝ,007,ｵｵﾗﾏﾁ
1209,ﾀﾃﾊﾞﾔｼｼﾝｷﾝ,008,ｷﾀ
1209,ﾀﾃﾊﾞﾔｼｼﾝｷﾝ,009,ﾒｲﾜ
1210,ｷﾀｸﾞﾝﾏｼﾝｷﾝ,001,ﾎﾝﾃﾝ
1210,ｷﾀｸﾞﾝﾏｼﾝｷﾝ,002,ｲｶﾎ
1210,ｷﾀｸﾞﾝﾏｼﾝｷﾝ,003,ｱｶﾞﾂﾏ
1210,ｷﾀｸﾞﾝﾏｼﾝｷﾝ,004,ｸｻﾂ
1210,ｷﾀｸﾞﾝﾏｼﾝｷﾝ,005,ﾅｶﾉｼﾞﾖｳ
1210,ｷﾀｸﾞﾝﾏｼﾝｷﾝ,006,ﾂﾏｺﾞｲ
1210,ｷﾀｸﾞﾝﾏｼﾝｷﾝ,007,ﾏｴﾊﾞｼ
1210,ｷﾀｸﾞﾝﾏｼﾝｷﾝ,009,ﾇﾏﾀ
1210,ｷﾀｸﾞﾝﾏｼﾝｷﾝ,012,ｺﾓﾁ
1210,ｷﾀｸﾞﾝﾏｼﾝｷﾝ,014,ﾖｼｵｶ
1210,ｷﾀｸﾞﾝﾏｼﾝｷﾝ,015,ｼﾌﾞｶﾜﾐﾅﾐ
1211,ｼﾉﾉﾒｼﾝｷﾝ,012,ﾎﾝﾃﾝ
1211,ｼﾉﾉﾒｼﾝｷﾝ,013,ｼﾓﾆﾀ
1211,ｼﾉﾉﾒｼﾝｷﾝ,014,ﾖｼｲ
1211,ｼﾉﾉﾒｼﾝｷﾝ,015,ｲﾁﾉﾐﾔ
1211,ｼﾉﾉﾒｼﾝｷﾝ,016,ｵﾊﾞﾀ
1211,ｼﾉﾉﾒｼﾝｷﾝ,017,ｱﾝﾅｶ
1211,ｼﾉﾉﾒｼﾝｷﾝ,018,ﾅﾝﾓｸ
1211,ｼﾉﾉﾒｼﾝｷﾝ,019,ﾀｶｻｷ
1211,ｼﾉﾉﾒｼﾝｷﾝ,020,ﾛｸｺﾞｳ
1211,ｼﾉﾉﾒｼﾝｷﾝ,021,ｲｼﾊﾗ
1211,ｼﾉﾉﾒｼﾝｷﾝ,022,ﾅﾉｶｲﾁ
1211,ｼﾉﾉﾒｼﾝｷﾝ,024,ﾄﾐｵｶﾋｶﾞｼ
1211,ｼﾉﾉﾒｼﾝｷﾝ,025,ﾊﾗｲﾁ
1211,ｼﾉﾉﾒｼﾝｷﾝ,026,ﾀｶｾ
1211,ｼﾉﾉﾒｼﾝｷﾝ,027,ｹﾝｻﾞｷ
1211,ｼﾉﾉﾒｼﾝｷﾝ,029,ｵｵﾂﾞｶ
1211,ｼﾉﾉﾒｼﾝｷﾝ,030,ｸﾗｶﾞﾉ
1211,ｼﾉﾉﾒｼﾝｷﾝ,032,ｸﾞﾝﾏﾏﾁ
1211,ｼﾉﾉﾒｼﾝｷﾝ,034,ｲﾉ
1211,ｼﾉﾉﾒｼﾝｷﾝ,035,ﾌｼﾞｵｶ
1211,ｼﾉﾉﾒｼﾝｷﾝ,036,ｵﾆｼ
1211,ｼﾉﾉﾒｼﾝｷﾝ,038,ｼﾝﾏﾁ
1211,ｼﾉﾉﾒｼﾝｷﾝ,039,ﾎﾝｼﾞﾖｳ
1211,ｼﾉﾉﾒｼﾝｷﾝ,040,ﾌｼﾞｵｶﾋｶﾞｼ
1211,ｼﾉﾉﾒｼﾝｷﾝ,042,ﾌｼﾞｵｶｼﾔｸｼﾖ
1211,ｼﾉﾉﾒｼﾝｷﾝ,044,ｶﾐｻﾄ
1211,ｼﾉﾉﾒｼﾝｷﾝ,046,ﾏｴﾊﾞｼ
1211,ｼﾉﾉﾒｼﾝｷﾝ,047,ｲﾜｶﾞﾐﾏﾁ
1211,ｼﾉﾉﾒｼﾝｷﾝ,048,ｲｼｸﾗ
1211,ｼﾉﾉﾒｼﾝｷﾝ,049,ﾃﾝﾀﾞｲ
1211,ｼﾉﾉﾒｼﾝｷﾝ,051,ｲｾｻｷ
1211,ｼﾉﾉﾒｼﾝｷﾝ,052,ﾊｶﾞ
1211,ｼﾉﾉﾒｼﾝｷﾝ,053,ﾅｶｲｽﾞﾐ
1211,ｼﾉﾉﾒｼﾝｷﾝ,054,ﾏｴﾊﾞｼﾐﾅﾐ
1211,ｼﾉﾉﾒｼﾝｷﾝ,055,ｶﾀｶｲ
1211,ｼﾉﾉﾒｼﾝｷﾝ,056,ﾀｶｻｷﾋｶﾞｼ
1211,ｼﾉﾉﾒｼﾝｷﾝ,057,ｼﾝﾏｴﾊﾞｼ
1211,ｼﾉﾉﾒｼﾝｷﾝ,058,ｺﾏｶﾞﾀ
1211,ｼﾉﾉﾒｼﾝｷﾝ,059,ﾆｲｻﾄ
1211,ｼﾉﾉﾒｼﾝｷﾝ,060,ﾐﾔｷﾞ
1211,ｼﾉﾉﾒｼﾝｷﾝ,061,ﾔﾌﾞﾂﾞｶ
1211,ｼﾉﾉﾒｼﾝｷﾝ,062,ｵｵｺﾞ
1211,ｼﾉﾉﾒｼﾝｷﾝ,063,ｵｵﾏﾏ
1211,ｼﾉﾉﾒｼﾝｷﾝ,065,ｷﾘﾕｳ
1211,ｼﾉﾉﾒｼﾝｷﾝ,067,ﾜｶﾐﾔ
1211,ｼﾉﾉﾒｼﾝｷﾝ,068,ｻﾝﾉｳ
1211,ｼﾉﾉﾒｼﾝｷﾝ,069,ｼﾞﾖｳﾅﾝ
1211,ｼﾉﾉﾒｼﾝｷﾝ,070,ｺｲﾃﾞ
1211,ｼﾉﾉﾒｼﾝｷﾝ,071,ｶﾒｲｽﾞﾐ
1211,ｼﾉﾉﾒｼﾝｷﾝ,072,ﾌｼﾞﾐ
1211,ｼﾉﾉﾒｼﾝｷﾝ,073,ﾏｴﾊﾞｼﾆｼ
1211,ｼﾉﾉﾒｼﾝｷﾝ,075,ｿｳｼﾞﾔﾖｼｵｶ
1221,ｱｼｶｶﾞｵﾔﾏｼﾝｷﾝ,001,ﾎﾝﾃﾝ
1221,ｱｼｶｶﾞｵﾔﾏｼﾝｷﾝ,002,ﾊｼﾞｶ
1221,ｱｼｶｶﾞｵﾔﾏｼﾝｷﾝ,003,ﾔﾜﾀ
1221,ｱｼｶｶﾞｵﾔﾏｼﾝｷﾝ,004,ﾌｸｲ
1221,ｱｼｶｶﾞｵﾔﾏｼﾝｷﾝ,005,ｽｹﾄﾞ
1221,ｱｼｶｶﾞｵﾔﾏｼﾝｷﾝ,006,ﾄﾐﾀ
1221,ｱｼｶｶﾞｵﾔﾏｼﾝｷﾝ,007,ﾐﾅﾐ
1221,ｱｼｶｶﾞｵﾔﾏｼﾝｷﾝ,008,ﾔﾏﾏｴ
1221,ｱｼｶｶﾞｵﾔﾏｼﾝｷﾝ,009,ｷﾀ
1221,ｱｼｶｶﾞｵﾔﾏｼﾝｷﾝ,012,ｹﾉ
1221,ｱｼｶｶﾞｵﾔﾏｼﾝｷﾝ,013,ｵｳﾗ
1221,ｱｼｶｶﾞｵﾔﾏｼﾝｷﾝ,014,ﾆﾗｶﾞﾜ
1221,ｱｼｶｶﾞｵﾔﾏｼﾝｷﾝ,015,ｵﾏﾀ
1221,ｱｼｶｶﾞｵﾔﾏｼﾝｷﾝ,016,ｵｵｲｽﾞﾐ
1221,ｱｼｶｶﾞｵﾔﾏｼﾝｷﾝ,101,ｵﾔﾏ
1221,ｱｼｶｶﾞｵﾔﾏｼﾝｷﾝ,102,ﾏﾏﾀﾞ
1221,ｱｼｶｶﾞｵﾔﾏｼﾝｷﾝ,104,ｴｷﾋｶﾞｼ
1221,ｱｼｶｶﾞｵﾔﾏｼﾝｷﾝ,105,ﾉｷﾞ
1221,ｱｼｶｶﾞｵﾔﾏｼﾝｷﾝ,106,ｺｶﾞﾈｲ
1221,ｱｼｶｶﾞｵﾔﾏｼﾝｷﾝ,107,ｼﾞﾖｳﾅﾝ
1221,ｱｼｶｶﾞｵﾔﾏｼﾝｷﾝ,109,ｼﾞﾖｳﾄｳ
1221,ｱｼｶｶﾞｵﾔﾏｼﾝｷﾝ,111,ｱﾜﾉﾐﾔ
1221,ｱｼｶｶﾞｵﾔﾏｼﾝｷﾝ,112,ｲｼﾊﾞｼ
1221,ｱｼｶｶﾞｵﾔﾏｼﾝｷﾝ,113,ﾄﾁｷﾞｵﾛｼｾﾝﾀ-
1222,ﾄﾁｷﾞｼﾝｷﾝ,001,ﾎﾝﾃﾝ
1222,ﾄﾁｷﾞｼﾝｷﾝ,002,ｵｵﾋﾗﾏﾁ
1222,ﾄﾁｷﾞｼﾝｷﾝ,003,ﾌｼﾞｵｶ
1222,ﾄﾁｷﾞｼﾝｷﾝ,004,ｲﾜﾌﾈ
1222,ﾄﾁｷﾞｼﾝｷﾝ,006,ｵﾔﾏ
1222,ﾄﾁｷﾞｼﾝｷﾝ,007,ｴｷﾏｴ
1222,ﾄﾁｷﾞｼﾝｷﾝ,009,ﾂｶﾞ
1222,ﾄﾁｷﾞｼﾝｷﾝ,011,ｵﾓﾁﾔﾉﾏﾁ
1222,ﾄﾁｷﾞｼﾝｷﾝ,013,ﾋｶﾞｼ
1222,ﾄﾁｷﾞｼﾝｷﾝ,017,ｻﾉﾐﾅﾐ
1222,ﾄﾁｷﾞｼﾝｷﾝ,020,ｳﾂﾉﾐﾔ
1222,ﾄﾁｷﾞｼﾝｷﾝ,022,ｻｸﾗﾄﾞｵﾘ
1222,ﾄﾁｷﾞｼﾝｷﾝ,023,ﾀｷﾔﾁﾖｳ
1222,ﾄﾁｷﾞｼﾝｷﾝ,024,ｴｿｼﾞﾏ
1222,ﾄﾁｷﾞｼﾝｷﾝ,025,ｽｽﾞﾒﾉﾐﾔ
1223,ｶﾇﾏｿｳｺﾞｼﾝｷﾝ,001,ﾎﾝﾃﾝ
1223,ｶﾇﾏｿｳｺﾞｼﾝｷﾝ,002,ｱﾜﾉ
1223,ｶﾇﾏｿｳｺﾞｼﾝｷﾝ,003,ｶﾅｻｷ
1223,ｶﾇﾏｿｳｺﾞｼﾝｷﾝ,004,ｴｷﾏｴ
1223,ｶﾇﾏｿｳｺﾞｼﾝｷﾝ,005,ﾐﾅﾐ
1223,ｶﾇﾏｿｳｺﾞｼﾝｷﾝ,006,ﾅｶﾏﾁ
1223,ｶﾇﾏｿｳｺﾞｼﾝｷﾝ,008,ｳﾂﾉﾐﾔ
1223,ｶﾇﾏｿｳｺﾞｼﾝｷﾝ,009,ﾐﾄﾞﾘﾁﾖｳ
1223,ｶﾇﾏｿｳｺﾞｼﾝｷﾝ,011,ﾆｼ
1223,ｶﾇﾏｿｳｺﾞｼﾝｷﾝ,015,ﾋｶﾞｼ
1223,ｶﾇﾏｿｳｺﾞｼﾝｷﾝ,017,ｲﾏｲﾁ
1223,ｶﾇﾏｿｳｺﾞｼﾝｷﾝ,018,ﾄﾏﾂﾘ
1224,ｻﾉｼﾝｷﾝ,001,ﾎﾝﾃﾝ
1224,ｻﾉｼﾝｷﾝ,003,ﾀﾇﾏ
1224,ｻﾉｼﾝｷﾝ,005,ﾎﾘｺﾞﾒ
1224,ｻﾉｼﾝｷﾝ,006,ﾐﾅﾐ
1224,ｻﾉｼﾝｷﾝ,007,ｲﾜﾌﾈ
1224,ｻﾉｼﾝｷﾝ,008,ｲｼﾂﾞｶ
1224,ｻﾉｼﾝｷﾝ,009,ｸｽﾞｳ
1224,ｻﾉｼﾝｷﾝ,010,ﾆｼ
1225,ｵｵﾀﾜﾗｼﾝｷﾝ,001,ﾎﾝﾃﾝ
1225,ｵｵﾀﾜﾗｼﾝｷﾝ,002,ｸﾛｲｿ
1225,ｵｵﾀﾜﾗｼﾝｷﾝ,003,ﾆｼﾅｽﾉ
1225,ｵｵﾀﾜﾗｼﾝｷﾝ,004,ｸﾛﾀﾞﾊﾗ
1225,ｵｵﾀﾜﾗｼﾝｷﾝ,005,ﾉｻﾞｷ
1225,ｵｵﾀﾜﾗｼﾝｷﾝ,006,ﾅｽｼｵﾊﾞﾗ
1225,ｵｵﾀﾜﾗｼﾝｷﾝ,007,ﾐﾅﾐｵｵﾄﾞｵﾘ
1225,ｵｵﾀﾜﾗｼﾝｷﾝ,009,ﾔｲﾀ
1227,ｶﾗｽﾔﾏｼﾝｷﾝ,001,ﾎﾝﾃﾝ
1227,ｶﾗｽﾔﾏｼﾝｷﾝ,002,ｸﾛﾊﾞﾈ
1227,ｶﾗｽﾔﾏｼﾝｷﾝ,003,ﾀｶﾌﾞ
1227,ｶﾗｽﾔﾏｼﾝｷﾝ,004,ｳﾂﾉﾐﾔ
1227,ｶﾗｽﾔﾏｼﾝｷﾝ,005,ｵｶﾓﾄ
1227,ｶﾗｽﾔﾏｼﾝｷﾝ,006,ｳﾂﾉﾐﾔﾐﾅﾐ
1227,ｶﾗｽﾔﾏｼﾝｷﾝ,008,ﾎｳｼﾔｸｼﾞ
1227,ｶﾗｽﾔﾏｼﾝｷﾝ,014,ﾋﾗﾏﾂ
1227,ｶﾗｽﾔﾏｼﾝｷﾝ,015,ｳｼﾞｲｴ
1227,ｶﾗｽﾔﾏｼﾝｷﾝ,016,ﾓﾃｷﾞ
1240,ﾐﾄｼﾝｷﾝ,001,ﾀﾞｲｸﾏﾁ
1240,ﾐﾄｼﾝｷﾝ,002,ｲｿﾊﾗ
1240,ﾐﾄｼﾝｷﾝ,003,ｱｶﾂｶ
1240,ﾐﾄｼﾝｷﾝ,004,ｵｵﾀ
1240,ﾐﾄｼﾝｷﾝ,005,ｵｵｱﾗｲ
1240,ﾐﾄｼﾝｷﾝ,006,ﾀｶﾊｷﾞ
1240,ﾐﾄｼﾝｷﾝ,007,ﾀｶﾞ
1240,ﾐﾄｼﾝｷﾝ,009,ﾋﾀﾁ
1240,ﾐﾄｼﾝｷﾝ,010,ﾅｶﾐﾅﾄ
1240,ﾐﾄｼﾝｷﾝ,011,ﾐﾜ
1240,ﾐﾄｼﾝｷﾝ,012,ﾊｶﾏﾂｶ
1240,ﾐﾄｼﾝｷﾝ,013,ｼﾓｲﾁ
1240,ﾐﾄｼﾝｷﾝ,014,ﾖｼﾀﾞ
1240,ﾐﾄｼﾝｷﾝ,015,ｶﾂﾀ
1240,ﾐﾄｼﾝｷﾝ,016,ｾﾝﾊﾞ
1240,ﾐﾄｼﾝｷﾝ,017,ｵｵﾐｶ
1240,ﾐﾄｼﾝｷﾝ,019,ｻﾜ
1240,ﾐﾄｼﾝｷﾝ,020,ｽｶﾞﾔ
1240,ﾐﾄｼﾝｷﾝ,021,ﾄｳｶｲ
1240,ﾐﾄｼﾝｷﾝ,022,ｲﾁｹﾞ
1240,ﾐﾄｼﾝｷﾝ,024,ｳﾁﾊﾗ
1240,ﾐﾄｼﾝｷﾝ,025,ﾄﾓﾍﾞ
1240,ﾐﾄｼﾝｷﾝ,026,ｲﾊﾞﾗｷﾏﾁ
1240,ﾐﾄｼﾝｷﾝ,027,ｵｵﾐﾔ
1240,ﾐﾄｼﾝｷﾝ,028,ｲｼｵｶ
1240,ﾐﾄｼﾝｷﾝ,030,ﾅｶﾈ
1240,ﾐﾄｼﾝｷﾝ,031,ｲﾜｾ
1240,ﾐﾄｼﾝｷﾝ,032,ｶｼﾏ
1240,ﾐﾄｼﾝｷﾝ,033,ﾏｶﾍﾞ
1240,ﾐﾄｼﾝｷﾝ,035,ﾂｸﾊﾞ
1240,ﾐﾄｼﾝｷﾝ,036,ｼﾓﾀﾞﾃ
1240,ﾐﾄｼﾝｷﾝ,037,ｶﾐｽ
1240,ﾐﾄｼﾝｷﾝ,038,ﾔﾀﾍﾞ
1240,ﾐﾄｼﾝｷﾝ,039,ﾂｸﾊﾞｷﾀ
1240,ﾐﾄｼﾝｷﾝ,040,ﾎﾝﾃﾝ
1240,ﾐﾄｼﾝｷﾝ,041,ｳｼｸ
1240,ﾐﾄｼﾝｷﾝ,042,ｻｶﾄﾞ
1240,ﾐﾄｼﾝｷﾝ,043,ﾋﾗｽ
1240,ﾐﾄｼﾝｷﾝ,044,ﾓﾘﾔ
1240,ﾐﾄｼﾝｷﾝ,045,ﾘﾕｳｶﾞｻｷ
1240,ﾐﾄｼﾝｷﾝ,047,ﾌｼﾞｼﾛ
1240,ﾐﾄｼﾝｷﾝ,048,ｴﾄﾞｻｷ
1240,ﾐﾄｼﾝｷﾝ,049,ﾄﾘﾃﾞ
1240,ﾐﾄｼﾝｷﾝ,050,ﾌｻ
1240,ﾐﾄｼﾝｷﾝ,051,ｶｼﾜ
1240,ﾐﾄｼﾝｷﾝ,055,ｱﾐ
1240,ﾐﾄｼﾝｷﾝ,056,ﾘﾕｳｶﾞｵｶ
1240,ﾐﾄｼﾝｷﾝ,101,ｲｼｵｶﾁﾕｳｵｳ
1240,ﾐﾄｼﾝｷﾝ,102,ｵｶﾞﾜ
1240,ﾐﾄｼﾝｷﾝ,103,ｶｷｵｶ
1240,ﾐﾄｼﾝｷﾝ,104,ﾎｺﾀﾁﾕｳｵｳ
1240,ﾐﾄｼﾝｷﾝ,105,ｲﾀｺ
1240,ﾐﾄｼﾝｷﾝ,111,ﾐﾉﾘ
1240,ﾐﾄｼﾝｷﾝ,113,ﾀﾏﾂｸﾘ
1240,ﾐﾄｼﾝｷﾝ,114,ｲﾜﾏ
1240,ﾐﾄｼﾝｷﾝ,118,ﾊﾄﾘ
1240,ﾐﾄｼﾝｷﾝ,119,ﾃﾞｼﾞﾏ
1240,ﾐﾄｼﾝｷﾝ,121,ｵｵﾉ
1240,ﾐﾄｼﾝｷﾝ,122,ﾀｲﾖｳ
1240,ﾐﾄｼﾝｷﾝ,123,ｱｻﾋ
1240,ﾐﾄｼﾝｷﾝ,201,ﾂﾁｳﾗ
1240,ﾐﾄｼﾝｷﾝ,202,ｱﾗｶﾜｵｷ
1240,ﾐﾄｼﾝｷﾝ,204,ｶﾝﾀﾞﾂ
1240,ﾐﾄｼﾝｷﾝ,205,ﾅﾐｷ
1240,ﾐﾄｼﾝｷﾝ,207,ﾂﾁｳﾗﾐﾅﾐ
1240,ﾐﾄｼﾝｷﾝ,216,ｹﾝｷﾕｳｶﾞｸｴﾝ
1242,ﾕｳｷｼﾝｷﾝ,001,ﾎﾝﾃﾝ
1242,ﾕｳｷｼﾝｷﾝ,002,ｾｷｼﾞﾖｳ
1242,ﾕｳｷｼﾝｷﾝ,003,ｻﾝﾜ
1242,ﾕｳｷｼﾝｷﾝ,004,ｻｶｲ
1242,ﾕｳｷｼﾝｷﾝ,005,ｼﾓﾀﾞﾃ
1242,ﾕｳｷｼﾝｷﾝ,006,ｶｻﾏ
1242,ﾕｳｷｼﾝｷﾝ,007,ｺｶﾞ
1242,ﾕｳｷｼﾝｷﾝ,008,ｼﾓﾂﾏ
1242,ﾕｳｷｼﾝｷﾝ,009,ﾐﾂｶｲﾄﾞｳ
1242,ﾕｳｷｼﾝｷﾝ,010,ｱｹﾉ
1242,ﾕｳｷｼﾝｷﾝ,011,ﾐﾅﾐ
1242,ﾕｳｷｼﾝｷﾝ,012,ﾄﾖｻﾄ
1242,ﾕｳｷｼﾝｷﾝ,013,ｶﾜｼﾏ
1242,ﾕｳｷｼﾝｷﾝ,014,ﾊｸﾞﾛ
1242,ﾕｳｷｼﾝｷﾝ,015,ｼﾞﾖｳﾅﾝ
1242,ﾕｳｷｼﾝｷﾝ,016,ｿｳﾜ
1242,ﾕｳｷｼﾝｷﾝ,017,ｼﾓﾀﾞﾃﾐﾅﾐ
1242,ﾕｳｷｼﾝｷﾝ,018,ｲｼｹﾞ
1242,ﾕｳｷｼﾝｷﾝ,019,ﾔﾁﾖ
1242,ﾕｳｷｼﾝｷﾝ,020,ｲﾜｲ
1242,ﾕｳｷｼﾝｷﾝ,021,ｻﾝﾜﾐﾅﾐ
1242,ﾕｳｷｼﾝｷﾝ,022,ﾓﾘﾔ
1242,ﾕｳｷｼﾝｷﾝ,023,ﾄﾓﾍﾞ
1242,ﾕｳｷｼﾝｷﾝ,024,ｵﾔﾏｼﾞﾖｳﾅﾝ
1250,ｻｲﾀﾏｹﾝｼﾝｷﾝ,001,ﾎﾝﾃﾝ
1250,ｻｲﾀﾏｹﾝｼﾝｷﾝ,002,ｳﾗﾜ
1250,ｻｲﾀﾏｹﾝｼﾝｷﾝ,003,ｵｵﾐﾔ
1250,ｻｲﾀﾏｹﾝｼﾝｷﾝ,004,ｶﾜｺﾞｴ
1250,ｻｲﾀﾏｹﾝｼﾝｷﾝ,005,ﾁﾁﾌﾞ
1250,ｻｲﾀﾏｹﾝｼﾝｷﾝ,006,ﾎﾝｼﾞﾖｳ
1250,ｻｲﾀﾏｹﾝｼﾝｷﾝ,007,ｷﾞﾖｳﾀﾞ
1250,ｻｲﾀﾏｹﾝｼﾝｷﾝ,008,ﾊﾆﾕｳ
1250,ｻｲﾀﾏｹﾝｼﾝｷﾝ,009,ｶｿﾞ
1250,ｻｲﾀﾏｹﾝｼﾝｷﾝ,010,ｺｳﾉｽ
1250,ｻｲﾀﾏｹﾝｼﾝｷﾝ,011,ｶｽｶﾍﾞ
1250,ｻｲﾀﾏｹﾝｼﾝｷﾝ,012,ｺｼｶﾞﾔ
1250,ｻｲﾀﾏｹﾝｼﾝｷﾝ,013,ｵｹｶﾞﾜ
1250,ｻｲﾀﾏｹﾝｼﾝｷﾝ,014,ﾌｶﾔ
1250,ｻｲﾀﾏｹﾝｼﾝｷﾝ,015,ﾖﾘｲ
1250,ｻｲﾀﾏｹﾝｼﾝｷﾝ,016,ｱｹﾞｵ
1250,ｻｲﾀﾏｹﾝｼﾝｷﾝ,017,ｿｳｶ
1250,ｻｲﾀﾏｹﾝｼﾝｷﾝ,018,ｲﾜﾂｷ
1250,ｻｲﾀﾏｹﾝｼﾝｷﾝ,019,ｷﾀｳﾗﾜ
1250,ｻｲﾀﾏｹﾝｼﾝｷﾝ,020,ｵｵﾐﾔﾆｼ
1250,ｻｲﾀﾏｹﾝｼﾝｷﾝ,021,ｷﾀﾓﾄ
1250,ｻｲﾀﾏｹﾝｼﾝｷﾝ,023,ﾖﾉ
1250,ｻｲﾀﾏｹﾝｼﾝｷﾝ,025,ﾐﾅﾐｳﾗﾜ
1250,ｻｲﾀﾏｹﾝｼﾝｷﾝ,026,ｽｷﾞﾄ
1250,ｻｲﾀﾏｹﾝｼﾝｷﾝ,027,ﾊｽﾀﾞ
1250,ｻｲﾀﾏｹﾝｼﾝｷﾝ,028,ｵｵﾌﾞｸﾛ
1250,ｻｲﾀﾏｹﾝｼﾝｷﾝ,029,ﾔｼｵ
1250,ｻｲﾀﾏｹﾝｼﾝｷﾝ,030,ｵｵﾜﾀﾞ
1250,ｻｲﾀﾏｹﾝｼﾝｷﾝ,031,ｶｺﾞﾊﾗ
1250,ｻｲﾀﾏｹﾝｼﾝｷﾝ,032,ｼﾗｵｶ
1250,ｻｲﾀﾏｹﾝｼﾝｷﾝ,033,ｸｷ
1250,ｻｲﾀﾏｹﾝｼﾝｷﾝ,034,ﾄﾖﾊﾙ
1250,ｻｲﾀﾏｹﾝｼﾝｷﾝ,035,ﾌｷｱｹﾞ
1250,ｻｲﾀﾏｹﾝｼﾝｷﾝ,036,ﾐﾊｼ
1250,ｻｲﾀﾏｹﾝｼﾝｷﾝ,038,ﾀﾞｲﾄｳ
1250,ｻｲﾀﾏｹﾝｼﾝｷﾝ,039,ｶﾐﾉ
1250,ｻｲﾀﾏｹﾝｼﾝｷﾝ,040,ｶﾀﾔﾅｷﾞ
1250,ｻｲﾀﾏｹﾝｼﾝｷﾝ,041,ﾐﾔﾊﾗﾋｶﾞｼ
1250,ｻｲﾀﾏｹﾝｼﾝｷﾝ,043,ﾐﾔﾊﾗ
1250,ｻｲﾀﾏｹﾝｼﾝｷﾝ,044,ﾆｼﾎﾞﾘ
1250,ｻｲﾀﾏｹﾝｼﾝｷﾝ,045,ｼﾝｶﾞｼ
1250,ｻｲﾀﾏｹﾝｼﾝｷﾝ,046,ｳﾗﾜﾋｶﾞｼ
1250,ｻｲﾀﾏｹﾝｼﾝｷﾝ,047,ﾌｼﾞﾐﾉ
1250,ｻｲﾀﾏｹﾝｼﾝｷﾝ,048,ｱｹﾞｵﾆｼ
1250,ｻｲﾀﾏｹﾝｼﾝｷﾝ,049,ｵｵﾏｷﾞ
1250,ｻｲﾀﾏｹﾝｼﾝｷﾝ,050,ﾊﾗｲﾁ
1250,ｻｲﾀﾏｹﾝｼﾝｷﾝ,052,ﾔｼｵﾐﾅﾐ
1250,ｻｲﾀﾏｹﾝｼﾝｷﾝ,053,ﾄｺﾛｻﾞﾜﾋｶﾞｼ
1250,ｻｲﾀﾏｹﾝｼﾝｷﾝ,054,ｻｶﾄﾞ
1250,ｻｲﾀﾏｹﾝｼﾝｷﾝ,056,ｶｽﾐｶﾞｾｷ
1250,ｻｲﾀﾏｹﾝｼﾝｷﾝ,057,ｶｺﾞﾊﾗﾐﾅﾐ
1250,ｻｲﾀﾏｹﾝｼﾝｷﾝ,058,ﾅﾅｻﾄ
1250,ｻｲﾀﾏｹﾝｼﾝｷﾝ,059,ｺｳﾅﾝ
1250,ｻｲﾀﾏｹﾝｼﾝｷﾝ,061,ﾋｶﾞｼｲﾜﾂｷ
1250,ｻｲﾀﾏｹﾝｼﾝｷﾝ,062,ﾋｶﾞｼﾏﾂﾔﾏ
1250,ｻｲﾀﾏｹﾝｼﾝｷﾝ,063,ｺｳﾉｽﾆｼｸﾞﾁ
1250,ｻｲﾀﾏｹﾝｼﾝｷﾝ,064,ｷｻｲ
1250,ｻｲﾀﾏｹﾝｼﾝｷﾝ,065,ｷﾀﾓﾄﾆｼｸﾞﾁ
1250,ｻｲﾀﾏｹﾝｼﾝｷﾝ,066,ﾂﾙｶﾞｼﾏｷﾀ
1250,ｻｲﾀﾏｹﾝｼﾝｷﾝ,067,ﾋｶﾞｼﾔｼｵ
1250,ｻｲﾀﾏｹﾝｼﾝｷﾝ,073,ｵｵｸﾎﾞ
1250,ｻｲﾀﾏｹﾝｼﾝｷﾝ,074,ﾋｶﾞｼｵｵﾐﾔ
1250,ｻｲﾀﾏｹﾝｼﾝｷﾝ,075,ｻﾂﾃ
1250,ｻｲﾀﾏｹﾝｼﾝｷﾝ,076,ｸﾏｶﾞﾔﾋｶﾞｼ
1250,ｻｲﾀﾏｹﾝｼﾝｷﾝ,081,ﾆｼｿｳｶ
1250,ｻｲﾀﾏｹﾝｼﾝｷﾝ,082,ｷﾀｿｳｶ
1250,ｻｲﾀﾏｹﾝｼﾝｷﾝ,083,ｼﾝﾘﾝｺｳｴﾝ
1250,ｻｲﾀﾏｹﾝｼﾝｷﾝ,084,ﾊﾅｻｷ
1250,ｻｲﾀﾏｹﾝｼﾝｷﾝ,085,ｲﾅ
1250,ｻｲﾀﾏｹﾝｼﾝｷﾝ,086,ｺｼｶﾞﾔﾋﾗｶﾀ
1250,ｻｲﾀﾏｹﾝｼﾝｷﾝ,089,ｶｽｶﾍﾞﾆｼｸﾞﾁ
1250,ｻｲﾀﾏｹﾝｼﾝｷﾝ,090,ｵｹｶﾞﾜﾆｼｸﾞﾁ
1250,ｻｲﾀﾏｹﾝｼﾝｷﾝ,091,ﾐﾔｼﾛ
1250,ｻｲﾀﾏｹﾝｼﾝｷﾝ,092,ｵｶﾞﾜ
1250,ｻｲﾀﾏｹﾝｼﾝｷﾝ,093,ｵｺﾞｾ
1250,ｻｲﾀﾏｹﾝｼﾝｷﾝ,094,ﾓﾛﾔﾏ
1250,ｻｲﾀﾏｹﾝｼﾝｷﾝ,095,ｻﾔﾏ
1250,ｻｲﾀﾏｹﾝｼﾝｷﾝ,096,ｶﾐﾌｸｵｶ
1250,ｻｲﾀﾏｹﾝｼﾝｷﾝ,097,ﾗﾝｻﾞﾝ
1250,ｻｲﾀﾏｹﾝｼﾝｷﾝ,098,ﾆｲｻﾞ
1250,ｻｲﾀﾏｹﾝｼﾝｷﾝ,099,ｱｻｶ
1250,ｻｲﾀﾏｹﾝｼﾝｷﾝ,100,ﾂﾙｾ
1250,ｻｲﾀﾏｹﾝｼﾝｷﾝ,101,ﾂﾙｶﾞｼﾏ
1250,ｻｲﾀﾏｹﾝｼﾝｷﾝ,102,ﾑｻｼﾌｼﾞｻﾜ
1250,ｻｲﾀﾏｹﾝｼﾝｷﾝ,103,ﾀｶｻｶ
1250,ｻｲﾀﾏｹﾝｼﾝｷﾝ,105,ｶﾜｺﾞｴﾐﾅﾐ
1250,ｻｲﾀﾏｹﾝｼﾝｷﾝ,107,ﾐﾖｼ
1250,ｻｲﾀﾏｹﾝｼﾝｷﾝ,108,ｶﾜｺﾞｴﾆｼ
1250,ｻｲﾀﾏｹﾝｼﾝｷﾝ,110,ｶﾜｼﾞﾏ
1250,ｻｲﾀﾏｹﾝｼﾝｷﾝ,112,ﾖｼﾐ
1250,ｻｲﾀﾏｹﾝｼﾝｷﾝ,113,ﾐﾅﾐﾌﾙﾔ
1250,ｻｲﾀﾏｹﾝｼﾝｷﾝ,117,ﾄｷｶﾞﾜ
1250,ｻｲﾀﾏｹﾝｼﾝｷﾝ,118,ﾅｶﾞｾ
1250,ｻｲﾀﾏｹﾝｼﾝｷﾝ,122,ｶﾜｸﾞﾁｱｻﾋ
1250,ｻｲﾀﾏｹﾝｼﾝｷﾝ,123,ﾐｻﾄ
1250,ｻｲﾀﾏｹﾝｼﾝｷﾝ,124,ﾄﾀﾞ
1250,ｻｲﾀﾏｹﾝｼﾝｷﾝ,125,ｶﾜｸﾞﾁﾎﾝﾁﾖｳ
1251,ｶﾜｸﾞﾁｼﾝｷﾝ,001,ﾎﾝﾃﾝ
1251,ｶﾜｸﾞﾁｼﾝｷﾝ,003,ﾅｶﾁﾖｳ
1251,ｶﾜｸﾞﾁｼﾝｷﾝ,004,ｲｲﾂﾞｶ
1251,ｶﾜｸﾞﾁｼﾝｷﾝ,005,ﾜﾗﾋﾞ
1251,ｶﾜｸﾞﾁｼﾝｷﾝ,006,ﾄﾀﾞ
1251,ｶﾜｸﾞﾁｼﾝｷﾝ,007,ｼｷ
1251,ｶﾜｸﾞﾁｼﾝｷﾝ,008,ﾜｺｳ
1251,ｶﾜｸﾞﾁｼﾝｷﾝ,009,ﾎﾝﾁﾖｳﾋｶﾞｼ
1251,ｶﾜｸﾞﾁｼﾝｷﾝ,010,ｶﾞﾓｳ
1251,ｶﾜｸﾞﾁｼﾝｷﾝ,011,ｼﾊﾞ
1251,ｶﾜｸﾞﾁｼﾝｷﾝ,012,ｵｵﾐﾔ
1251,ｶﾜｸﾞﾁｼﾝｷﾝ,013,ｲﾁﾉﾜﾘ
1251,ｶﾜｸﾞﾁｼﾝｷﾝ,014,ﾖﾉ
1251,ｶﾜｸﾞﾁｼﾝｷﾝ,015,ﾔﾅｷﾞｻｷ
1251,ｶﾜｸﾞﾁｼﾝｷﾝ,016,ｷﾀｳﾗﾜ
1251,ｶﾜｸﾞﾁｼﾝｷﾝ,017,ﾊﾄｶﾞﾔ
1251,ｶﾜｸﾞﾁｼﾝｷﾝ,018,ﾑﾈｵｶ
1251,ｶﾜｸﾞﾁｼﾝｷﾝ,019,ｷｿﾞﾛ
1251,ｶﾜｸﾞﾁｼﾝｷﾝ,020,ｵｵﾜﾀﾞ
1251,ｶﾜｸﾞﾁｼﾝｷﾝ,021,ﾑｻｼｳﾗﾜ
1251,ｶﾜｸﾞﾁｼﾝｷﾝ,022,ｶﾜｸﾞﾁﾁﾕｳｵｳ
1251,ｶﾜｸﾞﾁｼﾝｷﾝ,023,ｳﾗﾜﾅｶｵ
1251,ｶﾜｸﾞﾁｼﾝｷﾝ,024,ﾋｶﾞｼｶﾜｸﾞﾁ
1251,ｶﾜｸﾞﾁｼﾝｷﾝ,025,ｱｶｲ
1251,ｶﾜｸﾞﾁｼﾝｷﾝ,027,ﾄﾀﾞｷﾀ
1251,ｶﾜｸﾞﾁｼﾝｷﾝ,028,ｶﾞﾓｳﾆｼｸﾞﾁ
1251,ｶﾜｸﾞﾁｼﾝｷﾝ,029,ｼｷｷﾀ
1251,ｶﾜｸﾞﾁｼﾝｷﾝ,031,ﾋｶﾞｼｵｵﾐﾔ
1251,ｶﾜｸﾞﾁｼﾝｷﾝ,032,ｱｹﾞｵ
1251,ｶﾜｸﾞﾁｼﾝｷﾝ,033,ﾋｶﾞｼﾎﾝｺﾞｳ
1251,ｶﾜｸﾞﾁｼﾝｷﾝ,034,ﾐｽﾞﾎﾀﾞｲ
1251,ｶﾜｸﾞﾁｼﾝｷﾝ,035,ｲﾜﾂｷ
1251,ｶﾜｸﾞﾁｼﾝｷﾝ,036,ﾐﾅﾐｺｼｶﾞﾔ
1251,ｶﾜｸﾞﾁｼﾝｷﾝ,037,ﾄﾛ
1251,ｶﾜｸﾞﾁｼﾝｷﾝ,038,ｳﾗﾜﾄﾞｳｼﾞﾖｳ
1251,ｶﾜｸﾞﾁｼﾝｷﾝ,039,ｵｹｶﾞﾜ
1251,ｶﾜｸﾞﾁｼﾝｷﾝ,040,ｶｽｶﾍﾞ
1251,ｶﾜｸﾞﾁｼﾝｷﾝ,041,ﾋｶﾞｼｳﾗﾜｴｷﾏｴ
1251,ｶﾜｸﾞﾁｼﾝｷﾝ,042,ﾐﾔｼﾛ
1251,ｶﾜｸﾞﾁｼﾝｷﾝ,043,ﾜｼﾉﾐﾔ
1251,ｶﾜｸﾞﾁｼﾝｷﾝ,044,ﾌｼﾞﾐﾉ
1251,ｶﾜｸﾞﾁｼﾝｷﾝ,045,ｸﾘﾊｼ
1251,ｶﾜｸﾞﾁｼﾝｷﾝ,046,ｸｷ
1251,ｶﾜｸﾞﾁｼﾝｷﾝ,047,ｾﾝｹﾞﾝﾀﾞｲ
1251,ｶﾜｸﾞﾁｼﾝｷﾝ,048,ｺｳﾉｽ
1252,ｱｵｷｼﾝｷﾝ,001,ﾎﾝﾃﾝ
1252,ｱｵｷｼﾝｷﾝ,002,ｷﾀ
1252,ｱｵｷｼﾝｷﾝ,003,ﾊﾄｶﾞﾔ
1252,ｱｵｷｼﾝｷﾝ,004,ﾆｼｶﾜｸﾞﾁ
1252,ｱｵｷｼﾝｷﾝ,005,ﾜﾗﾋﾞｴｷﾏｴ
1252,ｱｵｷｼﾝｷﾝ,006,ﾅﾐｷﾁﾖｳ
1252,ｱｵｷｼﾝｷﾝ,007,ｳﾗﾜ
1252,ｱｵｷｼﾝｷﾝ,008,ﾅﾝﾍﾟｲ
1252,ｱｵｷｼﾝｷﾝ,009,ﾔﾂｶ
1252,ｱｵｷｼﾝｷﾝ,010,ｼﾊﾞﾏｴｶﾜ
1252,ｱｵｷｼﾝｷﾝ,011,ｱﾀﾞﾁ
1252,ｱｵｷｼﾝｷﾝ,012,ｻｲﾀﾞｲﾄﾞｵﾘ
1252,ｱｵｷｼﾝｷﾝ,013,ｱｻﾋ
1252,ｱｵｷｼﾝｷﾝ,014,ｺｼｶﾞﾔ
1252,ｱｵｷｼﾝｷﾝ,015,ｴﾄﾞﾌﾞｸﾛ
1252,ｱｵｷｼﾝｷﾝ,016,ﾄﾂﾞｶ
1252,ｱｵｷｼﾝｷﾝ,017,ﾔｼｵ
1252,ｱｵｷｼﾝｷﾝ,018,ﾄﾀﾞ
1252,ｱｵｷｼﾝｷﾝ,019,ｲｲﾅｶ
1252,ｱｵｷｼﾝｷﾝ,020,ｼﾊﾞ
1252,ｱｵｷｼﾝｷﾝ,021,ﾜﾗﾋﾞ
1252,ｱｵｷｼﾝｷﾝ,022,ﾐﾅﾐｳﾗﾜ
1252,ｱｵｷｼﾝｷﾝ,023,ｻｼｵｳｷﾞ
1252,ｱｵｷｼﾝｷﾝ,024,ｵﾏｷﾞ
1252,ｱｵｷｼﾝｷﾝ,025,ｵｵﾐﾔ
1252,ｱｵｷｼﾝｷﾝ,026,ｱｹﾞｵ
1252,ｱｵｷｼﾝｷﾝ,027,ﾆｲｻﾞ
1252,ｱｵｷｼﾝｷﾝ,028,ｻｶｴﾁﾖｳ
1252,ｱｵｷｼﾝｷﾝ,029,ﾊｴﾏﾂ
1252,ｱｵｷｼﾝｷﾝ,031,ﾔﾅｷﾞｻｷ
1252,ｱｵｷｼﾝｷﾝ,032,ｻｼﾏ
1252,ｱｵｷｼﾝｷﾝ,033,ﾖｼｶﾜ
1252,ｱｵｷｼﾝｷﾝ,034,ｷｻﾞｷ
1252,ｱｵｷｼﾝｷﾝ,035,ｵｹｶﾞﾜ
1252,ｱｵｷｼﾝｷﾝ,036,ｶﾐﾈ
1252,ｱｵｷｼﾝｷﾝ,037,ｱﾝｷﾞﾖｳ
1252,ｱｵｷｼﾝｷﾝ,038,ﾋｶﾞｼｺｼｶﾞﾔ
1253,ﾊﾝﾉｳｼﾝｷﾝ,001,ﾊﾝﾉｳﾁﾕｳｵｳ
1253,ﾊﾝﾉｳｼﾝｷﾝ,002,ﾄｺﾛｻﾜ
1253,ﾊﾝﾉｳｼﾝｷﾝ,003,ｲﾙﾏ
1253,ﾊﾝﾉｳｼﾝｷﾝ,004,ﾋﾀﾞｶ
1253,ﾊﾝﾉｳｼﾝｷﾝ,005,ﾂﾙｶﾞｼﾏ
1253,ﾊﾝﾉｳｼﾝｷﾝ,006,ﾐﾅﾐｵｵﾂｶ
1253,ﾊﾝﾉｳｼﾝｷﾝ,007,ｲﾘｿ
1253,ﾊﾝﾉｳｼﾝｷﾝ,008,ｻﾔﾏｶﾞｵｶ
1253,ﾊﾝﾉｳｼﾝｷﾝ,009,ｼﾝﾄｺﾛｻﾜ
1253,ﾊﾝﾉｳｼﾝｷﾝ,010,ｸﾛｽ
1253,ﾊﾝﾉｳｼﾝｷﾝ,011,ﾋｶﾞｼﾊﾝﾉｳ
1253,ﾊﾝﾉｳｼﾝｷﾝ,012,ｺﾃｻｼ
1253,ﾊﾝﾉｳｼﾝｷﾝ,013,ﾌﾞｼ
1253,ﾊﾝﾉｳｼﾝｷﾝ,014,ｶｻﾊﾀ
1253,ﾊﾝﾉｳｼﾝｷﾝ,015,ｻﾔﾏﾆｼ
1253,ﾊﾝﾉｳｼﾝｷﾝ,016,ﾔﾏｸﾞﾁ
1253,ﾊﾝﾉｳｼﾝｷﾝ,017,ｶﾜｺﾞｴ
1253,ﾊﾝﾉｳｼﾝｷﾝ,018,ﾀｶﾊｷﾞ
1253,ﾊﾝﾉｳｼﾝｷﾝ,019,ﾄｺﾛｻﾜﾋｶﾞｼ
1253,ﾊﾝﾉｳｼﾝｷﾝ,020,ｲﾙﾏﾆｼ
1253,ﾊﾝﾉｳｼﾝｷﾝ,021,ﾊﾝﾉｳﾐﾅﾐ
1253,ﾊﾝﾉｳｼﾝｷﾝ,022,ﾂﾙｶﾞｼﾏﾆｼ
1253,ﾊﾝﾉｳｼﾝｷﾝ,023,ｼﾝｻﾔﾏ
1253,ﾊﾝﾉｳｼﾝｷﾝ,024,ﾓﾛﾔﾏ
1253,ﾊﾝﾉｳｼﾝｷﾝ,025,ｻﾔﾏ
1253,ﾊﾝﾉｳｼﾝｷﾝ,026,ﾑｻｼﾌｼﾞｻﾜ
1253,ﾊﾝﾉｳｼﾝｷﾝ,027,ｵｺﾞｾ
1253,ﾊﾝﾉｳｼﾝｷﾝ,028,ﾄｺﾛｻﾜｹﾔｷﾀﾞｲ
1253,ﾊﾝﾉｳｼﾝｷﾝ,029,ｾｲﾌﾞﾀﾞﾝﾁ
1253,ﾊﾝﾉｳｼﾝｷﾝ,030,ﾄｺﾛｻﾜﾏﾂｲ
1253,ﾊﾝﾉｳｼﾝｷﾝ,031,ｶﾜｺﾞｴｲｼﾜﾗﾏﾁ
1253,ﾊﾝﾉｳｼﾝｷﾝ,032,ｶｼﾞ
1253,ﾊﾝﾉｳｼﾝｷﾝ,033,ｵｳﾒﾋｶﾞｼ
1253,ﾊﾝﾉｳｼﾝｷﾝ,034,ｷﾀｻｶﾄﾞ
1253,ﾊﾝﾉｳｼﾝｷﾝ,035,ﾋｶﾞｼﾑﾗﾔﾏ
1253,ﾊﾝﾉｳｼﾝｷﾝ,036,ｶｽﾐｶﾞｾｷ
1253,ﾊﾝﾉｳｼﾝｷﾝ,037,ｷﾖｾ
1253,ﾊﾝﾉｳｼﾝｷﾝ,038,ﾄｳﾌﾞ
1253,ﾊﾝﾉｳｼﾝｷﾝ,039,ﾐﾖｼ
1253,ﾊﾝﾉｳｼﾝｷﾝ,040,ﾌｼﾞﾐﾉ
1253,ﾊﾝﾉｳｼﾝｷﾝ,041,ｻｲﾀﾏ
1253,ﾊﾝﾉｳｼﾝｷﾝ,043,ﾋｶﾞｼﾔﾏﾄ
1253,ﾊﾝﾉｳｼﾝｷﾝ,044,ｻｲﾀﾏﾁﾕｳｵｳ
1253,ﾊﾝﾉｳｼﾝｷﾝ,045,ﾆｼﾄｳｷﾖｳ
1253,ﾊﾝﾉｳｼﾝｷﾝ,046,ｲﾀﾊﾞｼﾎｳｼﾞﾝ
1253,ﾊﾝﾉｳｼﾝｷﾝ,047,ｽｷﾞﾅﾐﾎｳｼﾞﾝ
1253,ﾊﾝﾉｳｼﾝｷﾝ,048,ｱｻｶ
1253,ﾊﾝﾉｳｼﾝｷﾝ,049,ﾀﾁｶﾜﾎｳｼﾞﾝ
1253,ﾊﾝﾉｳｼﾝｷﾝ,070,ﾎﾝﾃﾝ
1260,ﾁﾊﾞｼﾝｷﾝ,001,ﾎﾝﾃﾝ
1260,ﾁﾊﾞｼﾝｷﾝ,002,ｲﾅｹﾞ
1260,ﾁﾊﾞｼﾝｷﾝ,004,ﾏｸﾊﾘ
1260,ﾁﾊﾞｼﾝｷﾝ,005,ｺﾞｲ
1260,ﾁﾊﾞｼﾝｷﾝ,006,ｻﾑｶﾞﾜ
1260,ﾁﾊﾞｼﾝｷﾝ,007,ｳｼｸ
1260,ﾁﾊﾞｼﾝｷﾝ,008,ﾔﾜﾀ
1260,ﾁﾊﾞｼﾝｷﾝ,009,ｼﾗﾊﾀ
1260,ﾁﾊﾞｼﾝｷﾝ,010,ｱﾈｶﾞｻｷ
1260,ﾁﾊﾞｼﾝｷﾝ,011,ﾂﾀﾞﾇﾏ
1260,ﾁﾊﾞｼﾝｷﾝ,012,ｻｸｻﾍﾞ
1260,ﾁﾊﾞｼﾝｷﾝ,013,ﾎﾝﾀﾞ
1260,ﾁﾊﾞｼﾝｷﾝ,014,ｻｸﾗｷﾞ
1260,ﾁﾊﾞｼﾝｷﾝ,016,ｿﾝﾉｳ
1260,ﾁﾊﾞｼﾝｷﾝ,017,ﾁﾊﾞｴｷｷﾀｸﾞﾁ
1260,ﾁﾊﾞｼﾝｷﾝ,019,ﾊﾅｿﾞﾉ
1260,ﾁﾊﾞｼﾝｷﾝ,020,ｿﾝﾉｳｸｻﾉ
1260,ﾁﾊﾞｼﾝｷﾝ,021,ﾐﾔﾏ
1260,ﾁﾊﾞｼﾝｷﾝ,023,ﾐﾔｺﾁﾖｳ
1260,ﾁﾊﾞｼﾝｷﾝ,029,ﾂｶﾞ
1260,ﾁﾊﾞｼﾝｷﾝ,031,ｺｸﾌﾞﾝｼﾞﾀﾞｲ
1260,ﾁﾊﾞｼﾝｷﾝ,034,ﾁｸﾞｻ
1260,ﾁﾊﾞｼﾝｷﾝ,035,ｱｵﾔｷﾞ
1260,ﾁﾊﾞｼﾝｷﾝ,036,ﾔﾁﾏﾀﾁﾕｳｵｳ
1260,ﾁﾊﾞｼﾝｷﾝ,037,ｻｸﾗ
1260,ﾁﾊﾞｼﾝｷﾝ,038,ﾖﾂｶｲﾄﾞｳ
1260,ﾁﾊﾞｼﾝｷﾝ,039,ｼﾊﾞﾔﾏ
1260,ﾁﾊﾞｼﾝｷﾝ,040,ﾄｳｶﾞﾈ
1260,ﾁﾊﾞｼﾝｷﾝ,041,ｼﾂﾞ
1260,ﾁﾊﾞｼﾝｷﾝ,044,ｵｵﾜﾀﾞ
1260,ﾁﾊﾞｼﾝｷﾝ,049,ﾄﾐｻﾄ
1260,ﾁﾊﾞｼﾝｷﾝ,101,ﾅﾘﾀ
1260,ﾁﾊﾞｼﾝｷﾝ,103,ｻﾝﾘﾂﾞｶ
1260,ﾁﾊﾞｼﾝｷﾝ,104,ｼﾛｲ
1260,ﾁﾊﾞｼﾝｷﾝ,105,ｲﾝｻﾞｲ
1260,ﾁﾊﾞｼﾝｷﾝ,106,ｱﾋﾞｺ
1260,ﾁﾊﾞｼﾝｷﾝ,108,ｱｶｻｶ
1260,ﾁﾊﾞｼﾝｷﾝ,121,ﾁﾕｳｵｳ
1260,ﾁﾊﾞｼﾝｷﾝ,122,ｵｵｻﾜ
1260,ﾁﾊﾞｼﾝｷﾝ,123,ｸﾙﾘ
1260,ﾁﾊﾞｼﾝｷﾝ,125,ﾌﾂﾂ
1260,ﾁﾊﾞｼﾝｷﾝ,126,ｿﾃﾞｶﾞｳﾗ
1260,ﾁﾊﾞｼﾝｷﾝ,128,ｷｻﾗﾂﾞ
1260,ﾁﾊﾞｼﾝｷﾝ,129,ｷﾐﾂ
1260,ﾁﾊﾞｼﾝｷﾝ,130,ｷﾖﾐﾀﾞｲ
1260,ﾁﾊﾞｼﾝｷﾝ,131,ｲﾜﾈ
1260,ﾁﾊﾞｼﾝｷﾝ,134,ﾋﾗｶﾜ
1260,ﾁﾊﾞｼﾝｷﾝ,138,ﾅｶﾞｳﾗ
1260,ﾁﾊﾞｼﾝｷﾝ,145,ｷﾐﾂﾋｶﾞｼ
1261,ﾁﾖｳｼｼﾝｷﾝ,001,ﾎﾝﾃﾝ
1261,ﾁﾖｳｼｼﾝｷﾝ,003,ﾄｶﾜ
1261,ﾁﾖｳｼｼﾝｷﾝ,004,ﾎﾝｼﾞﾖｳ
1261,ﾁﾖｳｼｼﾝｷﾝ,005,ﾊｼﾓﾄ
1261,ﾁﾖｳｼｼﾝｷﾝ,006,ﾏﾂｷﾞｼ
1261,ﾁﾖｳｼｼﾝｷﾝ,007,ﾖｳｶｲﾁﾊﾞ
1261,ﾁﾖｳｼｼﾝｷﾝ,008,ｲｲｵｶ
1261,ﾁﾖｳｼｼﾝｷﾝ,009,ﾌﾅｷｼｲｼﾊﾞ
1261,ﾁﾖｳｼｼﾝｷﾝ,010,ﾏﾂｵ
1261,ﾁﾖｳｼｼﾝｷﾝ,011,ﾊｻｷ
1261,ﾁﾖｳｼｼﾝｷﾝ,012,ｵｵﾊﾗ
1261,ﾁﾖｳｼｼﾝｷﾝ,013,ｶﾂｳﾗ
1261,ﾁﾖｳｼｼﾝｷﾝ,014,ｵｵﾀｷ
1261,ﾁﾖｳｼｼﾝｷﾝ,015,ﾓﾊﾞﾗ
1261,ﾁﾖｳｼｼﾝｷﾝ,016,ｶｼﾏ
1261,ﾁﾖｳｼｼﾝｷﾝ,019,ｶﾐｽ
1261,ﾁﾖｳｼｼﾝｷﾝ,021,ﾄｳｶﾞﾈ
1261,ﾁﾖｳｼｼﾝｷﾝ,023,ｷﾖｶﾜﾁﾖｳ
1261,ﾁﾖｳｼｼﾝｷﾝ,024,ﾄｳﾉｼﾖｳ
1261,ﾁﾖｳｼｼﾝｷﾝ,025,ﾄﾞｱｲ
1261,ﾁﾖｳｼｼﾝｷﾝ,028,ｱｻﾋﾁﾕｳｵｳ
1261,ﾁﾖｳｼｼﾝｷﾝ,029,ﾖｺｼﾊﾞ
1261,ﾁﾖｳｼｼﾝｷﾝ,030,ｳﾅｶﾐ
1261,ﾁﾖｳｼｼﾝｷﾝ,031,ﾋｶﾞﾀ
1261,ﾁﾖｳｼｼﾝｷﾝ,032,ﾔﾏﾀﾞ
1261,ﾁﾖｳｼｼﾝｷﾝ,033,ﾁﾊﾞ
1261,ﾁﾖｳｼｼﾝｷﾝ,034,ｻｸﾗ
1261,ﾁﾖｳｼｼﾝｷﾝ,041,ﾊｽﾇﾏ
1262,ﾄｳｷﾖｳﾍﾞｲｼﾝｷﾝ,001,ﾎﾝﾃﾝ
1262,ﾄｳｷﾖｳﾍﾞｲｼﾝｷﾝ,002,ﾔﾜﾀ
1262,ﾄｳｷﾖｳﾍﾞｲｼﾝｷﾝ,003,ｷﾞﾖｳﾄｸ
1262,ﾄｳｷﾖｳﾍﾞｲｼﾝｷﾝ,004,ｳﾗﾔｽ
1262,ﾄｳｷﾖｳﾍﾞｲｼﾝｷﾝ,005,ﾐﾔｸﾎﾞ
1262,ﾄｳｷﾖｳﾍﾞｲｼﾝｷﾝ,009,ﾉﾀﾞ
1262,ﾄｳｷﾖｳﾍﾞｲｼﾝｷﾝ,011,ﾔｷﾞﾘ
1262,ﾄｳｷﾖｳﾍﾞｲｼﾝｷﾝ,012,ﾅｶﾞﾚﾔﾏ
1262,ﾄｳｷﾖｳﾍﾞｲｼﾝｷﾝ,013,ｴﾄﾞｶﾞﾜﾀﾞｲ
1262,ﾄｳｷﾖｳﾍﾞｲｼﾝｷﾝ,014,ｶｼﾜ
1262,ﾄｳｷﾖｳﾍﾞｲｼﾝｷﾝ,015,ｾｷﾔﾄﾞ
1262,ﾄｳｷﾖｳﾍﾞｲｼﾝｷﾝ,016,ｼﾖｳﾅﾝ
1262,ﾄｳｷﾖｳﾍﾞｲｼﾝｷﾝ,017,ﾏﾂﾄﾞｻｶｴﾁﾖｳ
1262,ﾄｳｷﾖｳﾍﾞｲｼﾝｷﾝ,018,ｷﾀｶｼﾜ
1262,ﾄｳｷﾖｳﾍﾞｲｼﾝｷﾝ,020,ｵｵﾉ
1262,ﾄｳｷﾖｳﾍﾞｲｼﾝｷﾝ,041,ｼﾞﾖｳﾄｳ
1262,ﾄｳｷﾖｳﾍﾞｲｼﾝｷﾝ,042,ｽﾅﾏﾁ
1262,ﾄｳｷﾖｳﾍﾞｲｼﾝｷﾝ,043,ｵｵｼﾞﾏ
1262,ﾄｳｷﾖｳﾍﾞｲｼﾝｷﾝ,044,ﾌﾅﾎﾞﾘ
1262,ﾄｳｷﾖｳﾍﾞｲｼﾝｷﾝ,045,ﾄﾖｽ
1262,ﾄｳｷﾖｳﾍﾞｲｼﾝｷﾝ,049,ﾀｶﾈ
1262,ﾄｳｷﾖｳﾍﾞｲｼﾝｷﾝ,050,ﾆｼｶｻｲ
1262,ﾄｳｷﾖｳﾍﾞｲｼﾝｷﾝ,061,ﾏﾂﾄﾞ
1262,ﾄｳｷﾖｳﾍﾞｲｼﾝｷﾝ,064,ﾏﾊﾞｼ
1262,ﾄｳｷﾖｳﾍﾞｲｼﾝｷﾝ,065,ｱﾋﾞｺ
1262,ﾄｳｷﾖｳﾍﾞｲｼﾝｷﾝ,066,ﾑﾂﾐ
1262,ﾄｳｷﾖｳﾍﾞｲｼﾝｷﾝ,067,ﾔﾊｼﾗ
1264,ﾀﾃﾔﾏｼﾝｷﾝ,001,ﾎﾝﾃﾝ
1264,ﾀﾃﾔﾏｼﾝｷﾝ,002,ﾅｺﾞﾌﾅｶﾀ
1264,ﾀﾃﾔﾏｼﾝｷﾝ,003,ｶﾓｶﾞﾜ
1264,ﾀﾃﾔﾏｼﾝｷﾝ,004,ﾁｸﾗ
1264,ﾀﾃﾔﾏｼﾝｷﾝ,005,ｷﾖﾅﾝ
1264,ﾀﾃﾔﾏｼﾝｷﾝ,006,ﾜｶﾐﾔ
1264,ﾀﾃﾔﾏｼﾝｷﾝ,007,ｷｻﾗﾂﾞ
1264,ﾀﾃﾔﾏｼﾝｷﾝ,008,ｷﾐﾂ
1264,ﾀﾃﾔﾏｼﾝｷﾝ,009,ｼﾗﾊﾏ
1264,ﾀﾃﾔﾏｼﾝｷﾝ,010,ﾐﾅﾐ
1264,ﾀﾃﾔﾏｼﾝｷﾝ,011,ｱﾏﾂｺﾐﾅﾄ
1264,ﾀﾃﾔﾏｼﾝｷﾝ,016,ｲﾁﾊﾗ
1264,ﾀﾃﾔﾏｼﾝｷﾝ,017,ｿﾃﾞｶﾞｳﾗ
1267,ｻﾜﾗｼﾝｷﾝ,001,ﾎﾝﾃﾝ
1267,ｻﾜﾗｼﾝｷﾝ,002,ﾎﾝｼﾞﾕｸ
1267,ｻﾜﾗｼﾝｷﾝ,003,ｵﾐｶﾞﾜ
1267,ｻﾜﾗｼﾝｷﾝ,004,ﾀｺ
1267,ｻﾜﾗｼﾝｷﾝ,005,ｻｻｶﾞﾜ
1267,ｻﾜﾗｼﾝｷﾝ,006,ｺｳｻﾞｷ
1267,ｻﾜﾗｼﾝｷﾝ,007,ｲﾀｺ
1267,ｻﾜﾗｼﾝｷﾝ,008,ｱｿｳ
1267,ｻﾜﾗｼﾝｷﾝ,010,ｶｼﾏ
1267,ｻﾜﾗｼﾝｷﾝ,012,ﾅﾘﾀ
1267,ｻﾜﾗｼﾝｷﾝ,014,ﾂｶﾞ
1267,ｻﾜﾗｼﾝｷﾝ,015,ｼﾓﾌｻ
1267,ｻﾜﾗｼﾝｷﾝ,016,ｻｸﾗ
1267,ｻﾜﾗｼﾝｷﾝ,017,ﾀﾞｲｴｲ
1267,ｻﾜﾗｼﾝｷﾝ,020,ｻｸｻﾍﾞ
1267,ｻﾜﾗｼﾝｷﾝ,021,ｷﾀ
1280,ﾖｺﾊﾏｼﾝｷﾝ,001,ﾎﾝﾃﾝ
1280,ﾖｺﾊﾏｼﾝｷﾝ,002,ｲﾁﾊﾞ
1280,ﾖｺﾊﾏｼﾝｷﾝ,003,ｳｼｵﾀﾞ
1280,ﾖｺﾊﾏｼﾝｷﾝ,004,ﾂﾙﾐ
1280,ﾖｺﾊﾏｼﾝｷﾝ,005,ｽｴﾖｼ
1280,ﾖｺﾊﾏｼﾝｷﾝ,006,ﾅﾏﾑｷﾞ
1280,ﾖｺﾊﾏｼﾝｷﾝ,007,ﾛﾂｶｸﾊﾞｼ
1280,ﾖｺﾊﾏｼﾝｷﾝ,008,ﾀﾝﾏﾁ
1280,ﾖｺﾊﾏｼﾝｷﾝ,009,ﾎﾝﾓｸ
1280,ﾖｺﾊﾏｼﾝｷﾝ,010,ﾖｼﾉﾁﾖｳ
1280,ﾖｺﾊﾏｼﾝｷﾝ,011,ｶﾅｻﾞﾜ
1280,ﾖｺﾊﾏｼﾝｷﾝ,012,ﾑﾂｳﾗ
1280,ﾖｺﾊﾏｼﾝｷﾝ,013,ﾎﾄﾞｶﾞﾔ
1280,ﾖｺﾊﾏｼﾝｷﾝ,014,ｸﾞﾐﾖｳｼﾞ
1280,ﾖｺﾊﾏｼﾝｷﾝ,015,ｵｵｸﾞﾁ
1280,ﾖｺﾊﾏｼﾝｷﾝ,016,ﾄﾂｶ
1280,ﾖｺﾊﾏｼﾝｷﾝ,017,ﾅｶﾔﾏ
1280,ﾖｺﾊﾏｼﾝｷﾝ,018,ｶﾐｵｵｵｶ
1280,ﾖｺﾊﾏｼﾝｷﾝ,019,ﾂﾙｶﾞﾐﾈ
1280,ﾖｺﾊﾏｼﾝｷﾝ,020,ｲｽﾞﾐ
1280,ﾖｺﾊﾏｼﾝｷﾝ,021,ｻｶﾞﾐﾉ
1280,ﾖｺﾊﾏｼﾝｷﾝ,022,ｾﾔ
1280,ﾖｺﾊﾏｼﾝｷﾝ,023,ﾖｺﾊﾏﾆｼｸﾞﾁ
1280,ﾖｺﾊﾏｼﾝｷﾝ,024,ｶﾜｻｷ
1280,ﾖｺﾊﾏｼﾝｷﾝ,025,ｼﾖｳﾅﾝﾀﾞｲ
1280,ﾖｺﾊﾏｼﾝｷﾝ,026,ｵｵｸﾗﾔﾏ
1280,ﾖｺﾊﾏｼﾝｷﾝ,027,ﾄｵｶｲﾁﾊﾞ
1280,ﾖｺﾊﾏｼﾝｷﾝ,028,ﾈｷﾞｼﾊﾞｼ
1280,ﾖｺﾊﾏｼﾝｷﾝ,029,ﾋﾉ
1280,ﾖｺﾊﾏｼﾝｷﾝ,030,ﾊﾞﾊﾞ
1280,ﾖｺﾊﾏｼﾝｷﾝ,031,ﾌｸｳﾗ
1280,ﾖｺﾊﾏｼﾝｷﾝ,032,ﾄﾂｶﾋｶﾞｼｸﾞﾁ
1280,ﾖｺﾊﾏｼﾝｷﾝ,033,ﾉｹﾞﾏﾁ
1280,ﾖｺﾊﾏｼﾝｷﾝ,034,ﾅﾙｾ
1280,ﾖｺﾊﾏｼﾝｷﾝ,035,ﾐﾅﾐﾘﾝｶﾝ
1280,ﾖｺﾊﾏｼﾝｷﾝ,036,ｶﾐﾅｶﾞﾔ
1280,ﾖｺﾊﾏｼﾝｷﾝ,037,ﾀｶﾀ
1280,ﾖｺﾊﾏｼﾝｷﾝ,038,ﾐﾂｷﾖｳ
1280,ﾖｺﾊﾏｼﾝｷﾝ,039,ｱｵﾊﾞﾀﾞｲ
1280,ﾖｺﾊﾏｼﾝｷﾝ,040,ｶﾓｲ
1280,ﾖｺﾊﾏｼﾝｷﾝ,041,ﾁﾄｾ
1280,ﾖｺﾊﾏｼﾝｷﾝ,042,ｺﾏｵｶ
1280,ﾖｺﾊﾏｼﾝｷﾝ,043,ｼﾝﾖｺﾊﾏ
1280,ﾖｺﾊﾏｼﾝｷﾝ,044,ﾋﾗﾏ
1280,ﾖｺﾊﾏｼﾝｷﾝ,045,ｴﾋﾞﾅ
1280,ﾖｺﾊﾏｼﾝｷﾝ,046,ｾﾘｶﾞﾔ
1280,ﾖｺﾊﾏｼﾝｷﾝ,047,ｼﾝﾎﾝﾓｸ
1280,ﾖｺﾊﾏｼﾝｷﾝ,048,ﾄﾐｵｶ
1280,ﾖｺﾊﾏｼﾝｷﾝ,049,ﾆｼﾔ
1280,ﾖｺﾊﾏｼﾝｷﾝ,050,ﾋｶﾞｼﾄﾂｶ
1280,ﾖｺﾊﾏｼﾝｷﾝ,051,ｲｽﾞﾐﾁﾕｳｵｳ
1280,ﾖｺﾊﾏｼﾝｷﾝ,052,ﾆﾂﾊﾟ
1280,ﾖｺﾊﾏｼﾝｷﾝ,053,ﾂﾅｼﾏ
1280,ﾖｺﾊﾏｼﾝｷﾝ,054,ﾌｼﾞﾀﾞﾅ
1280,ﾖｺﾊﾏｼﾝｷﾝ,055,ﾂｷﾐﾉ
1280,ﾖｺﾊﾏｼﾝｷﾝ,056,ｸﾘｷ
1280,ﾖｺﾊﾏｼﾝｷﾝ,057,ﾂﾙﾐｴｷﾋｶﾞｼｸﾞﾁ
1280,ﾖｺﾊﾏｼﾝｷﾝ,058,ｾﾝﾀ-ﾐﾅﾐ
1280,ﾖｺﾊﾏｼﾝｷﾝ,059,ｱｻﾞﾐﾉ
1280,ﾖｺﾊﾏｼﾝｷﾝ,060,ｾﾝﾀ-ｷﾀ
1280,ﾖｺﾊﾏｼﾝｷﾝ,061,ﾔﾏﾄ
1280,ﾖｺﾊﾏｼﾝｷﾝ,062,ｹｲﾋﾝﾎｳｼﾞﾝ
1280,ﾖｺﾊﾏｼﾝｷﾝ,063,ｵｵﾌﾅﾎｳｼﾞﾝ
1281,ｶﾅｶﾞﾜｼﾝｷﾝ,001,ﾎﾝﾃﾝ
1281,ｶﾅｶﾞﾜｼﾝｷﾝ,002,ｵﾂﾊﾟﾏ
1281,ｶﾅｶﾞﾜｼﾝｷﾝ,003,ｽﾞｼ
1281,ｶﾅｶﾞﾜｼﾝｷﾝ,004,ﾐｻｷ
1281,ｶﾅｶﾞﾜｼﾝｷﾝ,005,ｻｶｴﾁﾖｳ
1281,ｶﾅｶﾞﾜｼﾝｷﾝ,006,ｳﾗｶﾞ
1281,ｶﾅｶﾞﾜｼﾝｷﾝ,007,ｲｿｺﾞ
1281,ｶﾅｶﾞﾜｼﾝｷﾝ,008,ﾖｺﾊﾏ
1281,ｶﾅｶﾞﾜｼﾝｷﾝ,009,ｲﾄﾞｶﾞﾔ
1281,ｶﾅｶﾞﾜｼﾝｷﾝ,010,ﾂﾙﾐ
1281,ｶﾅｶﾞﾜｼﾝｷﾝ,011,ﾛﾂｶｸﾊﾞｼ
1281,ｶﾅｶﾞﾜｼﾝｷﾝ,012,ﾌﾀﾏﾀｶﾞﾜ
1281,ｶﾅｶﾞﾜｼﾝｷﾝ,013,ｺｳﾅﾝ
1281,ｶﾅｶﾞﾜｼﾝｷﾝ,014,ｱﾜﾀ
1281,ｶﾅｶﾞﾜｼﾝｷﾝ,015,ｾﾝｹﾞﾝﾁﾖｳ
1281,ｶﾅｶﾞﾜｼﾝｷﾝ,016,ﾔﾏﾓﾄﾁﾖｳ
1281,ｶﾅｶﾞﾜｼﾝｷﾝ,017,ｶﾅｻﾞﾜﾌﾞﾝｺ
1281,ｶﾅｶﾞﾜｼﾝｷﾝ,020,ﾐｳﾗｶｲｶﾞﾝ
1281,ｶﾅｶﾞﾜｼﾝｷﾝ,021,ｸﾘﾊﾏ
1281,ｶﾅｶﾞﾜｼﾝｷﾝ,022,ｷﾀｸﾘﾊﾏ
1281,ｶﾅｶﾞﾜｼﾝｷﾝ,023,ｵｵﾂ
1281,ｶﾅｶﾞﾜｼﾝｷﾝ,024,ｳﾜﾏﾁ
1281,ｶﾅｶﾞﾜｼﾝｷﾝ,025,ﾅｶﾑﾗﾊﾞｼ
1281,ｶﾅｶﾞﾜｼﾝｷﾝ,026,ﾀｹﾔﾏ
1281,ｶﾅｶﾞﾜｼﾝｷﾝ,027,ﾔｽｳﾗ
1281,ｶﾅｶﾞﾜｼﾝｷﾝ,028,ｲｹｶﾞﾐ
1281,ｶﾅｶﾞﾜｼﾝｷﾝ,029,ｺｳﾖｳ
1281,ｶﾅｶﾞﾜｼﾝｷﾝ,030,ｽｷﾞﾀ
1281,ｶﾅｶﾞﾜｼﾝｷﾝ,031,ﾐﾂｻﾞﾜ
1281,ｶﾅｶﾞﾜｼﾝｷﾝ,034,ﾄﾍﾞ
1281,ｶﾅｶﾞﾜｼﾝｷﾝ,038,ﾅﾐｷ
1281,ｶﾅｶﾞﾜｼﾝｷﾝ,039,ﾅｶﾞｲ
1281,ｶﾅｶﾞﾜｼﾝｷﾝ,040,ﾖｺﾊﾏﾆｼｸﾞﾁ
1281,ｶﾅｶﾞﾜｼﾝｷﾝ,041,ﾂﾂﾞｷｾﾝﾀ-
1281,ｶﾅｶﾞﾜｼﾝｷﾝ,042,ｺｳﾎｸｼﾝﾖｺﾊﾏ
1281,ｶﾅｶﾞﾜｼﾝｷﾝ,043,ﾌｼﾞｻﾜ
1281,ｶﾅｶﾞﾜｼﾝｷﾝ,044,ｶﾀｾ
1281,ｶﾅｶﾞﾜｼﾝｷﾝ,045,ﾂｼﾞﾄﾞｳ
1281,ｶﾅｶﾞﾜｼﾝｷﾝ,046,ﾁﾖｳｺﾞ
1281,ｶﾅｶﾞﾜｼﾝｷﾝ,048,ﾊﾗｼﾞﾕｸ
1281,ｶﾅｶﾞﾜｼﾝｷﾝ,049,ﾎﾝﾁﾖｳ
1281,ｶﾅｶﾞﾜｼﾝｷﾝ,052,ｸｹﾞﾇﾏ
1281,ｶﾅｶﾞﾜｼﾝｷﾝ,053,ｾﾞﾝｷﾞﾖｳ
1281,ｶﾅｶﾞﾜｼﾝｷﾝ,054,ﾑﾗｵｶ
1281,ｶﾅｶﾞﾜｼﾝｷﾝ,062,ﾑﾂｱｲ
1281,ｶﾅｶﾞﾜｼﾝｷﾝ,063,ｼﾖｳﾅﾝﾗｲﾌﾀｳﾝ
1281,ｶﾅｶﾞﾜｼﾝｷﾝ,064,ｱﾔｾ
1281,ｶﾅｶﾞﾜｼﾝｷﾝ,065,ﾊﾄﾘ
1282,ｼﾖｳﾅﾝｼﾝｷﾝ,001,ﾎﾝﾃﾝ
1282,ｼﾖｳﾅﾝｼﾝｷﾝ,002,ﾀｳﾗ
1282,ｼﾖｳﾅﾝｼﾝｷﾝ,003,ｷﾇｶﾞｻ
1282,ｼﾖｳﾅﾝｼﾝｷﾝ,004,ｵﾂﾊﾟﾏ
1282,ｼﾖｳﾅﾝｼﾝｷﾝ,005,ｸﾘﾊﾏ
1282,ｼﾖｳﾅﾝｼﾝｷﾝ,006,ﾀｹﾔﾏ
1282,ｼﾖｳﾅﾝｼﾝｷﾝ,007,ｲｿｺﾞ
1282,ｼﾖｳﾅﾝｼﾝｷﾝ,009,ﾎﾄﾞｶﾞﾔ
1282,ｼﾖｳﾅﾝｼﾝｷﾝ,010,ｲｾｻﾞｷﾁﾖｳ
1282,ｼﾖｳﾅﾝｼﾝｷﾝ,011,ｵｵｸﾞﾁ
1282,ｼﾖｳﾅﾝｼﾝｷﾝ,013,ｷﾀｸﾘﾊﾏ
1282,ｼﾖｳﾅﾝｼﾝｷﾝ,014,ﾅｶﾞｻﾜ
1282,ｼﾖｳﾅﾝｼﾝｷﾝ,017,ｶﾓｲ
1282,ｼﾖｳﾅﾝｼﾝｷﾝ,018,ﾔｺｳ
1282,ｼﾖｳﾅﾝｼﾝｷﾝ,019,ｲｹｶﾞﾐ
1282,ｼﾖｳﾅﾝｼﾝｷﾝ,021,ﾉﾋﾞ
1282,ｼﾖｳﾅﾝｼﾝｷﾝ,022,ﾍﾐ
1282,ｼﾖｳﾅﾝｼﾝｷﾝ,023,ﾐｳﾗｶｲｶﾞﾝ
1282,ｼﾖｳﾅﾝｼﾝｷﾝ,024,ﾖｺﾊﾏﾆｼｸﾞﾁ
1282,ｼﾖｳﾅﾝｼﾝｷﾝ,025,ﾉｳｹﾝﾀﾞｲ
1282,ｼﾖｳﾅﾝｼﾝｷﾝ,026,ﾏﾎﾞﾘ
1282,ｼﾖｳﾅﾝｼﾝｷﾝ,028,ｽﾞｼ
1282,ｼﾖｳﾅﾝｼﾝｷﾝ,031,ｶﾏｸﾗ
1282,ｼﾖｳﾅﾝｼﾝｷﾝ,032,ｵｵﾌﾅ
1282,ｼﾖｳﾅﾝｼﾝｷﾝ,033,ｺｼｺﾞｴ
1282,ｼﾖｳﾅﾝｼﾝｷﾝ,035,ﾄﾂｶ
1282,ｼﾖｳﾅﾝｼﾝｷﾝ,036,ﾌｼﾞﾀﾞﾅﾁﾕｳｵｳ
1282,ｼﾖｳﾅﾝｼﾝｷﾝ,038,ｽｷﾞﾀ
1282,ｼﾖｳﾅﾝｼﾝｷﾝ,040,ﾌｶｻﾜ
1282,ｼﾖｳﾅﾝｼﾝｷﾝ,043,ｶﾐｵｵｵｶ
1282,ｼﾖｳﾅﾝｼﾝｷﾝ,044,ﾅｶﾞﾀ
1282,ｼﾖｳﾅﾝｼﾝｷﾝ,045,ﾎﾝｺﾞｳﾁﾖｳ
1282,ｼﾖｳﾅﾝｼﾝｷﾝ,047,ﾓﾄﾏﾁﾁﾕｳｶｶﾞｲ
1282,ｼﾖｳﾅﾝｼﾝｷﾝ,048,ｳﾗｶﾞ
1282,ｼﾖｳﾅﾝｼﾝｷﾝ,049,ﾎﾘﾉｳﾁ
1282,ｼﾖｳﾅﾝｼﾝｷﾝ,051,ﾁｶﾞｻｷ
1282,ｼﾖｳﾅﾝｼﾝｷﾝ,053,ｺﾜﾀﾞ
1282,ｼﾖｳﾅﾝｼﾝｷﾝ,054,ｻﾑｶﾜ
1282,ｼﾖｳﾅﾝｼﾝｷﾝ,057,ﾜｶﾏﾂﾁﾖｳ
1282,ｼﾖｳﾅﾝｼﾝｷﾝ,058,ﾀｶﾀﾞ
1282,ｼﾖｳﾅﾝｼﾝｷﾝ,061,ﾐｻｷ
1282,ｼﾖｳﾅﾝｼﾝｷﾝ,062,ｶﾏｸﾗｴｷﾏｴ
1282,ｼﾖｳﾅﾝｼﾝｷﾝ,063,ﾌｼﾞｻﾜ
1282,ｼﾖｳﾅﾝｼﾝｷﾝ,064,ﾄｳｷﾖｳ
1282,ｼﾖｳﾅﾝｼﾝｷﾝ,066,ﾎﾝﾓﾝｼﾞﾏｴ
1282,ｼﾖｳﾅﾝｼﾝｷﾝ,069,ﾁｶﾞｻｷﾐﾅﾐｸﾞﾁ
1282,ｼﾖｳﾅﾝｼﾝｷﾝ,070,ｼﾝﾖｺﾊﾏ
1282,ｼﾖｳﾅﾝｼﾝｷﾝ,720,ｲﾜﾄ
1283,ｶﾜｻｷｼﾝｷﾝ,001,ﾎﾝﾃﾝ
1283,ｶﾜｻｷｼﾝｷﾝ,002,ﾀﾞｲｼ
1283,ｶﾜｻｷｼﾝｷﾝ,003,ﾑｻｼｺｽｷﾞ
1283,ｶﾜｻｷｼﾝｷﾝ,004,ﾀｶﾂ
1283,ｶﾜｻｷｼﾝｷﾝ,005,ﾐﾕｷ
1283,ｶﾜｻｷｼﾝｷﾝ,006,ｵﾀﾞ
1283,ｶﾜｻｷｼﾝｷﾝ,007,ﾉﾎﾞﾘﾄ
1283,ｶﾜｻｷｼﾝｷﾝ,008,ｽﾐﾖｼ
1283,ｶﾜｻｷｼﾝｷﾝ,009,ｶｼﾏﾀﾞ
1283,ｶﾜｻｷｼﾝｷﾝ,010,ｼﾝｼﾞﾖｳ
1283,ｶﾜｻｷｼﾝｷﾝ,011,ｵｵｼﾏ
1283,ｶﾜｻｷｼﾝｷﾝ,012,ﾕﾘｶﾞｵｶ
1283,ｶﾜｻｷｼﾝｷﾝ,013,ﾂﾅｼﾏ
1283,ｶﾜｻｷｼﾝｷﾝ,014,ｵｵｸﾗﾔﾏ
1283,ｶﾜｻｷｼﾝｷﾝ,015,ﾂﾙﾐ
1283,ｶﾜｻｷｼﾝｷﾝ,016,ｸｶﾞﾊﾗ
1283,ｶﾜｻｷｼﾝｷﾝ,017,ｶｾ
1283,ｶﾜｻｷｼﾝｷﾝ,018,ﾑﾂｶﾜ
1283,ｶﾜｻｷｼﾝｷﾝ,019,ﾐﾅﾐｵｵﾀ
1283,ｶﾜｻｷｼﾝｷﾝ,020,ｶﾁﾀﾞ
1283,ｶﾜｻｷｼﾝｷﾝ,021,ﾅｶﾉｼﾏ
1283,ｶﾜｻｷｼﾝｷﾝ,022,ﾉｶﾞﾜ
1283,ｶﾜｻｷｼﾝｷﾝ,023,ﾑｶｲｶﾞｵｶ
1283,ｶﾜｻｷｼﾝｷﾝ,024,ｼｵﾐﾊﾞｼ
1283,ｶﾜｻｷｼﾝｷﾝ,025,ｶｼﾞｶﾞﾔ
1283,ｶﾜｻｷｼﾝｷﾝ,026,ｱﾘﾏ
1283,ｶﾜｻｷｼﾝｷﾝ,027,ﾐﾔｳﾁ
1283,ｶﾜｻｷｼﾝｷﾝ,028,ｺｳｼﾞﾔ
1283,ｶﾜｻｷｼﾝｷﾝ,029,ｶｷｵ
1283,ｶﾜｻｷｼﾝｷﾝ,030,ﾜﾀﾘﾀﾞ
1283,ｶﾜｻｷｼﾝｷﾝ,031,ﾑｶｲｶﾞﾜﾗ
1283,ｶﾜｻｷｼﾝｷﾝ,032,ｲﾅﾀﾞﾂﾞﾂﾐ
1283,ｶﾜｻｷｼﾝｷﾝ,033,ﾔｺｳ
1283,ｶﾜｻｷｼﾝｷﾝ,034,ｷﾖｳﾏﾁ
1283,ｶﾜｻｷｼﾝｷﾝ,035,ﾌﾙｲﾁﾊﾞ
1283,ｶﾜｻｷｼﾝｷﾝ,036,ｼﾎﾞｸﾁ
1283,ｶﾜｻｷｼﾝｷﾝ,038,ﾖｼﾀﾞﾊﾞｼ
1283,ｶﾜｻｷｼﾝｷﾝ,039,ｶﾜｻｷﾁｶｶﾞｲ
1283,ｶﾜｻｷｼﾝｷﾝ,040,ｼﾝﾏﾙｺ
1283,ｶﾜｻｷｼﾝｷﾝ,041,ﾅｶﾞｻﾜ
1283,ｶﾜｻｷｼﾝｷﾝ,042,ｺﾏｵｶ
1283,ｶﾜｻｷｼﾝｷﾝ,043,ｼﾕｸｶﾞﾜﾗ
1283,ｶﾜｻｷｼﾝｷﾝ,044,ｲﾁｶﾞｵ
1283,ｶﾜｻｷｼﾝｷﾝ,045,ｵｸﾞﾗ
1283,ｶﾜｻｷｼﾝｷﾝ,046,ｴﾝﾄﾞｳﾁﾖｳ
1283,ｶﾜｻｷｼﾝｷﾝ,047,ﾋﾗﾏ
1283,ｶﾜｻｷｼﾝｷﾝ,048,ﾆﾂﾊﾟ
1283,ｶﾜｻｷｼﾝｷﾝ,049,ﾖﾐｳﾘﾗﾝﾄﾞｴｷﾏｴ
1283,ｶﾜｻｷｼﾝｷﾝ,050,ｶﾘﾔﾄﾞ
1283,ｶﾜｻｷｼﾝｷﾝ,051,ﾑｻｼﾅｶﾊﾗ
1283,ｶﾜｻｷｼﾝｷﾝ,052,ｼﾝﾕﾘｶﾞｵｶ
1283,ｶﾜｻｷｼﾝｷﾝ,053,ｸｼﾞ
1283,ｶﾜｻｷｼﾝｷﾝ,054,ﾌｼﾞｻｷ
1283,ｶﾜｻｷｼﾝｷﾝ,055,ﾅｶﾏﾁﾀﾞｲ
1283,ｶﾜｻｷｼﾝｷﾝ,056,ﾐﾔﾏｴﾀﾞｲﾗ
1283,ｶﾜｻｷｼﾝｷﾝ,057,ﾋﾖｼ
1283,ｶﾜｻｷｼﾝｷﾝ,058,ｵｵﾓﾘ
1286,ﾋﾗﾂｶｼﾝｷﾝ,021,ﾎﾝﾃﾝ
1286,ﾋﾗﾂｶｼﾝｷﾝ,022,ｽｶ
1286,ﾋﾗﾂｶｼﾝｷﾝ,023,ｵｲﾜｹ
1286,ﾋﾗﾂｶｼﾝｷﾝ,024,ﾊﾅﾐｽﾞ
1286,ﾋﾗﾂｶｼﾝｷﾝ,025,ﾔﾊﾀ
1286,ﾋﾗﾂｶｼﾝｷﾝ,026,ｶﾅﾒ
1286,ﾋﾗﾂｶｼﾝｷﾝ,031,ｱﾂｷﾞ
1286,ﾋﾗﾂｶｼﾝｷﾝ,041,ｻｶﾞﾐﾀﾞｲ
1286,ﾋﾗﾂｶｼﾝｷﾝ,051,ﾐﾅﾐﾘﾝｶﾝ
1286,ﾋﾗﾂｶｼﾝｷﾝ,061,ｻﾞﾏ
1286,ﾋﾗﾂｶｼﾝｷﾝ,062,ｻｶﾞﾐﾉ
1286,ﾋﾗﾂｶｼﾝｷﾝ,063,ｻｸﾗｶﾞｵｶ
1286,ﾋﾗﾂｶｼﾝｷﾝ,064,ｱｻﾋ
1286,ﾋﾗﾂｶｼﾝｷﾝ,065,ﾂﾏﾀﾞ
1286,ﾋﾗﾂｶｼﾝｷﾝ,066,ﾄｳｶｲﾀﾞｲｶﾞｸｴｷﾏｴ
1286,ﾋﾗﾂｶｼﾝｷﾝ,067,ﾅｶﾊﾗ
1286,ﾋﾗﾂｶｼﾝｷﾝ,068,ｲｾﾊﾗ
1286,ﾋﾗﾂｶｼﾝｷﾝ,069,ｻﾑｶﾜ
1286,ﾋﾗﾂｶｼﾝｷﾝ,070,ｱｲｺｳｲｼﾀﾞ
1286,ﾋﾗﾂｶｼﾝｷﾝ,071,ｵｷﾞﾉ
1286,ﾋﾗﾂｶｼﾝｷﾝ,076,ﾐﾅﾐｸﾞﾁ
1286,ﾋﾗﾂｶｼﾝｷﾝ,079,ｻｶﾞﾐﾊﾗﾁﾕｳｵｳ
1286,ﾋﾗﾂｶｼﾝｷﾝ,080,ｶﾝﾀﾞ
1286,ﾋﾗﾂｶｼﾝｷﾝ,081,ｴﾋﾞﾅ
1288,ｻｶﾞﾐｼﾝｷﾝ,001,ﾎﾝﾃﾝ
1288,ｻｶﾞﾐｼﾝｷﾝ,002,ｲﾀﾊﾞｼ
1288,ｻｶﾞﾐｼﾝｷﾝ,003,ﾕﾓﾄ
1288,ｻｶﾞﾐｼﾝｷﾝ,004,ﾐﾄﾞﾘﾁﾖｳ
1288,ｻｶﾞﾐｼﾝｷﾝ,005,ｺｳﾂﾞ
1288,ｻｶﾞﾐｼﾝｷﾝ,006,ｶﾓﾉﾐﾔ
1288,ｻｶﾞﾐｼﾝｷﾝ,007,ﾄﾐｽﾞ
1288,ｻｶﾞﾐｼﾝｷﾝ,008,ｶｲｾｲﾏﾁ
1288,ｻｶﾞﾐｼﾝｷﾝ,009,ﾐﾅﾐｱｼｶﾞﾗ
1288,ｻｶﾞﾐｼﾝｷﾝ,010,ｸﾉ
1288,ｻｶﾞﾐｼﾝｷﾝ,011,ﾕｶﾞﾜﾗ
1288,ｻｶﾞﾐｼﾝｷﾝ,012,ﾎﾀﾙﾀﾞ
1288,ｻｶﾞﾐｼﾝｷﾝ,013,ｻｶﾜ
1288,ｻｶﾞﾐｼﾝｷﾝ,014,ﾆﾉﾐﾔ
1288,ｻｶﾞﾐｼﾝｷﾝ,015,ｴｷﾏｴ
1288,ｻｶﾞﾐｼﾝｷﾝ,016,ｺﾄﾌﾞｷﾁﾖｳ
1288,ｻｶﾞﾐｼﾝｷﾝ,018,ｼﾌﾞｻﾜ
1288,ｻｶﾞﾐｼﾝｷﾝ,019,ﾐﾅﾐｶﾓﾉﾐﾔ
1288,ｻｶﾞﾐｼﾝｷﾝ,021,ｵｵｲ
1288,ｻｶﾞﾐｼﾝｷﾝ,025,ﾄﾖｶﾜ
1288,ｻｶﾞﾐｼﾝｷﾝ,031,ﾏﾂﾀﾞ
1288,ｻｶﾞﾐｼﾝｷﾝ,032,ﾔﾏｷﾀ
1288,ｻｶﾞﾐｼﾝｷﾝ,033,ｾｷﾓﾄ
1288,ｻｶﾞﾐｼﾝｷﾝ,034,ｶﾐｵｵｲ
1288,ｻｶﾞﾐｼﾝｷﾝ,035,ｶﾔﾏ
1288,ｻｶﾞﾐｼﾝｷﾝ,038,ｲﾜﾊﾗﾌﾟﾗｻﾞ
1288,ｻｶﾞﾐｼﾝｷﾝ,041,ﾅｶｲ
1288,ｻｶﾞﾐｼﾝｷﾝ,045,ｾﾝｺﾞｸﾊﾗ
1288,ｻｶﾞﾐｼﾝｷﾝ,049,ﾐﾔｷﾞﾉ
1288,ｻｶﾞﾐｼﾝｷﾝ,054,ﾐﾔｶﾐ
1288,ｻｶﾞﾐｼﾝｷﾝ,058,ﾏﾅﾂﾞﾙｴｷﾏｴ
1288,ｻｶﾞﾐｼﾝｷﾝ,063,ﾊﾀﾞﾉｴｷﾌﾟﾗｻﾞ
1288,ｻｶﾞﾐｼﾝｷﾝ,088,ｽﾏ-ﾄﾈﾂﾄ
1289,ﾁﾕｳｴｲｼﾝｷﾝ,001,ﾎﾝﾃﾝ
1289,ﾁﾕｳｴｲｼﾝｷﾝ,002,ｲｾﾊﾗ
1289,ﾁﾕｳｴｲｼﾝｷﾝ,003,ｼﾌﾞｻﾜ
1289,ﾁﾕｳｴｲｼﾝｷﾝ,004,ｱｲｺｳｲｼﾀﾞ
1289,ﾁﾕｳｴｲｼﾝｷﾝ,005,ﾄｳｶｲﾀﾞｲｶﾞｸｴｷﾏｴ
1289,ﾁﾕｳｴｲｼﾝｷﾝ,006,ｶﾅﾒ
1289,ﾁﾕｳｴｲｼﾝｷﾝ,007,ﾋﾗﾂｶ
1289,ﾁﾕｳｴｲｼﾝｷﾝ,008,ﾐﾅﾐ
1289,ﾁﾕｳｴｲｼﾝｷﾝ,009,ﾂﾙﾏｷｴｷﾏｴ
1289,ﾁﾕｳｴｲｼﾝｷﾝ,010,ｲｾﾊﾗﾐﾅﾐｸﾞﾁ
1289,ﾁﾕｳｴｲｼﾝｷﾝ,011,ﾏｶﾞﾘﾏﾂ
1289,ﾁﾕｳｴｲｼﾝｷﾝ,012,ﾊﾀﾞﾉｴｷﾏｴ
1289,ﾁﾕｳｴｲｼﾝｷﾝ,013,ﾂﾙﾏｷﾁﾕｳｵｳ
1289,ﾁﾕｳｴｲｼﾝｷﾝ,014,ｱｻﾋ
1289,ﾁﾕｳｴｲｼﾝｷﾝ,015,ｵｶｻﾞｷ
1289,ﾁﾕｳｴｲｼﾝｷﾝ,016,ｶｲｾｲ
1290,ﾁﾕｳﾅﾝｼﾝｷﾝ,011,ﾎﾝﾃﾝ
1290,ﾁﾕｳﾅﾝｼﾝｷﾝ,012,ﾆﾉﾐﾔ
1290,ﾁﾕｳﾅﾝｼﾝｷﾝ,013,ｼﾓﾅｶ
1290,ﾁﾕｳﾅﾝｼﾝｷﾝ,014,ｺｸﾌ
1290,ﾁﾕｳﾅﾝｼﾝｷﾝ,015,ｱｻﾋ
1290,ﾁﾕｳﾅﾝｼﾝｷﾝ,016,ｼﾉﾐﾔ
1290,ﾁﾕｳﾅﾝｼﾝｷﾝ,017,ｲｾﾊﾗ
1290,ﾁﾕｳﾅﾝｼﾝｷﾝ,018,ﾋﾗﾂｶ
1290,ﾁﾕｳﾅﾝｼﾝｷﾝ,019,ﾁｶﾞｻｷ
1290,ﾁﾕｳﾅﾝｼﾝｷﾝ,020,ﾀｶﾓﾘ
1290,ﾁﾕｳﾅﾝｼﾝｷﾝ,021,ｱﾂｷﾞﾐﾅﾐ
1290,ﾁﾕｳﾅﾝｼﾝｷﾝ,022,ﾅｶｲ
1290,ﾁﾕｳﾅﾝｼﾝｷﾝ,023,ｻｶﾏ
1290,ﾁﾕｳﾅﾝｼﾝｷﾝ,024,ｺﾏ
1290,ﾁﾕｳﾅﾝｼﾝｷﾝ,025,ﾅｶｻﾞﾄ
1290,ﾁﾕｳﾅﾝｼﾝｷﾝ,028,ﾅｶﾊﾗ
1290,ﾁﾕｳﾅﾝｼﾝｷﾝ,029,ﾊﾔｼ
1303,ｱｻﾋｼﾝｷﾝ,001,ﾎﾝﾃﾝ
1303,ｱｻﾋｼﾝｷﾝ,002,ｶﾂﾊﾟﾊﾞｼ
1303,ｱｻﾋｼﾝｷﾝ,003,ｳｴﾉ
1303,ｱｻﾋｼﾝｷﾝ,004,ﾄｼﾏﾁﾖｳ
1303,ｱｻﾋｼﾝｷﾝ,005,ｱﾗｶﾜ
1303,ｱｻﾋｼﾝｷﾝ,006,ﾆｼｽｶﾞﾓ
1303,ｱｻﾋｼﾝｷﾝ,007,ｲﾀﾊﾞｼ
1303,ｱｻﾋｼﾝｷﾝ,008,ﾆｼﾏﾁ
1303,ｱｻﾋｼﾝｷﾝ,009,ｺﾄﾌﾞｷ
1303,ｱｻﾋｼﾝｷﾝ,010,ｵｼｱｹﾞ
1303,ｱｻﾋｼﾝｷﾝ,011,ｱｻｸｻ
1303,ｱｻﾋｼﾝｷﾝ,012,ｱﾀﾞﾁ
1303,ｱｻﾋｼﾝｷﾝ,013,ﾈｷﾞｼ
1303,ｱｻﾋｼﾝｷﾝ,014,ﾕｼﾏ
1303,ｱｻﾋｼﾝｷﾝ,015,ｾﾝｼﾞﾕ
1303,ｱｻﾋｼﾝｷﾝ,016,ﾋｶﾞｼｵｸﾞ
1303,ｱｻﾋｼﾝｷﾝ,017,ﾎﾝｼﾞﾖ
1303,ｱｻﾋｼﾝｷﾝ,018,ﾆｼｵｸﾞ
1303,ｱｻﾋｼﾝｷﾝ,020,ﾑｺｳｼﾞﾏ
1303,ｱｻﾋｼﾝｷﾝ,021,ｱｻｸｻﾊﾞｼ
1303,ｱｻﾋｼﾝｷﾝ,022,ﾈﾂﾞ
1303,ｱｻﾋｼﾝｷﾝ,023,ﾆｼｱﾗｲ
1303,ｱｻﾋｼﾝｷﾝ,024,ﾛｸｶﾞﾂ
1303,ｱｻﾋｼﾝｷﾝ,025,ﾔﾋﾛ
1303,ｱｻﾋｼﾝｷﾝ,026,ｺｳﾎｸ
1303,ｱｻﾋｼﾝｷﾝ,027,ﾀﾃｶﾜ
1303,ｱｻﾋｼﾝｷﾝ,028,ﾎﾘｷﾘ
1303,ｱｻﾋｼﾝｷﾝ,029,ｱﾗｶﾜﾐﾅﾐ
1303,ｱｻﾋｼﾝｷﾝ,030,ｻﾙｴ
1303,ｱｻﾋｼﾝｷﾝ,031,ﾆﾎﾝﾊﾞｼ
1303,ｱｻﾋｼﾝｷﾝ,032,ｼﾝﾒｲ
1303,ｱｻﾋｼﾝｷﾝ,033,ﾋｶﾞｼﾑｺｳｼﾞﾏ
1303,ｱｻﾋｼﾝｷﾝ,034,ｱｻｸｻｶﾐﾅﾘﾓﾝ
1303,ｱｻﾋｼﾝｷﾝ,037,ｵｵﾂｶ
1303,ｱｻﾋｼﾝｷﾝ,038,ｶﾝﾀﾞｵｶﾞﾜﾏﾁ
1303,ｱｻﾋｼﾝｷﾝ,101,ﾁﾕｳｵｳ
1303,ｱｻﾋｼﾝｷﾝ,102,ｻﾝｶｸ
1303,ｱｻﾋｼﾝｷﾝ,103,ｺｳﾄｳ
1303,ｱｻﾋｼﾝｷﾝ,105,ｼﾝｺｲﾜ
1303,ｱｻﾋｼﾝｷﾝ,106,ｼｼﾎﾞﾈ
1303,ｱｻﾋｼﾝｷﾝ,108,ﾐﾅﾐｼﾉｻﾞｷ
1303,ｱｻﾋｼﾝｷﾝ,109,ｷﾞﾖｳﾄｸｴｷﾏｴ
1303,ｱｻﾋｼﾝｷﾝ,113,ｺｲﾜ
1303,ｱｻﾋｼﾝｷﾝ,114,ｼﾉｻﾞｷｴｷ
1303,ｱｻﾋｼﾝｷﾝ,118,ﾐｽﾞｴ
1303,ｱｻﾋｼﾝｷﾝ,119,ｲﾁﾉｴｴｷ
1303,ｱｻﾋｼﾝｷﾝ,125,ﾅｷﾞｻ
1303,ｱｻﾋｼﾝｷﾝ,132,ｶｻｲ
1303,ｱｻﾋｼﾝｷﾝ,133,ｶﾅﾏﾁ
1303,ｱｻﾋｼﾝｷﾝ,135,ﾄｷﾜﾀﾞｲﾗ
1303,ｱｻﾋｼﾝｷﾝ,136,ﾐｻﾄ
1303,ｱｻﾋｼﾝｷﾝ,137,ﾋｺﾅﾘ
1303,ｱｻﾋｼﾝｷﾝ,138,ﾋｶﾞｼｶｻｲ
1303,ｱｻﾋｼﾝｷﾝ,140,ﾏﾊﾞｼ
1303,ｱｻﾋｼﾝｷﾝ,141,ｺｲｼｶﾜ
1303,ｱｻﾋｼﾝｷﾝ,143,ｱｶﾂｶ
1303,ｱｻﾋｼﾝｷﾝ,144,ｵｵｲｽﾞﾐ
1303,ｱｻﾋｼﾝｷﾝ,150,ﾎｳｼﾞﾝ
1303,ｱｻﾋｼﾝｷﾝ,151,ﾄｳｷﾖｳｼﾀﾏﾁﾈﾂﾄ
1305,ｺｳｻﾝｼﾝｷﾝ,001,ﾎﾝﾃﾝ
1305,ｺｳｻﾝｼﾝｷﾝ,002,ｱｻｸｻ
1305,ｺｳｻﾝｼﾝｷﾝ,003,ﾆﾝｷﾞﾖｳﾁﾖｳ
1305,ｺｳｻﾝｼﾝｷﾝ,004,ｱｻｸｻﾊﾞｼ
1305,ｺｳｻﾝｼﾝｷﾝ,006,ｼﾞﾝﾎﾞｳﾁﾖｳ
1305,ｺｳｻﾝｼﾝｷﾝ,008,ﾖﾖｷﾞ
1305,ｺｳｻﾝｼﾝｷﾝ,009,ｶﾅﾏﾁ
1305,ｺｳｻﾝｼﾝｷﾝ,010,ﾀﾃｲｼ
1305,ｺｳｻﾝｼﾝｷﾝ,013,ｼﾞﾖｳｻｲ
1305,ｺｳｻﾝｼﾝｷﾝ,014,ﾆｼｵｷﾞｸﾎﾞ
1305,ｺｳｻﾝｼﾝｷﾝ,015,ｴﾄﾞｶﾞﾜ
1305,ｺｳｻﾝｼﾝｷﾝ,017,ﾐｽﾞｴ
1305,ｺｳｻﾝｼﾝｷﾝ,031,ｵｵﾀｼｼﾞﾖｳ
1305,ｺｳｻﾝｼﾝｷﾝ,032,ｱｷﾊﾊﾞﾗ
1305,ｺｳｻﾝｼﾝｷﾝ,033,ｼﾝｼﾞﾕｸ
1305,ｺｳｻﾝｼﾝｷﾝ,034,ﾅｶﾉ
1305,ｺｳｻﾝｼﾝｷﾝ,036,ｲｲﾀﾞﾊﾞｼ
1305,ｺｳｻﾝｼﾝｷﾝ,038,ｲﾁｶﾞﾔ
1310,ｻﾜﾔｶｼﾝｷﾝ,002,ﾋｶﾞｼﾆﾎﾝﾊﾞｼ
1310,ｻﾜﾔｶｼﾝｷﾝ,003,ｷﾞﾝｻﾞ
1310,ｻﾜﾔｶｼﾝｷﾝ,004,ｼﾝｼﾞﾕｸ
1310,ｻﾜﾔｶｼﾝｷﾝ,005,ｼﾌﾞﾔ
1310,ｻﾜﾔｶｼﾝｷﾝ,006,ﾖﾂﾔ
1310,ｻﾜﾔｶｼﾝｷﾝ,007,ｳｼｺﾞﾒ
1310,ｻﾜﾔｶｼﾝｷﾝ,009,ﾄｳｷﾖｳｺｳ
1310,ｻﾜﾔｶｼﾝｷﾝ,010,ｶﾞｸﾀﾞｲﾏｴ
1310,ｻﾜﾔｶｼﾝｷﾝ,012,ｱｻﾞﾌﾞ
1310,ｻﾜﾔｶｼﾝｷﾝ,013,ｴﾊﾞﾗ
1310,ｻﾜﾔｶｼﾝｷﾝ,014,ｾﾀｶﾞﾔ
1310,ｻﾜﾔｶｼﾝｷﾝ,015,ﾁﾖｳﾌ
1310,ｻﾜﾔｶｼﾝｷﾝ,016,ﾀﾏｶﾞﾜ
1310,ｻﾜﾔｶｼﾝｷﾝ,017,ｲﾅｷﾞ
1310,ｻﾜﾔｶｼﾝｷﾝ,018,ｵｵﾓﾘﾁﾕｳｵｳ
1310,ｻﾜﾔｶｼﾝｷﾝ,019,ｶﾜｻｷ
1310,ｻﾜﾔｶｼﾝｷﾝ,020,ﾋﾋﾞﾔ
1310,ｻﾜﾔｶｼﾝｷﾝ,021,ｵｵｲ
1310,ｻﾜﾔｶｼﾝｷﾝ,022,ﾀｶﾊﾀﾌﾄﾞｳ
1310,ｻﾜﾔｶｼﾝｷﾝ,027,ﾅｶﾒｸﾞﾛｴｷﾏｴ
1310,ｻﾜﾔｶｼﾝｷﾝ,028,ﾔﾉｸﾁ
1310,ｻﾜﾔｶｼﾝｷﾝ,030,ｼﾓﾏﾙｺ
1310,ｻﾜﾔｶｼﾝｷﾝ,031,ｷﾀﾐ
1310,ｻﾜﾔｶｼﾝｷﾝ,032,ｱｶｻｶ
1310,ｻﾜﾔｶｼﾝｷﾝ,036,ﾋﾛｵｼﾛｶﾈ
1310,ｻﾜﾔｶｼﾝｷﾝ,038,ﾕｷｶﾞﾔ
1310,ｻﾜﾔｶｼﾝｷﾝ,039,ﾛﾂﾎﾟﾝｷﾞ
1310,ｻﾜﾔｶｼﾝｷﾝ,051,ﾎﾝﾃﾝ
1310,ｻﾜﾔｶｼﾝｷﾝ,101,ｵｵﾓﾘ
1310,ｻﾜﾔｶｼﾝｷﾝ,102,ﾐﾊﾗ
1310,ｻﾜﾔｶｼﾝｷﾝ,103,ｼﾅｶﾞﾜ
1310,ｻﾜﾔｶｼﾝｷﾝ,104,ﾄｺﾞｼｷﾞﾝｻﾞ
1310,ｻﾜﾔｶｼﾝｷﾝ,105,ﾒｸﾞﾛ
1310,ｻﾜﾔｶｼﾝｷﾝ,106,ﾊﾈﾀﾞ
1310,ｻﾜﾔｶｼﾝｷﾝ,108,ｶﾏﾀ
1310,ｻﾜﾔｶｼﾝｷﾝ,110,ﾆﾎﾝﾊﾞｼ
1310,ｻﾜﾔｶｼﾝｷﾝ,111,ｶﾐﾉｹﾞ
1310,ｻﾜﾔｶｼﾝｷﾝ,112,ｼﾝｼﾞﾕｸﾆｼ
1310,ｻﾜﾔｶｼﾝｷﾝ,113,ｻｷﾞﾇﾏ
1310,ｻﾜﾔｶｼﾝｷﾝ,114,ｱﾅﾓﾘ
1310,ｻﾜﾔｶｼﾝｷﾝ,116,ﾋﾗﾏ
1310,ｻﾜﾔｶｼﾝｷﾝ,117,ﾀﾁｱｲｶﾞﾜ
1310,ｻﾜﾔｶｼﾝｷﾝ,118,ﾋﾓﾝﾔ
1310,ｻﾜﾔｶｼﾝｷﾝ,119,ｵｵﾓﾘﾐﾅﾐ
1310,ｻﾜﾔｶｼﾝｷﾝ,120,ｺｳｼﾞﾔ
1310,ｻﾜﾔｶｼﾝｷﾝ,121,ｵｵﾓﾘﾆｼ
1310,ｻﾜﾔｶｼﾝｷﾝ,122,ｹｲﾋﾝｼﾞﾏ
1310,ｻﾜﾔｶｼﾝｷﾝ,129,ﾀｶﾀ
1310,ｻﾜﾔｶｼﾝｷﾝ,130,ﾋｶﾞｼｺｳｼﾞﾔ
1310,ｻﾜﾔｶｼﾝｷﾝ,131,ﾛｸｺﾞｳ
1310,ｻﾜﾔｶｼﾝｷﾝ,132,ｷﾀﾏｺﾞﾒ
1310,ｻﾜﾔｶｼﾝｷﾝ,134,ﾆﾂﾊﾟ
1310,ｻﾜﾔｶｼﾝｷﾝ,137,ｴﾋﾞｽｴｷﾏｴ
1310,ｻﾜﾔｶｼﾝｷﾝ,138,ｱｵﾔﾏ
1310,ｻﾜﾔｶｼﾝｷﾝ,139,ｼﾊﾞｳﾗ
1311,ﾄｳｷﾖｳｼﾃｲｼﾝｷﾝ,011,ﾎﾝﾃﾝ
1311,ﾄｳｷﾖｳｼﾃｲｼﾝｷﾝ,012,ｸﾗﾏｴ
1311,ﾄｳｷﾖｳｼﾃｲｼﾝｷﾝ,013,ｱｷﾊﾊﾞﾗ
1311,ﾄｳｷﾖｳｼﾃｲｼﾝｷﾝ,014,ｵｼｱｹﾞ
1311,ﾄｳｷﾖｳｼﾃｲｼﾝｷﾝ,015,ｺﾔﾏ
1311,ﾄｳｷﾖｳｼﾃｲｼﾝｷﾝ,016,ｼﾝｺｲﾜ
1311,ﾄｳｷﾖｳｼﾃｲｼﾝｷﾝ,017,ﾌｶｶﾞﾜ
1311,ﾄｳｷﾖｳｼﾃｲｼﾝｷﾝ,018,ﾎﾘｷﾘ
1311,ﾄｳｷﾖｳｼﾃｲｼﾝｷﾝ,019,ﾉｶﾞﾀ
1311,ﾄｳｷﾖｳｼﾃｲｼﾝｷﾝ,020,ｱｶﾊﾞﾈ
1311,ﾄｳｷﾖｳｼﾃｲｼﾝｷﾝ,021,ｹｲｾｲｺｲﾜ
1311,ﾄｳｷﾖｳｼﾃｲｼﾝｷﾝ,022,ﾋｶﾞｼｵｵｼﾞ
1311,ﾄｳｷﾖｳｼﾃｲｼﾝｷﾝ,023,ｳﾗﾔｽ
1311,ﾄｳｷﾖｳｼﾃｲｼﾝｷﾝ,024,ｶﾒｱﾘ
1311,ﾄｳｷﾖｳｼﾃｲｼﾝｷﾝ,025,ｲｹﾌﾞｸﾛﾎﾝﾁﾖｳ
1311,ﾄｳｷﾖｳｼﾃｲｼﾝｷﾝ,029,ﾋｶﾞｼﾖﾂｷﾞ
1311,ﾄｳｷﾖｳｼﾃｲｼﾝｷﾝ,031,ｽﾅﾏﾁ
1311,ﾄｳｷﾖｳｼﾃｲｼﾝｷﾝ,035,ﾆﾎﾝﾊﾞｼ
1311,ﾄｳｷﾖｳｼﾃｲｼﾝｷﾝ,036,ｷｸｶﾜ
1311,ﾄｳｷﾖｳｼﾃｲｼﾝｷﾝ,042,ﾀｶﾀﾞﾉﾊﾞﾊﾞ
1311,ﾄｳｷﾖｳｼﾃｲｼﾝｷﾝ,043,ｼﾔｸｼﾞｲ
1311,ﾄｳｷﾖｳｼﾃｲｼﾝｷﾝ,045,ﾀﾏｶﾞﾜ
1311,ﾄｳｷﾖｳｼﾃｲｼﾝｷﾝ,051,ｶｸﾞﾗｻﾞｶ
1311,ﾄｳｷﾖｳｼﾃｲｼﾝｷﾝ,053,ｷﾖｳﾊﾞｼ
1311,ﾄｳｷﾖｳｼﾃｲｼﾝｷﾝ,054,ｳｼｺﾞﾒﾔﾅｷﾞﾁﾖｳ
1311,ﾄｳｷﾖｳｼﾃｲｼﾝｷﾝ,056,ﾅｶﾉ
1311,ﾄｳｷﾖｳｼﾃｲｼﾝｷﾝ,058,ｺﾞｳﾄｸｼﾞ
1311,ﾄｳｷﾖｳｼﾃｲｼﾝｷﾝ,059,ｼﾑﾗ
1311,ﾄｳｷﾖｳｼﾃｲｼﾝｷﾝ,063,ｴﾄﾞｶﾞﾜﾊﾞｼ
1311,ﾄｳｷﾖｳｼﾃｲｼﾝｷﾝ,066,ｼﾝｼﾊﾞﾏﾀ
1319,ｼﾊﾞｼﾝｷﾝ,001,ﾎﾝﾃﾝ
1319,ｼﾊﾞｼﾝｷﾝ,002,ｼﾝﾊﾞｼ
1319,ｼﾊﾞｼﾝｷﾝ,004,ﾐﾀ
1319,ｼﾊﾞｼﾝｷﾝ,005,ﾀｶﾅﾜ
1319,ｼﾊﾞｼﾝｷﾝ,006,ｶﾝﾀﾞ
1319,ｼﾊﾞｼﾝｷﾝ,007,ﾆﾎﾝﾊﾞｼ
1319,ｼﾊﾞｼﾝｷﾝ,008,ｴﾊﾞﾗﾏﾁ
1319,ｼﾊﾞｼﾝｷﾝ,009,ﾆｼｺﾔﾏ
1319,ｼﾊﾞｼﾝｷﾝ,010,ﾌﾄﾞｳﾏｴ
1319,ｼﾊﾞｼﾝｷﾝ,012,ｻｸﾗｼﾝﾏﾁ
1319,ｼﾊﾞｼﾝｷﾝ,013,ｵｵｲ
1319,ｼﾊﾞｼﾝｷﾝ,014,ｳﾒﾔｼｷ
1319,ｼﾊﾞｼﾝｷﾝ,015,ｵｵﾓﾘ
1319,ｼﾊﾞｼﾝｷﾝ,016,ﾇﾏﾌﾞｸﾛ
1319,ｼﾊﾞｼﾝｷﾝ,017,ｶﾐｲｸﾞｻ
1319,ｼﾊﾞｼﾝｷﾝ,018,ｿﾞｳｼｷ
1319,ｼﾊﾞｼﾝｷﾝ,019,ｾﾝｶﾞﾜ
1319,ｼﾊﾞｼﾝｷﾝ,020,ｼﾝｼﾞﾖｳ
1319,ｼﾊﾞｼﾝｷﾝ,021,ｵﾔﾏﾀﾞｲ
1319,ｼﾊﾞｼﾝｷﾝ,022,ﾀﾞｲｻﾞﾜ
1319,ｼﾊﾞｼﾝｷﾝ,023,ｻｲﾜｲ
1319,ｼﾊﾞｼﾝｷﾝ,024,ｶﾜｻｷﾀﾞｲｼ
1319,ｼﾊﾞｼﾝｷﾝ,026,ｼﾛｶﾈ
1319,ｼﾊﾞｼﾝｷﾝ,028,ｼﾝｶﾏﾀ
1319,ｼﾊﾞｼﾝｷﾝ,029,ﾀｶﾞﾗ
1319,ｼﾊﾞｼﾝｷﾝ,030,ﾐｿﾞﾉｸﾁ
1319,ｼﾊﾞｼﾝｷﾝ,050,ﾕｷｶﾞﾔ
1319,ｼﾊﾞｼﾝｷﾝ,051,ﾅｶﾞﾊﾗ
1319,ｼﾊﾞｼﾝｷﾝ,052,ﾁﾄﾞﾘﾁﾖｳ
1319,ｼﾊﾞｼﾝｷﾝ,053,ｵｵﾓﾘｴｷﾏｴ
1319,ｼﾊﾞｼﾝｷﾝ,055,ﾋﾓﾝﾔ
1319,ｼﾊﾞｼﾝｷﾝ,056,ｺﾔﾏ
1319,ｼﾊﾞｼﾝｷﾝ,057,ﾃﾞﾝｴﾝﾁﾖｳﾌ
1319,ｼﾊﾞｼﾝｷﾝ,058,ｶﾏﾀ
1319,ｼﾊﾞｼﾝｷﾝ,059,ﾑｻｼｺｽｷﾞ
1319,ｼﾊﾞｼﾝｷﾝ,060,ﾌｼﾞｶﾞｵｶ
1319,ｼﾊﾞｼﾝｷﾝ,061,ｷｸﾅ
1319,ｼﾊﾞｼﾝｷﾝ,062,ｶﾓｲ
1319,ｼﾊﾞｼﾝｷﾝ,063,ﾅｶｲｹｶﾞﾐ
1319,ｼﾊﾞｼﾝｷﾝ,065,ｼﾂﾃｴｷﾏｴ
1319,ｼﾊﾞｼﾝｷﾝ,066,ﾂﾙｶﾜ
1319,ｼﾊﾞｼﾝｷﾝ,067,ﾌｶｻﾜ
1319,ｼﾊﾞｼﾝｷﾝ,068,ｱｻﾞﾐﾉ
1319,ｼﾊﾞｼﾝｷﾝ,069,ｴﾀﾞ
1319,ｼﾊﾞｼﾝｷﾝ,070,ﾔｸﾞﾁ
1319,ｼﾊﾞｼﾝｷﾝ,071,ｵﾝﾀｹｻﾝ
1319,ｼﾊﾞｼﾝｷﾝ,072,ﾊｽﾇﾏ
1319,ｼﾊﾞｼﾝｷﾝ,073,ｳﾉｷ
1319,ｼﾊﾞｼﾝｷﾝ,100,ﾎｳｼﾞﾝｴｲｷﾞﾖｳｾﾝﾀ-
1320,ﾄｳｷﾖｳﾋｶﾞｼｼﾝｷﾝ,001,ﾎﾝﾃﾝ
1320,ﾄｳｷﾖｳﾋｶﾞｼｼﾝｷﾝ,003,ｽﾐﾀﾞ
1320,ﾄｳｷﾖｳﾋｶﾞｼｼﾝｷﾝ,004,ｱｽﾞﾏ
1320,ﾄｳｷﾖｳﾋｶﾞｼｼﾝｷﾝ,005,ｶﾒｲﾄﾞ
1320,ﾄｳｷﾖｳﾋｶﾞｼｼﾝｷﾝ,006,ｶﾂｼｶ
1320,ﾄｳｷﾖｳﾋｶﾞｼｼﾝｷﾝ,007,ﾎﾝｼﾞﾖ
1320,ﾄｳｷﾖｳﾋｶﾞｼｼﾝｷﾝ,008,ｲﾘﾔ
1320,ﾄｳｷﾖｳﾋｶﾞｼｼﾝｷﾝ,009,ｴﾄﾞｶﾞﾜ
1320,ﾄｳｷﾖｳﾋｶﾞｼｼﾝｷﾝ,010,ｱﾀﾞﾁ
1320,ﾄｳｷﾖｳﾋｶﾞｼｼﾝｷﾝ,011,ｱﾔｾ
1320,ﾄｳｷﾖｳﾋｶﾞｼｼﾝｷﾝ,012,ﾀｷﾉｶﾞﾜ
1320,ﾄｳｷﾖｳﾋｶﾞｼｼﾝｷﾝ,013,ｲﾀﾊﾞｼ
1320,ﾄｳｷﾖｳﾋｶﾞｼｼﾝｷﾝ,014,ｿｳｶ
1320,ﾄｳｷﾖｳﾋｶﾞｼｼﾝｷﾝ,015,ﾏﾂﾄﾞ
1320,ﾄｳｷﾖｳﾋｶﾞｼｼﾝｷﾝ,017,ｵｵﾌﾞｸﾛ
1320,ﾄｳｷﾖｳﾋｶﾞｼｼﾝｷﾝ,018,ｶﾏﾀ
1320,ﾄｳｷﾖｳﾋｶﾞｼｼﾝｷﾝ,019,ｵｼｱｹﾞ
1320,ﾄｳｷﾖｳﾋｶﾞｼｼﾝｷﾝ,020,ﾊﾅﾊﾀ
1320,ﾄｳｷﾖｳﾋｶﾞｼｼﾝｷﾝ,021,ｶﾅﾏﾁ
1320,ﾄｳｷﾖｳﾋｶﾞｼｼﾝｷﾝ,023,ｱﾗｶﾜ
1320,ﾄｳｷﾖｳﾋｶﾞｼｼﾝｷﾝ,035,ｺﾞﾀﾝﾉ
1320,ﾄｳｷﾖｳﾋｶﾞｼｼﾝｷﾝ,039,ｵｵｼﾞﾏ
1320,ﾄｳｷﾖｳﾋｶﾞｼｼﾝｷﾝ,041,ﾌﾅﾊﾞｼ
1320,ﾄｳｷﾖｳﾋｶﾞｼｼﾝｷﾝ,043,ﾂﾀﾞﾇﾏ
1320,ﾄｳｷﾖｳﾋｶﾞｼｼﾝｷﾝ,045,ﾔﾁﾖ
1320,ﾄｳｷﾖｳﾋｶﾞｼｼﾝｷﾝ,046,ｶﾏｶﾞﾔ
1320,ﾄｳｷﾖｳﾋｶﾞｼｼﾝｷﾝ,048,ｳｽｲ
1320,ﾄｳｷﾖｳﾋｶﾞｼｼﾝｷﾝ,049,ﾏｺﾞﾒ
1320,ﾄｳｷﾖｳﾋｶﾞｼｼﾝｷﾝ,051,ﾐｻｷ
1320,ﾄｳｷﾖｳﾋｶﾞｼｼﾝｷﾝ,062,ﾆｼｺｲﾜ
1320,ﾄｳｷﾖｳﾋｶﾞｼｼﾝｷﾝ,063,ﾋｶﾞｼｺｲﾜ
1320,ﾄｳｷﾖｳﾋｶﾞｼｼﾝｷﾝ,065,ｲﾁｶﾜ
1320,ﾄｳｷﾖｳﾋｶﾞｼｼﾝｷﾝ,066,ｼｼﾎﾞﾈ
1320,ﾄｳｷﾖｳﾋｶﾞｼｼﾝｷﾝ,069,ｲﾁｶﾜﾐﾅﾐ
1320,ﾄｳｷﾖｳﾋｶﾞｼｼﾝｷﾝ,101,ﾘﾖｳｺﾞｸ
1320,ﾄｳｷﾖｳﾋｶﾞｼｼﾝｷﾝ,103,ｶﾝﾀﾞ
1320,ﾄｳｷﾖｳﾋｶﾞｼｼﾝｷﾝ,104,ﾌｶｶﾞﾜ
1320,ﾄｳｷﾖｳﾋｶﾞｼｼﾝｷﾝ,105,ｶﾂﾊﾟﾊﾞｼ
1320,ﾄｳｷﾖｳﾋｶﾞｼｼﾝｷﾝ,107,ｱｻｸｻ
1320,ﾄｳｷﾖｳﾋｶﾞｼｼﾝｷﾝ,109,ｵｸﾞ
1320,ﾄｳｷﾖｳﾋｶﾞｼｼﾝｷﾝ,110,ｺﾏｶﾞﾀ
1320,ﾄｳｷﾖｳﾋｶﾞｼｼﾝｷﾝ,112,ｼﾉｻﾞｷ
1320,ﾄｳｷﾖｳﾋｶﾞｼｼﾝｷﾝ,113,ﾖﾂﾔ
1320,ﾄｳｷﾖｳﾋｶﾞｼｼﾝｷﾝ,115,ｴｺﾀﾞ
1320,ﾄｳｷﾖｳﾋｶﾞｼｼﾝｷﾝ,117,ｼﾝｺｲﾜ
1320,ﾄｳｷﾖｳﾋｶﾞｼｼﾝｷﾝ,118,ﾓﾄﾔﾜﾀ
1320,ﾄｳｷﾖｳﾋｶﾞｼｼﾝｷﾝ,119,ﾀｶｻｺﾞ
1320,ﾄｳｷﾖｳﾋｶﾞｼｼﾝｷﾝ,120,ﾄｷﾜﾀﾞｲﾗ
1320,ﾄｳｷﾖｳﾋｶﾞｼｼﾝｷﾝ,122,ﾄｳﾜ
1320,ﾄｳｷﾖｳﾋｶﾞｼｼﾝｷﾝ,123,ｷﾝｼﾁﾖｳ
1320,ﾄｳｷﾖｳﾋｶﾞｼｼﾝｷﾝ,125,ｽﾐﾖｼ
1320,ﾄｳｷﾖｳﾋｶﾞｼｼﾝｷﾝ,126,ﾔﾋﾛ
1320,ﾄｳｷﾖｳﾋｶﾞｼｼﾝｷﾝ,128,ﾏﾁﾔ
1320,ﾄｳｷﾖｳﾋｶﾞｼｼﾝｷﾝ,136,ﾐｽｼﾞ
1320,ﾄｳｷﾖｳﾋｶﾞｼｼﾝｷﾝ,141,ｺｳﾄｳﾁﾕｳｵｳ
1320,ﾄｳｷﾖｳﾋｶﾞｼｼﾝｷﾝ,143,ﾌｶｶﾞﾜｷﾀ
1320,ﾄｳｷﾖｳﾋｶﾞｼｼﾝｷﾝ,144,ｵﾊﾅﾁﾞﾔﾔ
1320,ﾄｳｷﾖｳﾋｶﾞｼｼﾝｷﾝ,146,ｶｻｲｴｷﾏｴ
1320,ﾄｳｷﾖｳﾋｶﾞｼｼﾝｷﾝ,149,ﾐﾅﾐｷﾞﾖｳﾄｸ
1320,ﾄｳｷﾖｳﾋｶﾞｼｼﾝｷﾝ,150,ﾋｶﾞｼｽﾅ
1320,ﾄｳｷﾖｳﾋｶﾞｼｼﾝｷﾝ,162,ﾓﾘｼﾀｴｷﾏｴ
1320,ﾄｳｷﾖｳﾋｶﾞｼｼﾝｷﾝ,164,ﾆﾉｴ
1320,ﾄｳｷﾖｳﾋｶﾞｼｼﾝｷﾝ,169,ﾌﾅﾎﾞﾘ
1321,ﾄｳｴｲｼﾝｷﾝ,001,ﾎﾝﾃﾝ
1321,ﾄｳｴｲｼﾝｷﾝ,002,ﾀﾃｲｼ
1321,ﾄｳｴｲｼﾝｷﾝ,003,ｶﾒｲﾄﾞ
1321,ﾄｳｴｲｼﾝｷﾝ,004,ｴﾄﾞｶﾞﾜ
1321,ﾄｳｴｲｼﾝｷﾝ,005,ｶｻｲ
1321,ﾄｳｴｲｼﾝｷﾝ,006,ｼﾉｻﾞｷ
1321,ﾄｳｴｲｼﾝｷﾝ,007,ｳﾗﾔｽ
1321,ﾄｳｴｲｼﾝｷﾝ,008,ﾆｲﾎﾘ
1321,ﾄｳｴｲｼﾝｷﾝ,009,ｵｸﾄﾞ
1321,ﾄｳｴｲｼﾝｷﾝ,010,ﾎﾝｲﾂｼｷ
1323,ｶﾒｱﾘｼﾝｷﾝ,001,ﾎﾝﾃﾝ
1323,ｶﾒｱﾘｼﾝｷﾝ,002,ﾎﾘｷﾘ
1323,ｶﾒｱﾘｼﾝｷﾝ,003,ｱｵﾄ
1323,ｶﾒｱﾘｼﾝｷﾝ,004,ｼﾊﾞﾏﾀ
1323,ｶﾒｱﾘｼﾝｷﾝ,005,ﾀｹﾉﾂﾞｶ
1323,ｶﾒｱﾘｼﾝｷﾝ,006,ﾐｽﾞﾓﾄ
1323,ｶﾒｱﾘｼﾝｷﾝ,007,ﾐｻﾄ
1323,ｶﾒｱﾘｼﾝｷﾝ,008,ﾔﾊｼﾗ
1323,ｶﾒｱﾘｼﾝｷﾝ,009,ﾜｾﾀﾞ
1323,ｶﾒｱﾘｼﾝｷﾝ,010,ﾔｼｵ
1323,ｶﾒｱﾘｼﾝｷﾝ,011,ﾏﾂﾄﾞ
1323,ｶﾒｱﾘｼﾝｷﾝ,012,ﾐｻﾄﾏｴﾔ
1323,ｶﾒｱﾘｼﾝｷﾝ,013,ｲｲﾂﾞｶ
1323,ｶﾒｱﾘｼﾝｷﾝ,014,ｻﾉ
1323,ｶﾒｱﾘｼﾝｷﾝ,015,ﾐｻﾄｴｷﾏｴ
1323,ｶﾒｱﾘｼﾝｷﾝ,016,ﾎｿﾀﾞ
1323,ｶﾒｱﾘｼﾝｷﾝ,017,ﾀｶｽ
1323,ｶﾒｱﾘｼﾝｷﾝ,018,ﾋｶﾞｼﾔｼｵ
1323,ｶﾒｱﾘｼﾝｷﾝ,019,ｱﾔｾ
1323,ｶﾒｱﾘｼﾝｷﾝ,020,ｶﾒｱﾘｴｷｷﾀｸﾞﾁ
1323,ｶﾒｱﾘｼﾝｷﾝ,021,ﾐﾅﾐﾔｼｵ
1323,ｶﾒｱﾘｼﾝｷﾝ,022,ﾊﾁｼﾞﾖｳ
1323,ｶﾒｱﾘｼﾝｷﾝ,023,ﾖｼｶﾜ
1323,ｶﾒｱﾘｼﾝｷﾝ,024,ｼﾝｺｲﾜ
1326,ｺﾏﾂｶﾞﾜｼﾝｷﾝ,001,ﾎﾝﾃﾝ
1326,ｺﾏﾂｶﾞﾜｼﾝｷﾝ,002,ﾋﾗｲ
1326,ｺﾏﾂｶﾞﾜｼﾝｷﾝ,003,ｽｶﾞﾊﾗﾊﾞｼ
1326,ｺﾏﾂｶﾞﾜｼﾝｷﾝ,004,ｵｸﾄﾞ
1326,ｺﾏﾂｶﾞﾜｼﾝｷﾝ,005,ﾋｶﾞｼﾖﾂｷﾞ
1326,ｺﾏﾂｶﾞﾜｼﾝｷﾝ,006,ﾅｶﾋﾗｲ
1326,ｺﾏﾂｶﾞﾜｼﾝｷﾝ,007,ｲﾁｶﾜﾐﾅﾐ
1326,ｺﾏﾂｶﾞﾜｼﾝｷﾝ,008,ｼｼﾎﾞﾈ
1326,ｺﾏﾂｶﾞﾜｼﾝｷﾝ,009,ｶﾒｲﾄﾞ
1326,ｺﾏﾂｶﾞﾜｼﾝｷﾝ,010,ｼﾉｻﾞｷ
1327,ｱﾀﾞﾁｾｲﾜｼﾝｷﾝ,001,ﾎﾝﾃﾝ
1327,ｱﾀﾞﾁｾｲﾜｼﾝｷﾝ,003,ﾓﾄｷﾞ
1327,ｱﾀﾞﾁｾｲﾜｼﾝｷﾝ,004,ｶﾒｱﾘｴｷﾏｴ
1327,ｱﾀﾞﾁｾｲﾜｼﾝｷﾝ,005,ｱｻﾋﾁﾖｳ
1327,ｱﾀﾞﾁｾｲﾜｼﾝｷﾝ,006,ﾀｹﾉﾂﾞｶ
1327,ｱﾀﾞﾁｾｲﾜｼﾝｷﾝ,007,ｺｳﾎｸ
1327,ｱﾀﾞﾁｾｲﾜｼﾝｷﾝ,008,ｻﾉ
1327,ｱﾀﾞﾁｾｲﾜｼﾝｷﾝ,009,ﾐﾅﾐﾊﾅﾊﾀ
1327,ｱﾀﾞﾁｾｲﾜｼﾝｷﾝ,010,ｻﾗﾇﾏ
1327,ｱﾀﾞﾁｾｲﾜｼﾝｷﾝ,011,ﾑﾂｷﾞ
1327,ｱﾀﾞﾁｾｲﾜｼﾝｷﾝ,013,ｱｵｲ
1327,ｱﾀﾞﾁｾｲﾜｼﾝｷﾝ,014,ｺｼﾞﾔ
1327,ｱﾀﾞﾁｾｲﾜｼﾝｷﾝ,015,ﾆｼｱﾗｲｴｷﾏｴ
1327,ｱﾀﾞﾁｾｲﾜｼﾝｷﾝ,016,ｲﾘﾔ
1327,ｱﾀﾞﾁｾｲﾜｼﾝｷﾝ,017,ﾔﾅｷﾞﾁﾖｳ
1327,ｱﾀﾞﾁｾｲﾜｼﾝｷﾝ,020,ｱﾔｾ
1327,ｱﾀﾞﾁｾｲﾜｼﾝｷﾝ,021,ﾁﾕｳｵｳ
1327,ｱﾀﾞﾁｾｲﾜｼﾝｷﾝ,022,ｷﾀｺｼｶﾞﾔ
1327,ｱﾀﾞﾁｾｲﾜｼﾝｷﾝ,023,ﾓﾄｷﾞｾｷﾊﾞﾗ
1327,ｱﾀﾞﾁｾｲﾜｼﾝｷﾝ,025,ｿｳｶ
1327,ｱﾀﾞﾁｾｲﾜｼﾝｷﾝ,026,ﾊﾅﾊﾀ
1327,ｱﾀﾞﾁｾｲﾜｼﾝｷﾝ,027,ｺｳﾄﾞｳ
1327,ｱﾀﾞﾁｾｲﾜｼﾝｷﾝ,030,ﾔｼｵﾁﾕｳｵｳ
1333,ﾄｳｷﾖｳｻﾝｷﾖｳｼﾝｷﾝ,011,ﾎﾝﾃﾝ
1333,ﾄｳｷﾖｳｻﾝｷﾖｳｼﾝｷﾝ,012,ｼﾝｼﾞﾕｸ
1333,ﾄｳｷﾖｳｻﾝｷﾖｳｼﾝｷﾝ,013,ｲｵｷﾞｴｷﾏｴ
1333,ﾄｳｷﾖｳｻﾝｷﾖｳｼﾝｷﾝ,014,ﾀｶｲﾄﾞ
1333,ﾄｳｷﾖｳｻﾝｷﾖｳｼﾝｷﾝ,015,ﾁﾖｳﾌ
1333,ﾄｳｷﾖｳｻﾝｷﾖｳｼﾝｷﾝ,016,ﾋｶﾞｼﾌｼﾐ
1333,ﾄｳｷﾖｳｻﾝｷﾖｳｼﾝｷﾝ,017,ﾌﾁﾕｳ
1333,ﾄｳｷﾖｳｻﾝｷﾖｳｼﾝｷﾝ,018,ﾎｳﾔ
1333,ﾄｳｷﾖｳｻﾝｷﾖｳｼﾝｷﾝ,019,ﾜｾﾀﾞ
1333,ﾄｳｷﾖｳｻﾝｷﾖｳｼﾝｷﾝ,021,ｻｷﾞﾉﾐﾔ
1333,ﾄｳｷﾖｳｻﾝｷﾖｳｼﾝｷﾝ,022,ﾆｼｵﾁｱｲ
1333,ﾄｳｷﾖｳｻﾝｷﾖｳｼﾝｷﾝ,023,ｲｹﾌﾞｸﾛ
1336,ｻｲｷﾖｳｼﾝｷﾝ,001,ﾎﾝﾃﾝ
1336,ｻｲｷﾖｳｼﾝｷﾝ,002,ﾅｶﾉ
1336,ｻｲｷﾖｳｼﾝｷﾝ,003,ｲｹﾌﾞｸﾛ
1336,ｻｲｷﾖｳｼﾝｷﾝ,005,ｱｻｶﾞﾔ
1336,ｻｲｷﾖｳｼﾝｷﾝ,006,ｵｵﾔﾏ
1336,ｻｲｷﾖｳｼﾝｷﾝ,007,ﾐﾅﾐﾅｶﾉ
1336,ｻｲｷﾖｳｼﾝｷﾝ,008,ｷﾞﾝｻﾞ
1336,ｻｲｷﾖｳｼﾝｷﾝ,010,ﾋｶﾞｼﾅｶﾉ
1336,ｻｲｷﾖｳｼﾝｷﾝ,011,ﾌｼﾞﾐﾀﾞｲ
1336,ｻｲｷﾖｳｼﾝｷﾝ,012,ｶﾐｲｸﾞｻ
1336,ｻｲｷﾖｳｼﾝｷﾝ,014,ﾆｼｼﾝｼﾞﾕｸ
1336,ｻｲｷﾖｳｼﾝｷﾝ,016,ﾇﾏﾌﾞｸﾛ
1336,ｻｲｷﾖｳｼﾝｷﾝ,017,ｿﾞｳｼｶﾞﾔ
1336,ｻｲｷﾖｳｼﾝｷﾝ,021,ﾉｶﾞﾀ
1336,ｻｲｷﾖｳｼﾝｷﾝ,026,ﾆｼｵｷﾞｸﾎﾞ
1336,ｻｲｷﾖｳｼﾝｷﾝ,028,ﾈﾘﾏ
1336,ｻｲｷﾖｳｼﾝｷﾝ,029,ｴｺﾀﾞ
1336,ｻｲｷﾖｳｼﾝｷﾝ,030,ｷﾀﾏﾁ
1336,ｻｲｷﾖｳｼﾝｷﾝ,031,ｻｷﾞﾉﾐﾔ
1336,ｻｲｷﾖｳｼﾝｷﾝ,032,ｵｵｲｽﾞﾐ
1336,ｻｲｷﾖｳｼﾝｷﾝ,033,ﾎｳﾔ
1336,ｻｲｷﾖｳｼﾝｷﾝ,034,ﾊｽﾈ
1336,ｻｲｷﾖｳｼﾝｷﾝ,035,ｷﾖｾ
1336,ｻｲｷﾖｳｼﾝｷﾝ,036,ﾋｶﾜﾀﾞｲ
1336,ｻｲｷﾖｳｼﾝｷﾝ,038,ﾆｲｻﾞ
1336,ｻｲｷﾖｳｼﾝｷﾝ,046,ﾊﾗｼﾞﾕｸ
1336,ｻｲｷﾖｳｼﾝｷﾝ,050,ﾔｴｽｸﾞﾁ
1341,ｾｲﾌﾞｼﾝｷﾝ,001,ﾎﾝﾃﾝ
1341,ｾｲﾌﾞｼﾝｷﾝ,002,ｻｷﾞﾉﾐﾔ
1341,ｾｲﾌﾞｼﾝｷﾝ,003,ﾎﾝﾁﾖｳﾄﾞｵﾘ
1341,ｾｲﾌﾞｼﾝｷﾝ,004,ﾅｶﾉｷﾀｸﾞﾁ
1341,ｾｲﾌﾞｼﾝｷﾝ,005,ﾔｸｼｴｷﾏｴ
1341,ｾｲﾌﾞｼﾝｷﾝ,006,ｱｻｶﾞﾔ
1341,ｾｲﾌﾞｼﾝｷﾝ,007,ﾋｶﾞｼﾅｶﾉ
1341,ｾｲﾌﾞｼﾝｷﾝ,008,ｷﾀｼﾝｼﾞﾕｸ
1341,ｾｲﾌﾞｼﾝｷﾝ,009,ﾎｳﾔ
1341,ｾｲﾌﾞｼﾝｷﾝ,010,ﾐﾀｶ
1341,ｾｲﾌﾞｼﾝｷﾝ,021,ﾌﾂｻ
1341,ｾｲﾌﾞｼﾝｷﾝ,022,ﾊｲｼﾞﾏ
1341,ｾｲﾌﾞｼﾝｷﾝ,023,ﾊﾑﾗ
1341,ｾｲﾌﾞｼﾝｷﾝ,024,ｲﾂｶｲﾁ
1341,ｾｲﾌﾞｼﾝｷﾝ,025,ﾑﾗﾔﾏ
1341,ｾｲﾌﾞｼﾝｷﾝ,026,ﾋｶﾞｼﾑﾗﾔﾏ
1341,ｾｲﾌﾞｼﾝｷﾝ,027,ｱｷｼﾏ
1341,ｾｲﾌﾞｼﾝｷﾝ,028,ｺﾀﾞｲﾗ
1341,ｾｲﾌﾞｼﾝｷﾝ,029,ｶﾍﾞ
1341,ｾｲﾌﾞｼﾝｷﾝ,030,ｷﾀﾉ
1341,ｾｲﾌﾞｼﾝｷﾝ,031,ﾆｼｺｸﾌﾞﾝｼﾞ
1341,ｾｲﾌﾞｼﾝｷﾝ,032,ﾋｶﾞｼｸﾙﾒ
1341,ｾｲﾌﾞｼﾝｷﾝ,033,ｱｷｶﾞﾜ
1341,ｾｲﾌﾞｼﾝｷﾝ,034,ﾅﾗﾊﾗ
1341,ｾｲﾌﾞｼﾝｷﾝ,035,ﾊﾅｺｶﾞﾈｲ
1341,ｾｲﾌﾞｼﾝｷﾝ,036,ｳｼﾊﾏ
1341,ｾｲﾌﾞｼﾝｷﾝ,037,ﾐｽﾞﾎ
1341,ｾｲﾌﾞｼﾝｷﾝ,038,ﾁｶﾞｾ
1341,ｾｲﾌﾞｼﾝｷﾝ,039,ｻﾔﾏｶﾞｵｶ
1341,ｾｲﾌﾞｼﾝｷﾝ,040,ﾐﾂﾊﾗ
1341,ｾｲﾌﾞｼﾝｷﾝ,041,ｵｻﾞｸ
1341,ｾｲﾌﾞｼﾝｷﾝ,042,ﾅｶｶﾞﾐ
1341,ｾｲﾌﾞｼﾝｷﾝ,043,ﾋｶﾞｼﾔﾏﾄ
1341,ｾｲﾌﾞｼﾝｷﾝ,044,ｻｲﾜｲﾁﾖｳ
1341,ｾｲﾌﾞｼﾝｷﾝ,045,ﾅｶﾞｵｶ
1341,ｾｲﾌﾞｼﾝｷﾝ,046,ｻｸﾗｶｲﾄﾞｳ
1341,ｾｲﾌﾞｼﾝｷﾝ,047,ｲﾙﾏ
1341,ｾｲﾌﾞｼﾝｷﾝ,048,ﾀﾁｶﾜﾐﾅﾐｸﾞﾁ
1341,ｾｲﾌﾞｼﾝｷﾝ,049,ﾑｻｼｻｶｲ
1341,ｾｲﾌﾞｼﾝｷﾝ,050,ﾋﾉﾃﾞ
1341,ｾｲﾌﾞｼﾝｷﾝ,051,ｼﾝｴｺﾞﾀ
1341,ｾｲﾌﾞｼﾝｷﾝ,101,ｼﾌﾞﾔ
1341,ｾｲﾌﾞｼﾝｷﾝ,102,ｾﾝﾀﾞｶﾞﾔ
1341,ｾｲﾌﾞｼﾝｷﾝ,103,ｴﾋﾞｽ
1341,ｾｲﾌﾞｼﾝｷﾝ,104,ﾊﾀｶﾞﾔ
1341,ｾｲﾌﾞｼﾝｷﾝ,105,ﾅｶﾒｸﾞﾛ
1341,ｾｲﾌﾞｼﾝｷﾝ,106,ｵｷﾞｸﾎﾞ
1341,ｾｲﾌﾞｼﾝｷﾝ,107,ﾊﾏﾀﾞﾔﾏ
1341,ｾｲﾌﾞｼﾝｷﾝ,108,ｸｶﾞﾔﾏ
1341,ｾｲﾌﾞｼﾝｷﾝ,111,ﾊﾗｼﾞﾕｸ
1341,ｾｲﾌﾞｼﾝｷﾝ,114,ｼﾊﾞｻｷｴｷﾏｴ
1341,ｾｲﾌﾞｼﾝｷﾝ,117,ｼﾌﾞﾔﾋｶﾞｼ
1341,ｾｲﾌﾞｼﾝｷﾝ,141,ｽｷﾞﾅﾐ
1341,ｾｲﾌﾞｼﾝｷﾝ,142,ｱｻｶﾞﾔﾐﾅﾐ
1341,ｾｲﾌﾞｼﾝｷﾝ,144,ﾆｼｵｷﾞｸﾎﾞ
1341,ｾｲﾌﾞｼﾝｷﾝ,145,ｷﾁｼﾞﾖｳｼﾞ
1341,ｾｲﾌﾞｼﾝｷﾝ,147,ﾀﾅｼ
1341,ｾｲﾌﾞｼﾝｷﾝ,149,ｵｵｲｽﾞﾐ
1341,ｾｲﾌﾞｼﾝｷﾝ,151,ｼﾓｲｸﾞｻ
1341,ｾｲﾌﾞｼﾝｷﾝ,157,ｵｷﾞｸﾎﾞﾆｼｸﾞﾁ
1341,ｾｲﾌﾞｼﾝｷﾝ,158,ﾊｼﾓﾄ
1341,ｾｲﾌﾞｼﾝｷﾝ,159,ﾊﾁｵｳｼﾞ
1341,ｾｲﾌﾞｼﾝｷﾝ,160,ﾔﾍﾞ
1341,ｾｲﾌﾞｼﾝｷﾝ,161,ｶﾝﾀﾞ
1341,ｾｲﾌﾞｼﾝｷﾝ,162,ﾄﾗﾉﾓﾝ
1341,ｾｲﾌﾞｼﾝｷﾝ,163,ﾆﾎﾝﾊﾞｼ
1341,ｾｲﾌﾞｼﾝｷﾝ,164,ｲｹﾌﾞｸﾛ
1341,ｾｲﾌﾞｼﾝｷﾝ,165,ﾏﾁﾀﾞ
1341,ｾｲﾌﾞｼﾝｷﾝ,166,ｲｲﾀﾞﾊﾞｼ
1341,ｾｲﾌﾞｼﾝｷﾝ,167,ﾌﾁﾕｳ
1341,ｾｲﾌﾞｼﾝｷﾝ,168,ｻﾝｹﾞﾝﾁﾞﾔﾔ
1341,ｾｲﾌﾞｼﾝｷﾝ,169,ﾆﾂﾃﾚﾄﾞｵﾘ
1341,ｾｲﾌﾞｼﾝｷﾝ,170,ｺﾞﾀﾝﾀﾞ
1341,ｾｲﾌﾞｼﾝｷﾝ,171,ﾀｶﾀﾞﾉﾊﾞﾊﾞ
1341,ｾｲﾌﾞｼﾝｷﾝ,172,ﾎﾝｺﾞｳ
1341,ｾｲﾌﾞｼﾝｷﾝ,173,ﾄｳｷﾖｳﾌﾟﾗｲﾍﾞ-ﾄ
1344,ｼﾞﾖｳﾅﾝｼﾝｷﾝ,001,ﾎﾝﾃﾝ
1344,ｼﾞﾖｳﾅﾝｼﾝｷﾝ,002,ｼﾅｶﾞﾜ
1344,ｼﾞﾖｳﾅﾝｼﾝｷﾝ,003,ｵｵｲ
1344,ｼﾞﾖｳﾅﾝｼﾝｷﾝ,004,ｵｵﾓﾘ
1344,ｼﾞﾖｳﾅﾝｼﾝｷﾝ,005,ｲﾘｱﾗｲ
1344,ｼﾞﾖｳﾅﾝｼﾝｷﾝ,006,ﾏｺﾞﾒ
1344,ｼﾞﾖｳﾅﾝｼﾝｷﾝ,007,ｲｹｶﾞﾐ
1344,ｼﾞﾖｳﾅﾝｼﾝｷﾝ,008,ｶﾏﾀ
1344,ｼﾞﾖｳﾅﾝｼﾝｷﾝ,009,ﾛｸｺﾞｳ
1344,ｼﾞﾖｳﾅﾝｼﾝｷﾝ,010,ﾔｸﾞﾁ
1344,ｼﾞﾖｳﾅﾝｼﾝｷﾝ,011,ﾊﾈﾀﾞ
1344,ｼﾞﾖｳﾅﾝｼﾝｷﾝ,012,ｴﾊﾞﾗ
1344,ｼﾞﾖｳﾅﾝｼﾝｷﾝ,013,ﾋﾌﾞｽﾏ
1344,ｼﾞﾖｳﾅﾝｼﾝｷﾝ,014,ｺﾏｻﾞﾜ
1344,ｼﾞﾖｳﾅﾝｼﾝｷﾝ,015,ｷﾇﾀ
1344,ｼﾞﾖｳﾅﾝｼﾝｷﾝ,016,ｵｸｻﾜ
1344,ｼﾞﾖｳﾅﾝｼﾝｷﾝ,017,ｵｵｵｶﾔﾏ
1344,ｼﾞﾖｳﾅﾝｼﾝｷﾝ,018,ﾀﾏｶﾞﾜ
1344,ｼﾞﾖｳﾅﾝｼﾝｷﾝ,019,ﾒｸﾞﾛ
1344,ｼﾞﾖｳﾅﾝｼﾝｷﾝ,020,ｼﾞﾕｳｶﾞｵｶ
1344,ｼﾞﾖｳﾅﾝｼﾝｷﾝ,021,ｶﾝﾀﾞ
1344,ｼﾞﾖｳﾅﾝｼﾝｷﾝ,022,ｼﾝﾊﾞｼ
1344,ｼﾞﾖｳﾅﾝｼﾝｷﾝ,023,ｸﾀﾞﾝ
1344,ｼﾞﾖｳﾅﾝｼﾝｷﾝ,024,ﾕｷｶﾞﾔ
1344,ｼﾞﾖｳﾅﾝｼﾝｷﾝ,025,ｼﾌﾞﾔ
1344,ｼﾞﾖｳﾅﾝｼﾝｷﾝ,026,ｱｵﾔﾏ
1344,ｼﾞﾖｳﾅﾝｼﾝｷﾝ,028,ｷﾖｳﾄﾞｳ
1344,ｼﾞﾖｳﾅﾝｼﾝｷﾝ,029,ｾﾀｶﾞﾔ
1344,ｼﾞﾖｳﾅﾝｼﾝｷﾝ,030,ｷﾞﾝｻﾞ
1344,ｼﾞﾖｳﾅﾝｼﾝｷﾝ,031,ﾐｼﾕｸ
1344,ｼﾞﾖｳﾅﾝｼﾝｷﾝ,032,ﾊｽﾇﾏ
1344,ｼﾞﾖｳﾅﾝｼﾝｷﾝ,033,ﾅｶﾉ
1344,ｼﾞﾖｳﾅﾝｼﾝｷﾝ,034,ｾﾀ
1344,ｼﾞﾖｳﾅﾝｼﾝｷﾝ,035,ｺﾏｴ
1344,ｼﾞﾖｳﾅﾝｼﾝｷﾝ,036,ｺｳｴﾝｼﾞ
1344,ｼﾞﾖｳﾅﾝｼﾝｷﾝ,037,ﾐｿﾞﾉｸﾁ
1344,ｼﾞﾖｳﾅﾝｼﾝｷﾝ,038,ｲｸﾀ
1344,ｼﾞﾖｳﾅﾝｼﾝｷﾝ,039,ﾂﾅｼﾏ
1344,ｼﾞﾖｳﾅﾝｼﾝｷﾝ,040,ﾐﾔﾏｴﾀﾞｲﾗ
1344,ｼﾞﾖｳﾅﾝｼﾝｷﾝ,041,ﾓﾄｽﾐﾖｼ
1344,ｼﾞﾖｳﾅﾝｼﾝｷﾝ,043,ﾊﾗﾏﾁﾀﾞ
1344,ｼﾞﾖｳﾅﾝｼﾝｷﾝ,044,ﾃﾝﾉｳﾁﾖｳ
1344,ｼﾞﾖｳﾅﾝｼﾝｷﾝ,045,ﾂﾙﾐ
1344,ｼﾞﾖｳﾅﾝｼﾝｷﾝ,046,ﾛﾂｶｸﾊﾞｼ
1344,ｼﾞﾖｳﾅﾝｼﾝｷﾝ,047,ﾔﾏﾄ
1344,ｼﾞﾖｳﾅﾝｼﾝｷﾝ,048,ｺﾂﾞｸｴ
1344,ｼﾞﾖｳﾅﾝｼﾝｷﾝ,049,ｱﾂｷﾞ
1344,ｼﾞﾖｳﾅﾝｼﾝｷﾝ,050,ｿｳﾌﾞﾀﾞｲ
1344,ｼﾞﾖｳﾅﾝｼﾝｷﾝ,051,ｴﾀﾞ
1344,ｼﾞﾖｳﾅﾝｼﾝｷﾝ,052,ｲﾅｷﾞ
1344,ｼﾞﾖｳﾅﾝｼﾝｷﾝ,053,ｽｽﾞｶｹﾀﾞｲ
1344,ｼﾞﾖｳﾅﾝｼﾝｷﾝ,054,ﾌﾁﾉﾍﾞ
1344,ｼﾞﾖｳﾅﾝｼﾝｷﾝ,055,ﾀﾅ
1344,ｼﾞﾖｳﾅﾝｼﾝｷﾝ,056,ｶﾐﾎｼｶﾜ
1344,ｼﾞﾖｳﾅﾝｼﾝｷﾝ,057,ﾅｶﾊﾗ
1344,ｼﾞﾖｳﾅﾝｼﾝｷﾝ,058,ｻｶﾞﾐｵｵﾂｶ
1344,ｼﾞﾖｳﾅﾝｼﾝｷﾝ,059,ﾋﾖｼｼﾓﾀﾞ
1344,ｼﾞﾖｳﾅﾝｼﾝｷﾝ,060,ｿｼｶﾞﾔ
1344,ｼﾞﾖｳﾅﾝｼﾝｷﾝ,061,ｶﾏﾀﾎﾝﾁﾖｳ
1344,ｼﾞﾖｳﾅﾝｼﾝｷﾝ,062,ｵｵｻｷ
1344,ｼﾞﾖｳﾅﾝｼﾝｷﾝ,063,ﾖｺﾊﾏ
1344,ｼﾞﾖｳﾅﾝｼﾝｷﾝ,064,ｶﾜﾜ
1344,ｼﾞﾖｳﾅﾝｼﾝｷﾝ,065,ｴﾋﾞﾅ
1344,ｼﾞﾖｳﾅﾝｼﾝｷﾝ,066,ｵﾔﾏﾀﾞ
1344,ｼﾞﾖｳﾅﾝｼﾝｷﾝ,067,ﾁﾕｳｵｳﾘﾝｶﾝ
1344,ｼﾞﾖｳﾅﾝｼﾝｷﾝ,068,ﾀﾏﾌﾟﾗ-ｻﾞ
1344,ｼﾞﾖｳﾅﾝｼﾝｷﾝ,069,ﾌｶｻﾜ
1344,ｼﾞﾖｳﾅﾝｼﾝｷﾝ,070,ｼﾝﾖｺﾊﾏ
1344,ｼﾞﾖｳﾅﾝｼﾝｷﾝ,071,ｲﾏｼﾞﾕｸ
1344,ｼﾞﾖｳﾅﾝｼﾝｷﾝ,072,ﾖｳｶﾞ
1344,ｼﾞﾖｳﾅﾝｼﾝｷﾝ,073,ﾆｼｵｵｲ
1344,ｼﾞﾖｳﾅﾝｼﾝｷﾝ,074,ｻｷﾞﾇﾏ
1344,ｼﾞﾖｳﾅﾝｼﾝｷﾝ,075,ﾀﾏｶﾞﾜｶﾞｸｴﾝ
1344,ｼﾞﾖｳﾅﾝｼﾝｷﾝ,076,ﾀﾁｱｲｶﾞﾜ
1344,ｼﾞﾖｳﾅﾝｼﾝｷﾝ,077,ﾄﾄﾞﾛｷ
1344,ｼﾞﾖｳﾅﾝｼﾝｷﾝ,078,ｵｵﾀﾌﾞﾝｶﾉﾓﾘ
1344,ｼﾞﾖｳﾅﾝｼﾝｷﾝ,079,ｾﾔ
1344,ｼﾞﾖｳﾅﾝｼﾝｷﾝ,080,ｸｶﾞﾊﾗ
1344,ｼﾞﾖｳﾅﾝｼﾝｷﾝ,081,ﾋﾓﾝﾔ
1344,ｼﾞﾖｳﾅﾝｼﾝｷﾝ,082,ﾎﾝﾏﾁﾀﾞ
1344,ｼﾞﾖｳﾅﾝｼﾝｷﾝ,083,ｼﾖｳﾅﾝﾀﾞｲ
1344,ｼﾞﾖｳﾅﾝｼﾝｷﾝ,084,ｻｸﾗｼﾞﾖｳｽｲ
1344,ｼﾞﾖｳﾅﾝｼﾝｷﾝ,085,ﾅｶﾏﾁﾀﾞｲ
1344,ｼﾞﾖｳﾅﾝｼﾝｷﾝ,090,ｼﾗｳﾒJﾈﾂﾄ
1345,ｼﾖｳﾜｼﾝｷﾝ,001,ﾎﾝﾃﾝ
1345,ｼﾖｳﾜｼﾝｷﾝ,002,ｼﾝｼﾞﾕｸ
1345,ｼﾖｳﾜｼﾝｷﾝ,003,ｻﾝｹﾞﾝﾁﾞﾔﾔ
1345,ｼﾖｳﾜｼﾝｷﾝ,004,ｷﾖｳﾊﾞｼ
1345,ｼﾖｳﾜｼﾝｷﾝ,005,ｷﾖｳﾄﾞｳ
1345,ｼﾖｳﾜｼﾝｷﾝ,006,ｶﾗｽﾔﾏ
1345,ｼﾖｳﾜｼﾝｷﾝ,007,ｵｵﾊｼ
1345,ｼﾖｳﾜｼﾝｷﾝ,008,ﾒｲﾀﾞｲﾏｴ
1345,ｼﾖｳﾜｼﾝｷﾝ,009,ｴﾋﾞｽ
1345,ｼﾖｳﾜｼﾝｷﾝ,010,ﾊﾁﾏﾝﾔﾏ
1345,ｼﾖｳﾜｼﾝｷﾝ,011,ﾀﾏｶﾞﾜ
1345,ｼﾖｳﾜｼﾝｷﾝ,012,ｲｹﾉｳｴ
1345,ｼﾖｳﾜｼﾝｷﾝ,013,ｼﾓﾀｶｲﾄﾞ
1345,ｼﾖｳﾜｼﾝｷﾝ,014,ｻｻﾂﾞｶ
1345,ｼﾖｳﾜｼﾝｷﾝ,015,ｶﾐｷﾀｻﾞﾜ
1345,ｼﾖｳﾜｼﾝｷﾝ,016,ﾂﾂｼﾞｶﾞｵｶ
1345,ｼﾖｳﾜｼﾝｷﾝ,017,ﾐﾀｶ
1345,ｼﾖｳﾜｼﾝｷﾝ,018,ﾋｶﾞｼｺｶﾞﾈｲ
1345,ｼﾖｳﾜｼﾝｷﾝ,024,ｻｸﾗｼﾞﾖｳｽｲ
1346,ﾒｸﾞﾛｼﾝｷﾝ,001,ﾎﾝﾃﾝ
1346,ﾒｸﾞﾛｼﾝｷﾝ,002,ｻﾝﾔ
1346,ﾒｸﾞﾛｼﾝｷﾝ,003,ｾﾝｿﾞｸ
1346,ﾒｸﾞﾛｼﾝｷﾝ,004,ｳﾒｶﾞｵｶ
1346,ﾒｸﾞﾛｼﾝｷﾝ,005,ｳﾉｷ
1346,ﾒｸﾞﾛｼﾝｷﾝ,006,ﾌﾀﾊﾞ
1346,ﾒｸﾞﾛｼﾝｷﾝ,007,ﾌﾄﾞｳﾏｴ
1346,ﾒｸﾞﾛｼﾝｷﾝ,008,ﾅｶﾁﾖｳ
1346,ﾒｸﾞﾛｼﾝｷﾝ,009,ﾆｼｺﾔﾏ
1346,ﾒｸﾞﾛｼﾝｷﾝ,010,ｶﾐﾒｸﾞﾛ
1346,ﾒｸﾞﾛｼﾝｷﾝ,011,ｴﾊﾞﾗ
1348,ｾﾀｶﾞﾔｼﾝｷﾝ,011,ﾎﾝﾃﾝ
1348,ｾﾀｶﾞﾔｼﾝｷﾝ,012,ｲｹｼﾞﾘ
1348,ｾﾀｶﾞﾔｼﾝｷﾝ,013,ﾌﾅﾊﾞｼ
1348,ｾﾀｶﾞﾔｼﾝｷﾝ,015,ﾜｶﾊﾞﾔｼ
1348,ｾﾀｶﾞﾔｼﾝｷﾝ,016,ﾖｳｶﾞ
1348,ｾﾀｶﾞﾔｼﾝｷﾝ,017,ﾛﾂﾎﾟﾝｷﾞ
1348,ｾﾀｶﾞﾔｼﾝｷﾝ,018,ｴｲﾌｸﾁﾖｳ
1348,ｾﾀｶﾞﾔｼﾝｷﾝ,019,ﾐﾔｻﾞｷﾀﾞｲ
1348,ｾﾀｶﾞﾔｼﾝｷﾝ,020,ｱｵﾊﾞﾀﾞｲ
1348,ｾﾀｶﾞﾔｼﾝｷﾝ,021,ﾀﾏｶﾞﾜ
1348,ｾﾀｶﾞﾔｼﾝｷﾝ,024,ｸﾔｸｼﾖﾏｴ
1348,ｾﾀｶﾞﾔｼﾝｷﾝ,027,ﾄﾄﾞﾛｷ
1348,ｾﾀｶﾞﾔｼﾝｷﾝ,028,ｺﾏｻﾞﾜ
1348,ｾﾀｶﾞﾔｼﾝｷﾝ,032,ｶﾗｽﾔﾏ
1349,ﾄｳｷﾖｳｼﾝｷﾝ,001,ﾎﾝﾃﾝ
1349,ﾄｳｷﾖｳｼﾝｷﾝ,003,ﾅｶｲｴｷﾏｴ
1349,ﾄｳｷﾖｳｼﾝｷﾝ,005,ﾅｶﾉｻｶｳｴ
1349,ﾄｳｷﾖｳｼﾝｷﾝ,006,ｼﾝｼﾞﾕｸ
1349,ﾄｳｷﾖｳｼﾝｷﾝ,007,ﾀｶﾀﾞﾉﾊﾞﾊﾞ
1349,ﾄｳｷﾖｳｼﾝｷﾝ,008,ｶﾅﾒﾁﾖｳ
1349,ﾄｳｷﾖｳｼﾝｷﾝ,009,ｼｲﾅﾏﾁ
1349,ﾄｳｷﾖｳｼﾝｷﾝ,011,ｲﾀﾊﾞｼ
1349,ﾄｳｷﾖｳｼﾝｷﾝ,012,ｵｵﾔﾏ
1349,ﾄｳｷﾖｳｼﾝｷﾝ,013,ｼﾑﾗ
1349,ﾄｳｷﾖｳｼﾝｷﾝ,014,ｼﾑﾗｻｶｼﾀ
1349,ﾄｳｷﾖｳｼﾝｷﾝ,015,ﾅﾘﾏｽ
1349,ﾄｳｷﾖｳｼﾝｷﾝ,016,ｴﾄﾞｶﾞﾜﾊﾞｼ
1349,ﾄｳｷﾖｳｼﾝｷﾝ,017,ｱｻｸｻ
1349,ﾄｳｷﾖｳｼﾝｷﾝ,018,ﾅｶﾑﾗﾊﾞｼ
1349,ﾄｳｷﾖｳｼﾝｷﾝ,019,ｼﾓｲｸﾞｻ
1349,ﾄｳｷﾖｳｼﾝｷﾝ,020,ｼｷ
1349,ﾄｳｷﾖｳｼﾝｷﾝ,021,ﾀﾅｼ
1349,ﾄｳｷﾖｳｼﾝｷﾝ,022,ﾜﾗﾋﾞ
1349,ﾄｳｷﾖｳｼﾝｷﾝ,023,ﾆﾎﾝﾊﾞｼ
1349,ﾄｳｷﾖｳｼﾝｷﾝ,024,ﾋｶﾞｼﾅｶﾞｻｷ
1349,ﾄｳｷﾖｳｼﾝｷﾝ,025,ｶﾐｲﾀﾊﾞｼ
1349,ﾄｳｷﾖｳｼﾝｷﾝ,026,ﾈﾘﾏ
1349,ﾄｳｷﾖｳｼﾝｷﾝ,027,ｵｵｲｽﾞﾐ
1349,ﾄｳｷﾖｳｼﾝｷﾝ,028,ｱｻｶ
1349,ﾄｳｷﾖｳｼﾝｷﾝ,029,ﾑｻｼｾｷ
1349,ﾄｳｷﾖｳｼﾝｷﾝ,030,ﾄﾀﾞ
1349,ﾄｳｷﾖｳｼﾝｷﾝ,031,ｳﾗﾜｼﾗﾊﾀ
1349,ﾄｳｷﾖｳｼﾝｷﾝ,032,ﾆｲｻﾞ
1349,ﾄｳｷﾖｳｼﾝｷﾝ,033,ﾄﾞｼﾀﾞ
1351,ｼﾞﾖｳﾎｸｼﾝｷﾝ,011,ｵｳｼﾞ
1351,ｼﾞﾖｳﾎｸｼﾝｷﾝ,012,ｱｶﾊﾞﾈ
1351,ｼﾞﾖｳﾎｸｼﾝｷﾝ,013,ｼﾞﾕｳｼﾞﾖｳ
1351,ｼﾞﾖｳﾎｸｼﾝｷﾝ,014,ﾄｷﾜﾀﾞｲ
1351,ｼﾞﾖｳﾎｸｼﾝｷﾝ,015,ｽｶﾞﾓ
1351,ｼﾞﾖｳﾎｸｼﾝｷﾝ,016,ｼﾑﾗ
1351,ｼﾞﾖｳﾎｸｼﾝｷﾝ,017,ﾋｶﾞｼｵｸﾞ
1351,ｼﾞﾖｳﾎｸｼﾝｷﾝ,018,ｵﾁｱｲ
1351,ｼﾞﾖｳﾎｸｼﾝｷﾝ,019,ｶﾜｸﾞﾁ
1351,ｼﾞﾖｳﾎｸｼﾝｷﾝ,020,ﾜﾗﾋﾞ
1351,ｼﾞﾖｳﾎｸｼﾝｷﾝ,021,ｱｻﾋﾁﾖｳ
1351,ｼﾞﾖｳﾎｸｼﾝｷﾝ,022,ｷﾀｳﾗﾜ
1351,ｼﾞﾖｳﾎｸｼﾝｷﾝ,023,ﾆｼｱﾗｲ
1351,ｼﾞﾖｳﾎｸｼﾝｷﾝ,024,ﾏｴｶﾜ
1351,ｼﾞﾖｳﾎｸｼﾝｷﾝ,025,ｱﾔｾｷﾀ
1351,ｼﾞﾖｳﾎｸｼﾝｷﾝ,026,ﾋｶﾞｼｼﾞﾕｳｼﾞﾖｳ
1351,ｼﾞﾖｳﾎｸｼﾝｷﾝ,027,ﾄﾀﾞ
1351,ｼﾞﾖｳﾎｸｼﾝｷﾝ,028,ｺﾏｺﾞﾒ
1351,ｼﾞﾖｳﾎｸｼﾝｷﾝ,029,ﾆｼﾎﾞﾘ
1351,ｼﾞﾖｳﾎｸｼﾝｷﾝ,030,ｵｵﾐﾔ
1351,ｼﾞﾖｳﾎｸｼﾝｷﾝ,031,ﾔﾊﾗ
1351,ｼﾞﾖｳﾎｸｼﾝｷﾝ,032,ｳｷﾏ
1351,ｼﾞﾖｳﾎｸｼﾝｷﾝ,033,ﾋｶﾞｼﾄﾀﾞ
1351,ｼﾞﾖｳﾎｸｼﾝｷﾝ,034,ﾀﾞｲﾀｸﾎﾞ
1351,ｼﾞﾖｳﾎｸｼﾝｷﾝ,035,ｼﾝﾃﾞﾝ
1351,ｼﾞﾖｳﾎｸｼﾝｷﾝ,039,ﾍｲﾜﾀﾞｲ
1351,ｼﾞﾖｳﾎｸｼﾝｷﾝ,044,ﾋｶﾞｼｶﾜｸﾞﾁ
1351,ｼﾞﾖｳﾎｸｼﾝｷﾝ,045,ｱｶﾂｶ
1351,ｼﾞﾖｳﾎｸｼﾝｷﾝ,049,ﾋﾄﾂﾔ
1351,ｼﾞﾖｳﾎｸｼﾝｷﾝ,053,ｱｶﾊﾞﾈﾆｼｸﾞﾁ
1351,ｼﾞﾖｳﾎｸｼﾝｷﾝ,055,ｷﾀｼﾝｼﾞﾕｸ
1351,ｼﾞﾖｳﾎｸｼﾝｷﾝ,056,ﾄﾖｽ
1351,ｼﾞﾖｳﾎｸｼﾝｷﾝ,111,ﾆﾂﾎﾟﾘﾁﾕｳｵｳ
1351,ｼﾞﾖｳﾎｸｼﾝｷﾝ,112,ｵｸﾞﾁﾕｳｵｳ
1351,ｼﾞﾖｳﾎｸｼﾝｷﾝ,114,ﾄﾞｳｻﾞｶ
1351,ｼﾞﾖｳﾎｸｼﾝｷﾝ,115,ﾌｶｶﾞﾜ
1351,ｼﾞﾖｳﾎｸｼﾝｷﾝ,116,ｶﾂｼｶ
1351,ｼﾞﾖｳﾎｸｼﾝｷﾝ,117,ｽﾐﾀﾞ
1351,ｼﾞﾖｳﾎｸｼﾝｷﾝ,119,ｱﾔｾﾐﾅﾐ
1351,ｼﾞﾖｳﾎｸｼﾝｷﾝ,121,ｶﾐｲﾀﾊﾞｼ
1351,ｼﾞﾖｳﾎｸｼﾝｷﾝ,122,ｶｼﾞﾜﾗ
1351,ｼﾞﾖｳﾎｸｼﾝｷﾝ,123,ﾋｶﾞｼｲｹﾌﾞｸﾛ
1351,ｼﾞﾖｳﾎｸｼﾝｷﾝ,125,ﾐﾔｷﾞ
1351,ｼﾞﾖｳﾎｸｼﾝｷﾝ,127,ﾆﾂﾎﾟﾘｴｷﾏｴ
1351,ｼﾞﾖｳﾎｸｼﾝｷﾝ,201,ﾐﾅﾐｾﾝｼﾞﾕ
1351,ｼﾞﾖｳﾎｸｼﾝｷﾝ,203,ｱﾀﾞﾁ
1351,ｼﾞﾖｳﾎｸｼﾝｷﾝ,204,ﾅｶﾞｻｷ
1351,ｼﾞﾖｳﾎｸｼﾝｷﾝ,205,ﾀｲﾄｳ
1351,ｼﾞﾖｳﾎｸｼﾝｷﾝ,206,ｱｻｸｻﾊﾞｼ
1351,ｼﾞﾖｳﾎｸｼﾝｷﾝ,208,ｼﾗﾄﾘ
1351,ｼﾞﾖｳﾎｸｼﾝｷﾝ,211,ｱﾂﾞﾏﾁﾖｳ
1351,ｼﾞﾖｳﾎｸｼﾝｷﾝ,213,ﾔﾂｶ
1351,ｼﾞﾖｳﾎｸｼﾝｷﾝ,215,ｶﾐｼﾔｸｼﾞｲ
1351,ｼﾞﾖｳﾎｸｼﾝｷﾝ,217,ｶﾝﾀﾞ
1351,ｼﾞﾖｳﾎｸｼﾝｷﾝ,220,ﾋｶﾞｼｿｳｶ
1351,ｼﾞﾖｳﾎｸｼﾝｷﾝ,221,ｵｵｵｶﾔﾏ
1351,ｼﾞﾖｳﾎｸｼﾝｷﾝ,222,ﾐﾉﾘﾀﾞｲ
1351,ｼﾞﾖｳﾎｸｼﾝｷﾝ,223,ﾐﾈﾆｲﾎﾘ
1351,ｼﾞﾖｳﾎｸｼﾝｷﾝ,224,ｿｳｶｼﾝﾃﾞﾝ
1351,ｼﾞﾖｳﾎｸｼﾝｷﾝ,228,ﾖｼｶﾜ
1351,ｼﾞﾖｳﾎｸｼﾝｷﾝ,229,ｺｼｶﾞﾔ
1351,ｼﾞﾖｳﾎｸｼﾝｷﾝ,230,ﾋｶﾞｼｺｼｶﾞﾔ
1351,ｼﾞﾖｳﾎｸｼﾝｷﾝ,232,ﾏﾂﾌﾞｼ
1351,ｼﾞﾖｳﾎｸｼﾝｷﾝ,234,ﾁﾕｳｵｳ
1351,ｼﾞﾖｳﾎｸｼﾝｷﾝ,237,ｾｲﾓﾝﾁﾖｳ
1351,ｼﾞﾖｳﾎｸｼﾝｷﾝ,302,ﾎﾝﾃﾝ
1351,ｼﾞﾖｳﾎｸｼﾝｷﾝ,304,ﾏﾁﾔ
1351,ｼﾞﾖｳﾎｸｼﾝｷﾝ,305,ﾋｶﾞｼｱｻｸｻ
1351,ｼﾞﾖｳﾎｸｼﾝｷﾝ,306,ｳｴﾉ
1351,ｼﾞﾖｳﾎｸｼﾝｷﾝ,307,ﾆﾎﾝﾊﾞｼ
1351,ｼﾞﾖｳﾎｸｼﾝｷﾝ,308,ｵｸﾞｴｷﾏｴ
1351,ｼﾞﾖｳﾎｸｼﾝｷﾝ,309,ｳﾒｼﾞﾏ
1351,ｼﾞﾖｳﾎｸｼﾝｷﾝ,310,ﾎﾘｷﾘ
1351,ｼﾞﾖｳﾎｸｼﾝｷﾝ,311,ｿｳｶ
1351,ｼﾞﾖｳﾎｸｼﾝｷﾝ,312,ﾀｶｻｺﾞ
1351,ｼﾞﾖｳﾎｸｼﾝｷﾝ,313,ﾆｼｱﾗｲﾎﾝﾁﾖｳ
1351,ｼﾞﾖｳﾎｸｼﾝｷﾝ,314,ｱｵﾄ
1351,ｼﾞﾖｳﾎｸｼﾝｷﾝ,318,ﾔｼｵ
1351,ｼﾞﾖｳﾎｸｼﾝｷﾝ,319,ｲﾘﾔﾄﾈﾘ
1351,ｼﾞﾖｳﾎｸｼﾝｷﾝ,327,ｶﾞﾓｳ
1351,ｼﾞﾖｳﾎｸｼﾝｷﾝ,329,ﾊﾅﾊﾀ
1351,ｼﾞﾖｳﾎｸｼﾝｷﾝ,330,ﾐﾅﾐﾔｼｵ
1351,ｼﾞﾖｳﾎｸｼﾝｷﾝ,501,ｼﾌﾞﾔ
1351,ｼﾞﾖｳﾎｸｼﾝｷﾝ,502,ｵﾁﾔﾉﾏ
1352,ﾀｷﾉｶﾞﾜｼﾝｷﾝ,001,ﾎﾝﾃﾝ
1352,ﾀｷﾉｶﾞﾜｼﾝｷﾝ,002,ﾋｶﾞｼｼﾞﾕｳｼﾞﾖｳ
1352,ﾀｷﾉｶﾞﾜｼﾝｷﾝ,003,ﾆｼｶﾞﾊﾗ
1352,ﾀｷﾉｶﾞﾜｼﾝｷﾝ,004,ﾊｸｻﾝ
1352,ﾀｷﾉｶﾞﾜｼﾝｷﾝ,005,ｱｶﾊﾞﾈ
1352,ﾀｷﾉｶﾞﾜｼﾝｷﾝ,006,ﾅｶｲﾀﾊﾞｼ
1352,ﾀｷﾉｶﾞﾜｼﾝｷﾝ,007,ｱﾀﾞﾁ
1352,ﾀｷﾉｶﾞﾜｼﾝｷﾝ,008,ｺﾞﾀﾝﾉ
1352,ﾀｷﾉｶﾞﾜｼﾝｷﾝ,009,ﾜﾗﾋﾞ
1352,ﾀｷﾉｶﾞﾜｼﾝｷﾝ,010,ｳｷﾏ
1352,ﾀｷﾉｶﾞﾜｼﾝｷﾝ,011,ｼﾝｺﾞｳ
1352,ﾀｷﾉｶﾞﾜｼﾝｷﾝ,012,ﾄﾀﾞ
1352,ﾀｷﾉｶﾞﾜｼﾝｷﾝ,013,ﾀｹﾉﾂﾞｶ
1352,ﾀｷﾉｶﾞﾜｼﾝｷﾝ,014,ｶﾐｲﾀﾊﾞｼ
1352,ﾀｷﾉｶﾞﾜｼﾝｷﾝ,015,ﾔﾍｲ
1352,ﾀｷﾉｶﾞﾜｼﾝｷﾝ,017,ｺｳﾎｸ
1352,ﾀｷﾉｶﾞﾜｼﾝｷﾝ,018,ｿｳｶﾐﾅﾐ
1352,ﾀｷﾉｶﾞﾜｼﾝｷﾝ,019,ﾀﾊﾞﾀ
1352,ﾀｷﾉｶﾞﾜｼﾝｷﾝ,020,ｼﾊﾞｲｶﾘ
1352,ﾀｷﾉｶﾞﾜｼﾝｷﾝ,022,ﾎｷﾏ
1352,ﾀｷﾉｶﾞﾜｼﾝｷﾝ,025,ﾊﾁﾏﾝｷﾞ
1352,ﾀｷﾉｶﾞﾜｼﾝｷﾝ,031,ﾄｸﾏﾙ
1352,ﾀｷﾉｶﾞﾜｼﾝｷﾝ,033,ｲﾘﾔﾄﾈﾘ
1356,ｽｶﾞﾓｼﾝｷﾝ,001,ﾎﾝﾃﾝ
1356,ｽｶﾞﾓｼﾝｷﾝ,002,ｵｵﾂｶ
1356,ｽｶﾞﾓｼﾝｷﾝ,003,ｲﾀﾊﾞｼ
1356,ｽｶﾞﾓｼﾝｷﾝ,004,ｲｹﾌﾞｸﾛ
1356,ｽｶﾞﾓｼﾝｷﾝ,005,ｺﾏｺﾞﾒ
1356,ｽｶﾞﾓｼﾝｷﾝ,006,ﾄｷﾜﾀﾞｲ
1356,ｽｶﾞﾓｼﾝｷﾝ,007,ｴｺﾀﾞ
1356,ｽｶﾞﾓｼﾝｷﾝ,008,ｼﾑﾗ
1356,ｽｶﾞﾓｼﾝｷﾝ,009,ﾈﾘﾏ
1356,ｽｶﾞﾓｼﾝｷﾝ,010,ﾄﾀﾞ
1356,ｽｶﾞﾓｼﾝｷﾝ,011,ﾅﾘﾏｽ
1356,ｽｶﾞﾓｼﾝｷﾝ,012,ﾋｶﾞｼｲｹﾌﾞｸﾛ
1356,ｽｶﾞﾓｼﾝｷﾝ,013,ﾀｶﾞﾗ
1356,ｽｶﾞﾓｼﾝｷﾝ,014,ﾆｼﾆﾂﾎﾟﾘ
1356,ｽｶﾞﾓｼﾝｷﾝ,015,ﾜｾﾀﾞ
1356,ｽｶﾞﾓｼﾝｷﾝ,016,ﾄｳﾌﾞﾈﾘﾏ
1356,ｽｶﾞﾓｼﾝｷﾝ,017,ﾆｼｶﾜｸﾞﾁ
1356,ｽｶﾞﾓｼﾝｷﾝ,018,ﾆｼﾄﾀﾞ
1356,ｽｶﾞﾓｼﾝｷﾝ,019,ｻｲﾜｲﾁﾖｳ
1356,ｽｶﾞﾓｼﾝｷﾝ,020,ﾄﾞｼﾀﾞ
1356,ｽｶﾞﾓｼﾝｷﾝ,021,ｼｶﾊﾏ
1356,ｽｶﾞﾓｼﾝｷﾝ,022,ｽｲﾄﾞｳ
1356,ｽｶﾞﾓｼﾝｷﾝ,023,ｲﾀﾊﾞｼｻｶｴﾁﾖｳ
1356,ｽｶﾞﾓｼﾝｷﾝ,024,ｼｲﾅﾏﾁ
1356,ｽｶﾞﾓｼﾝｷﾝ,025,ﾄｳｼﾝﾁﾖｳ
1356,ｽｶﾞﾓｼﾝｷﾝ,026,ｱｻｶﾀﾞｲ
1356,ｽｶﾞﾓｼﾝｷﾝ,027,ﾍｲﾜﾀﾞｲﾊﾔﾐﾔ
1356,ｽｶﾞﾓｼﾝｷﾝ,028,ﾀｶｼﾏﾀﾞｲﾗ
1356,ｽｶﾞﾓｼﾝｷﾝ,029,ｵｳｼﾞ
1356,ｽｶﾞﾓｼﾝｷﾝ,030,ｲｹﾌﾞｸﾛﾎﾝﾁﾖｳ
1356,ｽｶﾞﾓｼﾝｷﾝ,031,ｶｽｶﾞﾁﾖｳ
1356,ｽｶﾞﾓｼﾝｷﾝ,032,ﾅﾝﾍﾟｲ
1356,ｽｶﾞﾓｼﾝｷﾝ,033,ﾅｶﾉ
1356,ｽｶﾞﾓｼﾝｷﾝ,034,ｼﾝﾀｶｼﾏﾀﾞｲﾗ
1356,ｽｶﾞﾓｼﾝｷﾝ,035,ｺﾀｹﾑｶｲﾊﾗ
1356,ｽｶﾞﾓｼﾝｷﾝ,036,ｷﾀｵｵﾂｶ
1356,ｽｶﾞﾓｼﾝｷﾝ,037,ｲﾀﾊﾞｼｴｷﾏｴ
1356,ｽｶﾞﾓｼﾝｷﾝ,038,ﾋｶﾘｶﾞｵｶ
1356,ｽｶﾞﾓｼﾝｷﾝ,040,ﾅｶｱｵｷ
1356,ｽｶﾞﾓｼﾝｷﾝ,042,ﾆｼｳﾗﾜ
1356,ｽｶﾞﾓｼﾝｷﾝ,043,ﾆｲｻﾞ
1356,ｽｶﾞﾓｼﾝｷﾝ,060,ｲﾀﾊﾞｼﾐﾅﾐｴｲｷﾞﾖｳ
1358,ｵｳﾒｼﾝｷﾝ,001,ﾅｶﾁﾖｳ
1358,ｵｳﾒｼﾝｷﾝ,002,ﾎﾝﾃﾝ
1358,ｵｳﾒｼﾝｷﾝ,003,ﾌﾂｻ
1358,ｵｳﾒｼﾝｷﾝ,004,ﾐｽﾞﾎ
1358,ｵｳﾒｼﾝｷﾝ,005,ｵｸﾀﾏ
1358,ｵｳﾒｼﾝｷﾝ,006,ﾋｶﾞｼﾑﾗﾔﾏ
1358,ｵｳﾒｼﾝｷﾝ,007,ﾋｶﾞｼﾔﾏﾄ
1358,ｵｳﾒｼﾝｷﾝ,008,ﾋｶﾞｼｸﾙﾒ
1358,ｵｳﾒｼﾝｷﾝ,009,ﾄｺﾛｻﾞﾜ
1358,ｵｳﾒｼﾝｷﾝ,010,ｲﾙﾏ
1358,ｵｳﾒｼﾝｷﾝ,011,ｻﾔﾏ
1358,ｵｳﾒｼﾝｷﾝ,012,ﾊﾁｵｳｼﾞ
1358,ｵｳﾒｼﾝｷﾝ,013,ｶﾜｺﾞｴ
1358,ｵｳﾒｼﾝｷﾝ,014,ﾄｳｷﾖｳｶｲﾄﾞｳ
1358,ｵｳﾒｼﾝｷﾝ,015,ｱｷｼﾏ
1358,ｵｳﾒｼﾝｷﾝ,016,ｺﾀﾞｲﾗ
1358,ｵｳﾒｼﾝｷﾝ,017,ﾅｶｶﾞﾐ
1358,ｵｳﾒｼﾝｷﾝ,018,ﾀﾏｶﾞﾜｼﾞﾖｳｽｲ
1358,ｵｳﾒｼﾝｷﾝ,019,ﾊﾑﾗ
1358,ｵｳﾒｼﾝｷﾝ,020,ｶﾍﾞ
1358,ｵｳﾒｼﾝｷﾝ,021,ﾏﾂﾅｶ
1358,ｵｳﾒｼﾝｷﾝ,022,ﾑｻｼﾑﾗﾔﾏ
1358,ｵｳﾒｼﾝｷﾝ,023,ﾏｽｺ
1358,ｵｳﾒｼﾝｷﾝ,024,ﾊﾝﾉｳ
1358,ｵｳﾒｼﾝｷﾝ,025,ﾁｶﾞｾ
1358,ｵｳﾒｼﾝｷﾝ,026,ﾆｲｻﾞ
1358,ｵｳﾒｼﾝｷﾝ,027,ﾋｶﾞｼﾄｺﾛｻﾞﾜ
1358,ｵｳﾒｼﾝｷﾝ,028,ｷﾀﾉ
1358,ｵｳﾒｼﾝｷﾝ,029,ｶﾈｺ
1358,ｵｳﾒｼﾝｷﾝ,030,ｱｷｶﾞﾜ
1358,ｵｳﾒｼﾝｷﾝ,031,ｱｷﾂ
1358,ｵｳﾒｼﾝｷﾝ,032,ｵﾝｶﾞﾀ
1358,ｵｳﾒｼﾝｷﾝ,033,ｵｳﾒﾋｶﾞｼ
1358,ｵｳﾒｼﾝｷﾝ,035,ﾊﾁｵｳｼﾞｼﾔｸｼﾖﾏｴ
1358,ｵｳﾒｼﾝｷﾝ,037,ｺｶﾞﾈｲ
1358,ｵｳﾒｼﾝｷﾝ,038,ｱｻｶﾞﾔ
1360,ﾀﾏｼﾝｷﾝ,001,ﾎﾝﾃﾝ
1360,ﾀﾏｼﾝｷﾝ,002,ﾐﾅﾐｸﾞﾁ
1360,ﾀﾏｼﾝｷﾝ,003,ｱｷｼﾏ
1360,ﾀﾏｼﾝｷﾝ,004,ｺｶﾞﾈｲ
1360,ﾀﾏｼﾝｷﾝ,005,ｸﾆﾀﾁ
1360,ﾀﾏｼﾝｷﾝ,006,ﾌﾁﾕｳ
1360,ﾀﾏｼﾝｷﾝ,007,ｺｸﾌﾞﾝｼﾞ
1360,ﾀﾏｼﾝｷﾝ,008,ｺﾀﾞｲﾗ
1360,ﾀﾏｼﾝｷﾝ,009,ﾁﾖｳﾌ
1360,ﾀﾏｼﾝｷﾝ,010,ﾐﾀｶｼﾓﾚﾝｼﾞﾔｸ
1360,ﾀﾏｼﾝｷﾝ,011,ﾋﾉ
1360,ﾀﾏｼﾝｷﾝ,012,ﾋｶﾞｼﾀﾁｶﾜ
1360,ﾀﾏｼﾝｷﾝ,013,ﾊﾁｵｳｼﾞｴｷﾏｴ
1360,ﾀﾏｼﾝｷﾝ,014,ﾅｶｶﾞﾜﾗ
1360,ﾀﾏｼﾝｷﾝ,015,ｾｲｹｲｶﾞｸｴﾝﾏｴ
1360,ﾀﾏｼﾝｷﾝ,016,ﾆｼﾊﾁｵｳｼﾞ
1360,ﾀﾏｼﾝｷﾝ,017,ｱｷｶﾞﾜ
1360,ﾀﾏｼﾝｷﾝ,018,ﾊﾑﾗ
1360,ﾀﾏｼﾝｷﾝ,019,ﾊｲｼﾞﾏ
1360,ﾀﾏｼﾝｷﾝ,020,ｷﾀﾌﾁﾕｳ
1360,ﾀﾏｼﾝｷﾝ,021,ﾑﾗﾔﾏ
1360,ﾀﾏｼﾝｷﾝ,022,ﾆｼｷﾁﾖｳ
1360,ﾀﾏｼﾝｷﾝ,023,ｻｶｴﾁﾖｳ
1360,ﾀﾏｼﾝｷﾝ,024,ｶﾞｸｴﾝﾋｶﾞｼ
1360,ﾀﾏｼﾝｷﾝ,025,ﾀﾁｶﾜﾀ-ﾐﾅﾙﾋﾞﾙ
1360,ﾀﾏｼﾝｷﾝ,026,ｽﾅｶﾞﾜ
1360,ﾀﾏｼﾝｷﾝ,027,ｺﾞｳﾁ
1360,ﾀﾏｼﾝｷﾝ,028,ﾋｶﾞｼﾔﾏﾄ
1360,ﾀﾏｼﾝｷﾝ,029,ﾐﾅﾐﾀﾞｲﾗ
1360,ﾀﾏｼﾝｷﾝ,030,ﾆｼｺｸﾌﾞﾝｼﾞ
1360,ﾀﾏｼﾝｷﾝ,031,ｱｷｼﾏｴｷﾏｴ
1360,ﾀﾏｼﾝｷﾝ,032,ﾑｻｼｻｶｲﾐﾅﾐｸﾞﾁ
1360,ﾀﾏｼﾝｷﾝ,033,ﾌｼﾞﾐﾁﾖｳ
1360,ﾀﾏｼﾝｷﾝ,034,ﾄﾖﾀﾞ
1360,ﾀﾏｼﾝｷﾝ,035,ﾋｶﾞｼﾑﾗﾔﾏ
1360,ﾀﾏｼﾝｷﾝ,036,ﾐｽﾞﾎ
1360,ﾀﾏｼﾝｷﾝ,037,ｳﾂｷ
1360,ﾀﾏｼﾝｷﾝ,038,ﾌﾂｻ
1360,ﾀﾏｼﾝｷﾝ,039,ｺｸﾌﾞﾝｼﾞﾐﾅﾐｸﾞﾁ
1360,ﾀﾏｼﾝｷﾝ,040,ｷﾀﾔﾏ
1360,ﾀﾏｼﾝｷﾝ,041,ﾋﾄﾂﾊﾞｼｶﾞｸｴﾝ
1360,ﾀﾏｼﾝｷﾝ,042,ｹｲｵｳﾊﾁｵｳｼﾞ
1360,ﾀﾏｼﾝｷﾝ,044,ｺｲｶﾞｸﾎﾞ
1360,ﾀﾏｼﾝｷﾝ,045,ｻﾞﾝﾎﾞﾘ
1360,ﾀﾏｼﾝｷﾝ,046,ﾊﾁｵｳｼﾞﾖﾂﾔ
1360,ﾀﾏｼﾝｷﾝ,047,ﾅｶﾉｻﾝﾉｳ
1360,ﾀﾏｼﾝｷﾝ,048,ﾋｶﾞｼﾌﾁﾕｳ
1360,ﾀﾏｼﾝｷﾝ,049,ｱｷﾙﾉ
1360,ﾀﾏｼﾝｷﾝ,050,ﾋｶﾞｼｸﾙﾒ
1360,ﾀﾏｼﾝｷﾝ,052,ｳﾂｷﾀﾞｲ
1360,ﾀﾏｼﾝｷﾝ,053,ﾑｻｼﾉ
1360,ﾀﾏｼﾝｷﾝ,054,ｷﾁｼﾞﾖｳｼﾞ
1360,ﾀﾏｼﾝｷﾝ,055,ｻｶｲ
1360,ﾀﾏｼﾝｷﾝ,056,ﾐﾀｶｴｷﾏｴ
1360,ﾀﾏｼﾝｷﾝ,057,ﾁﾖｳﾌｷﾀｸﾞﾁ
1360,ﾀﾏｼﾝｷﾝ,058,ﾀﾅｼ
1360,ﾀﾏｼﾝｷﾝ,059,ﾊﾅｺｶﾞﾈｲ
1360,ﾀﾏｼﾝｷﾝ,060,ﾋﾊﾞﾘｶﾞｵｶ
1360,ﾀﾏｼﾝｷﾝ,061,ｻｲﾜｲﾁﾖｳ
1360,ﾀﾏｼﾝｷﾝ,062,ｱｷﾂ
1360,ﾀﾏｼﾝｷﾝ,063,ﾊﾁｵｳｼﾞﾁﾕｳｵｳ
1360,ﾀﾏｼﾝｷﾝ,064,ﾔｷﾞﾁﾖｳ
1360,ﾀﾏｼﾝｷﾝ,065,ﾀｶｵ
1360,ﾀﾏｼﾝｷﾝ,066,ﾄﾖﾀﾞｷﾀｸﾞﾁ
1360,ﾀﾏｼﾝｷﾝ,067,ｻｸﾗｶﾞｵｶ
1360,ﾀﾏｼﾝｷﾝ,068,ｻｶﾞﾐﾊﾗ
1360,ﾀﾏｼﾝｷﾝ,069,ﾅｶﾉ
1360,ﾀﾏｼﾝｷﾝ,070,ｵｵﾜﾀﾞ
1360,ﾀﾏｼﾝｷﾝ,071,ｶﾀｸﾗ
1360,ﾀﾏｼﾝｷﾝ,072,ﾒｼﾞﾛﾀﾞｲ
1360,ﾀﾏｼﾝｷﾝ,073,ﾋﾗﾔﾏ
1360,ﾀﾏｼﾝｷﾝ,074,ﾀｶｸﾗ
1360,ﾀﾏｼﾝｷﾝ,075,ﾀｶﾊﾀﾌﾄﾞｳ
1360,ﾀﾏｼﾝｷﾝ,076,ｵﾝｶﾞﾀ
1360,ﾀﾏｼﾝｷﾝ,077,ﾅｶﾞﾔﾏ
1360,ﾀﾏｼﾝｷﾝ,078,ｻﾝﾀﾞ
1360,ﾀﾏｼﾝｷﾝ,081,ｺｶﾞﾈｲﾐﾅﾐｸﾞﾁ
1360,ﾀﾏｼﾝｷﾝ,082,ﾀﾏｾﾝﾀ-
1360,ﾀﾏｼﾝｷﾝ,083,ｲﾅｷﾞﾔﾉｸﾁ
1360,ﾀﾏｼﾝｷﾝ,084,ﾊｼﾓﾄ
1360,ﾀﾏｼﾝｷﾝ,085,ﾏﾁﾀﾞ
1360,ﾀﾏｼﾝｷﾝ,086,ﾔﾍﾞ
1370,ﾆｲｶﾞﾀｼﾝｷﾝ,002,ﾎﾝﾃﾝ
1370,ﾆｲｶﾞﾀｼﾝｷﾝ,003,ﾔﾏﾉｼﾀ
1370,ﾆｲｶﾞﾀｼﾝｷﾝ,004,ﾇﾂﾀﾘ
1370,ﾆｲｶﾞﾀｼﾝｷﾝ,005,ﾖｺﾓﾝｾﾞﾝ
1370,ﾆｲｶﾞﾀｼﾝｷﾝ,006,ｾｷﾔ
1370,ﾆｲｶﾞﾀｼﾝｷﾝ,007,ｵｵｶﾞﾀ
1370,ﾆｲｶﾞﾀｼﾝｷﾝ,008,ｼﾛﾈ
1370,ﾆｲｶﾞﾀｼﾝｷﾝ,009,ｵｵﾉ
1370,ﾆｲｶﾞﾀｼﾝｷﾝ,010,ﾖﾈﾔﾏ
1370,ﾆｲｶﾞﾀｼﾝｷﾝ,011,ﾅｶﾔﾏ
1370,ﾆｲｶﾞﾀｼﾝｷﾝ,012,ｱｵﾔﾏ
1370,ﾆｲｶﾞﾀｼﾝｷﾝ,013,ﾄﾔﾉ
1370,ﾆｲｶﾞﾀｼﾝｷﾝ,014,ﾏﾂﾊﾏ
1370,ﾆｲｶﾞﾀｼﾝｷﾝ,015,ﾆｲｶﾞﾀﾆｼ
1370,ﾆｲｶﾞﾀｼﾝｷﾝ,016,ﾃﾞｷｼﾞﾏ
1370,ﾆｲｶﾞﾀｼﾝｷﾝ,017,ｳﾊﾞｶﾞﾔﾏ
1370,ﾆｲｶﾞﾀｼﾝｷﾝ,018,ｲｼﾔﾏ
1370,ﾆｲｶﾞﾀｼﾝｷﾝ,019,ｶﾒﾀﾞ
1370,ﾆｲｶﾞﾀｼﾝｷﾝ,022,ﾓﾉﾐﾔﾏ
1370,ﾆｲｶﾞﾀｼﾝｷﾝ,023,ﾃﾗｼﾞ
1370,ﾆｲｶﾞﾀｼﾝｷﾝ,024,ﾅｶﾞﾀ
1371,ﾅｶﾞｵｶｼﾝｷﾝ,001,ﾎﾝﾃﾝ
1371,ﾅｶﾞｵｶｼﾝｷﾝ,002,ｾﾝｼﾞﾕ
1371,ﾅｶﾞｵｶｼﾝｷﾝ,003,ﾀﾞｲﾏﾁ
1371,ﾅｶﾞｵｶｼﾝｷﾝ,004,ｱﾗﾏﾁ
1371,ﾅｶﾞｵｶｼﾝｷﾝ,005,ｵｵｼﾞﾏ
1371,ﾅｶﾞｵｶｼﾝｷﾝ,006,ﾑｲｶﾏﾁ
1371,ﾅｶﾞｵｶｼﾝｷﾝ,007,ｶﾜｻｷ
1371,ﾅｶﾞｵｶｼﾝｷﾝ,008,ﾐﾔｳﾁ
1371,ﾅｶﾞｵｶｼﾝｷﾝ,009,ﾅｶｼﾞﾏ
1371,ﾅｶﾞｵｶｼﾝｷﾝ,010,ﾄﾞｱｲ
1371,ﾅｶﾞｵｶｼﾝｷﾝ,011,ﾄﾁｵ
1371,ﾅｶﾞｵｶｼﾝｷﾝ,013,ﾐﾂｹ
1371,ﾅｶﾞｵｶｼﾝｷﾝ,014,ﾐｿﾉ
1371,ﾅｶﾞｵｶｼﾝｷﾝ,015,ｺｳﾖｳ
1371,ﾅｶﾞｵｶｼﾝｷﾝ,016,ﾀｶﾗ
1371,ﾅｶﾞｵｶｼﾝｷﾝ,017,ｵﾁﾞﾔ
1373,ｻﾝｼﾞﾖｳｼﾝｷﾝ,001,ﾁﾕｳｵｳ
1373,ｻﾝｼﾞﾖｳｼﾝｷﾝ,002,ｲﾁﾉｷﾄﾞ
1373,ｻﾝｼﾞﾖｳｼﾝｷﾝ,003,ﾖﾂｶﾏﾁ
1373,ｻﾝｼﾞﾖｳｼﾝｷﾝ,004,ｺｼﾞﾖｳﾏﾁ
1373,ｻﾝｼﾞﾖｳｼﾝｷﾝ,005,ﾂﾊﾞﾒ
1373,ｻﾝｼﾞﾖｳｼﾝｷﾝ,006,ﾆｲｶﾞﾀ
1373,ｻﾝｼﾞﾖｳｼﾝｷﾝ,007,ﾋｶﾞｼ
1373,ｻﾝｼﾞﾖｳｼﾝｷﾝ,008,ｼﾏﾀﾞ
1373,ｻﾝｼﾞﾖｳｼﾝｷﾝ,010,ｺﾊﾞﾘ
1373,ｻﾝｼﾞﾖｳｼﾝｷﾝ,011,ﾂﾊﾞﾒﾆｼ
1373,ｻﾝｼﾞﾖｳｼﾝｷﾝ,012,ｵｵｻｷ
1373,ｻﾝｼﾞﾖｳｼﾝｷﾝ,013,ﾖｼﾀﾞ
1373,ｻﾝｼﾞﾖｳｼﾝｷﾝ,014,ﾎﾝﾃﾝ
1373,ｻﾝｼﾞﾖｳｼﾝｷﾝ,015,ﾂｶﾉﾒ
1373,ｻﾝｼﾞﾖｳｼﾝｷﾝ,016,ｻｶｴ
1373,ｻﾝｼﾞﾖｳｼﾝｷﾝ,018,ﾂﾊﾞﾒｻﾝｼﾞﾖｳ
1373,ｻﾝｼﾞﾖｳｼﾝｷﾝ,019,ｼﾀﾀﾞ
1373,ｻﾝｼﾞﾖｳｼﾝｷﾝ,020,ｼﾞﾖｳﾅﾝ
1373,ｻﾝｼﾞﾖｳｼﾝｷﾝ,021,ﾏｷ
1373,ｻﾝｼﾞﾖｳｼﾝｷﾝ,022,ｶﾓ
1373,ｻﾝｼﾞﾖｳｼﾝｷﾝ,023,ﾐﾂｹ
1373,ｻﾝｼﾞﾖｳｼﾝｷﾝ,024,ﾌﾞﾝｽｲ
1373,ｻﾝｼﾞﾖｳｼﾝｷﾝ,025,ﾎﾅｲ
1373,ｻﾝｼﾞﾖｳｼﾝｷﾝ,026,ｼﾛﾈ
1373,ｻﾝｼﾞﾖｳｼﾝｷﾝ,027,ﾂｷｵｶ
1373,ｻﾝｼﾞﾖｳｼﾝｷﾝ,028,ﾎﾝｼﾞﾖｳｼﾞ
1374,ｼﾊﾞﾀｼﾝｷﾝ,001,ﾎﾝﾃﾝ
1374,ｼﾊﾞﾀｼﾝｷﾝ,002,ﾄﾖｻｶ
1374,ｼﾊﾞﾀｼﾝｷﾝ,003,ﾔﾏﾉｼﾀ
1374,ｼﾊﾞﾀｼﾝｷﾝ,005,ｼｳﾝｼﾞ
1374,ｼﾊﾞﾀｼﾝｷﾝ,006,ﾐﾄﾞﾘﾁﾖｳ
1374,ｼﾊﾞﾀｼﾝｷﾝ,007,ﾆｼ
1374,ｼﾊﾞﾀｼﾝｷﾝ,008,ﾄﾖｻｶｷﾀ
1374,ｼﾊﾞﾀｼﾝｷﾝ,009,ｶｼﾞ
1375,ｶｼﾜｻﾞｷｼﾝｷﾝ,001,ﾎﾝﾃﾝ
1375,ｶｼﾜｻﾞｷｼﾝｷﾝ,002,ｽﾜﾁﾖｳ
1375,ｶｼﾜｻﾞｷｼﾝｷﾝ,003,ﾖﾂﾔ
1375,ｶｼﾜｻﾞｷｼﾝｷﾝ,004,ｲｽﾞﾓｻﾞｷ
1375,ｶｼﾜｻﾞｷｼﾝｷﾝ,005,ﾐﾅﾐ
1375,ｶｼﾜｻﾞｷｼﾝｷﾝ,006,ﾊﾝﾀﾞ
1375,ｶｼﾜｻﾞｷｼﾝｷﾝ,007,ﾋｶﾞｼ
1376,ｼﾞﾖｳｴﾂｼﾝｷﾝ,001,ﾎﾝﾃﾝ
1376,ｼﾞﾖｳｴﾂｼﾝｷﾝ,003,ｶｷｻﾞｷ
1376,ｼﾞﾖｳｴﾂｼﾝｷﾝ,004,ｵｵｶﾞﾀ
1376,ｼﾞﾖｳｴﾂｼﾝｷﾝ,005,ﾊﾚﾏﾁ
1376,ｼﾞﾖｳｴﾂｼﾝｷﾝ,006,ﾅﾀﾞﾁ
1376,ｼﾞﾖｳｴﾂｼﾝｷﾝ,007,ｳﾗｶﾞﾜﾗ
1376,ｼﾞﾖｳｴﾂｼﾝｷﾝ,008,ｱﾘﾀ
1376,ｼﾞﾖｳｴﾂｼﾝｷﾝ,009,ｺﾞﾁ
1376,ｼﾞﾖｳｴﾂｼﾝｷﾝ,010,ﾉｳ
1376,ｼﾞﾖｳｴﾂｼﾝｷﾝ,011,ｼﾖｳﾜﾏﾁ
1376,ｼﾞﾖｳｴﾂｼﾝｷﾝ,014,ﾀｶﾀﾞﾁﾕｳｵｳ
1376,ｼﾞﾖｳｴﾂｼﾝｷﾝ,015,ｲﾅﾀﾞ
1376,ｼﾞﾖｳｴﾂｼﾝｷﾝ,017,ﾐﾅﾐ
1376,ｼﾞﾖｳｴﾂｼﾝｷﾝ,021,ﾀﾞｲｶﾞｸﾏｴ
1377,ｱﾗｲｼﾝｷﾝ,001,ﾎﾝﾃﾝ
1377,ｱﾗｲｼﾝｷﾝ,002,ﾀｸﾞﾁ
1377,ｱﾗｲｼﾝｷﾝ,003,ｱｶｸﾗ
1377,ｱﾗｲｼﾝｷﾝ,004,ｸﾛﾋﾒ
1377,ｱﾗｲｼﾝｷﾝ,005,ｲﾄｲｶﾞﾜ
1377,ｱﾗｲｼﾝｷﾝ,006,ﾜｷﾉﾀﾞ
1377,ｱﾗｲｼﾝｷﾝ,007,ﾅｶｺﾞｳ
1377,ｱﾗｲｼﾝｷﾝ,008,ﾐﾅﾐ
1377,ｱﾗｲｼﾝｷﾝ,009,ｾｷﾔﾏ
1377,ｱﾗｲｼﾝｷﾝ,010,ｲﾀｸﾗ
1377,ｱﾗｲｼﾝｷﾝ,011,ｷﾀ
1377,ｱﾗｲｼﾝｷﾝ,012,ｻﾝﾜ
1379,ﾑﾗｶﾐｼﾝｷﾝ,001,ﾎﾝﾃﾝ
1379,ﾑﾗｶﾐｼﾝｷﾝ,002,ｲﾜﾌﾈ
1379,ﾑﾗｶﾐｼﾝｷﾝ,003,ｾｷｶﾜ
1379,ﾑﾗｶﾐｼﾝｷﾝ,004,ﾌﾔ
1379,ﾑﾗｶﾐｼﾝｷﾝ,005,ｴｷﾏｴ
1379,ﾑﾗｶﾐｼﾝｷﾝ,006,ｱﾗｶﾜ
1379,ﾑﾗｶﾐｼﾝｷﾝ,007,ﾋｶﾞｼ
1380,ｶﾓｼﾝｷﾝ,001,ﾎﾝﾃﾝ
1380,ｶﾓｼﾝｷﾝ,002,ｺﾞｾﾝ
1380,ｶﾓｼﾝｷﾝ,003,ﾑﾗﾏﾂ
1380,ｶﾓｼﾝｷﾝ,004,ﾆｲﾂ
1380,ｶﾓｼﾝｷﾝ,005,ﾆｼｶﾓ
1380,ｶﾓｼﾝｷﾝ,006,ﾀｶﾞﾐ
1380,ｶﾓｼﾝｷﾝ,009,ｼﾛﾈ
1385,ｺｳﾌｼﾝｷﾝ,011,ﾎﾝﾃﾝ
1385,ｺｳﾌｼﾝｷﾝ,013,ﾕﾑﾗ
1385,ｺｳﾌｼﾝｷﾝ,014,ﾐﾄﾞﾘﾏﾁ
1385,ｺｳﾌｼﾝｷﾝ,016,ﾐﾅﾐ
1385,ｺｳﾌｼﾝｷﾝ,017,ｺｸﾎﾞ
1385,ｺｳﾌｼﾝｷﾝ,018,ﾆｼ
1385,ｺｳﾌｼﾝｷﾝ,019,ﾋｶﾞｼ
1385,ｺｳﾌｼﾝｷﾝ,022,ｱｻｹ
1385,ｺｳﾌｼﾝｷﾝ,023,ｵｵｻﾄ
1385,ｺｳﾌｼﾝｷﾝ,031,ｴﾝｻﾞﾝ
1385,ｺｳﾌｼﾝｷﾝ,041,ｶﾉｳｲﾜ
1385,ｺｳﾌｼﾝｷﾝ,051,ﾆﾗｻｷ
1385,ｺｳﾌｼﾝｷﾝ,061,ﾅｶﾞｻｶ
1385,ｺｳﾌｼﾝｷﾝ,070,ｼﾖｳﾜ
1385,ｺｳﾌｼﾝｷﾝ,071,ﾀﾄﾐ
1385,ｺｳﾌｼﾝｷﾝ,073,ｶｲ
1385,ｺｳﾌｼﾝｷﾝ,075,ﾘﾕｳｵｳﾐﾅﾐ
1385,ｺｳﾌｼﾝｷﾝ,076,ｸｼｶﾞﾀ
1385,ｺｳﾌｼﾝｷﾝ,077,ﾀﾏﾎ
1385,ｺｳﾌｼﾝｷﾝ,079,ｼﾗﾈ
1385,ｺｳﾌｼﾝｷﾝ,082,ｲｻﾜ
1386,ﾔﾏﾅｼｼﾝｷﾝ,021,ﾎﾝﾃﾝ
1386,ﾔﾏﾅｼｼﾝｷﾝ,024,ﾐﾅﾐ
1386,ﾔﾏﾅｼｼﾝｷﾝ,025,ｾﾞﾝｺｳｼﾞ
1386,ﾔﾏﾅｼｼﾝｷﾝ,026,ｵｶﾞｻﾊﾗ
1386,ﾔﾏﾅｼｼﾝｷﾝ,027,ｲｻﾜ
1386,ﾔﾏﾅｼｼﾝｷﾝ,028,ｲﾁｶﾜ
1386,ﾔﾏﾅｼｼﾝｷﾝ,029,ﾄｸｷﾞﾖｳ
1386,ﾔﾏﾅｼｼﾝｷﾝ,030,ｼﾖｳﾜ
1386,ﾔﾏﾅｼｼﾝｷﾝ,031,ｲｹﾀﾞ
1386,ﾔﾏﾅｼｼﾝｷﾝ,033,ﾏｽﾎ
1386,ﾔﾏﾅｼｼﾝｷﾝ,034,ｴﾝｻﾞﾝ
1386,ﾔﾏﾅｼｼﾝｷﾝ,035,ﾅﾝｾｲ
1386,ﾔﾏﾅｼｼﾝｷﾝ,036,ﾔﾏﾅｼ
1386,ﾔﾏﾅｼｼﾝｷﾝ,038,ﾆﾗｻｷ
1386,ﾔﾏﾅｼｼﾝｷﾝ,039,ｼｷｼﾏ
1386,ﾔﾏﾅｼｼﾝｷﾝ,040,ﾀﾏﾊﾀ
1386,ﾔﾏﾅｼｼﾝｷﾝ,042,ｺｸﾎﾞ
1386,ﾔﾏﾅｼｼﾝｷﾝ,044,ｲｻﾜﾐﾅﾐ
1386,ﾔﾏﾅｼｼﾝｷﾝ,045,ﾕﾑﾗ
1386,ﾔﾏﾅｼｼﾝｷﾝ,048,ﾀﾄﾐ
1386,ﾔﾏﾅｼｼﾝｷﾝ,202,ｵｵﾂｷ
1386,ﾔﾏﾅｼｼﾝｷﾝ,203,ｻﾙﾊｼ
1386,ﾔﾏﾅｼｼﾝｷﾝ,205,ｳｴﾉﾊﾗ
1386,ﾔﾏﾅｼｼﾝｷﾝ,206,ﾔﾑﾗ
1386,ﾔﾏﾅｼｼﾝｷﾝ,207,ﾌｼﾞﾖｼﾀﾞ
1386,ﾔﾏﾅｼｼﾝｷﾝ,208,ｶﾜｸﾞﾁｺ
1386,ﾔﾏﾅｼｼﾝｷﾝ,209,ｻｶﾞﾐｺ
1386,ﾔﾏﾅｼｼﾝｷﾝ,210,ﾂｸｲ
1386,ﾔﾏﾅｼｼﾝｷﾝ,215,ﾊｼﾓﾄ
1386,ﾔﾏﾅｼｼﾝｷﾝ,219,ｻｶﾞﾐﾊﾗﾁﾕｳｵｳ
1386,ﾔﾏﾅｼｼﾝｷﾝ,220,ﾏﾂﾔﾏ
1386,ﾔﾏﾅｼｼﾝｷﾝ,222,ｼﾛﾔﾏ
1386,ﾔﾏﾅｼｼﾝｷﾝ,223,ﾌｼﾞﾉ
1390,ﾅｶﾞﾉｼﾝｷﾝ,001,ﾀﾞｲﾓﾝﾁﾖｳ
1390,ﾅｶﾞﾉｼﾝｷﾝ,002,ﾅｶﾉ
1390,ﾅｶﾞﾉｼﾝｷﾝ,003,ｲｼﾄﾞｳ
1390,ﾅｶﾞﾉｼﾝｷﾝ,004,ｻｸﾗｴﾁﾖｳ
1390,ﾅｶﾞﾉｼﾝｷﾝ,005,ﾖｼﾀﾞ
1390,ﾅｶﾞﾉｼﾝｷﾝ,006,ｺﾞﾝﾄﾞｳ
1390,ﾅｶﾞﾉｼﾝｷﾝ,007,ﾅﾅｾ
1390,ﾅｶﾞﾉｼﾝｷﾝ,008,ｾﾞﾝｺｳｼﾞｼﾀ
1390,ﾅｶﾞﾉｼﾝｷﾝ,009,ｽｻﾞｶ
1390,ﾅｶﾞﾉｼﾝｷﾝ,010,ｵﾌﾞｾ
1390,ﾅｶﾞﾉｼﾝｷﾝ,011,ｼﾉﾉｲ
1390,ﾅｶﾞﾉｼﾝｷﾝ,012,ｶﾐﾔﾏﾀﾞ
1390,ﾅｶﾞﾉｼﾝｷﾝ,013,ｲﾅﾘﾔﾏ
1390,ﾅｶﾞﾉｼﾝｷﾝ,014,ﾔｼﾛ
1390,ﾅｶﾞﾉｼﾝｷﾝ,015,ﾏﾂｼﾛ
1390,ﾅｶﾞﾉｼﾝｷﾝ,016,ﾄﾖﾉ
1390,ﾅｶﾞﾉｼﾝｷﾝ,017,ﾔﾏﾉｳﾁ
1390,ﾅｶﾞﾉｼﾝｷﾝ,018,ｲｲﾔﾏ
1390,ﾅｶﾞﾉｼﾝｷﾝ,019,ﾐﾅﾐ
1390,ﾅｶﾞﾉｼﾝｷﾝ,020,ｼﾞﾖｳﾎｸ
1390,ﾅｶﾞﾉｼﾝｷﾝ,021,ｺｳﾎｸ
1390,ﾅｶﾞﾉｼﾝｷﾝ,022,ﾋｶﾞｼﾅｶﾞﾉ
1390,ﾅｶﾞﾉｼﾝｷﾝ,023,ｲｾﾐﾔ
1390,ﾅｶﾞﾉｼﾝｷﾝ,024,ｲｲﾂﾞﾅ
1390,ﾅｶﾞﾉｼﾝｷﾝ,025,ﾜｶﾎ
1390,ﾅｶﾞﾉｼﾝｷﾝ,027,ｶﾜﾅｶｼﾞﾏ
1390,ﾅｶﾞﾉｼﾝｷﾝ,028,ﾏﾒｼﾞﾏ
1390,ﾅｶﾞﾉｼﾝｷﾝ,029,ｽﾐｻｶ
1390,ﾅｶﾞﾉｼﾝｷﾝ,030,ｾﾝﾘﾕｳ
1390,ﾅｶﾞﾉｼﾝｷﾝ,031,ﾜｶﾂｷ
1390,ﾅｶﾞﾉｼﾝｷﾝ,032,ﾄｸﾞﾗ
1390,ﾅｶﾞﾉｼﾝｷﾝ,033,ﾔﾅｷﾞﾊﾗ
1390,ﾅｶﾞﾉｼﾝｷﾝ,034,ｻｶｷ
1390,ﾅｶﾞﾉｼﾝｷﾝ,036,ﾌﾙｻﾄ
1390,ﾅｶﾞﾉｼﾝｷﾝ,039,ｶﾜﾅｶｼﾞﾏｴｷﾏｴ
1390,ﾅｶﾞﾉｼﾝｷﾝ,040,ﾅｶﾞｲｹ
1390,ﾅｶﾞﾉｼﾝｷﾝ,041,ﾀｲｼﾏﾁ
1390,ﾅｶﾞﾉｼﾝｷﾝ,088,ﾎﾝﾃﾝ
1391,ﾏﾂﾓﾄｼﾝｷﾝ,001,ﾎﾝﾃﾝ
1391,ﾏﾂﾓﾄｼﾝｷﾝ,002,ﾎﾝﾏﾁ
1391,ﾏﾂﾓﾄｼﾝｷﾝ,003,ｱｻﾏｵﾝｾﾝ
1391,ﾏﾂﾓﾄｼﾝｷﾝ,004,ﾆｼ
1391,ﾏﾂﾓﾄｼﾝｷﾝ,005,ｲｹﾀﾞ
1391,ﾏﾂﾓﾄｼﾝｷﾝ,006,ﾅｶﾏﾁ
1391,ﾏﾂﾓﾄｼﾝｷﾝ,007,ﾎﾀｶ
1391,ﾏﾂﾓﾄｼﾝｷﾝ,008,ｵｵﾏﾁ
1391,ﾏﾂﾓﾄｼﾝｷﾝ,009,ｼｵｼﾞﾘ
1391,ﾏﾂﾓﾄｼﾝｷﾝ,010,ｱｶｼﾅ
1391,ﾏﾂﾓﾄｼﾝｷﾝ,011,ﾊﾀ
1391,ﾏﾂﾓﾄｼﾝｷﾝ,012,ｷｿﾌｸｼﾏ
1391,ﾏﾂﾓﾄｼﾝｷﾝ,013,ﾐﾅﾐ
1391,ﾏﾂﾓﾄｼﾝｷﾝ,014,ﾑﾗｲ
1391,ﾏﾂﾓﾄｼﾝｷﾝ,015,ｱｽﾞｻﾊﾞｼ
1391,ﾏﾂﾓﾄｼﾝｷﾝ,016,ｷﾀ
1391,ﾏﾂﾓﾄｼﾝｷﾝ,017,ﾊｸﾊﾞ
1391,ﾏﾂﾓﾄｼﾝｷﾝ,018,ﾁｸﾎｸ
1391,ﾏﾂﾓﾄｼﾝｷﾝ,019,ﾌﾀｺﾞ
1391,ﾏﾂﾓﾄｼﾝｷﾝ,020,ｼﾏｳﾁ
1391,ﾏﾂﾓﾄｼﾝｷﾝ,021,ﾋﾛｵｶ
1391,ﾏﾂﾓﾄｼﾝｷﾝ,022,ｼﾐｽﾞ
1391,ﾏﾂﾓﾄｼﾝｷﾝ,023,ﾂｶﾏ
1391,ﾏﾂﾓﾄｼﾝｷﾝ,025,ﾏﾂｶﾜ
1391,ﾏﾂﾓﾄｼﾝｷﾝ,026,ﾄﾖｼﾅ
1391,ﾏﾂﾓﾄｼﾝｷﾝ,027,ﾔﾏｶﾞﾀ
1391,ﾏﾂﾓﾄｼﾝｷﾝ,028,ｱｽﾞｻｶﾞﾜ
1392,ｳｴﾀﾞｼﾝｷﾝ,001,ﾎﾝﾃﾝ
1392,ｳｴﾀﾞｼﾝｷﾝ,002,ｴｷﾏｴ
1392,ｳｴﾀﾞｼﾝｷﾝ,003,ｶﾜﾗﾔﾅｷﾞ
1392,ｳｴﾀﾞｼﾝｷﾝ,004,ｵｵﾔ
1392,ｳｴﾀﾞｼﾝｷﾝ,005,ﾏﾙｺ
1392,ｳｴﾀﾞｼﾝｷﾝ,006,ﾄｷﾜｷﾞ
1392,ｳｴﾀﾞｼﾝｷﾝ,007,ﾄｷﾀﾞ
1392,ｳｴﾀﾞｼﾝｷﾝ,008,ｼｵﾀﾞ
1392,ｳｴﾀﾞｼﾝｷﾝ,009,ﾄｳﾐ
1392,ｳｴﾀﾞｼﾝｷﾝ,010,ｶﾐｼﾅ
1392,ｳｴﾀﾞｼﾝｷﾝ,011,ｼﾞﾖｳﾅﾝ
1392,ｳｴﾀﾞｼﾝｷﾝ,012,ｻﾅﾀﾞ
1392,ｳｴﾀﾞｼﾝｷﾝ,013,ｶﾜﾆｼ
1392,ｳｴﾀﾞｼﾝｷﾝ,014,ﾖﾀﾞｸﾎﾞ
1392,ｳｴﾀﾞｼﾝｷﾝ,015,ﾊﾗﾏﾁ
1392,ｳｴﾀﾞｼﾝｷﾝ,051,ｺﾓﾛ
1392,ｳｴﾀﾞｼﾝｷﾝ,052,ｲﾜﾑﾗﾀﾞ
1392,ｳｴﾀﾞｼﾝｷﾝ,053,ﾉｻﾞﾜ
1392,ｳｴﾀﾞｼﾝｷﾝ,054,ﾐﾖﾀ
1392,ｳｴﾀﾞｼﾝｷﾝ,055,ﾅｶｺﾞﾐﾊﾗ
1392,ｳｴﾀﾞｼﾝｷﾝ,056,ｶﾙｲｻﾞﾜ
1392,ｳｴﾀﾞｼﾝｷﾝ,057,ｳｽﾀﾞ
1392,ｳｴﾀﾞｼﾝｷﾝ,058,ﾜﾀﾞﾓﾘ
1393,ｽﾜｼﾝｷﾝ,001,ﾎﾝﾃﾝ
1393,ｽﾜｼﾝｷﾝ,002,ｶﾜｷﾞｼ
1393,ｽﾜｼﾝｷﾝ,003,ｼﾓｽﾜ
1393,ｽﾜｼﾝｷﾝ,004,ｶﾐｽﾜ
1393,ｽﾜｼﾝｷﾝ,005,ﾁﾉ
1393,ｽﾜｼﾝｷﾝ,006,ﾌｼﾞﾐ
1393,ｽﾜｼﾝｷﾝ,007,ｵｻﾁ
1393,ｽﾜｼﾝｷﾝ,008,ﾛｸﾄﾊﾞｼ
1393,ｽﾜｼﾝｷﾝ,009,ｺﾊﾏ
1393,ｽﾜｼﾝｷﾝ,010,ﾁﾉﾎﾝﾏﾁ
1393,ｽﾜｼﾝｷﾝ,011,ｲﾏｲ
1393,ｽﾜｼﾝｷﾝ,012,ｼﾐｽﾞﾏﾁ
1393,ｽﾜｼﾝｷﾝ,013,ﾊﾗ
1393,ｽﾜｼﾝｷﾝ,014,ﾀﾅｶﾁﾖｳ
1393,ｽﾜｼﾝｷﾝ,015,ﾐﾔｶﾞﾜ
1393,ｽﾜｼﾝｷﾝ,016,ﾐﾀﾏﾁ
1393,ｽﾜｼﾝｷﾝ,017,ｲｲｼﾞﾏ
1393,ｽﾜｼﾝｷﾝ,018,ｺｶﾞﾝﾄﾞｵﾘ
1393,ｽﾜｼﾝｷﾝ,019,ｷﾀﾔﾏ
1393,ｽﾜｼﾝｷﾝ,020,ﾄﾞｳｶﾞｶﾝﾄﾞｵﾘ
1393,ｽﾜｼﾝｷﾝ,022,ﾌｼﾞﾐﾋｶﾞｼ
1394,ｲｲﾀﾞｼﾝｷﾝ,001,ﾎﾝﾃﾝ
1394,ｲｲﾀﾞｼﾝｷﾝ,002,ｶﾅｴ
1394,ｲｲﾀﾞｼﾝｷﾝ,003,ﾆｼ
1394,ｲｲﾀﾞｼﾝｷﾝ,004,ﾀｶｷﾞ
1394,ｲｲﾀﾞｼﾝｷﾝ,005,ｱﾅﾝ
1394,ｲｲﾀﾞｼﾝｷﾝ,006,ｷﾖｳﾎｸ
1394,ｲｲﾀﾞｼﾝｷﾝ,007,ｺﾏﾊﾞ
1394,ｲｲﾀﾞｼﾝｷﾝ,008,ｲｶﾞﾗ
1394,ｲｲﾀﾞｼﾝｷﾝ,009,ﾆｲﾉ
1394,ｲｲﾀﾞｼﾝｷﾝ,010,ｵｵｼﾞﾏ
1394,ｲｲﾀﾞｼﾝｷﾝ,011,ﾄｷﾏﾀ
1394,ｲｲﾀﾞｼﾝｷﾝ,012,ﾃﾝﾘﾕｳ
1394,ｲｲﾀﾞｼﾝｷﾝ,013,ﾀｶﾓﾘ
1394,ｲｲﾀﾞｼﾝｷﾝ,014,ｶﾐｻﾄ
1394,ｲｲﾀﾞｼﾝｷﾝ,015,ｶﾐｲｲﾀﾞ
1394,ｲｲﾀﾞｼﾝｷﾝ,016,ｼﾞﾖｳﾄｳ
1394,ｲｲﾀﾞｼﾝｷﾝ,017,ﾐﾅﾐｼﾅﾉ
1394,ｲｲﾀﾞｼﾝｷﾝ,018,ﾏﾂｵ
1394,ｲｲﾀﾞｼﾝｷﾝ,019,ﾔﾏﾓﾄ
1394,ｲｲﾀﾞｼﾝｷﾝ,020,ｷﾘﾊﾞﾔｼ
1394,ｲｲﾀﾞｼﾝｷﾝ,021,ｷﾘｲｼ
1394,ｲｲﾀﾞｼﾝｷﾝ,022,ﾄﾖｵｶ
1394,ｲｲﾀﾞｼﾝｷﾝ,024,ﾅｺﾞｸﾏ
1396,ｱﾙﾌﾟｽﾁﾕｳｵｳｼﾝｷﾝ,001,ｱｶﾎ
1396,ｱﾙﾌﾟｽﾁﾕｳｵｳｼﾝｷﾝ,002,ﾐﾔﾀﾞ
1396,ｱﾙﾌﾟｽﾁﾕｳｵｳｼﾝｷﾝ,003,ｲｲｼﾞﾏ
1396,ｱﾙﾌﾟｽﾁﾕｳｵｳｼﾝｷﾝ,004,ｶﾐｶﾀｷﾞﾘ
1396,ｱﾙﾌﾟｽﾁﾕｳｵｳｼﾝｷﾝ,005,ｱｶﾎﾋｶﾞｼ
1396,ｱﾙﾌﾟｽﾁﾕｳｵｳｼﾝｷﾝ,007,ﾅｶｶﾞﾜ
1396,ｱﾙﾌﾟｽﾁﾕｳｵｳｼﾝｷﾝ,008,ﾐﾅﾐ
1396,ｱﾙﾌﾟｽﾁﾕｳｵｳｼﾝｷﾝ,051,ﾎﾝﾃﾝ
1396,ｱﾙﾌﾟｽﾁﾕｳｵｳｼﾝｷﾝ,052,ｲﾅｷﾀ
1396,ｱﾙﾌﾟｽﾁﾕｳｵｳｼﾝｷﾝ,053,ﾀﾂﾉ
1396,ｱﾙﾌﾟｽﾁﾕｳｵｳｼﾝｷﾝ,054,ﾐﾉﾜ
1396,ｱﾙﾌﾟｽﾁﾕｳｵｳｼﾝｷﾝ,055,ﾀｶﾄｳ
1396,ｱﾙﾌﾟｽﾁﾕｳｵｳｼﾝｷﾝ,058,ﾐﾔｷ
1396,ｱﾙﾌﾟｽﾁﾕｳｵｳｼﾝｷﾝ,060,ﾘﾕｳﾄｳ
1396,ｱﾙﾌﾟｽﾁﾕｳｵｳｼﾝｷﾝ,061,ﾐﾅﾐﾐﾉﾜ
1396,ｱﾙﾌﾟｽﾁﾕｳｵｳｼﾝｷﾝ,062,ｼﾝﾀﾞｲﾏｴ
1401,ﾄﾔﾏｼﾝｷﾝ,001,ﾎﾝﾃﾝ
1401,ﾄﾔﾏｼﾝｷﾝ,003,ｲﾜｾ
1401,ﾄﾔﾏｼﾝｷﾝ,004,ﾔﾂｵ
1401,ﾄﾔﾏｼﾝｷﾝ,005,ﾓﾄﾏﾁ
1401,ﾄﾔﾏｼﾝｷﾝ,006,ｷﾖｳﾎｸ
1401,ﾄﾔﾏｼﾝｷﾝ,009,ｵｵｻﾜﾉ
1401,ﾄﾔﾏｼﾝｷﾝ,010,ﾏﾙﾉｳﾁ
1401,ﾄﾔﾏｼﾝｷﾝ,011,ﾖｶﾀ
1401,ﾄﾔﾏｼﾝｷﾝ,012,ｵｸﾀﾞ
1401,ﾄﾔﾏｼﾝｷﾝ,013,ｿｳﾀﾞｲﾏﾁ
1401,ﾄﾔﾏｼﾝｷﾝ,014,ｸﾚﾊ
1401,ﾄﾔﾏｼﾝｷﾝ,016,ﾀｶﾊﾗﾏﾁ
1401,ﾄﾔﾏｼﾝｷﾝ,017,ﾐﾅﾐﾄﾔﾏ
1401,ﾄﾔﾏｼﾝｷﾝ,018,ﾀｶｵｶ
1401,ﾄﾔﾏｼﾝｷﾝ,019,ﾄﾖﾀ
1401,ﾄﾔﾏｼﾝｷﾝ,020,ﾌｼﾞﾉｷ
1401,ﾄﾔﾏｼﾝｷﾝ,021,ﾌﾁﾕｳ
1401,ﾄﾔﾏｼﾝｷﾝ,022,ﾎﾘ
1401,ﾄﾔﾏｼﾝｷﾝ,023,ｺﾞﾌｸ
1401,ﾄﾔﾏｼﾝｷﾝ,024,ﾋｶﾞｼﾄﾔﾏ
1401,ﾄﾔﾏｼﾝｷﾝ,032,ｲﾐｽﾞ
1401,ﾄﾔﾏｼﾝｷﾝ,033,ｼﾔﾎｸ
1401,ﾄﾔﾏｼﾝｷﾝ,035,ﾀｲｺｳﾔﾏ
1401,ﾄﾔﾏｼﾝｷﾝ,036,ｵｵｼﾏ
1401,ﾄﾔﾏｼﾝｷﾝ,041,ｶﾐｲﾁ
1401,ﾄﾔﾏｼﾝｷﾝ,042,ﾀﾃﾔﾏ
1401,ﾄﾔﾏｼﾝｷﾝ,043,ｵｵﾔﾏ
1401,ﾄﾔﾏｼﾝｷﾝ,044,ｵｵｲｽﾞﾐ
1401,ﾄﾔﾏｼﾝｷﾝ,045,ｱｶｴ
1402,ﾀｶｵｶｼﾝｷﾝ,001,ﾎﾝﾃﾝ
1402,ﾀｶｵｶｼﾝｷﾝ,005,ﾌｸｵｶ
1402,ﾀｶｵｶｼﾝｷﾝ,006,ﾜﾀﾞ
1402,ﾀｶｵｶｼﾝｷﾝ,007,ﾀﾃﾉ
1402,ﾀｶｵｶｼﾝｷﾝ,009,ﾋﾛｺｳｼﾞ
1402,ﾀｶｵｶｼﾝｷﾝ,010,ｼﾖｳﾜ
1402,ﾀｶｵｶｼﾝｷﾝ,011,ｲﾁﾊﾞ
1402,ﾀｶｵｶｼﾝｷﾝ,012,ﾉﾑﾗ
1402,ﾀｶｵｶｼﾝｷﾝ,014,ｵｵｼﾏ
1402,ﾀｶｵｶｼﾝｷﾝ,015,ﾄｲﾔ
1402,ﾀｶｵｶｼﾝｷﾝ,016,ﾄﾔﾏ
1402,ﾀｶｵｶｼﾝｷﾝ,017,ｴｷﾅﾝ
1402,ﾀｶｵｶｼﾝｷﾝ,019,ﾐﾕｷﾁﾖｳ
1402,ﾀｶｵｶｼﾝｷﾝ,021,ﾄﾅﾐ
1402,ﾀｶｵｶｼﾝｷﾝ,023,ｼﾝｾｲ
1402,ﾀｶｵｶｼﾝｷﾝ,024,ﾄｲﾃﾞ
1402,ﾀｶｵｶｼﾝｷﾝ,029,ｼﾓﾀﾞ
1404,ｼﾝﾐﾅﾄｼﾝｷﾝ,001,ﾎﾝﾃﾝ
1404,ｼﾝﾐﾅﾄｼﾝｷﾝ,002,ﾅｶｿﾈ
1404,ｼﾝﾐﾅﾄｼﾝｷﾝ,003,ｾｲﾌﾞ
1404,ｼﾝﾐﾅﾄｼﾝｷﾝ,004,ﾀｶｵｶ
1404,ｼﾝﾐﾅﾄｼﾝｷﾝ,005,ﾄﾔﾏ
1404,ｼﾝﾐﾅﾄｼﾝｷﾝ,007,ｳﾀﾉﾓﾘ
1404,ｼﾝﾐﾅﾄｼﾝｷﾝ,008,ﾀﾞｲﾓﾝ
1405,ﾆｲｶﾜｼﾝｷﾝ,001,ﾎﾝﾃﾝ
1405,ﾆｲｶﾜｼﾝｷﾝ,002,ｻｸﾗｲ
1405,ﾆｲｶﾜｼﾝｷﾝ,003,ｲｸｼﾞ
1405,ﾆｲｶﾜｼﾝｷﾝ,004,ﾆﾕｳｾﾞﾝ
1405,ﾆｲｶﾜｼﾝｷﾝ,005,ﾄﾏﾘ
1405,ﾆｲｶﾜｼﾝｷﾝ,006,ｳｵﾂﾞｴｷﾏｴ
1405,ﾆｲｶﾜｼﾝｷﾝ,011,ﾐｽﾞﾊｼ
1405,ﾆｲｶﾜｼﾝｷﾝ,013,ｼﾝｼﾞﾖｳ
1405,ﾆｲｶﾜｼﾝｷﾝ,014,ﾄﾔﾏ
1405,ﾆｲｶﾜｼﾝｷﾝ,021,ﾅﾒﾘｶﾜ
1406,ﾋﾐﾌｼｷｼﾝｷﾝ,001,ﾎﾝﾃﾝ
1406,ﾋﾐﾌｼｷｼﾝｷﾝ,003,ﾅﾝﾌﾞ
1406,ﾋﾐﾌｼｷｼﾝｷﾝ,004,ｻｲｼﾞﾖｳ
1406,ﾋﾐﾌｼｷｼﾝｷﾝ,005,ﾌｼｷ
1406,ﾋﾐﾌｼｷｼﾝｷﾝ,008,ｱｻﾋｶﾞｵｶ
1412,ﾄﾅﾐｼﾝｷﾝ,001,ﾎﾝﾃﾝ
1412,ﾄﾅﾐｼﾝｷﾝ,002,ｼﾞﾖｳﾊﾅ
1412,ﾄﾅﾐｼﾝｷﾝ,003,ﾄｲﾃﾞ
1412,ﾄﾅﾐｼﾝｷﾝ,004,ﾂｻﾞﾜ
1412,ﾄﾅﾐｼﾝｷﾝ,005,ﾅｶﾀﾞ
1412,ﾄﾅﾐｼﾝｷﾝ,006,ﾄﾅﾐ
1412,ﾄﾅﾐｼﾝｷﾝ,007,ｲﾅﾐ
1412,ﾄﾅﾐｼﾝｷﾝ,008,ﾌｸﾉｴｷﾏｴ
1412,ﾄﾅﾐｼﾝｷﾝ,009,ﾀｶｵｶ
1413,ｲｽﾙｷﾞｼﾝｷﾝ,001,ﾎﾝﾃﾝ
1413,ｲｽﾙｷﾞｼﾝｷﾝ,002,ﾌｸﾏﾁ
1413,ｲｽﾙｷﾞｼﾝｷﾝ,003,ﾁﾕｳｵｳ
1413,ｲｽﾙｷﾞｼﾝｷﾝ,004,ｶﾅｻﾞﾜ
1440,ｶﾅｻﾞﾜｼﾝｷﾝ,001,ﾎﾝﾃﾝ
1440,ｶﾅｻﾞﾜｼﾝｷﾝ,003,ｶﾅｲﾜ
1440,ｶﾅｻﾞﾜｼﾝｷﾝ,005,ﾉﾏﾁ
1440,ｶﾅｻﾞﾜｼﾝｷﾝ,007,ｱｻﾉｶﾞﾜ
1440,ｶﾅｻﾞﾜｼﾝｷﾝ,009,ｺﾀﾞﾂﾉ
1440,ｶﾅｻﾞﾜｼﾝｷﾝ,010,ｼﾞﾖｳﾅﾝ
1440,ｶﾅｻﾞﾜｼﾝｷﾝ,011,ﾃﾗﾏﾁ
1440,ｶﾅｻﾞﾜｼﾝｷﾝ,012,ﾑｻｼ
1440,ｶﾅｻﾞﾜｼﾝｷﾝ,013,ﾐｶｹﾞﾊﾞｼ
1440,ｶﾅｻﾞﾜｼﾝｷﾝ,015,ｳﾉｹ
1440,ｶﾅｻﾞﾜｼﾝｷﾝ,016,ﾀﾞｲﾄｸ
1440,ｶﾅｻﾞﾜｼﾝｷﾝ,017,ﾌｼﾐﾊﾞｼ
1440,ｶﾅｻﾞﾜｼﾝｷﾝ,018,ｱﾜｶﾞｻｷ
1440,ｶﾅｻﾞﾜｼﾝｷﾝ,019,ﾆｼｶﾅｻﾞﾜ
1440,ｶﾅｻﾞﾜｼﾝｷﾝ,020,ﾇｶ
1440,ｶﾅｻﾞﾜｼﾝｷﾝ,021,ﾓﾘﾓﾄ
1440,ｶﾅｻﾞﾜｼﾝｷﾝ,022,ﾖﾈﾏﾙ
1440,ｶﾅｻﾞﾜｼﾝｷﾝ,023,ｴｷﾆｼ
1440,ｶﾅｻﾞﾜｼﾝｷﾝ,028,ﾏﾂﾄｳﾐﾅﾐ
1440,ｶﾅｻﾞﾜｼﾝｷﾝ,029,ｽｽﾞﾐﾊﾞｼ
1440,ｶﾅｻﾞﾜｼﾝｷﾝ,032,ﾉﾉｲﾁ
1440,ｶﾅｻﾞﾜｼﾝｷﾝ,033,ﾃﾗｲ
1440,ｶﾅｻﾞﾜｼﾝｷﾝ,034,ｱﾘﾏﾂ
1440,ｶﾅｻﾞﾜｼﾝｷﾝ,039,ﾂﾊﾞﾀ
1440,ｶﾅｻﾞﾜｼﾝｷﾝ,040,ﾄｲﾔﾏﾁ
1440,ｶﾅｻﾞﾜｼﾝｷﾝ,043,ﾔｽﾊﾗ
1440,ｶﾅｻﾞﾜｼﾝｷﾝ,044,ｺﾏﾂﾁﾕｳｵｳ
1440,ｶﾅｻﾞﾜｼﾝｷﾝ,045,ﾔﾏﾅｶ
1440,ｶﾅｻﾞﾜｼﾝｷﾝ,046,ﾔﾏｼﾛﾁﾕｳｵｳ
1440,ｶﾅｻﾞﾜｼﾝｷﾝ,047,ﾀﾞｲｼﾖｳｼﾞ
1442,ﾉﾄｷﾖｳｴｲｼﾝｷﾝ,001,ﾎﾝﾃﾝ
1442,ﾉﾄｷﾖｳｴｲｼﾝｷﾝ,002,ﾊｸｲ
1442,ﾉﾄｷﾖｳｴｲｼﾝｷﾝ,003,ﾀｶﾊﾏ
1442,ﾉﾄｷﾖｳｴｲｼﾝｷﾝ,004,ﾄｷﾞ
1442,ﾉﾄｷﾖｳｴｲｼﾝｷﾝ,008,ｶﾜﾗﾏﾁ
1442,ﾉﾄｷﾖｳｴｲｼﾝｷﾝ,009,ﾂﾊﾞﾀ
1442,ﾉﾄｷﾖｳｴｲｼﾝｷﾝ,010,ｶｼﾏ
1442,ﾉﾄｷﾖｳｴｲｼﾝｷﾝ,011,ﾅﾙﾜ
1442,ﾉﾄｷﾖｳｴｲｼﾝｷﾝ,012,ｵｼﾐｽﾞ
1442,ﾉﾄｷﾖｳｴｲｼﾝｷﾝ,013,ﾅﾅﾂｶ
1442,ﾉﾄｷﾖｳｴｲｼﾝｷﾝ,014,ﾛｸﾎｸ
1442,ﾉﾄｷﾖｳｴｲｼﾝｷﾝ,015,ﾜｸﾗ
1442,ﾉﾄｷﾖｳｴｲｼﾝｷﾝ,019,ｱﾅﾐｽﾞ
1442,ﾉﾄｷﾖｳｴｲｼﾝｷﾝ,020,ｳﾉｹ
1442,ﾉﾄｷﾖｳｴｲｼﾝｷﾝ,022,ﾜｼﾞﾏ
1442,ﾉﾄｷﾖｳｴｲｼﾝｷﾝ,023,ﾋｻﾔｽ
1442,ﾉﾄｷﾖｳｴｲｼﾝｷﾝ,024,ｳﾁﾅﾀﾞ
1442,ﾉﾄｷﾖｳｴｲｼﾝｷﾝ,032,ﾀﾃﾏﾁ
1442,ﾉﾄｷﾖｳｴｲｼﾝｷﾝ,033,ﾉﾏﾁ
1442,ﾉﾄｷﾖｳｴｲｼﾝｷﾝ,034,ｾｲﾌﾞ
1442,ﾉﾄｷﾖｳｴｲｼﾝｷﾝ,035,ﾉﾉｲﾁ
1442,ﾉﾄｷﾖｳｴｲｼﾝｷﾝ,036,ﾓﾘﾓﾄ
1442,ﾉﾄｷﾖｳｴｲｼﾝｷﾝ,037,ﾖｳｶｲﾁ
1442,ﾉﾄｷﾖｳｴｲｼﾝｷﾝ,039,ﾓﾘﾉｻﾄ
1444,ﾊｸｻﾝｼﾝｷﾝ,001,ﾎﾝﾃﾝ
1444,ﾊｸｻﾝｼﾝｷﾝ,003,ﾉﾉｲﾁ
1444,ﾊｸｻﾝｼﾝｷﾝ,004,ﾏﾂﾄｳ
1444,ﾊｸｻﾝｼﾝｷﾝ,005,ﾐｶﾜ
1444,ﾊｸｻﾝｼﾝｷﾝ,006,ｺﾏﾂﾁﾕｳｵｳ
1444,ﾊｸｻﾝｼﾝｷﾝ,009,ｱﾜﾂﾞｴｷﾏｴ
1444,ﾊｸｻﾝｼﾝｷﾝ,012,ﾅﾙﾜ
1444,ﾊｸｻﾝｼﾝｷﾝ,018,ﾁﾖﾉ
1444,ﾊｸｻﾝｼﾝｷﾝ,019,ｶﾅｻﾞﾜﾆｼ
1444,ﾊｸｻﾝｼﾝｷﾝ,021,ｺﾏﾂﾋｶﾞｼ
1444,ﾊｸｻﾝｼﾝｷﾝ,101,ﾂﾙｷﾞ
1444,ﾊｸｻﾝｼﾝｷﾝ,103,ｼﾗﾐﾈ
1444,ﾊｸｻﾝｼﾝｷﾝ,104,ﾈｱｶﾞﾘ
1444,ﾊｸｻﾝｼﾝｷﾝ,105,ﾃﾗｲ
1444,ﾊｸｻﾝｼﾝｷﾝ,106,ﾀﾂﾉｸﾁ
1444,ﾊｸｻﾝｼﾝｷﾝ,108,ﾖﾈﾏﾙ
1444,ﾊｸｻﾝｼﾝｷﾝ,109,ﾉﾉｲﾁﾐﾅﾐ
1444,ﾊｸｻﾝｼﾝｷﾝ,110,ﾒｲｺｳ
1444,ﾊｸｻﾝｼﾝｷﾝ,114,ｺﾏﾂ
1444,ﾊｸｻﾝｼﾝｷﾝ,115,ﾏﾂﾄｳﾐﾅﾐ
1444,ﾊｸｻﾝｼﾝｷﾝ,116,ｶﾜｷﾀ
1448,ｺｳﾉｳｼﾝｷﾝ,001,ﾎﾝﾃﾝ
1448,ｺｳﾉｳｼﾝｷﾝ,002,ｵｷﾞ
1448,ｺｳﾉｳｼﾝｷﾝ,003,ﾏﾂﾅﾐ
1448,ｺｳﾉｳｼﾝｷﾝ,004,ｱﾅﾐｽﾞ
1448,ｺｳﾉｳｼﾝｷﾝ,006,ﾓﾝｾﾞﾝ
1448,ｺｳﾉｳｼﾝｷﾝ,007,ｽｽﾞ
1448,ｺｳﾉｳｼﾝｷﾝ,008,ﾜｼﾞﾏ
1448,ｺｳﾉｳｼﾝｷﾝ,011,ﾅﾅｵ
1448,ｺｳﾉｳｼﾝｷﾝ,012,ﾛｸｾｲ
1448,ｺｳﾉｳｼﾝｷﾝ,014,ﾊｸｲ
1448,ｺｳﾉｳｼﾝｷﾝ,015,ｶﾎｸ
1448,ｺｳﾉｳｼﾝｷﾝ,016,ｶﾅｻﾞﾜ
1448,ｺｳﾉｳｼﾝｷﾝ,017,ﾆｼｲｽﾞﾐ
1448,ｺｳﾉｳｼﾝｷﾝ,018,ﾅｶｼﾞﾏ
1448,ｺｳﾉｳｼﾝｷﾝ,019,ｳﾈﾀﾞ
1448,ｺｳﾉｳｼﾝｷﾝ,020,ｳﾁﾅﾀﾞ
1448,ｺｳﾉｳｼﾝｷﾝ,021,ﾔﾅｷﾞﾊﾞｼ
1448,ｺｳﾉｳｼﾝｷﾝ,024,ﾉﾉｲﾁ
1448,ｺｳﾉｳｼﾝｷﾝ,030,ﾔﾅｷﾞﾀﾞ
1448,ｺｳﾉｳｼﾝｷﾝ,031,ﾀｶﾊﾏ
1470,ﾌｸｲｼﾝｷﾝ,002,ﾎﾝﾃﾝ
1470,ﾌｸｲｼﾝｷﾝ,003,ﾏﾂﾓﾄ
1470,ﾌｸｲｼﾝｷﾝ,009,ﾐﾕｷ
1470,ﾌｸｲｼﾝｷﾝ,011,ｱｿｳﾂﾞ
1470,ﾌｸｲｼﾝｷﾝ,012,ﾓﾘﾀ
1470,ﾌｸｲｼﾝｷﾝ,015,ﾏﾂｵｶ
1470,ﾌｸｲｼﾝｷﾝ,016,ﾄｳｺﾞｳ
1470,ﾌｸｲｼﾝｷﾝ,017,ｵﾀ
1470,ﾌｸｲｼﾝｷﾝ,019,ﾊﾅﾝﾄﾞｳ
1470,ﾌｸｲｼﾝｷﾝ,020,ﾆﾉﾐﾔ
1470,ﾌｸｲｼﾝｷﾝ,022,ｼﾋｸﾞﾁ
1470,ﾌｸｲｼﾝｷﾝ,027,ﾀｶｷ
1470,ﾌｸｲｼﾝｷﾝ,029,ｶｽｶﾞ
1470,ﾌｸｲｼﾝｷﾝ,031,ﾌｸﾏﾁ
1470,ﾌｸｲｼﾝｷﾝ,101,ﾏﾙｵｶ
1470,ﾌｸｲｼﾝｷﾝ,103,ｻｶｲ
1470,ﾌｸｲｼﾝｷﾝ,104,ﾖｺｼﾞ
1470,ﾌｸｲｼﾝｷﾝ,106,ﾊﾙｴﾁﾕｳｵｳ
1470,ﾌｸｲｼﾝｷﾝ,120,ﾐｸﾆ
1470,ﾌｸｲｼﾝｷﾝ,121,ｱﾜﾗ
1470,ﾌｸｲｼﾝｷﾝ,122,ｶﾜﾆｼ
1470,ﾌｸｲｼﾝｷﾝ,125,ｺｳﾀﾞｲﾏｴ
1470,ﾌｸｲｼﾝｷﾝ,135,ﾜﾀﾞﾁﾕｳｵｳ
1470,ﾌｸｲｼﾝｷﾝ,201,ｻﾊﾞｴ
1470,ﾌｸｲｼﾝｷﾝ,202,ｼﾝﾒｲ
1470,ﾌｸｲｼﾝｷﾝ,203,ｶﾜﾀﾞ
1470,ﾌｸｲｼﾝｷﾝ,205,ﾖｼｶﾜ
1470,ﾌｸｲｼﾝｷﾝ,206,ｱｻﾋ
1470,ﾌｸｲｼﾝｷﾝ,207,ｻｸﾗ
1470,ﾌｸｲｼﾝｷﾝ,210,ｼﾊﾞﾊﾗ
1470,ﾌｸｲｼﾝｷﾝ,212,ｻﾊﾞｴﾎﾝﾏﾁ
1470,ﾌｸｲｼﾝｷﾝ,301,ﾀｹﾌ
1470,ﾌｸｲｼﾝｷﾝ,306,ｱﾜﾀﾍﾞ
1470,ﾌｸｲｼﾝｷﾝ,307,ｲｹﾀﾞ
1470,ﾌｸｲｼﾝｷﾝ,314,ｶﾐﾔﾏ
1471,ﾂﾙｶﾞｼﾝｷﾝ,001,ﾎﾝﾃﾝ
1471,ﾂﾙｶﾞｼﾝｷﾝ,002,ﾐﾊﾏ
1471,ﾂﾙｶﾞｼﾝｷﾝ,003,ﾐｶﾀ
1471,ﾂﾙｶﾞｼﾝｷﾝ,004,ｶｸﾞﾗ
1471,ﾂﾙｶﾞｼﾝｷﾝ,005,ﾏﾂﾊﾞﾗ
1471,ﾂﾙｶﾞｼﾝｷﾝ,006,ｱﾜﾉ
1471,ﾂﾙｶﾞｼﾝｷﾝ,008,ｶﾅﾔﾏ
1471,ﾂﾙｶﾞｼﾝｷﾝ,009,ﾁﾕｳｵｳﾁﾖｳ
1473,ｵﾊﾞﾏｼﾝｷﾝ,001,ﾎﾝﾃﾝ
1473,ｵﾊﾞﾏｼﾝｷﾝ,003,ﾀｶﾊﾏ
1473,ｵﾊﾞﾏｼﾝｷﾝ,004,ｵｵｲ
1473,ｵﾊﾞﾏｼﾝｷﾝ,005,ｶﾐﾅｶ
1473,ｵﾊﾞﾏｼﾝｷﾝ,006,ﾆｼﾂﾞ
1473,ｵﾊﾞﾏｼﾝｷﾝ,007,ﾋｶﾞｼｵﾊﾞﾏ
1473,ｵﾊﾞﾏｼﾝｷﾝ,009,ｴｷﾄﾞｵﾘ
1475,ｴﾁｾﾞﾝｼﾝｷﾝ,001,ﾎﾝﾃﾝ
1475,ｴﾁｾﾞﾝｼﾝｷﾝ,002,ｻﾝﾊﾞﾝ
1475,ｴﾁｾﾞﾝｼﾝｷﾝ,003,ｶｽｶﾞ
1475,ｴﾁｾﾞﾝｼﾝｷﾝ,005,ﾐﾔﾏ
1475,ｴﾁｾﾞﾝｼﾝｷﾝ,006,ｶﾂﾔﾏ
1475,ｴﾁｾﾞﾝｼﾝｷﾝ,007,ｷﾀｺﾞｳ
1475,ｴﾁｾﾞﾝｼﾝｷﾝ,008,ﾌｸｲ
1475,ｴﾁｾﾞﾝｼﾝｷﾝ,010,ﾋｶﾞｼ
1475,ｴﾁｾﾞﾝｼﾝｷﾝ,011,ﾆﾉﾐﾔ
1475,ｴﾁｾﾞﾝｼﾝｷﾝ,012,ｺｵﾘ
1501,ｼｽﾞｵｶﾔｲﾂﾞｼﾝｷﾝ,001,ｵｳﾃﾏﾁ
1501,ｼｽﾞｵｶﾔｲﾂﾞｼﾝｷﾝ,002,ｱﾝｻﾞｲ
1501,ｼｽﾞｵｶﾔｲﾂﾞｼﾝｷﾝ,003,ｴｷﾅﾝ
1501,ｼｽﾞｵｶﾔｲﾂﾞｼﾝｷﾝ,004,ﾊｾ
1501,ｼｽﾞｵｶﾔｲﾂﾞｼﾝｷﾝ,005,ｼﾝﾄﾐ
1501,ｼｽﾞｵｶﾔｲﾂﾞｼﾝｷﾝ,006,ｼﾐｽﾞ
1501,ｼｽﾞｵｶﾔｲﾂﾞｼﾝｷﾝ,008,ｺﾏｶﾞﾀ
1501,ｼｽﾞｵｶﾔｲﾂﾞｼﾝｷﾝ,009,ｵｷﾂ
1501,ｼｽﾞｵｶﾔｲﾂﾞｼﾝｷﾝ,012,ｲｼﾀﾞ
1501,ｼｽﾞｵｶﾔｲﾂﾞｼﾝｷﾝ,013,ｵｼｶ
1501,ｼｽﾞｵｶﾔｲﾂﾞｼﾝｷﾝ,014,ﾏﾘｺ
1501,ｼｽﾞｵｶﾔｲﾂﾞｼﾝｷﾝ,015,ｶｺﾞｳｴ
1501,ｼｽﾞｵｶﾔｲﾂﾞｼﾝｷﾝ,016,ﾖｼﾜﾗ
1501,ｼｽﾞｵｶﾔｲﾂﾞｼﾝｷﾝ,017,ﾌｼﾞｴﾀﾞ
1501,ｼｽﾞｵｶﾔｲﾂﾞｼﾝｷﾝ,018,ﾔﾁﾖ
1501,ｼｽﾞｵｶﾔｲﾂﾞｼﾝｷﾝ,020,ﾘﾕｳﾅﾝ
1501,ｼｽﾞｵｶﾔｲﾂﾞｼﾝｷﾝ,021,ｾﾅ
1501,ｼｽﾞｵｶﾔｲﾂﾞｼﾝｷﾝ,022,ｵｼｷﾘ
1501,ｼｽﾞｵｶﾔｲﾂﾞｼﾝｷﾝ,023,ﾌｼﾞ
1501,ｼｽﾞｵｶﾔｲﾂﾞｼﾝｷﾝ,024,ﾀｶﾏﾂ
1501,ｼｽﾞｵｶﾔｲﾂﾞｼﾝｷﾝ,025,ﾏﾂﾄﾞﾐ
1501,ｼｽﾞｵｶﾔｲﾂﾞｼﾝｷﾝ,026,ｵｸﾞﾛ
1501,ｼｽﾞｵｶﾔｲﾂﾞｼﾝｷﾝ,028,ﾎﾝﾃﾝ
1501,ｼｽﾞｵｶﾔｲﾂﾞｼﾝｷﾝ,029,ﾌﾙｼﾖｳ
1501,ｼｽﾞｵｶﾔｲﾂﾞｼﾝｷﾝ,030,ﾔｲﾂﾞ
1501,ｼｽﾞｵｶﾔｲﾂﾞｼﾝｷﾝ,033,ｵｻﾀﾞﾐﾅﾐ
1501,ｼｽﾞｵｶﾔｲﾂﾞｼﾝｷﾝ,036,ﾆｼﾜｷ
1501,ｼｽﾞｵｶﾔｲﾂﾞｼﾝｷﾝ,037,ﾊﾄﾘ
1501,ｼｽﾞｵｶﾔｲﾂﾞｼﾝｷﾝ,038,ﾐｶﾄﾞﾀﾞｲ
1501,ｼｽﾞｵｶﾔｲﾂﾞｼﾝｷﾝ,042,ﾄﾞｳﾊﾞﾗ
1501,ｼｽﾞｵｶﾔｲﾂﾞｼﾝｷﾝ,043,ﾄｳｼﾝﾃﾞﾝ
1501,ｼｽﾞｵｶﾔｲﾂﾞｼﾝｷﾝ,045,ﾌｼﾞｴﾀﾞﾐｽﾞﾓﾘ
1501,ｼｽﾞｵｶﾔｲﾂﾞｼﾝｷﾝ,050,ｼｽﾞｼﾝｲﾝﾀ-ﾈﾂﾄ
1501,ｼｽﾞｵｶﾔｲﾂﾞｼﾝｷﾝ,101,ﾏﾙｾｲ
1501,ｼｽﾞｵｶﾔｲﾂﾞｼﾝｷﾝ,103,ｺｶﾞﾜ
1501,ｼｽﾞｵｶﾔｲﾂﾞｼﾝｷﾝ,104,ｲｼﾂﾞ
1501,ｼｽﾞｵｶﾔｲﾂﾞｼﾝｷﾝ,105,ﾌｼﾞｴﾀﾞﾁﾕｳｵｳ
1501,ｼｽﾞｵｶﾔｲﾂﾞｼﾝｷﾝ,106,ﾌｼﾞｴﾀﾞｶﾐ
1501,ｼｽﾞｵｶﾔｲﾂﾞｼﾝｷﾝ,107,ﾌｼﾞｴﾀﾞｴｷ
1501,ｼｽﾞｵｶﾔｲﾂﾞｼﾝｷﾝ,108,ｵｶﾍﾞ
1501,ｼｽﾞｵｶﾔｲﾂﾞｼﾝｷﾝ,110,ｼｽﾞｵｶﾐﾅﾐ
1501,ｼｽﾞｵｶﾔｲﾂﾞｼﾝｷﾝ,111,ﾔｲﾂﾞﾆｼ
1501,ｼｽﾞｵｶﾔｲﾂﾞｼﾝｷﾝ,113,ﾊﾄﾘﾆｼ
1501,ｼｽﾞｵｶﾔｲﾂﾞｼﾝｷﾝ,114,ﾔｲﾂﾞｷﾀ
1501,ｼｽﾞｵｶﾔｲﾂﾞｼﾝｷﾝ,118,ｵｵﾄﾐ
1501,ｼｽﾞｵｶﾔｲﾂﾞｼﾝｷﾝ,119,ｵｵｲｶﾞﾜ
1501,ｼｽﾞｵｶﾔｲﾂﾞｼﾝｷﾝ,120,ﾄﾖﾀﾞ
1501,ｼｽﾞｵｶﾔｲﾂﾞｼﾝｷﾝ,121,ｻｶﾅｾﾝﾀ-
1501,ｼｽﾞｵｶﾔｲﾂﾞｼﾝｷﾝ,122,ﾀｶｽ
1501,ｼｽﾞｵｶﾔｲﾂﾞｼﾝｷﾝ,123,ﾊｲﾊﾞﾗ
1501,ｼｽﾞｵｶﾔｲﾂﾞｼﾝｷﾝ,124,ﾖｼﾀﾞ
1501,ｼｽﾞｵｶﾔｲﾂﾞｼﾝｷﾝ,126,ｲｶﾙﾐ
1501,ｼｽﾞｵｶﾔｲﾂﾞｼﾝｷﾝ,129,ｵｵｽﾞﾐ
1501,ｼｽﾞｵｶﾔｲﾂﾞｼﾝｷﾝ,131,ｼﾏﾀﾞ
1502,ｾｲｼﾝｼﾝｷﾝ,001,ﾎﾝﾃﾝ
1502,ｾｲｼﾝｼﾝｷﾝ,002,ｱﾝﾄﾞｳ
1502,ｾｲｼﾝｼﾝｷﾝ,003,ﾖｺｳﾁ
1502,ｾｲｼﾝｼﾝｷﾝ,004,ﾊﾞﾝﾁﾖｳ
1502,ｾｲｼﾝｼﾝｷﾝ,005,ｼﾐｽﾞ
1502,ｾｲｼﾝｼﾝｷﾝ,006,ﾔﾊﾀ
1502,ｾｲｼﾝｼﾝｷﾝ,007,ﾓﾁﾑﾈ
1502,ｾｲｼﾝｼﾝｷﾝ,008,ｶﾀﾊ
1502,ｾｲｼﾝｼﾝｷﾝ,010,ｺﾏｶﾞﾀ
1502,ｾｲｼﾝｼﾝｷﾝ,011,ﾏﾌﾞﾁ
1502,ｾｲｼﾝｼﾝｷﾝ,012,ﾄｷﾞﾔﾁﾖｳ
1502,ｾｲｼﾝｼﾝｷﾝ,013,ﾄﾛ
1502,ｾｲｼﾝｼﾝｷﾝ,014,ﾔｸﾞﾗ
1502,ｾｲｼﾝｼﾝｷﾝ,015,ｵｵｻﾞﾄ
1502,ｾｲｼﾝｼﾝｷﾝ,016,ﾔｲﾂﾞ
1502,ｾｲｼﾝｼﾝｷﾝ,017,ｸﾂﾉﾔ
1502,ｾｲｼﾝｼﾝｷﾝ,018,ﾌｼﾞｴﾀﾞ
1502,ｾｲｼﾝｼﾝｷﾝ,019,ｵｵﾂﾎﾞ
1502,ｾｲｼﾝｼﾝｷﾝ,020,ｲｹﾀﾞ
1502,ｾｲｼﾝｼﾝｷﾝ,021,ﾆｼﾜｷ
1502,ｾｲｼﾝｼﾝｷﾝ,022,ｼﾞﾖｳﾎｸ
1502,ｾｲｼﾝｼﾝｷﾝ,023,ﾄｳｼﾝﾃﾞﾝ
1502,ｾｲｼﾝｼﾝｷﾝ,024,ﾂｷﾐ
1502,ｾｲｼﾝｼﾝｷﾝ,025,ｼﾓﾉ
1502,ｾｲｼﾝｼﾝｷﾝ,026,ﾀｶｽ
1502,ｾｲｼﾝｼﾝｷﾝ,027,ｾﾅ
1502,ｾｲｼﾝｼﾝｷﾝ,028,ﾊﾄﾘ
1502,ｾｲｼﾝｼﾝｷﾝ,029,ﾃﾝﾏﾁﾖｳｼﾝﾃﾞﾝ
1502,ｾｲｼﾝｼﾝｷﾝ,030,ﾓﾁﾑﾈｴｷﾏｴ
1502,ｾｲｼﾝｼﾝｷﾝ,031,ﾏﾘｺ
1502,ｾｲｼﾝｼﾝｷﾝ,032,ｲｼﾂﾞ
1502,ｾｲｼﾝｼﾝｷﾝ,033,ﾅｶﾀﾞ
1502,ｾｲｼﾝｼﾝｷﾝ,034,ｸｻﾅｷﾞ
1502,ｾｲｼﾝｼﾝｷﾝ,035,ﾆｼｺｶﾞﾜ
1502,ｾｲｼﾝｼﾝｷﾝ,036,ｵｼｶ
1502,ｾｲｼﾝｼﾝｷﾝ,037,ﾑｺｳｼｷﾁﾞ
1502,ｾｲｼﾝｼﾝｷﾝ,038,ｼﾌﾞｶﾜ
1502,ｾｲｼﾝｼﾝｷﾝ,039,ﾀｶﾍﾞ
1502,ｾｲｼﾝｼﾝｷﾝ,040,ｱﾍﾞｸﾞﾁ
1502,ｾｲｼﾝｼﾝｷﾝ,041,ﾆｼﾔｲﾂﾞ
1502,ｾｲｼﾝｼﾝｷﾝ,042,ﾀｶﾏﾂ
1502,ｾｲｼﾝｼﾝｷﾝ,043,ｵﾘﾄﾞ
1503,ﾊﾏﾏﾂｲﾜﾀｼﾝｷﾝ,011,ﾎﾝﾃﾝ
1503,ﾊﾏﾏﾂｲﾜﾀｼﾝｷﾝ,012,ﾋｶﾞｼ
1503,ﾊﾏﾏﾂｲﾜﾀｼﾝｷﾝ,013,ｵｲﾜｹ
1503,ﾊﾏﾏﾂｲﾜﾀｼﾝｷﾝ,014,ｴｷﾅﾝ
1503,ﾊﾏﾏﾂｲﾜﾀｼﾝｷﾝ,015,ﾆｼｶﾞｻｷ
1503,ﾊﾏﾏﾂｲﾜﾀｼﾝｷﾝ,016,ﾜｼﾂﾞ
1503,ﾊﾏﾏﾂｲﾜﾀｼﾝｷﾝ,017,ﾉｸﾞﾁ
1503,ﾊﾏﾏﾂｲﾜﾀｼﾝｷﾝ,018,ｲﾀﾔﾏﾁ
1503,ﾊﾏﾏﾂｲﾜﾀｼﾝｷﾝ,020,ｲｽﾞﾐﾁﾖｳ
1503,ﾊﾏﾏﾂｲﾜﾀｼﾝｷﾝ,021,ﾀｶﾊﾞﾔｼ
1503,ﾊﾏﾏﾂｲﾜﾀｼﾝｷﾝ,022,ｳｴﾏﾂ
1503,ﾊﾏﾏﾂｲﾜﾀｼﾝｷﾝ,023,ﾃﾝﾏﾁﾖｳ
1503,ﾊﾏﾏﾂｲﾜﾀｼﾝｷﾝ,024,ﾎﾝﾏﾁ
1503,ﾊﾏﾏﾂｲﾜﾀｼﾝｷﾝ,025,ﾎﾝｺﾞｳ
1503,ﾊﾏﾏﾂｲﾜﾀｼﾝｷﾝ,026,ｼｼﾞﾐﾂﾞｶ
1503,ﾊﾏﾏﾂｲﾜﾀｼﾝｷﾝ,027,ﾓﾘﾀ
1503,ﾊﾏﾏﾂｲﾜﾀｼﾝｷﾝ,028,ｱｽﾞｷﾓﾁ
1503,ﾊﾏﾏﾂｲﾜﾀｼﾝｷﾝ,029,ﾊﾞﾗｼﾞﾏ
1503,ﾊﾏﾏﾂｲﾜﾀｼﾝｷﾝ,030,ﾐｶﾀﾊﾗ
1503,ﾊﾏﾏﾂｲﾜﾀｼﾝｷﾝ,031,ｺﾄｳ
1503,ﾊﾏﾏﾂｲﾜﾀｼﾝｷﾝ,032,ｶﾐ
1503,ﾊﾏﾏﾂｲﾜﾀｼﾝｷﾝ,033,ｶﾐｱﾗﾔ
1503,ﾊﾏﾏﾂｲﾜﾀｼﾝｷﾝ,034,ﾆｼﾔﾏ
1503,ﾊﾏﾏﾂｲﾜﾀｼﾝｷﾝ,035,ﾐｼﾏ
1503,ﾊﾏﾏﾂｲﾜﾀｼﾝｷﾝ,036,ｻﾝﾜ
1503,ﾊﾏﾏﾂｲﾜﾀｼﾝｷﾝ,037,ｲﾘﾉ
1503,ﾊﾏﾏﾂｲﾜﾀｼﾝｷﾝ,038,ﾆｼﾏﾁ
1503,ﾊﾏﾏﾂｲﾜﾀｼﾝｷﾝ,039,ﾄﾐﾂｶ
1503,ﾊﾏﾏﾂｲﾜﾀｼﾝｷﾝ,040,ﾊﾏｷﾀ
1503,ﾊﾏﾏﾂｲﾜﾀｼﾝｷﾝ,041,ｵｵｾ
1503,ﾊﾏﾏﾂｲﾜﾀｼﾝｷﾝ,042,ｱﾘﾀﾏ
1503,ﾊﾏﾏﾂｲﾜﾀｼﾝｷﾝ,043,ﾃﾝﾘﾕｳｶﾞﾜ
1503,ﾊﾏﾏﾂｲﾜﾀｼﾝｷﾝ,044,ｼﾄﾛ
1503,ﾊﾏﾏﾂｲﾜﾀｼﾝｷﾝ,045,ｼﾉﾊﾗ
1503,ﾊﾏﾏﾂｲﾜﾀｼﾝｷﾝ,047,ﾊﾂｵｲ
1503,ﾊﾏﾏﾂｲﾜﾀｼﾝｷﾝ,048,ｶｻｲ
1503,ﾊﾏﾏﾂｲﾜﾀｼﾝｷﾝ,049,ﾄﾖﾀﾞ
1503,ﾊﾏﾏﾂｲﾜﾀｼﾝｷﾝ,050,ｶﾐｼﾞﾏ
1503,ﾊﾏﾏﾂｲﾜﾀｼﾝｷﾝ,051,ｳﾘｳﾁ
1503,ﾊﾏﾏﾂｲﾜﾀｼﾝｷﾝ,052,ｱﾗｲ
1503,ﾊﾏﾏﾂｲﾜﾀｼﾝｷﾝ,053,ﾅｶｶﾞﾜ
1503,ﾊﾏﾏﾂｲﾜﾀｼﾝｷﾝ,054,ﾜｺﾞｳ
1503,ﾊﾏﾏﾂｲﾜﾀｼﾝｷﾝ,055,ｵﾛ
1503,ﾊﾏﾏﾂｲﾜﾀｼﾝｷﾝ,056,ﾋｶﾞｼｲﾊﾞ
1503,ﾊﾏﾏﾂｲﾜﾀｼﾝｷﾝ,057,ｼﾝｼﾞﾖﾊﾗ
1503,ﾊﾏﾏﾂｲﾜﾀｼﾝｷﾝ,058,ﾀｶｵｶ
1503,ﾊﾏﾏﾂｲﾜﾀｼﾝｷﾝ,059,ﾑｺｳｼﾞﾕｸ
1503,ﾊﾏﾏﾂｲﾜﾀｼﾝｷﾝ,060,ﾋｸﾏ
1503,ﾊﾏﾏﾂｲﾜﾀｼﾝｷﾝ,061,ｱｵｲﾆｼ
1503,ﾊﾏﾏﾂｲﾜﾀｼﾝｷﾝ,063,ﾊﾏｷﾀﾋｶﾞｼ
1503,ﾊﾏﾏﾂｲﾜﾀｼﾝｷﾝ,064,ｲﾁﾉ
1503,ﾊﾏﾏﾂｲﾜﾀｼﾝｷﾝ,066,ﾐﾔｺﾀﾞ
1503,ﾊﾏﾏﾂｲﾜﾀｼﾝｷﾝ,067,ｷﾗﾘﾀｳﾝ
1503,ﾊﾏﾏﾂｲﾜﾀｼﾝｷﾝ,068,ﾌｸﾛｲﾁﾕｳｵｳ
1503,ﾊﾏﾏﾂｲﾜﾀｼﾝｷﾝ,110,ｲﾜﾀﾎﾝﾃﾝ
1503,ﾊﾏﾏﾂｲﾜﾀｼﾝｷﾝ,111,ﾐﾂｹ
1503,ﾊﾏﾏﾂｲﾜﾀｼﾝｷﾝ,112,ﾌﾀﾏﾀ
1503,ﾊﾏﾏﾂｲﾜﾀｼﾝｷﾝ,113,ﾌｸﾃﾞ
1503,ﾊﾏﾏﾂｲﾜﾀｼﾝｷﾝ,114,ﾌｸﾛｲ
1503,ﾊﾏﾏﾂｲﾜﾀｼﾝｷﾝ,115,ﾓﾘﾏﾁ
1503,ﾊﾏﾏﾂｲﾜﾀｼﾝｷﾝ,116,ｻｸﾏ
1503,ﾊﾏﾏﾂｲﾜﾀｼﾝｷﾝ,117,ﾐｻｸﾎﾞ
1503,ﾊﾏﾏﾂｲﾜﾀｼﾝｷﾝ,118,ﾊﾙﾉ
1503,ﾊﾏﾏﾂｲﾜﾀｼﾝｷﾝ,120,ｶｼﾞﾏ
1503,ﾊﾏﾏﾂｲﾜﾀｼﾝｷﾝ,123,ﾘﾕｳﾖｳ
1503,ﾊﾏﾏﾂｲﾜﾀｼﾝｷﾝ,124,ｶｵﾘﾉﾏﾁ
1503,ﾊﾏﾏﾂｲﾜﾀｼﾝｷﾝ,125,ｴﾋﾞﾂｶ
1503,ﾊﾏﾏﾂｲﾜﾀｼﾝｷﾝ,126,ｱｵｲﾁﾖｳ
1503,ﾊﾏﾏﾂｲﾜﾀｼﾝｷﾝ,127,ﾄｳﾌﾞﾀﾞｲ
1503,ﾊﾏﾏﾂｲﾜﾀｼﾝｷﾝ,128,ｺｳﾉﾀﾞｲ
1503,ﾊﾏﾏﾂｲﾜﾀｼﾝｷﾝ,129,ﾐｿﾉ
1503,ﾊﾏﾏﾂｲﾜﾀｼﾝｷﾝ,130,ﾄﾖｵｶ
1503,ﾊﾏﾏﾂｲﾜﾀｼﾝｷﾝ,131,ﾔﾏﾅｼ
1503,ﾊﾏﾏﾂｲﾜﾀｼﾝｷﾝ,132,ｸﾉｳ
1503,ﾊﾏﾏﾂｲﾜﾀｼﾝｷﾝ,133,ｲﾏﾉｳﾗ
1503,ﾊﾏﾏﾂｲﾜﾀｼﾝｷﾝ,134,ｵｶﾀﾞ
1503,ﾊﾏﾏﾂｲﾜﾀｼﾝｷﾝ,135,ｱｻﾊﾞ
1503,ﾊﾏﾏﾂｲﾜﾀｼﾝｷﾝ,136,ﾌｼﾞﾐﾁﾖｳ
1503,ﾊﾏﾏﾂｲﾜﾀｼﾝｷﾝ,137,ﾆｼ
1503,ﾊﾏﾏﾂｲﾜﾀｼﾝｷﾝ,138,ﾃﾝﾉｳ
1503,ﾊﾏﾏﾂｲﾜﾀｼﾝｷﾝ,139,ﾄﾖﾀﾞｷﾀ
1503,ﾊﾏﾏﾂｲﾜﾀｼﾝｷﾝ,140,ｶﾓｴ
1503,ﾊﾏﾏﾂｲﾜﾀｼﾝｷﾝ,141,ｶｹｶﾞﾜ
1503,ﾊﾏﾏﾂｲﾜﾀｼﾝｷﾝ,142,ｺﾏﾂ
1503,ﾊﾏﾏﾂｲﾜﾀｼﾝｷﾝ,143,ﾄｳｼﾝﾁﾖｳ
1503,ﾊﾏﾏﾂｲﾜﾀｼﾝｷﾝ,144,ｷｸｶﾞﾜ
1505,ﾇﾏﾂﾞｼﾝｷﾝ,001,ﾎﾝﾃﾝ
1505,ﾇﾏﾂﾞｼﾝｷﾝ,002,ﾀｶｼﾏﾁﾖｳ
1505,ﾇﾏﾂﾞｼﾝｷﾝ,003,ﾐﾅﾄ
1505,ﾇﾏﾂﾞｼﾝｷﾝ,004,ｶﾇｷ
1505,ﾇﾏﾂﾞｼﾝｷﾝ,005,ﾐﾄ
1505,ﾇﾏﾂﾞｼﾝｷﾝ,006,ﾐｼﾏ
1505,ﾇﾏﾂﾞｼﾝｷﾝ,007,ｲﾏｻﾞﾜ
1505,ﾇﾏﾂﾞｼﾝｷﾝ,008,ｼﾐｽﾞﾁﾖｳ
1505,ﾇﾏﾂﾞｼﾝｷﾝ,009,ｵｵｵｶ
1505,ﾇﾏﾂﾞｼﾝｷﾝ,010,ｷﾀ
1505,ﾇﾏﾂﾞｼﾝｷﾝ,011,ｱｼﾀｶ
1505,ﾇﾏﾂﾞｼﾝｷﾝ,012,ｼﾓｶﾇｷ
1505,ﾇﾏﾂﾞｼﾝｷﾝ,013,ｻﾂｷﾁﾖｳ
1505,ﾇﾏﾂﾞｼﾝｷﾝ,014,ﾏｶﾄﾞ
1505,ﾇﾏﾂﾞｼﾝｷﾝ,015,ﾊﾗ
1505,ﾇﾏﾂﾞｼﾝｷﾝ,016,ﾄｸﾗ
1505,ﾇﾏﾂﾞｼﾝｷﾝ,017,ﾅｶﾞｲｽﾞﾐﾁﾖｳ
1505,ﾇﾏﾂﾞｼﾝｷﾝ,094,ｺﾞﾃﾝﾊﾞ
1505,ﾇﾏﾂﾞｼﾝｷﾝ,095,ｵﾔﾏ
1505,ﾇﾏﾂﾞｼﾝｷﾝ,096,ｽｿﾉﾁﾕｳｵｳ
1505,ﾇﾏﾂﾞｼﾝｷﾝ,097,ｶﾐﾁﾖｳ
1505,ﾇﾏﾂﾞｼﾝｷﾝ,098,ｽﾊﾞｼﾘ
1505,ﾇﾏﾂﾞｼﾝｷﾝ,099,ﾌｼﾞｵｶ
1505,ﾇﾏﾂﾞｼﾝｷﾝ,100,ｶﾅｵｶ
1505,ﾇﾏﾂﾞｼﾝｷﾝ,101,ﾅｶﾞｲｽﾞﾐｷﾀ
1505,ﾇﾏﾂﾞｼﾝｷﾝ,102,ｺﾞﾃﾝﾊﾞﾐﾅﾐ
1505,ﾇﾏﾂﾞｼﾝｷﾝ,113,ｺﾞﾃﾝﾊﾞﾁﾕｳｵｳ
1505,ﾇﾏﾂﾞｼﾝｷﾝ,114,ｺﾞﾃﾝﾊﾞﾆｼ
1505,ﾇﾏﾂﾞｼﾝｷﾝ,116,ｽｿﾉｷﾀ
1506,ﾐｼﾏｼﾝｷﾝ,001,ﾎﾝﾃﾝ
1506,ﾐｼﾏｼﾝｷﾝ,002,ﾆｼ
1506,ﾐｼﾏｼﾝｷﾝ,003,ﾇﾏﾂﾞ
1506,ﾐｼﾏｼﾝｷﾝ,004,ｻｲﾜｲﾁﾖｳ
1506,ﾐｼﾏｼﾝｷﾝ,005,ﾌﾂｶﾏﾁ
1506,ﾐｼﾏｼﾝｷﾝ,006,ﾀﾞｲﾊﾞ
1506,ﾐｼﾏｼﾝｷﾝ,007,ｼﾕｾﾞﾝｼﾞ
1506,ﾐｼﾏｼﾝｷﾝ,008,ﾆﾗﾔﾏ
1506,ﾐｼﾏｼﾝｷﾝ,009,ｵｵﾋﾄ
1506,ﾐｼﾏｼﾝｷﾝ,010,ｼﾓﾄｶﾞﾘ
1506,ﾐｼﾏｼﾝｷﾝ,011,ﾕｶﾞｼﾏ
1506,ﾐｼﾏｼﾝｷﾝ,012,ﾄｲ
1506,ﾐｼﾏｼﾝｷﾝ,013,ｼｽﾞｳﾗ
1506,ﾐｼﾏｼﾝｷﾝ,014,ﾍﾀﾞ
1506,ﾐｼﾏｼﾝｷﾝ,015,ﾇﾏﾂﾞｷﾀ
1506,ﾐｼﾏｼﾝｷﾝ,016,ﾊﾗﾏﾁ
1506,ﾐｼﾏｼﾝｷﾝ,017,ｽｿﾉ
1506,ﾐｼﾏｼﾝｷﾝ,018,ﾐｼﾏﾐﾅﾐ
1506,ﾐｼﾏｼﾝｷﾝ,019,ﾐｼﾏｷﾀ
1506,ﾐｼﾏｼﾝｷﾝ,020,ﾇﾏﾂﾞｶﾇｷ
1506,ﾐｼﾏｼﾝｷﾝ,021,ｱｼﾀｶ
1506,ﾐｼﾏｼﾝｷﾝ,022,ﾐｼﾏﾔﾀ
1506,ﾐｼﾏｼﾝｷﾝ,023,ｶﾝﾅﾐ
1506,ﾐｼﾏｼﾝｷﾝ,024,ﾀｷﾖｳ
1506,ﾐｼﾏｼﾝｷﾝ,025,ｵｶﾉﾐﾔ
1506,ﾐｼﾏｼﾝｷﾝ,027,ｽｿﾉﾋｶﾞｼ
1506,ﾐｼﾏｼﾝｷﾝ,028,ﾅｶﾞｲｽﾞﾐ
1506,ﾐｼﾏｼﾝｷﾝ,029,ｼﾐｽﾞﾁﾖｳ
1506,ﾐｼﾏｼﾝｷﾝ,030,ﾏﾂﾓﾄ
1506,ﾐｼﾏｼﾝｷﾝ,031,ｶﾀﾊﾏ
1506,ﾐｼﾏｼﾝｷﾝ,032,ﾅｶﾞｵｶﾁﾕｳｵｳ
1506,ﾐｼﾏｼﾝｷﾝ,033,ｵｵｵｶ
1506,ﾐｼﾏｼﾝｷﾝ,034,ﾅｶｲｽﾞ
1506,ﾐｼﾏｼﾝｷﾝ,035,ﾆｼｲｽﾞ
1506,ﾐｼﾏｼﾝｷﾝ,036,ﾏﾂｻﾞｷ
1506,ﾐｼﾏｼﾝｷﾝ,037,ｶﾝﾅﾐﾆｼ
1506,ﾐｼﾏｼﾝｷﾝ,038,ｶﾜﾅｴｷ
1506,ﾐｼﾏｼﾝｷﾝ,039,ﾐﾅﾐｲﾄｳ
1506,ﾐｼﾏｼﾝｷﾝ,040,ｳｻﾐ
1506,ﾐｼﾏｼﾝｷﾝ,042,ﾋｶﾞｼｲｽﾞ
1506,ﾐｼﾏｼﾝｷﾝ,044,ｱｼﾞﾛｴｷ
1506,ﾐｼﾏｼﾝｷﾝ,045,ｱﾀﾐ
1506,ﾐｼﾏｼﾝｷﾝ,049,ｲﾄｳ
1506,ﾐｼﾏｼﾝｷﾝ,051,ﾐﾅﾐｲｽﾞ
1506,ﾐｼﾏｼﾝｷﾝ,052,ｼﾓﾀﾞﾁﾕｳｵｳ
1506,ﾐｼﾏｼﾝｷﾝ,054,ｶﾜﾂﾞ
1506,ﾐｼﾏｼﾝｷﾝ,059,ｲｽﾞｺｳｹﾞﾝ
1506,ﾐｼﾏｼﾝｷﾝ,060,ｻｸﾗｻｸ
1506,ﾐｼﾏｼﾝｷﾝ,061,ｺﾞﾃﾝﾊﾞ
1506,ﾐｼﾏｼﾝｷﾝ,062,ﾌｼﾞ
1507,ﾌｼﾞﾉﾐﾔｼﾝｷﾝ,001,ｶﾝﾀﾞ
1507,ﾌｼﾞﾉﾐﾔｼﾝｷﾝ,002,ﾆｼﾏﾁ
1507,ﾌｼﾞﾉﾐﾔｼﾝｷﾝ,003,ﾋｶﾞｼﾏﾁ
1507,ﾌｼﾞﾉﾐﾔｼﾝｷﾝ,004,ｷﾀ
1507,ﾌｼﾞﾉﾐﾔｼﾝｷﾝ,005,ﾌｼﾞﾈ
1507,ﾌｼﾞﾉﾐﾔｼﾝｷﾝ,006,ｼﾊﾞｶﾜ
1507,ﾌｼﾞﾉﾐﾔｼﾝｷﾝ,007,ｳｴﾉ
1507,ﾌｼﾞﾉﾐﾔｼﾝｷﾝ,008,ﾌｼﾞ
1507,ﾌｼﾞﾉﾐﾔｼﾝｷﾝ,009,ﾖｼﾜﾗ
1507,ﾌｼﾞﾉﾐﾔｼﾝｷﾝ,010,ﾀｶｵｶ
1507,ﾌｼﾞﾉﾐﾔｼﾝｷﾝ,011,ﾎﾝﾃﾝ
1507,ﾌｼﾞﾉﾐﾔｼﾝｷﾝ,012,ﾌｼﾞﾐ
1507,ﾌｼﾞﾉﾐﾔｼﾝｷﾝ,013,ﾏﾂｵｶ
1507,ﾌｼﾞﾉﾐﾔｼﾝｷﾝ,014,ｸﾆｸﾎﾞ
1507,ﾌｼﾞﾉﾐﾔｼﾝｷﾝ,015,ｴｷﾅﾝ
1507,ﾌｼﾞﾉﾐﾔｼﾝｷﾝ,016,ﾖﾄﾞｶﾞﾜ
1507,ﾌｼﾞﾉﾐﾔｼﾝｷﾝ,017,ﾏﾝﾉ
1507,ﾌｼﾞﾉﾐﾔｼﾝｷﾝ,018,ｼﾝﾌｼﾞ
1507,ﾌｼﾞﾉﾐﾔｼﾝｷﾝ,020,ｶﾐｲﾃﾞ
1513,ｼﾏﾀﾞｶｹｶﾞﾜｼﾝｷﾝ,001,ﾎﾝﾃﾝ
1513,ｼﾏﾀﾞｶｹｶﾞﾜｼﾝｷﾝ,011,ﾚﾝｼﾞﾔｸ
1513,ｼﾏﾀﾞｶｹｶﾞﾜｼﾝｷﾝ,012,ｼﾓﾏﾀ
1513,ｼﾏﾀﾞｶｹｶﾞﾜｼﾝｷﾝ,013,ｷｸｶﾞﾜ
1513,ｼﾏﾀﾞｶｹｶﾞﾜｼﾝｷﾝ,014,ﾊﾏｵｶ
1513,ｼﾏﾀﾞｶｹｶﾞﾜｼﾝｷﾝ,015,ｵｵｽｶ
1513,ｼﾏﾀﾞｶｹｶﾞﾜｼﾝｷﾝ,016,ｵｶﾞｻ
1513,ｼﾏﾀﾞｶｹｶﾞﾜｼﾝｷﾝ,017,ｵﾏｴｻﾞｷ
1513,ｼﾏﾀﾞｶｹｶﾞﾜｼﾝｷﾝ,018,ﾀﾞｲﾄｳ
1513,ｼﾏﾀﾞｶｹｶﾞﾜｼﾝｷﾝ,019,ﾌｸﾛｲ
1513,ｼﾏﾀﾞｶｹｶﾞﾜｼﾝｷﾝ,020,ﾌｸﾛｲﾐﾅﾐ
1513,ｼﾏﾀﾞｶｹｶﾞﾜｼﾝｷﾝ,021,ｶｹｶﾞﾜﾋｶﾞｼ
1513,ｼﾏﾀﾞｶｹｶﾞﾜｼﾝｷﾝ,022,ｷｸｶﾞﾜﾐﾅﾐ
1513,ｼﾏﾀﾞｶｹｶﾞﾜｼﾝｷﾝ,023,ｲﾜﾀ
1513,ｼﾏﾀﾞｶｹｶﾞﾜｼﾝｷﾝ,024,ｼﾞﾖｳﾎｸ
1513,ｼﾏﾀﾞｶｹｶﾞﾜｼﾝｷﾝ,025,ｻｸﾗｷﾞ
1513,ｼﾏﾀﾞｶｹｶﾞﾜｼﾝｷﾝ,027,ｴｷﾅﾝ
1513,ｼﾏﾀﾞｶｹｶﾞﾜｼﾝｷﾝ,028,ｱｻﾊﾞ
1513,ｼﾏﾀﾞｶｹｶﾞﾜｼﾝｷﾝ,030,ｼﾏﾀﾞﾆｼ
1513,ｼﾏﾀﾞｶｹｶﾞﾜｼﾝｷﾝ,031,ﾀﾞｲﾄｳｷﾀ
1513,ｼﾏﾀﾞｶｹｶﾞﾜｼﾝｷﾝ,101,ｼﾏﾀﾞﾎﾝﾃﾝ
1513,ｼﾏﾀﾞｶｹｶﾞﾜｼﾝｷﾝ,102,ﾑｸﾔ
1513,ｼﾏﾀﾞｶｹｶﾞﾜｼﾝｷﾝ,103,ﾅﾅﾁﾖｳﾒ
1513,ｼﾏﾀﾞｶｹｶﾞﾜｼﾝｷﾝ,104,ﾊﾂｸﾗ
1513,ｼﾏﾀﾞｶｹｶﾞﾜｼﾝｷﾝ,105,ﾌｼﾞｴﾀﾞ
1513,ｼﾏﾀﾞｶｹｶﾞﾜｼﾝｷﾝ,106,ｵｵｲｶﾞﾜ
1513,ｼﾏﾀﾞｶｹｶﾞﾜｼﾝｷﾝ,107,ｶﾜﾈ
1513,ｼﾏﾀﾞｶｹｶﾞﾜｼﾝｷﾝ,108,ｶﾅﾔ
1513,ｼﾏﾀﾞｶｹｶﾞﾜｼﾝｷﾝ,109,ﾖｼﾀﾞ
1513,ｼﾏﾀﾞｶｹｶﾞﾜｼﾝｷﾝ,110,ﾊｲﾊﾞﾗ
1513,ｼﾏﾀﾞｶｹｶﾞﾜｼﾝｷﾝ,111,ｻｶﾞﾗ
1513,ｼﾏﾀﾞｶｹｶﾞﾜｼﾝｷﾝ,113,ｶﾝﾄﾞ
1513,ｼﾏﾀﾞｶｹｶﾞﾜｼﾝｷﾝ,114,ﾌｼﾞｴﾀﾞﾋｶﾞｼ
1513,ｼﾏﾀﾞｶｹｶﾞﾜｼﾝｷﾝ,115,ｼｽﾞｵｶ
1513,ｼﾏﾀﾞｶｹｶﾞﾜｼﾝｷﾝ,116,ｼﾐｽﾞ
1513,ｼﾏﾀﾞｶｹｶﾞﾜｼﾝｷﾝ,117,ﾛｸｺﾞｳ
1513,ｼﾏﾀﾞｶｹｶﾞﾜｼﾝｷﾝ,119,ﾄﾖﾀﾞ
1513,ｼﾏﾀﾞｶｹｶﾞﾜｼﾝｷﾝ,121,ﾆｼﾁﾖﾀﾞ
1513,ｼﾏﾀﾞｶｹｶﾞﾜｼﾝｷﾝ,122,ﾔｲﾂﾞ
1513,ｼﾏﾀﾞｶｹｶﾞﾜｼﾝｷﾝ,123,ｶｹｶﾞﾜｴｷﾏｴ
1513,ｼﾏﾀﾞｶｹｶﾞﾜｼﾝｷﾝ,128,ﾏｷﾉﾊﾗ
1513,ｼﾏﾀﾞｶｹｶﾞﾜｼﾝｷﾝ,129,ｲｴﾔﾏ
1513,ｼﾏﾀﾞｶｹｶﾞﾜｼﾝｷﾝ,134,ﾆｼﾔｲﾂﾞ
1513,ｼﾏﾀﾞｶｹｶﾞﾜｼﾝｷﾝ,136,ｺﾞｶ
1513,ｼﾏﾀﾞｶｹｶﾞﾜｼﾝｷﾝ,137,ﾌｼﾞｴﾀﾞﾐﾅﾐ
1513,ｼﾏﾀﾞｶｹｶﾞﾜｼﾝｷﾝ,138,ﾊｲﾊﾞﾗﾋｶﾞｼ
1513,ｼﾏﾀﾞｶｹｶﾞﾜｼﾝｷﾝ,139,ｼﾏﾀﾞｷﾀ
1513,ｼﾏﾀﾞｶｹｶﾞﾜｼﾝｷﾝ,140,ﾛｸｺﾞｳﾋｶﾞｼ
1515,ﾌｼﾞｼﾝｷﾝ,001,ﾖｼﾜﾗ
1515,ﾌｼﾞｼﾝｷﾝ,002,ﾌｼﾞ
1515,ﾌｼﾞｼﾝｷﾝ,003,ﾀｶｵｶ
1515,ﾌｼﾞｼﾝｷﾝ,004,ｲﾜﾏﾂ
1515,ﾌｼﾞｼﾝｷﾝ,005,ｴｷﾅﾝ
1515,ﾌｼﾞｼﾝｷﾝ,006,ﾌｼﾞｵｶ
1515,ﾌｼﾞｼﾝｷﾝ,007,ｶﾝﾊﾞﾗ
1515,ﾌｼﾞｼﾝｷﾝ,008,ｲﾏｲｽﾞﾐ
1515,ﾌｼﾞｼﾝｷﾝ,011,ﾖｼﾜﾗｴｷﾅﾝ
1515,ﾌｼﾞｼﾝｷﾝ,012,ﾋﾛﾐﾁﾖｳ
1515,ﾌｼﾞｼﾝｷﾝ,013,ﾌｼﾞﾉﾐﾔ
1515,ﾌｼﾞｼﾝｷﾝ,014,ｱﾂﾊﾗ
1515,ﾌｼﾞｼﾝｷﾝ,015,ﾌｼﾞﾐﾀﾞｲ
1515,ﾌｼﾞｼﾝｷﾝ,016,ﾀｺﾞｳﾗ
1515,ﾌｼﾞｼﾝｷﾝ,017,ﾌｼﾞﾉﾐﾔﾋｶﾞｼ
1515,ﾌｼﾞｼﾝｷﾝ,018,ﾊﾁﾏﾝﾁﾖｳ
1515,ﾌｼﾞｼﾝｷﾝ,020,ﾓﾘｼﾞﾏ
1515,ﾌｼﾞｼﾝｷﾝ,021,ｵｵﾌﾞﾁﾅｶﾉ
1515,ﾌｼﾞｼﾝｷﾝ,022,ｽﾄﾞ
1515,ﾌｼﾞｼﾝｷﾝ,080,ﾎﾝﾃﾝ
1517,ｴﾝｼﾕｳｼﾝｷﾝ,001,ﾎﾝﾃﾝ
1517,ｴﾝｼﾕｳｼﾝｷﾝ,002,ｶｻｲ
1517,ｴﾝｼﾕｳｼﾝｷﾝ,003,ﾐｶﾀﾊﾗ
1517,ｴﾝｼﾕｳｼﾝｷﾝ,004,ﾊﾏｷﾀ
1517,ｴﾝｼﾕｳｼﾝｷﾝ,005,ﾅｶｼﾞﾏ
1517,ｴﾝｼﾕｳｼﾝｷﾝ,006,ﾐﾂｶﾋﾞ
1517,ｴﾝｼﾕｳｼﾝｷﾝ,007,ｲﾅｻ
1517,ｴﾝｼﾕｳｼﾝｷﾝ,008,ﾕｳﾄｳ
1517,ｴﾝｼﾕｳｼﾝｷﾝ,009,ｱﾗｲ
1517,ｴﾝｼﾕｳｼﾝｷﾝ,010,ﾏｲｻｶ
1517,ｴﾝｼﾕｳｼﾝｷﾝ,011,ﾅｶﾉﾏﾁ
1517,ｴﾝｼﾕｳｼﾝｷﾝ,012,ｶﾝｻﾞﾝｼﾞ
1517,ｴﾝｼﾕｳｼﾝｷﾝ,013,ﾜﾀﾞ
1517,ｴﾝｼﾕｳｼﾝｷﾝ,014,ｲﾘﾉ
1517,ｴﾝｼﾕｳｼﾝｷﾝ,015,ﾎｿｴ
1517,ｴﾝｼﾕｳｼﾝｷﾝ,016,ｾｷｼ
1517,ｴﾝｼﾕｳｼﾝｷﾝ,017,ﾊｷﾞｵｶ
1517,ｴﾝｼﾕｳｼﾝｷﾝ,018,ｱｵｲﾆｼ
1517,ｴﾝｼﾕｳｼﾝｷﾝ,019,ｱｶｻ
1517,ｴﾝｼﾕｳｼﾝｷﾝ,020,ﾅｶｶﾞﾜ
1517,ｴﾝｼﾕｳｼﾝｷﾝ,021,ﾐﾔｺﾀﾞ
1517,ｴﾝｼﾕｳｼﾝｷﾝ,022,ｺｻｲ
1517,ｴﾝｼﾕｳｼﾝｷﾝ,023,ﾀｶｵｶ
1517,ｴﾝｼﾕｳｼﾝｷﾝ,024,ﾄﾖﾀﾞ
1517,ｴﾝｼﾕｳｼﾝｷﾝ,025,ﾊﾝﾀﾞ
1530,ｷﾞﾌｼﾝｷﾝ,001,ﾜｶﾐﾔﾁﾖｳ
1530,ｷﾞﾌｼﾝｷﾝ,002,ﾎﾝﾃﾝ
1530,ｷﾞﾌｼﾝｷﾝ,003,ﾐｴｼﾞ
1530,ｷﾞﾌｼﾝｷﾝ,004,ｾﾝｼﾞﾕﾄﾞｳ
1530,ｷﾞﾌｼﾝｷﾝ,005,ｶﾉｳ
1530,ｷﾞﾌｼﾝｷﾝ,006,ﾊﾞｲﾘﾝ
1530,ｷﾞﾌｼﾝｷﾝ,007,ｷﾘﾄﾞｵｼ
1530,ｷﾞﾌｼﾝｷﾝ,008,ｶｻﾏﾂ
1530,ｷﾞﾌｼﾝｷﾝ,009,ﾅｶﾞﾗ
1530,ｷﾞﾌｼﾝｷﾝ,010,ﾏｻｺﾞﾁﾖｳ
1530,ｷﾞﾌｼﾝｷﾝ,011,ｶｶﾐｶﾞﾊﾗ
1530,ｷﾞﾌｼﾝｷﾝ,012,ﾊｼﾏ
1530,ｷﾞﾌｼﾝｷﾝ,013,ｷｿｶﾞﾜ
1530,ｷﾞﾌｼﾝｷﾝ,014,ﾆｼﾉﾏﾁ
1530,ｷﾞﾌｼﾝｷﾝ,016,ﾐﾉ
1530,ｷﾞﾌｼﾝｷﾝ,017,ｷﾀｲｼｷ
1530,ｷﾞﾌｼﾝｷﾝ,018,ｶｶﾞｼﾏ
1530,ｷﾞﾌｼﾝｷﾝ,019,ﾆｼｶﾉｳ
1530,ｷﾞﾌｼﾝｷﾝ,020,ｻｷﾞﾔﾏ
1530,ｷﾞﾌｼﾝｷﾝ,021,ｼﾞﾖｳﾄｳ
1530,ｷﾞﾌｼﾝｷﾝ,022,ｳﾇﾏ
1530,ｷﾞﾌｼﾝｷﾝ,023,ｺｳﾅﾝ
1530,ｷﾞﾌｼﾝｷﾝ,024,ﾅｺﾞﾔ
1530,ｷﾞﾌｼﾝｷﾝ,025,ﾅｶﾑﾗｺｳｴﾝ
1530,ｷﾞﾌｼﾝｷﾝ,026,ﾐﾀﾎﾗ
1530,ｷﾞﾌｼﾝｷﾝ,027,ｲﾅﾊﾞｼﾞ
1530,ｷﾞﾌｼﾝｷﾝ,028,ｺﾞﾝﾉｼﾏ
1530,ｷﾞﾌｼﾝｷﾝ,029,ﾊﾂﾀ
1530,ｷﾞﾌｼﾝｷﾝ,030,ｱｸﾀﾐ
1530,ｷﾞﾌｼﾝｷﾝ,031,ﾅｶﾂｶﾞﾜ
1530,ｷﾞﾌｼﾝｷﾝ,032,ｴﾅ
1530,ｷﾞﾌｼﾝｷﾝ,033,ｻｶｼﾀ
1530,ｷﾞﾌｼﾝｷﾝ,034,ｱｹﾁ
1530,ｷﾞﾌｼﾝｷﾝ,035,ﾂｹﾁ
1530,ｷﾞﾌｼﾝｷﾝ,036,ﾋﾗﾀ
1530,ｷﾞﾌｼﾝｷﾝ,037,ﾀｼﾞﾐ
1530,ｷﾞﾌｼﾝｷﾝ,038,ｶﾅﾚﾊﾞｼ
1530,ｷﾞﾌｼﾝｷﾝ,039,ｲﾇﾔﾏ
1530,ｷﾞﾌｼﾝｷﾝ,040,ｱｶﾅﾍﾞ
1530,ｷﾞﾌｼﾝｷﾝ,041,ｳｴﾀﾞ
1530,ｷﾞﾌｼﾝｷﾝ,042,ｸｽﾉｷﾁﾖｳ
1530,ｷﾞﾌｼﾝｷﾝ,043,ｵｸﾀﾞ
1530,ｷﾞﾌｼﾝｷﾝ,044,ｲﾁﾉﾐﾔ
1530,ｷﾞﾌｼﾝｷﾝ,045,ｼﾐｽﾞ
1530,ｷﾞﾌｼﾝｷﾝ,046,ﾘﾕｳﾂｳｾﾝﾀ-
1530,ｷﾞﾌｼﾝｷﾝ,047,ｶﾞｸﾃﾞﾝ
1530,ｷﾞﾌｼﾝｷﾝ,048,ｵｵｶﾞｷ
1530,ｷﾞﾌｼﾝｷﾝ,049,ﾐﾜ
1530,ｷﾞﾌｼﾝｷﾝ,050,ｶｶﾐｶﾞﾊﾗｴｷﾏｴ
1530,ｷﾞﾌｼﾝｷﾝ,051,ﾓﾘﾔﾏ
1530,ｷﾞﾌｼﾝｷﾝ,052,ﾁﾕｳｵｳｼｼﾞﾖｳﾏｴ
1530,ｷﾞﾌｼﾝｷﾝ,053,ｽｴﾋﾛ
1530,ｷﾞﾌｼﾝｷﾝ,054,ｿﾊﾗ
1530,ｷﾞﾌｼﾝｷﾝ,055,ﾛｸｼﾞﾖｳ
1530,ｷﾞﾌｼﾝｷﾝ,056,ﾋｶﾞｼｻｷﾞﾔﾏ
1530,ｷﾞﾌｼﾝｷﾝ,057,ﾋｶﾞｼｺｳﾅﾝ
1530,ｷﾞﾌｼﾝｷﾝ,058,ﾎﾂﾞﾐ
1530,ｷﾞﾌｼﾝｷﾝ,059,ﾊﾔｼﾏﾁ
1530,ｷﾞﾌｼﾝｷﾝ,060,ﾀｶﾄﾐ
1530,ｷﾞﾌｼﾝｷﾝ,061,ｷﾞﾅﾝ
1530,ｷﾞﾌｼﾝｷﾝ,063,ﾀｶﾞﾐ
1530,ｷﾞﾌｼﾝｷﾝ,064,ｷﾖｽ
1530,ｷﾞﾌｼﾝｷﾝ,065,ｵｸﾁﾖｳ
1530,ｷﾞﾌｼﾝｷﾝ,066,ｷﾀｺｳﾅﾝ
1530,ｷﾞﾌｼﾝｷﾝ,067,ｶﾆ
1530,ｷﾞﾌｼﾝｷﾝ,068,ｸﾛﾉ
1530,ｷﾞﾌｼﾝｷﾝ,069,ﾓﾄｽ
1530,ｷﾞﾌｼﾝｷﾝ,070,ﾌｿｳ
1530,ｷﾞﾌｼﾝｷﾝ,071,ｾｷ
1530,ｷﾞﾌｼﾝｷﾝ,072,ﾌｸﾐﾂ
1530,ｷﾞﾌｼﾝｷﾝ,073,ﾐﾔﾏ
1530,ｷﾞﾌｼﾝｷﾝ,074,ﾐﾉｶﾓ
1530,ｷﾞﾌｼﾝｷﾝ,075,ﾋｶﾞｼﾊｼﾏ
1530,ｷﾞﾌｼﾝｷﾝ,076,ｳｽﾞﾗ
1530,ｷﾞﾌｼﾝｷﾝ,077,ｱｻﾞｲ
1530,ｷﾞﾌｼﾝｷﾝ,078,ﾋｶﾞｼﾀｼﾞﾐ
1530,ｷﾞﾌｼﾝｷﾝ,079,ﾑｹﾞｶﾞﾜ
1530,ｷﾞﾌｼﾝｷﾝ,081,ﾋｶﾞｼｾｷ
1530,ｷﾞﾌｼﾝｷﾝ,082,ﾋﾉ
1530,ｷﾞﾌｼﾝｷﾝ,083,ｼｷｼﾏﾁﾖｳ
1530,ｷﾞﾌｼﾝｷﾝ,084,ﾆｼｺｳﾅﾝ
1530,ｷﾞﾌｼﾝｷﾝ,085,ｷﾀｶﾞﾀ
1530,ｷﾞﾌｼﾝｷﾝ,088,ﾑ-ﾐﾝ
1530,ｷﾞﾌｼﾝｷﾝ,089,ｶｽｶﾞｲ
1530,ｷﾞﾌｼﾝｷﾝ,090,ｱｻﾋﾏﾁ
1530,ｷﾞﾌｼﾝｷﾝ,095,ﾀｹﾊﾅ
1530,ｷﾞﾌｼﾝｷﾝ,100,ｶｽｶﾞｲｼﾔｸｼﾖﾏｴ
1530,ｷﾞﾌｼﾝｷﾝ,101,ｲﾅｻﾞﾜ
1530,ｷﾞﾌｼﾝｷﾝ,102,ｺﾏｷ
1531,ｵｵｶﾞｷｾｲﾉｳｼﾝｷﾝ,001,ﾁﾕｳｵｳ
1531,ｵｵｶﾞｷｾｲﾉｳｼﾝｷﾝ,002,ｵｶﾁﾏﾁ
1531,ｵｵｶﾞｷｾｲﾉｳｼﾝｷﾝ,003,ｺﾞｳﾄﾞ
1531,ｵｵｶﾞｷｾｲﾉｳｼﾝｷﾝ,004,ｽﾉﾏﾀ
1531,ｵｵｶﾞｷｾｲﾉｳｼﾝｷﾝ,005,ﾖｳﾛｳ
1531,ｵｵｶﾞｷｾｲﾉｳｼﾝｷﾝ,006,ﾐｷ
1531,ｵｵｶﾞｷｾｲﾉｳｼﾝｷﾝ,008,ﾀﾙｲ
1531,ｵｵｶﾞｷｾｲﾉｳｼﾝｷﾝ,009,ｷﾞﾌ
1531,ｵｵｶﾞｷｾｲﾉｳｼﾝｷﾝ,010,ﾎﾝﾃﾝ
1531,ｵｵｶﾞｷｾｲﾉｳｼﾝｷﾝ,011,ｼｽﾞｻﾄ
1531,ｵｵｶﾞｷｾｲﾉｳｼﾝｷﾝ,012,ｶｶﾐｶﾞﾊﾗ
1531,ｵｵｶﾞｷｾｲﾉｳｼﾝｷﾝ,013,ｲﾁﾉﾐﾔﾔﾏﾄ
1531,ｵｵｶﾞｷｾｲﾉｳｼﾝｷﾝ,014,ｶｻﾇｲ
1531,ｵｵｶﾞｷｾｲﾉｳｼﾝｷﾝ,016,ｲﾏｵ
1531,ｵｵｶﾞｷｾｲﾉｳｼﾝｷﾝ,017,ｱﾗｵ
1531,ｵｵｶﾞｷｾｲﾉｳｼﾝｷﾝ,018,ｶﾞｸﾃﾞﾝ
1531,ｵｵｶﾞｷｾｲﾉｳｼﾝｷﾝ,019,ｵｵｶﾞｷｲﾝﾀ-
1531,ｵｵｶﾞｷｾｲﾉｳｼﾝｷﾝ,020,ｲﾅｻﾞﾜ
1531,ｵｵｶﾞｷｾｲﾉｳｼﾝｷﾝ,021,ｲｹﾀﾞ
1531,ｵｵｶﾞｷｾｲﾉｳｼﾝｷﾝ,022,ﾜﾉｳﾁ
1531,ｵｵｶﾞｷｾｲﾉｳｼﾝｷﾝ,024,ﾊｼﾏ
1531,ｵｵｶﾞｷｾｲﾉｳｼﾝｷﾝ,025,ﾎﾂﾞﾐ
1531,ｵｵｶﾞｷｾｲﾉｳｼﾝｷﾝ,026,ｱｶｻｶ
1531,ｵｵｶﾞｷｾｲﾉｳｼﾝｷﾝ,029,ﾔﾅｲﾂﾞ
1531,ｵｵｶﾞｷｾｲﾉｳｼﾝｷﾝ,030,ﾐｽﾞﾎ
1531,ｵｵｶﾞｷｾｲﾉｳｼﾝｷﾝ,051,ｵｵﾉ
1531,ｵｵｶﾞｷｾｲﾉｳｼﾝｷﾝ,052,ｲﾋﾞｶﾞﾜ
1531,ｵｵｶﾞｷｾｲﾉｳｼﾝｷﾝ,053,ｷﾀｶﾞﾀ
1531,ｵｵｶﾞｷｾｲﾉｳｼﾝｷﾝ,056,ｷﾝｶﾊﾞｼ
1531,ｵｵｶﾞｷｾｲﾉｳｼﾝｷﾝ,058,ﾋｶﾞｼﾏｴ
1531,ｵｵｶﾞｷｾｲﾉｳｼﾝｷﾝ,064,ﾓﾄｽ
1532,ﾀｶﾔﾏｼﾝｷﾝ,001,ﾎﾝﾃﾝ
1532,ﾀｶﾔﾏｼﾝｷﾝ,002,ｶﾜﾆｼ
1532,ﾀｶﾔﾏｼﾝｷﾝ,003,ﾊﾁｹﾝﾏﾁ
1532,ﾀｶﾔﾏｼﾝｷﾝ,004,ｻﾝﾏﾁﾄﾞｵﾘ
1532,ﾀｶﾔﾏｼﾝｷﾝ,005,ﾌﾙｶﾜ
1532,ﾀｶﾔﾏｼﾝｷﾝ,006,ｵｻｶ
1532,ﾀｶﾔﾏｼﾝｷﾝ,007,ｴｷﾏｴ
1532,ﾀｶﾔﾏｼﾝｷﾝ,008,ｹﾞﾛ
1532,ﾀｶﾔﾏｼﾝｷﾝ,009,ｵｶﾓﾄ
1532,ﾀｶﾔﾏｼﾝｷﾝ,010,ﾋｴ
1532,ﾀｶﾔﾏｼﾝｷﾝ,011,ｴｷﾆｼ
1532,ﾀｶﾔﾏｼﾝｷﾝ,012,ｷﾘｳ
1532,ﾀｶﾔﾏｼﾝｷﾝ,013,ｺｸﾌ
1532,ﾀｶﾔﾏｼﾝｷﾝ,014,ｼﾝｸﾞｳ
1532,ﾀｶﾔﾏｼﾝｷﾝ,015,ｻﾝﾌｸｼﾞ
1532,ﾀｶﾔﾏｼﾝｷﾝ,016,ｶﾐｵｶ
1532,ﾀｶﾔﾏｼﾝｷﾝ,017,ｶﾐﾀｶﾗ
1532,ﾀｶﾔﾏｼﾝｷﾝ,018,ｵｸﾋﾀﾞ
1532,ﾀｶﾔﾏｼﾝｷﾝ,019,ﾆﾕｳｶﾜ
1533,ﾄｳﾉｳｼﾝｷﾝ,001,ﾎﾝﾃﾝ
1533,ﾄｳﾉｳｼﾝｷﾝ,002,ﾋﾛｺｳｼﾞ
1533,ﾄｳﾉｳｼﾝｷﾝ,004,ｶﾆ
1533,ﾄｳﾉｳｼﾝｷﾝ,005,ｲﾁﾉｸﾗ
1533,ﾄｳﾉｳｼﾝｷﾝ,006,ﾐﾉｶﾓ
1533,ﾄｳﾉｳｼﾝｷﾝ,008,ﾔｵﾂ
1533,ﾄｳﾉｳｼﾝｷﾝ,009,ｺﾋﾞ
1533,ﾄｳﾉｳｼﾝｷﾝ,010,ｶﾜﾍﾞ
1533,ﾄｳﾉｳｼﾝｷﾝ,011,ｶｻﾊﾗ
1533,ﾄｳﾉｳｼﾝｷﾝ,012,ｼﾗｶﾜ
1533,ﾄｳﾉｳｼﾝｷﾝ,014,ﾐﾀｹ
1533,ﾄｳﾉｳｼﾝｷﾝ,015,ﾅｺﾞﾔ
1533,ﾄｳﾉｳｼﾝｷﾝ,016,ｶｽｶﾞｲ
1533,ﾄｳﾉｳｼﾝｷﾝ,017,ﾀｶｷﾞ
1533,ﾄｳﾉｳｼﾝｷﾝ,018,ｺﾏｷ
1533,ﾄｳﾉｳｼﾝｷﾝ,019,ﾎﾝﾏﾁ
1533,ﾄｳﾉｳｼﾝｷﾝ,020,ｲﾇﾔﾏ
1533,ﾄｳﾉｳｼﾝｷﾝ,021,ｻｶｼﾀ
1533,ﾄｳﾉｳｼﾝｷﾝ,022,ｱｻﾋｶﾞｵｶ
1533,ﾄｳﾉｳｼﾝｷﾝ,024,ﾓﾘﾔﾏ
1533,ﾄｳﾉｳｼﾝｷﾝ,025,ﾀﾞﾁ
1533,ﾄｳﾉｳｼﾝｷﾝ,026,ｲﾅﾂ
1533,ﾄｳﾉｳｼﾝｷﾝ,027,ﾐｽﾞﾅﾐ
1533,ﾄｳﾉｳｼﾝｷﾝ,034,ﾜｶﾏﾂﾁﾖｳ
1533,ﾄｳﾉｳｼﾝｷﾝ,035,ｲｽﾞﾐ
1533,ﾄｳﾉｳｼﾝｷﾝ,036,ｴﾅ
1533,ﾄｳﾉｳｼﾝｷﾝ,037,ｶﾁｶﾞﾜ
1533,ﾄｳﾉｳｼﾝｷﾝ,038,ｵﾊﾞﾘ
1533,ﾄｳﾉｳｼﾝｷﾝ,039,ｿﾊﾗ
1533,ﾄｳﾉｳｼﾝｷﾝ,040,ﾅｶﾂｶﾞﾜ
1533,ﾄｳﾉｳｼﾝｷﾝ,041,ﾆｼｶﾆ
1533,ﾄｳﾉｳｼﾝｷﾝ,042,ｼﾀﾞﾐ
1533,ﾄｳﾉｳｼﾝｷﾝ,043,ｽﾞｲﾎｳ
1533,ﾄｳﾉｳｼﾝｷﾝ,044,ﾄｷﾁﾕｳｵｳ
1533,ﾄｳﾉｳｼﾝｷﾝ,045,ｵﾉ
1533,ﾄｳﾉｳｼﾝｷﾝ,046,ｻｸﾗｶﾞｵｶ
1533,ﾄｳﾉｳｼﾝｷﾝ,047,ｵﾛｼ
1533,ﾄｳﾉｳｼﾝｷﾝ,049,ﾌｼﾞｶﾞｵｶ
1533,ﾄｳﾉｳｼﾝｷﾝ,050,ｳﾇﾏ
1533,ﾄｳﾉｳｼﾝｷﾝ,051,ﾔﾏﾃ
1533,ﾄｳﾉｳｼﾝｷﾝ,052,ｺｳｿﾞｳｼﾞ
1533,ﾄｳﾉｳｼﾝｷﾝ,053,ﾊﾂﾀ
1533,ﾄｳﾉｳｼﾝｷﾝ,054,ｺｳﾅﾝ
1533,ﾄｳﾉｳｼﾝｷﾝ,055,ﾅｶ
1533,ﾄｳﾉｳｼﾝｷﾝ,056,ｼﾓｴﾄﾞ
1533,ﾄｳﾉｳｼﾝｷﾝ,057,ｵﾜﾘｱｻﾋ
1533,ﾄｳﾉｳｼﾝｷﾝ,058,ﾄﾖﾔﾏ
1534,ｾｷｼﾝｷﾝ,002,ﾎﾝﾏﾁ
1534,ｾｷｼﾝｷﾝ,003,ﾎﾝﾃﾝ
1534,ｾｷｼﾝｷﾝ,004,ﾋｶﾞｼ
1534,ｾｷｼﾝｷﾝ,005,ｶﾅﾔﾏ
1534,ｾｷｼﾝｷﾝ,006,ﾅｶﾞﾓﾘ
1534,ｾｷｼﾝｷﾝ,007,ｻﾝﾉｳﾄﾞｵﾘ
1534,ｾｷｼﾝｷﾝ,008,ｶﾓﾉ
1534,ｾｷｼﾝｷﾝ,009,ﾐﾜ
1534,ｾｷｼﾝｷﾝ,010,ﾔﾏﾀﾞ
1534,ｾｷｼﾝｷﾝ,011,ｶｶﾐｶﾞﾊﾗ
1534,ｾｷｼﾝｷﾝ,012,ｻｸﾗｶﾞｵｶ
1534,ｾｷｼﾝｷﾝ,013,ﾐﾉ
1534,ｾｷｼﾝｷﾝ,014,ﾐﾉｶﾓ
1538,ﾊﾁﾏﾝｼﾝｷﾝ,001,ﾎﾝﾃﾝ
1538,ﾊﾁﾏﾝｼﾝｷﾝ,002,ｼﾛﾄﾘ
1538,ﾊﾁﾏﾝｼﾝｷﾝ,003,ｼﾖｳｼﾗｶﾜ
1538,ﾊﾁﾏﾝｼﾝｷﾝ,004,ﾀｶｽ
1538,ﾊﾁﾏﾝｼﾝｷﾝ,005,ﾜﾗ
1538,ﾊﾁﾏﾝｼﾝｷﾝ,006,ｶﾅﾔﾏ
1538,ﾊﾁﾏﾝｼﾝｷﾝ,007,ﾔﾏﾄ
1538,ﾊﾁﾏﾝｼﾝｷﾝ,008,ﾐﾅﾐ
1538,ﾊﾁﾏﾝｼﾝｷﾝ,009,ｵﾉ
1550,ｱｲﾁｼﾝｷﾝ,001,ﾎﾝﾃﾝ
1550,ｱｲﾁｼﾝｷﾝ,003,ｶﾅﾔﾏ
1550,ｱｲﾁｼﾝｷﾝ,004,ｵｵｸﾃ
1550,ｱｲﾁｼﾝｷﾝ,005,ﾅｶﾑﾗ
1550,ｱｲﾁｼﾝｷﾝ,006,ﾎﾘﾀ
1550,ｱｲﾁｼﾝｷﾝ,007,ﾆｼｵｵｽ
1550,ｱｲﾁｼﾝｷﾝ,008,ｸﾛｶﾜ
1550,ｱｲﾁｼﾝｷﾝ,009,ﾛｸﾊﾞﾝﾁﾖｳ
1550,ｱｲﾁｼﾝｷﾝ,010,ﾔﾏﾀﾞ
1550,ｱｲﾁｼﾝｷﾝ,011,ﾃﾝﾊﾟｸ
1550,ｱｲﾁｼﾝｷﾝ,012,ｵｵﾀﾞｶ
1550,ｱｲﾁｼﾝｷﾝ,013,ﾄﾖｱｹ
1550,ｱｲﾁｼﾝｷﾝ,014,ｼﾂﾎﾟｳ
1550,ｱｲﾁｼﾝｷﾝ,015,ﾅｶｶﾞﾜ
1550,ｱｲﾁｼﾝｷﾝ,016,ｼﾏﾀﾞ
1550,ｱｲﾁｼﾝｷﾝ,017,ｳｴﾀﾞ
1550,ｱｲﾁｼﾝｷﾝ,018,ｵｹﾊｻﾞﾏ
1550,ｱｲﾁｼﾝｷﾝ,019,ﾐﾅﾄ
1550,ｱｲﾁｼﾝｷﾝ,020,ｲﾉｺｲｼ
1550,ｱｲﾁｼﾝｷﾝ,021,ﾆﾂｼﾝ
1551,ﾄﾖﾊｼｼﾝｷﾝ,002,ﾎﾝﾃﾝ
1551,ﾄﾖﾊｼｼﾝｷﾝ,003,ｺｲｹ
1551,ﾄﾖﾊｼｼﾝｷﾝ,005,ﾌﾀｶﾞﾜ
1551,ﾄﾖﾊｼｼﾝｷﾝ,006,ﾋｶﾞｼ
1551,ﾄﾖﾊｼｼﾝｷﾝ,007,ｼﾓﾁﾞ
1551,ﾄﾖﾊｼｼﾝｷﾝ,008,ｼﾝｼﾛ
1551,ﾄﾖﾊｼｼﾝｷﾝ,009,ﾀﾊﾗ
1551,ﾄﾖﾊｼｼﾝｷﾝ,010,ﾌｸｴ
1551,ﾄﾖﾊｼｼﾝｷﾝ,013,ﾐﾅﾐｻｶｴ
1551,ﾄﾖﾊｼｼﾝｷﾝ,014,ﾄﾖｶﾜ
1551,ﾄﾖﾊｼｼﾝｷﾝ,015,ｲﾊﾗ
1551,ﾄﾖﾊｼｼﾝｷﾝ,016,ﾄｲﾔﾏﾁ
1551,ﾄﾖﾊｼｼﾝｷﾝ,017,ﾆｼ
1551,ﾄﾖﾊｼｼﾝｷﾝ,018,ﾌｼﾞｻﾜ
1551,ﾄﾖﾊｼｼﾝｷﾝ,019,ｳｼｶﾜ
1551,ﾄﾖﾊｼｼﾝｷﾝ,020,ｼﾝｼﾞﾖﾊﾞﾗ
1551,ﾄﾖﾊｼｼﾝｷﾝ,021,ｲﾜﾆｼ
1551,ﾄﾖﾊｼｼﾝｷﾝ,022,ｻﾝﾎﾞﾝｷﾞ
1551,ﾄﾖﾊｼｼﾝｷﾝ,023,ｽﾜ
1551,ﾄﾖﾊｼｼﾝｷﾝ,024,ｲﾜﾀ
1551,ﾄﾖﾊｼｼﾝｷﾝ,025,ﾑｶｲﾔﾏ
1551,ﾄﾖﾊｼｼﾝｷﾝ,026,ﾑﾛ
1551,ﾄﾖﾊｼｼﾝｷﾝ,027,ﾖｼﾀﾞｶﾞﾀ
1551,ﾄﾖﾊｼｼﾝｷﾝ,028,ｲﾁﾉﾐﾔ
1551,ﾄﾖﾊｼｼﾝｷﾝ,029,ｺｻｲ
1551,ﾄﾖﾊｼｼﾝｷﾝ,030,ﾐﾅﾐｵｵﾄﾞｵﾘ
1551,ﾄﾖﾊｼｼﾝｷﾝ,031,ﾑｺｳｶﾞｵｶ
1551,ﾄﾖﾊｼｼﾝｷﾝ,032,ｱｶﾊﾞﾈ
1551,ﾄﾖﾊｼｼﾝｷﾝ,033,ｺｻﾞｶｲ
1551,ﾄﾖﾊｼｼﾝｷﾝ,034,ﾐﾕｷ
1551,ﾄﾖﾊｼｼﾝｷﾝ,035,ﾁﾕｳｵｳ
1551,ﾄﾖﾊｼｼﾝｷﾝ,036,ｱｽﾞﾏﾀﾞ
1551,ﾄﾖﾊｼｼﾝｷﾝ,037,ｵｵｲﾜ
1551,ﾄﾖﾊｼｼﾝｷﾝ,048,ｲﾝﾀ-ﾈﾂﾄ
1552,ｵｶｻﾞｷｼﾝｷﾝ,001,ﾎﾝﾃﾝ
1552,ｵｶｻﾞｷｼﾝｷﾝ,002,ﾎﾝﾏﾁ
1552,ｵｶｻﾞｷｼﾝｷﾝ,003,ﾃﾝﾏ
1552,ｵｶｻﾞｷｼﾝｷﾝ,004,ﾁﾕｳｵｳ
1552,ｵｶｻﾞｷｼﾝｷﾝ,006,ｲﾀﾞ
1552,ｵｶｻﾞｷｼﾝｷﾝ,007,ﾐｱｲ
1552,ｵｶｻﾞｷｼﾝｷﾝ,008,ｲﾜﾂﾞ
1552,ｵｶｻﾞｷｼﾝｷﾝ,009,ﾔﾊｷﾞ
1552,ｵｶｻﾞｷｼﾝｷﾝ,010,ﾌｸｵｶ
1552,ｵｶｻﾞｷｼﾝｷﾝ,011,ﾍｷﾅﾝ
1552,ｵｶｻﾞｷｼﾝｷﾝ,012,ｼﾝｶﾜ
1552,ｵｶｻﾞｷｼﾝｷﾝ,013,ｶﾘﾔ
1552,ｵｶｻﾞｷｼﾝｷﾝ,014,ﾄﾖﾀ
1552,ｵｶｻﾞｷｼﾝｷﾝ,015,ｱﾝｼﾞﾖｳ
1552,ｵｶｻﾞｷｼﾝｷﾝ,016,ﾍｲｻｶ
1552,ｵｶｻﾞｷｼﾝｷﾝ,017,ｶｻﾃﾞﾗ
1552,ｵｶｻﾞｷｼﾝｷﾝ,018,ｱﾂﾀ
1552,ｵｶｻﾞｷｼﾝｷﾝ,019,ｵﾄｳﾊﾞｼ
1552,ｵｶｻﾞｷｼﾝｷﾝ,020,ﾀｷｺ
1552,ｵｶｻﾞｷｼﾝｷﾝ,021,ﾀｶﾊﾏ
1552,ｵｶｻﾞｷｼﾝｷﾝ,022,ﾁﾘﾕｳ
1552,ｵｶｻﾞｷｼﾝｷﾝ,023,ｲｼｷ
1552,ｵｶｻﾞｷｼﾝｷﾝ,024,ﾊｽﾞ
1552,ｵｶｻﾞｷｼﾝｷﾝ,025,ﾅｺﾞﾔ
1552,ｵｶｻﾞｷｼﾝｷﾝ,026,ｶﾐﾏｴﾂﾞ
1552,ｵｶｻﾞｷｼﾝｷﾝ,027,ﾐﾅﾄ
1552,ｵｶｻﾞｷｼﾝｷﾝ,028,ﾔｽﾀﾞﾄﾞｵﾘ
1552,ｵｶｻﾞｷｼﾝｷﾝ,029,ｵｵｲｹﾁﾖｳ
1552,ｵｶｻﾞｷｼﾝｷﾝ,030,ﾀﾞｲｶﾝﾁﾖｳ
1552,ｵｶｻﾞｷｼﾝｷﾝ,031,ｼﾞﾖｳﾎｸ
1552,ｵｶｻﾞｷｼﾝｷﾝ,032,ﾊﾅﾀﾞ
1552,ｵｶｻﾞｷｼﾝｷﾝ,033,ﾄﾖﾀﾐﾅﾐ
1552,ｵｶｻﾞｷｼﾝｷﾝ,035,ﾐｽﾞﾎ
1552,ｵｶｻﾞｷｼﾝｷﾝ,036,ｼﾓﾁﾞ
1552,ｵｶｻﾞｷｼﾝｷﾝ,037,ｵｵﾌﾞ
1552,ｵｶｻﾞｷｼﾝｷﾝ,038,ﾒｲﾄｳ
1552,ｵｶｻﾞｷｼﾝｷﾝ,039,ｵﾀｲ
1552,ｵｶｻﾞｷｼﾝｷﾝ,040,ﾄﾖﾊｼ
1552,ｵｶｻﾞｷｼﾝｷﾝ,041,ﾓﾄｼﾞﾕｸ
1552,ｵｶｻﾞｷｼﾝｷﾝ,042,ｶﾘﾔﾋﾀﾞｶ
1552,ｵｶｻﾞｷｼﾝｷﾝ,043,ﾄﾖｱｹ
1552,ｵｶｻﾞｷｼﾝｷﾝ,044,ｲﾏﾑﾗ
1552,ｵｶｻﾞｷｼﾝｷﾝ,045,ﾅﾙﾐ
1552,ｵｶｻﾞｷｼﾝｷﾝ,046,ﾄﾖｶﾜ
1552,ｵｶｻﾞｷｼﾝｷﾝ,047,ﾆｼｵ
1552,ｵｶｻﾞｷｼﾝｷﾝ,048,ﾀｶｼ
1552,ｵｶｻﾞｷｼﾝｷﾝ,049,ﾐﾖｼ
1552,ｵｶｻﾞｷｼﾝｷﾝ,051,ｶｽｶﾞｲ
1552,ｵｶｻﾞｷｼﾝｷﾝ,053,ｳﾜｺﾞﾛﾓ
1552,ｵｶｻﾞｷｼﾝｷﾝ,054,ﾄﾖﾊｼｵｵｼﾐｽﾞ
1552,ｵｶｻﾞｷｼﾝｷﾝ,055,ﾄｳｺﾞｳ
1552,ｵｶｻﾞｷｼﾝｷﾝ,056,ﾋｶﾞｼｶﾘﾔ
1552,ｵｶｻﾞｷｼﾝｷﾝ,057,ﾑﾂﾅ
1552,ｵｶｻﾞｷｼﾝｷﾝ,058,ｷﾗ
1552,ｵｶｻﾞｷｼﾝｷﾝ,059,ﾀﾊﾗ
1552,ｵｶｻﾞｷｼﾝｷﾝ,060,ﾐﾅﾐｱﾝｼﾞﾖｳ
1552,ｵｶｻﾞｷｼﾝｷﾝ,061,ｲﾜﾀ
1552,ｵｶｻﾞｷｼﾝｷﾝ,062,ｺｳﾀ
1552,ｵｶｻﾞｷｼﾝｷﾝ,063,ﾈｲｼ
1552,ｵｶｻﾞｷｼﾝｷﾝ,064,ﾄﾖﾊｼﾊｼﾗ
1552,ｵｶｻﾞｷｼﾝｷﾝ,065,ﾄﾖﾀﾐｻﾄ
1552,ｵｶｻﾞｷｼﾝｷﾝ,066,ｶﾞﾏｺﾞｵﾘ
1552,ｵｶｻﾞｷｼﾝｷﾝ,067,ﾊﾝﾀﾞ
1552,ｵｶｻﾞｷｼﾝｷﾝ,068,ﾎｿｶﾜ
1552,ｵｶｻﾞｷｼﾝｷﾝ,069,ｱｹﾎﾞﾉ
1552,ｵｶｻﾞｷｼﾝｷﾝ,070,ﾅｶｶﾞﾜ
1552,ｵｶｻﾞｷｼﾝｷﾝ,071,ﾀﾂﾐｶﾞｵｶ
1552,ｵｶｻﾞｷｼﾝｷﾝ,072,ｵｶｻﾞｷｴｷﾆｼ
1552,ｵｶｻﾞｷｼﾝｷﾝ,073,ﾀｶｵｶ
1552,ｵｶｻﾞｷｼﾝｷﾝ,074,ﾐﾄﾞﾘｶﾞｵｶ
1552,ｵｶｻﾞｷｼﾝｷﾝ,075,ﾋﾅ
1552,ｵｶｻﾞｷｼﾝｷﾝ,076,ｳｼｶﾜ
1552,ｵｶｻﾞｷｼﾝｷﾝ,077,ﾏｴﾔﾏ
1552,ｵｶｻﾞｷｼﾝｷﾝ,078,ｲｹｳﾗ
1552,ｵｶｻﾞｷｼﾝｷﾝ,079,ﾊｼﾞﾖｳﾄﾞ
1552,ｵｶｻﾞｷｼﾝｷﾝ,080,ﾊｼﾒ
1552,ｵｶｻﾞｷｼﾝｷﾝ,081,ﾀﾞｲﾜ
1552,ｵｶｻﾞｷｼﾝｷﾝ,082,ｺｳ
1552,ｵｶｻﾞｷｼﾝｷﾝ,083,ﾌｿｳ
1552,ｵｶｻﾞｷｼﾝｷﾝ,084,ﾋﾄﾂｷﾞ
1552,ｵｶｻﾞｷｼﾝｷﾝ,085,ﾆｼｵﾐﾅﾐ
1552,ｵｶｻﾞｷｼﾝｷﾝ,086,ﾀｶﾊﾏﾋｶﾞｼ
1552,ｵｶｻﾞｷｼﾝｷﾝ,087,ｻﾄｳﾁﾖｳ
1552,ｵｶｻﾞｷｼﾝｷﾝ,088,ﾑﾂﾐ
1552,ｵｶｻﾞｷｼﾝｷﾝ,089,ｶﾐｻﾄ
1552,ｵｶｻﾞｷｼﾝｷﾝ,090,ｲﾅｸﾞﾏ
1552,ｵｶｻﾞｷｼﾝｷﾝ,091,ﾍｷﾅﾝﾁﾕｳｵｳ
1552,ｵｶｻﾞｷｼﾝｷﾝ,092,ｳｴｼﾞ
1552,ｵｶｻﾞｷｼﾝｷﾝ,093,ｵｶｻﾞｷﾐﾅﾐ
1552,ｵｶｻﾞｷｼﾝｷﾝ,094,ﾐｶﾜｱﾝｼﾞﾖｳ
1552,ｵｶｻﾞｷｼﾝｷﾝ,095,ﾏﾂﾊﾞ
1552,ｵｶｻﾞｷｼﾝｷﾝ,096,ｲﾂｼﾔ
1552,ｵｶｻﾞｷｼﾝｷﾝ,097,ﾅｶｼﾞﾏ
1552,ｵｶｻﾞｷｼﾝｷﾝ,099,ｵｶｻﾞｷｼﾔｸｼﾖ
1552,ｵｶｻﾞｷｼﾝｷﾝ,100,ﾋﾗﾊﾞﾘ
1552,ｵｶｻﾞｷｼﾝｷﾝ,101,ｵｶｼﾝｲﾝﾀ-ﾈﾂﾄ
1552,ｵｶｻﾞｷｼﾝｷﾝ,102,ｵｵﾀﾞｶ
1552,ｵｶｻﾞｷｼﾝｷﾝ,103,ﾇｶﾀ
1552,ｵｶｻﾞｷｼﾝｷﾝ,104,ｼﾞﾖｳｶﾏﾁ
1552,ｵｶｻﾞｷｼﾝｷﾝ,105,ﾂﾑｷﾞ
1552,ｵｶｻﾞｷｼﾝｷﾝ,106,ｵｶｻﾞｷｲﾘﾖｳｾﾝﾀ-ﾏｴ
1553,ｲﾁｲｼﾝｷﾝ,001,ﾎﾝﾃﾝ
1553,ｲﾁｲｼﾝｷﾝ,002,ｼﾝﾒｲﾂﾞ
1553,ｲﾁｲｼﾝｷﾝ,003,ｲﾁﾉﾐﾔ
1553,ｲﾁｲｼﾝｷﾝ,004,ｵｺｼ
1553,ｲﾁｲｼﾝｷﾝ,005,ｱｻﾞｲ
1553,ｲﾁｲｼﾝｷﾝ,006,ｴｷﾆｼ
1553,ｲﾁｲｼﾝｷﾝ,007,ｵｸﾁﾖｳ
1553,ｲﾁｲｼﾝｷﾝ,008,ｼﾞﾖｳｼﾝ
1553,ｲﾁｲｼﾝｷﾝ,009,ﾅｶﾑﾗ
1553,ｲﾁｲｼﾝｷﾝ,010,ｲﾅｻﾞﾜ
1553,ｲﾁｲｼﾝｷﾝ,011,ｼﾞﾓｸｼﾞ
1553,ｲﾁｲｼﾝｷﾝ,012,ｲﾜｸﾗ
1553,ｲﾁｲｼﾝｷﾝ,013,ﾅｶｶﾞﾜ
1553,ｲﾁｲｼﾝｷﾝ,015,ｼｶﾂ
1553,ｲﾁｲｼﾝｷﾝ,016,ﾐﾔﾆｼ
1553,ｲﾁｲｼﾝｷﾝ,017,ｺﾏｷ
1553,ｲﾁｲｼﾝｷﾝ,018,ﾔﾏﾄ
1553,ｲﾁｲｼﾝｷﾝ,019,ﾌｿｳ
1553,ｲﾁｲｼﾝｷﾝ,020,ﾋｶﾞｼｺｳﾅﾝ
1553,ｲﾁｲｼﾝｷﾝ,023,ﾁｱｷ
1553,ｲﾁｲｼﾝｷﾝ,024,ｲﾏｲｾ
1553,ｲﾁｲｼﾝｷﾝ,025,ﾊｸﾞﾘ
1553,ｲﾁｲｼﾝｷﾝ,026,ﾊｷﾞﾜﾗ
1553,ｲﾁｲｼﾝｷﾝ,027,ｵﾘﾂﾞ
1553,ｲﾁｲｼﾝｷﾝ,028,ｷﾀｶﾞﾀ
1553,ｲﾁｲｼﾝｷﾝ,029,ﾀﾝﾖｳ
1553,ｲﾁｲｼﾝｷﾝ,030,ｷﾖｽ
1553,ｲﾁｲｼﾝｷﾝ,031,ｵｵﾊﾙ
1553,ｲﾁｲｼﾝｷﾝ,032,ﾆｼﾅﾘ
1553,ｲﾁｲｼﾝｷﾝ,033,ﾒｲﾎｸ
1553,ｲﾁｲｼﾝｷﾝ,034,ﾋﾞｻｲ
1553,ｲﾁｲｼﾝｷﾝ,077,ﾂｼﾏ
1553,ｲﾁｲｼﾝｷﾝ,112,ｻﾔ
1553,ｲﾁｲｼﾝｷﾝ,113,ｶﾆｴ
1553,ｲﾁｲｼﾝｷﾝ,114,ｼﾂﾎﾟｳ
1553,ｲﾁｲｼﾝｷﾝ,116,ﾄﾐﾀﾞﾁﾖｳ
1553,ｲﾁｲｼﾝｷﾝ,121,ｴﾄｳ
1553,ｲﾁｲｼﾝｷﾝ,142,ｱｲﾎｸ
1553,ｲﾁｲｼﾝｷﾝ,143,ｺｳﾅﾝ
1553,ｲﾁｲｼﾝｷﾝ,144,ﾎﾃｲ
1553,ｲﾁｲｼﾝｷﾝ,145,ｲﾇﾔﾏ
1553,ｲﾁｲｼﾝｷﾝ,146,ｺﾏｷｷﾀ
1553,ｲﾁｲｼﾝｷﾝ,147,ﾆｼﾊﾙ
1553,ｲﾁｲｼﾝｷﾝ,148,ｲﾁﾉﾐﾔﾋｶﾞｼ
1553,ｲﾁｲｼﾝｷﾝ,149,ｶｼﾜﾓﾘ
1554,ｾﾄｼﾝｷﾝ,001,ｻｶｴﾏﾁ
1554,ｾﾄｼﾝｷﾝ,002,ｱｶﾂﾞ
1554,ｾﾄｼﾝｷﾝ,003,ｾﾄﾋｶﾞｼ
1554,ｾﾄｼﾝｷﾝ,006,ｼﾞﾕｳｻﾝﾊﾞｼ
1554,ｾﾄｼﾝｷﾝ,007,ﾎﾝﾃﾝ
1554,ｾﾄｼﾝｷﾝ,008,ｷﾖｳｴｲ
1554,ｾﾄｼﾝｷﾝ,009,ﾐｽﾞﾉ
1554,ｾﾄｼﾝｷﾝ,010,ｼﾅﾉ
1554,ｾﾄｼﾝｷﾝ,011,ｻﾝｺﾞｳ
1554,ｾﾄｼﾝｷﾝ,012,ﾓﾘﾔﾏ
1554,ｾﾄｼﾝｷﾝ,013,ﾅｺﾞﾔ
1554,ｾﾄｼﾝｷﾝ,014,ｵｵｿﾞﾈ
1554,ｾﾄｼﾝｷﾝ,015,ｸﾙﾏﾐﾁ
1554,ｾﾄｼﾝｷﾝ,016,ｲﾏｲｹ
1554,ｾﾄｼﾝｷﾝ,017,ｵｼｷﾘ
1554,ｾﾄｼﾝｷﾝ,018,ﾅｶﾑﾗ
1554,ｾﾄｼﾝｷﾝ,019,ｼﾉﾊﾗﾊﾞｼ
1554,ｾﾄｼﾝｷﾝ,020,ｴﾎｳ
1554,ｾﾄｼﾝｷﾝ,021,ﾐｽﾞﾎﾄﾞｵﾘ
1554,ｾﾄｼﾝｷﾝ,022,ｶｽｶﾞｲ
1554,ｾﾄｼﾝｷﾝ,023,ｼﾛﾐ
1554,ｾﾄｼﾝｷﾝ,024,ｱｼﾞﾖｼ
1554,ｾﾄｼﾝｷﾝ,025,ﾆｼﾔﾏ
1554,ｾﾄｼﾝｷﾝ,026,ﾋﾋﾞﾉ
1554,ｾﾄｼﾝｷﾝ,027,ｲﾉｺｲｼ
1554,ｾﾄｼﾝｷﾝ,028,ｵｵﾓﾘ
1554,ｾﾄｼﾝｷﾝ,029,ﾄﾖﾀ
1554,ｾﾄｼﾝｷﾝ,030,ﾋｼﾉ
1554,ｾﾄｼﾝｷﾝ,031,ﾅｶﾞｸﾃ
1554,ｾﾄｼﾝｷﾝ,032,ｵﾜﾘｱｻﾋ
1554,ｾﾄｼﾝｷﾝ,033,ｼｹﾝﾔ
1554,ｾﾄｼﾝｷﾝ,034,ｺｳｿﾞｳｼﾞ
1554,ｾﾄｼﾝｷﾝ,035,ﾆﾂｼﾝ
1554,ｾﾄｼﾝｷﾝ,036,ﾋｶﾞｼﾉ
1554,ｾﾄｼﾝｷﾝ,037,ｻﾅｹﾞ
1554,ｾﾄｼﾝｷﾝ,038,ﾆｼﾅｶﾞｸﾃ
1554,ｾﾄｼﾝｷﾝ,039,ｾﾄﾆｼ
1554,ｾﾄｼﾝｷﾝ,040,ｱｶｼｹﾞ
1554,ｾﾄｼﾝｷﾝ,041,ｶﾜﾑﾗ
1554,ｾﾄｼﾝｷﾝ,043,ｵｵﾉｷﾞ
1554,ｾﾄｼﾝｷﾝ,044,ﾔﾏｸﾞﾁ
1554,ｾﾄｼﾝｷﾝ,047,ｶﾐﾔｼﾛ
1554,ｾﾄｼﾝｷﾝ,048,ﾆｼﾊﾙ
1554,ｾﾄｼﾝｷﾝ,049,ｲｹｶﾞﾐ
1554,ｾﾄｼﾝｷﾝ,050,ﾃﾝﾊﾟｸ
1554,ｾﾄｼﾝｷﾝ,051,ｱｻﾋﾀﾞﾝﾁ
1554,ｾﾄｼﾝｷﾝ,052,ﾀｶｷﾞ
1554,ｾﾄｼﾝｷﾝ,053,ﾐｽﾞﾉﾀﾞﾝﾁ
1554,ｾﾄｼﾝｷﾝ,054,ﾎﾝｼﾞｶﾞﾊﾗ
1554,ｾﾄｼﾝｷﾝ,055,ﾆﾖｲ
1554,ｾﾄｼﾝｷﾝ,056,ﾄｳｺﾞｳ
1554,ｾﾄｼﾝｷﾝ,057,ｼﾞﾝﾘﾖｳ
1554,ｾﾄｼﾝｷﾝ,058,ﾅｴｼﾛ
1554,ｾﾄｼﾝｷﾝ,059,ﾀｼﾛ
1554,ｾﾄｼﾝｷﾝ,060,ﾀｶﾊﾞﾘ
1554,ｾﾄｼﾝｷﾝ,061,ﾌｼﾞｵｶ
1554,ｾﾄｼﾝｷﾝ,062,ｲﾝﾊﾞ
1554,ｾﾄｼﾝｷﾝ,063,ｶﾐﾉｸﾗ
1554,ｾﾄｼﾝｷﾝ,064,ｺｳﾊﾝ
1554,ｾﾄｼﾝｷﾝ,065,ﾏﾙﾔﾏ
1554,ｾﾄｼﾝｷﾝ,066,ｼﾞﾖｳﾎｸ
1554,ｾﾄｼﾝｷﾝ,068,ｺﾏｷ
1554,ｾﾄｼﾝｷﾝ,070,ｲﾜﾂｶ
1554,ｾﾄｼﾝｷﾝ,071,ﾂﾙｻﾄ
1554,ｾﾄｼﾝｷﾝ,072,ﾆｼﾋﾞﾜｼﾞﾏ
1554,ｾﾄｼﾝｷﾝ,073,ﾐﾅﾄ
1554,ｾﾄｼﾝｷﾝ,074,ｱﾂﾀ
1554,ｾﾄｼﾝｷﾝ,075,ﾌｼﾞｶﾞｵｶ
1554,ｾﾄｼﾝｷﾝ,076,ﾅﾙﾐ
1554,ｾﾄｼﾝｷﾝ,077,ﾅｶﾞｸﾃﾐﾅﾐ
1554,ｾﾄｼﾝｷﾝ,078,ﾅﾙﾐﾋｶﾞｼ
1554,ｾﾄｼﾝｷﾝ,123,ｲﾝﾀ-ﾈﾂﾄ
1555,ﾊﾝﾀﾞｼﾝｷﾝ,001,ﾎﾝﾃﾝ
1555,ﾊﾝﾀﾞｼﾝｷﾝ,002,ｵﾂｶﾜ
1555,ﾊﾝﾀﾞｼﾝｷﾝ,003,ﾅﾗﾜ
1555,ﾊﾝﾀﾞｼﾝｷﾝ,004,ｵｵﾌﾞ
1555,ﾊﾝﾀﾞｼﾝｷﾝ,005,ﾖｺｽｶ
1555,ﾊﾝﾀﾞｼﾝｷﾝ,006,ﾅｺﾞﾔﾐﾅﾐ
1555,ﾊﾝﾀﾞｼﾝｷﾝ,007,ｳｴﾉ
1555,ﾊﾝﾀﾞｼﾝｷﾝ,008,ﾁﾀ
1555,ﾊﾝﾀﾞｼﾝｷﾝ,009,ｽﾐﾖｼﾁﾖｳｴｷﾆｼ
1555,ﾊﾝﾀﾞｼﾝｷﾝ,010,ﾀﾂﾐｶﾞｵｶ
1555,ﾊﾝﾀﾞｼﾝｷﾝ,011,ｷﾖｳﾜ
1555,ﾊﾝﾀﾞｼﾝｷﾝ,013,ｱﾗｲ
1555,ﾊﾝﾀﾞｼﾝｷﾝ,014,ﾋｶﾞｼｳﾗ
1555,ﾊﾝﾀﾞｼﾝｷﾝ,015,ﾀｹﾄﾖ
1555,ﾊﾝﾀﾞｼﾝｷﾝ,016,ｱｸﾞｲ
1555,ﾊﾝﾀﾞｼﾝｷﾝ,017,ﾐﾊﾏ
1555,ﾊﾝﾀﾞｼﾝｷﾝ,019,ﾅﾜ
1555,ﾊﾝﾀﾞｼﾝｷﾝ,020,ﾀｹﾄﾖﾁﾕｳｵｳ
1555,ﾊﾝﾀﾞｼﾝｷﾝ,021,ﾄｺﾅﾒ
1556,ﾁﾀｼﾝｷﾝ,001,ｻｶｴﾏﾁ
1556,ﾁﾀｼﾝｷﾝ,002,ﾐｽﾞﾎ
1556,ﾁﾀｼﾝｷﾝ,003,ﾐﾅﾐ
1556,ﾁﾀｼﾝｷﾝ,004,ﾀｹﾄﾖ
1556,ﾁﾀｼﾝｷﾝ,005,ｵﾂｶﾜ
1556,ﾁﾀｼﾝｷﾝ,006,ｴｷﾏｴ
1556,ﾁﾀｼﾝｷﾝ,007,ｶﾒｻﾞｷ
1556,ﾁﾀｼﾝｷﾝ,008,ﾄｺﾅﾒﾁﾕｳｵｳ
1556,ﾁﾀｼﾝｷﾝ,009,ﾋｶﾞｼｳﾗ
1556,ﾁﾀｼﾝｷﾝ,010,ﾖｺｽｶ
1556,ﾁﾀｼﾝｷﾝ,011,ﾅｺﾞﾔﾐﾅﾐ
1556,ﾁﾀｼﾝｷﾝ,012,ｶｷﾞﾔ
1556,ﾁﾀｼﾝｷﾝ,013,ｵｶﾞﾜ
1556,ﾁﾀｼﾝｷﾝ,014,ｳｴﾉ
1556,ﾁﾀｼﾝｷﾝ,015,ｺｳﾜ
1556,ﾁﾀｼﾝｷﾝ,016,ｱｵﾔﾏ
1556,ﾁﾀｼﾝｷﾝ,017,ｱｸﾞｲ
1556,ﾁﾀｼﾝｷﾝ,018,ﾄｼﾖｶﾝﾏｴ
1556,ﾁﾀｼﾝｷﾝ,019,ｳﾂﾐ
1556,ﾁﾀｼﾝｷﾝ,020,ﾋｶﾞｼｶﾞｵｶ
1556,ﾁﾀｼﾝｷﾝ,021,ﾎﾝﾃﾝ
1556,ﾁﾀｼﾝｷﾝ,022,ｵｵﾌﾞ
1556,ﾁﾀｼﾝｷﾝ,023,ﾄﾖﾊﾏ
1556,ﾁﾀｼﾝｷﾝ,024,ﾁﾀ
1556,ﾁﾀｼﾝｷﾝ,025,ﾐﾊﾗ
1556,ﾁﾀｼﾝｷﾝ,026,ｲﾀﾔﾏ
1556,ﾁﾀｼﾝｷﾝ,027,ｱｵﾐ
1556,ﾁﾀｼﾝｷﾝ,029,ｼﾐｽﾞｶﾞｵｶ
1556,ﾁﾀｼﾝｷﾝ,030,ｱｽｶﾀﾞｲ
1556,ﾁﾀｼﾝｷﾝ,031,ｼﾝﾏｲｺ
1556,ﾁﾀｼﾝｷﾝ,032,ｵｸﾀﾞ
1556,ﾁﾀｼﾝｷﾝ,033,ﾓﾛｻﾞｷ
1556,ﾁﾀｼﾝｷﾝ,034,ｽﾅｶﾞﾜ
1556,ﾁﾀｼﾝｷﾝ,035,ｱﾘﾏﾂ
1556,ﾁﾀｼﾝｷﾝ,036,ｷﾖｳﾜｴｷﾏｴ
1556,ﾁﾀｼﾝｷﾝ,037,ｶﾘﾔ
1557,ﾄﾖｶﾜｼﾝｷﾝ,001,ﾎﾝﾃﾝ
1557,ﾄﾖｶﾜｼﾝｷﾝ,002,ｳｼｸﾎﾞ
1557,ﾄﾖｶﾜｼﾝｷﾝ,003,ｽﾜ
1557,ﾄﾖｶﾜｼﾝｷﾝ,004,ｺｳ
1557,ﾄﾖｶﾜｼﾝｷﾝ,005,ﾐﾄ
1557,ﾄﾖｶﾜｼﾝｷﾝ,006,ｺｻﾞｶｲ
1557,ﾄﾖｶﾜｼﾝｷﾝ,007,ﾄﾖﾊｼ
1557,ﾄﾖｶﾜｼﾝｷﾝ,009,ｲﾁﾉﾐﾔ
1557,ﾄﾖｶﾜｼﾝｷﾝ,010,ﾄﾖﾊｼﾆｼ
1557,ﾄﾖｶﾜｼﾝｷﾝ,011,ｶﾞﾏｺﾞｵﾘ
1557,ﾄﾖｶﾜｼﾝｷﾝ,012,ｼﾝｻｸﾗ
1557,ﾄﾖｶﾜｼﾝｷﾝ,013,ｲﾅﾘ
1557,ﾄﾖｶﾜｼﾝｷﾝ,014,ﾔﾖｲ
1557,ﾄﾖｶﾜｼﾝｷﾝ,015,ｺﾞﾕ
1557,ﾄﾖｶﾜｼﾝｷﾝ,016,ﾐﾉﾜ
1557,ﾄﾖｶﾜｼﾝｷﾝ,017,ﾊﾁﾅﾝ
1557,ﾄﾖｶﾜｼﾝｷﾝ,019,ﾌﾀｶﾞﾜ
1557,ﾄﾖｶﾜｼﾝｷﾝ,021,ｵﾄﾜ
1557,ﾄﾖｶﾜｼﾝｷﾝ,022,ｿﾞｳｼ
1557,ﾄﾖｶﾜｼﾝｷﾝ,023,ｳｼｶﾜ
1557,ﾄﾖｶﾜｼﾝｷﾝ,024,ｶﾞﾏｺﾞｵﾘﾆｼ
1557,ﾄﾖｶﾜｼﾝｷﾝ,025,ｻﾄｳﾁﾖｳ
1557,ﾄﾖｶﾜｼﾝｷﾝ,026,ｵｵｼﾐｽﾞ
1557,ﾄﾖｶﾜｼﾝｷﾝ,027,ﾎｳﾗｲ
1557,ﾄﾖｶﾜｼﾝｷﾝ,028,ﾀﾊﾗ
1557,ﾄﾖｶﾜｼﾝｷﾝ,029,ﾕﾀｶ
1557,ﾄﾖｶﾜｼﾝｷﾝ,030,ｻﾝｿﾞｳｺﾞ
1557,ﾄﾖｶﾜｼﾝｷﾝ,031,ｺﾓｸﾞﾁ
1557,ﾄﾖｶﾜｼﾝｷﾝ,032,ﾌｼﾞｻﾜ
1557,ﾄﾖｶﾜｼﾝｷﾝ,034,ｼﾝｼﾛﾁﾕｳｵｳ
1557,ﾄﾖｶﾜｼﾝｷﾝ,036,ﾄｳｴｲ
1557,ﾄﾖｶﾜｼﾝｷﾝ,040,ｵｶｻﾞｷ
1557,ﾄﾖｶﾜｼﾝｷﾝ,041,ﾓﾄｼﾞﾕｸ
1557,ﾄﾖｶﾜｼﾝｷﾝ,043,ｺｳﾀ
1557,ﾄﾖｶﾜｼﾝｷﾝ,050,ｲﾝﾀ-ﾈﾂﾄ
1559,ﾄﾖﾀｼﾝｷﾝ,011,ﾎﾝﾃﾝ
1559,ﾄﾖﾀｼﾝｷﾝ,012,ﾜｶﾐﾔ
1559,ﾄﾖﾀｼﾝｷﾝ,013,ﾔﾏﾉﾃ
1559,ﾄﾖﾀｼﾝｷﾝ,014,ﾄﾖﾀﾁﾖｳ
1559,ﾄﾖﾀｼﾝｷﾝ,015,ﾀｶﾊｼ
1559,ﾄﾖﾀｼﾝｷﾝ,016,ｶﾐｺﾞｳ
1559,ﾄﾖﾀｼﾝｷﾝ,017,ﾀｶｵｶ
1559,ﾄﾖﾀｼﾝｷﾝ,018,ｶﾐｲｹ
1559,ﾄﾖﾀｼﾝｷﾝ,019,ｱｻﾋ
1559,ﾄﾖﾀｼﾝｷﾝ,020,ｱｵｷ
1559,ﾄﾖﾀｼﾝｷﾝ,021,ｻﾅｹﾞ
1559,ﾄﾖﾀｼﾝｷﾝ,022,ﾔﾂﾊｼ
1559,ﾄﾖﾀｼﾝｷﾝ,023,ｼﾞﾝﾅｶ
1559,ﾄﾖﾀｼﾝｷﾝ,024,ﾂﾁﾊｼ
1559,ﾄﾖﾀｼﾝｷﾝ,025,ﾎﾐ
1559,ﾄﾖﾀｼﾝｷﾝ,026,ﾂﾂﾐ
1559,ﾄﾖﾀｼﾝｷﾝ,027,ﾀﾅｶ
1559,ﾄﾖﾀｼﾝｷﾝ,028,ｵｶｻﾞｷｷﾀ
1559,ﾄﾖﾀｼﾝｷﾝ,029,ｵｶｻﾞｷ
1559,ﾄﾖﾀｼﾝｷﾝ,030,ｶﾘﾔｷﾀ
1559,ﾄﾖﾀｼﾝｷﾝ,031,ﾐﾖｼ
1559,ﾄﾖﾀｼﾝｷﾝ,032,ﾐﾖｼｷﾀ
1559,ﾄﾖﾀｼﾝｷﾝ,035,ﾌｼﾞｵｶ
1559,ﾄﾖﾀｼﾝｷﾝ,036,ﾆﾂｼﾝ
1559,ﾄﾖﾀｼﾝｷﾝ,037,ﾄｳｺﾞｳ
1559,ﾄﾖﾀｼﾝｷﾝ,038,ｲﾘｶﾞｲｹ
1559,ﾄﾖﾀｼﾝｷﾝ,039,ｺﾒﾉｷ
1559,ﾄﾖﾀｼﾝｷﾝ,041,ｱｽｹ
1559,ﾄﾖﾀｼﾝｷﾝ,045,ｲﾅﾌﾞ
1559,ﾄﾖﾀｼﾝｷﾝ,051,ﾃﾝﾊﾟｸ
1559,ﾄﾖﾀｼﾝｷﾝ,052,ﾉﾅﾐ
1559,ﾄﾖﾀｼﾝｷﾝ,053,ﾒｲﾄｳ
1559,ﾄﾖﾀｼﾝｷﾝ,060,ｵｵﾊﾞﾔｼ
1559,ﾄﾖﾀｼﾝｷﾝ,061,ﾉﾐﾔﾏ
1559,ﾄﾖﾀｼﾝｷﾝ,062,ｲﾉｳｴ
1559,ﾄﾖﾀｼﾝｷﾝ,063,ｼﾓｲﾁﾊﾞ
1559,ﾄﾖﾀｼﾝｷﾝ,064,ﾓﾄﾏﾁ
1559,ﾄﾖﾀｼﾝｷﾝ,065,ｼﾞﾖｳｽｲ
1559,ﾄﾖﾀｼﾝｷﾝ,066,ﾐｶﾜｱﾝｼﾞﾖｳ
1559,ﾄﾖﾀｼﾝｷﾝ,067,ﾐｱｲ
1559,ﾄﾖﾀｼﾝｷﾝ,081,ﾄﾖﾀｴｷﾏｴ
1559,ﾄﾖﾀｼﾝｷﾝ,088,ﾄﾖｼﾝｲﾝﾀ-ﾈﾂﾄ
1560,ﾍｷｶｲｼﾝｷﾝ,001,ﾎﾝﾃﾝ
1560,ﾍｷｶｲｼﾝｷﾝ,002,ﾁﾘﾕｳ
1560,ﾍｷｶｲｼﾝｷﾝ,003,ｶﾘﾔ
1560,ﾍｷｶｲｼﾝｷﾝ,004,ﾀｶﾊﾏ
1560,ﾍｷｶｲｼﾝｷﾝ,005,ｻｸﾗｲ
1560,ﾍｷｶｲｼﾝｷﾝ,006,ｱﾘﾏﾂ
1560,ﾍｷｶｲｼﾝｷﾝ,007,ﾅｶｼﾞﾏ
1560,ﾍｷｶｲｼﾝｷﾝ,008,ﾍｷﾅﾝ
1560,ﾍｷｶｲｼﾝｷﾝ,009,ｵｶｻﾞｷ
1560,ﾍｷｶｲｼﾝｷﾝ,010,ﾅﾙﾐ
1560,ﾍｷｶｲｼﾝｷﾝ,011,ﾅｺﾞﾔﾐﾅﾐ
1560,ﾍｷｶｲｼﾝｷﾝ,012,ﾄﾖﾀ
1560,ﾍｷｶｲｼﾝｷﾝ,013,ｲﾏﾑﾗ
1560,ﾍｷｶｲｼﾝｷﾝ,014,ﾄﾖｱｹ
1560,ﾍｷｶｲｼﾝｷﾝ,015,ｵｵﾌﾞ
1560,ﾍｷｶｲｼﾝｷﾝ,016,ﾄｳｶｲ
1560,ﾍｷｶｲｼﾝｷﾝ,017,ﾐﾖｼ
1560,ﾍｷｶｲｼﾝｷﾝ,018,ﾄｳｺﾞｳ
1560,ﾍｷｶｲｼﾝｷﾝ,019,ﾆｼｵ
1560,ﾍｷｶｲｼﾝｷﾝ,020,ｵｶｻﾞｷｷﾀ
1560,ﾍｷｶｲｼﾝｷﾝ,021,ﾋｶﾞｼｶﾘﾔ
1560,ﾍｷｶｲｼﾝｷﾝ,022,ﾄﾖﾀﾆｼ
1560,ﾍｷｶｲｼﾝｷﾝ,023,ﾔﾊｷﾞ
1560,ﾍｷｶｲｼﾝｷﾝ,024,ﾀｶｵｶ
1560,ﾍｷｶｲｼﾝｷﾝ,025,ｻﾙﾋﾞｱ
1560,ﾍｷｶｲｼﾝｷﾝ,026,ﾌｼﾞﾏﾂ
1560,ﾍｷｶｲｼﾝｷﾝ,027,ﾋｶﾞｼﾊﾞﾀ
1560,ﾍｷｶｲｼﾝｷﾝ,028,ﾐﾅﾐｱﾝｼﾞﾖｳ
1560,ﾍｷｶｲｼﾝｷﾝ,029,ﾄﾖﾀﾐﾅﾐ
1560,ﾍｷｶｲｼﾝｷﾝ,030,ﾃﾝﾊﾟｸ
1560,ﾍｷｶｲｼﾝｷﾝ,032,ｵｶｻﾞｷﾐﾅﾐ
1560,ﾍｷｶｲｼﾝｷﾝ,033,ﾖｼﾊﾏ
1560,ﾍｷｶｲｼﾝｷﾝ,034,ｶﾘﾔｷﾀ
1560,ﾍｷｶｲｼﾝｷﾝ,035,ｺｳﾀ
1560,ﾍｷｶｲｼﾝｷﾝ,036,ﾆｼｵｷﾀ
1560,ﾍｷｶｲｼﾝｷﾝ,037,ｼﾞﾖｳﾅﾝ
1560,ﾍｷｶｲｼﾝｷﾝ,038,ﾄﾖｱｹｷﾀ
1560,ﾍｷｶｲｼﾝｷﾝ,039,ﾋｶﾞｼｳﾗ
1560,ﾍｷｶｲｼﾝｷﾝ,040,ｶﾐﾜﾀﾞ
1560,ﾍｷｶｲｼﾝｷﾝ,041,ﾅﾝﾖｳ
1560,ﾍｷｶｲｼﾝｷﾝ,042,ﾍｷﾅﾝﾁﾕｳｵｳ
1560,ﾍｷｶｲｼﾝｷﾝ,043,ﾀﾂﾐｶﾞｵｶ
1560,ﾍｷｶｲｼﾝｷﾝ,044,ｵｶｻﾞｷﾋｶﾞｼ
1560,ﾍｷｶｲｼﾝｷﾝ,045,ｼﾝｱﾝｼﾞﾖｳ
1560,ﾍｷｶｲｼﾝｷﾝ,046,ｲｽﾞﾐ
1560,ﾍｷｶｲｼﾝｷﾝ,047,ｵｵﾌﾞﾁﾕｳｵｳ
1560,ﾍｷｶｲｼﾝｷﾝ,048,ｵｶﾞｷｴ
1560,ﾍｷｶｲｼﾝｷﾝ,049,ﾌｸｵｶ
1560,ﾍｷｶｲｼﾝｷﾝ,050,ｶｷﾞﾔ
1560,ﾍｷｶｲｼﾝｷﾝ,051,ﾄﾖﾀﾋｶﾞｼ
1560,ﾍｷｶｲｼﾝｷﾝ,052,ﾐﾄﾞﾘ
1560,ﾍｷｶｲｼﾝｷﾝ,053,ﾀｶﾊﾏﾁﾕｳｵｳ
1560,ﾍｷｶｲｼﾝｷﾝ,054,ﾋｶﾞｼｻﾞｶｲ
1560,ﾍｷｶｲｼﾝｷﾝ,055,ﾋﾄﾂｷﾞ
1560,ﾍｷｶｲｼﾝｷﾝ,056,ｶﾐｺﾞｳ
1560,ﾍｷｶｲｼﾝｷﾝ,057,ｲﾅｸﾞﾏ
1560,ﾍｷｶｲｼﾝｷﾝ,058,ｵﾂｶﾜ
1560,ﾍｷｶｲｼﾝｷﾝ,059,ﾆｼｵﾆｼ
1560,ﾍｷｶｲｼﾝｷﾝ,060,ｶﾘﾔﾐﾅﾐ
1560,ﾍｷｶｲｼﾝｷﾝ,061,ｲﾜﾂﾞ
1560,ﾍｷｶｲｼﾝｷﾝ,062,ｷﾀｼﾝｶﾜ
1560,ﾍｷｶｲｼﾝｷﾝ,063,ﾐｱｲ
1560,ﾍｷｶｲｼﾝｷﾝ,064,ﾊﾝﾀﾞ
1560,ﾍｷｶｲｼﾝｷﾝ,065,ﾄﾖｱｹﾐﾅﾐ
1560,ﾍｷｶｲｼﾝｷﾝ,066,ﾄｳｶｲｷﾀ
1560,ﾍｷｶｲｼﾝｷﾝ,067,ﾄﾖﾀｺﾄﾌﾞｷﾁﾖｳ
1560,ﾍｷｶｲｼﾝｷﾝ,068,ｶﾘﾔｻｲﾜｲﾁﾖｳ
1560,ﾍｷｶｲｼﾝｷﾝ,069,ﾄﾖﾀｱｻﾋ
1560,ﾍｷｶｲｼﾝｷﾝ,070,ﾁﾀ
1560,ﾍｷｶｲｼﾝｷﾝ,071,ﾐｶﾜｱﾝｼﾞﾖｳ
1560,ﾍｷｶｲｼﾝｷﾝ,072,ﾅﾙﾐﾋｶﾞｼ
1560,ﾍｷｶｲｼﾝｷﾝ,073,ﾁﾘﾕｳﾐﾅﾐ
1560,ﾍｷｶｲｼﾝｷﾝ,074,ｵｵﾌﾞﾆｼ
1560,ﾍｷｶｲｼﾝｷﾝ,075,ﾅｺﾞﾔ
1560,ﾍｷｶｲｼﾝｷﾝ,076,ﾅｺﾞﾔﾄﾞ-ﾑﾏｴ
1560,ﾍｷｶｲｼﾝｷﾝ,077,ﾐｿﾉ
1560,ﾍｷｶｲｼﾝｷﾝ,078,ｽﾏｲﾙﾈﾂﾄ
1561,ﾆｼｵｼﾝｷﾝ,011,ﾎﾝﾃﾝ
1561,ﾆｼｵｼﾝｷﾝ,012,ﾃﾗﾂﾞ
1561,ﾆｼｵｼﾝｷﾝ,013,ﾊｽﾞ
1561,ﾆｼｵｼﾝｷﾝ,014,ﾖﾈﾂﾞ
1561,ﾆｼｵｼﾝｷﾝ,015,ﾖｺｽｶ
1561,ﾆｼｵｼﾝｷﾝ,016,ﾖｼﾀﾞ
1561,ﾆｼｵｼﾝｷﾝ,017,ｶﾀﾊﾗ
1561,ﾆｼｵｼﾝｷﾝ,018,ｲｼｷ
1561,ﾆｼｵｼﾝｷﾝ,019,ﾍｲｻｶ
1561,ﾆｼｵｼﾝｷﾝ,020,ﾍｷﾅﾝ
1561,ﾆｼｵｼﾝｷﾝ,021,ｶﾘﾔ
1561,ﾆｼｵｼﾝｷﾝ,022,ﾅﾙﾐ
1561,ﾆｼｵｼﾝｷﾝ,023,ｼﾊﾞﾀ
1561,ﾆｼｵｼﾝｷﾝ,024,ﾁﾘﾕｳ
1561,ﾆｼｵｼﾝｷﾝ,025,ｺｳﾀﾞ
1561,ﾆｼｵｼﾝｷﾝ,026,ｱﾝｼﾞﾖｳ
1561,ﾆｼｵｼﾝｷﾝ,027,ﾋｶﾞｼｶﾘﾔ
1561,ﾆｼｵｼﾝｷﾝ,028,ｵｶｻﾞｷ
1561,ﾆｼｵｼﾝｷﾝ,029,ｼﾝｱﾝｼﾞﾖｳ
1561,ﾆｼｵｼﾝｷﾝ,030,ｵｶｻﾞｷﾐﾅﾐ
1561,ﾆｼｵｼﾝｷﾝ,031,ﾄﾖｱｹ
1561,ﾆｼｵｼﾝｷﾝ,032,ﾐｱｲ
1561,ﾆｼｵｼﾝｷﾝ,033,ﾁﾕｳｵｳ
1561,ﾆｼｵｼﾝｷﾝ,034,ｳﾄｳ
1561,ﾆｼｵｼﾝｷﾝ,035,ｵｶﾞｷｴ
1561,ﾆｼｵｼﾝｷﾝ,036,ﾔﾀ
1561,ﾆｼｵｼﾝｷﾝ,037,ｻｸﾗｲ
1561,ﾆｼｵｼﾝｷﾝ,038,ﾅｶｼﾞﾏ
1561,ﾆｼｵｼﾝｷﾝ,039,ﾂｼﾞ
1561,ﾆｼｵｼﾝｷﾝ,040,ｶﾘﾔﾐﾅﾐ
1561,ﾆｼｵｼﾝｷﾝ,041,ｵｶｻﾞｷｴｷﾆｼ
1561,ﾆｼｵｼﾝｷﾝ,042,ﾀｶﾊﾏ
1561,ﾆｼｵｼﾝｷﾝ,043,ｵｶｻﾞｷｷﾀ
1561,ﾆｼｵｼﾝｷﾝ,044,ｼﾓﾏﾁ
1561,ﾆｼｵｼﾝｷﾝ,045,ﾅﾗﾜ
1561,ﾆｼｵｼﾝｷﾝ,046,ﾌｼﾞﾏﾂ
1561,ﾆｼｵｼﾝｷﾝ,047,ｺｳﾀﾞｷﾀ
1561,ﾆｼｵｼﾝｷﾝ,048,ﾑﾂﾐ
1561,ﾆｼｵｼﾝｷﾝ,049,ﾔﾊｷﾞ
1561,ﾆｼｵｼﾝｷﾝ,050,ﾊﾝﾀﾞ
1561,ﾆｼｵｼﾝｷﾝ,051,ｶﾒｻﾞｷ
1561,ﾆｼｵｼﾝｷﾝ,052,ｻｸﾗﾏﾁ
1561,ﾆｼｵｼﾝｷﾝ,053,ﾆｼｵｶｻﾞｷ
1561,ﾆｼｵｼﾝｷﾝ,054,ﾌｸﾁ
1561,ﾆｼｵｼﾝｷﾝ,055,ｵｵﾌﾞｷﾖｳﾜ
1561,ﾆｼｵｼﾝｷﾝ,056,ﾎﾝﾃﾝｿｳﾀﾞﾝﾌﾟﾗｻﾞ
1561,ﾆｼｵｼﾝｷﾝ,057,ｶﾞﾏｺﾞｵﾘ
1561,ﾆｼｵｼﾝｷﾝ,058,ﾄｺﾅﾒ
1561,ﾆｼｵｼﾝｷﾝ,077,ﾆｼｵｼﾝｷﾝｲﾝﾀ-ﾈﾂﾄ
1562,ｶﾞﾏｺﾞｵﾘｼﾝｷﾝ,031,ﾎﾝﾃﾝ
1562,ｶﾞﾏｺﾞｵﾘｼﾝｷﾝ,032,ｶﾞﾏｺﾞｵﾘｼﾔｸｼﾖ
1562,ｶﾞﾏｺﾞｵﾘｼﾝｷﾝ,035,ﾐﾔ
1562,ｶﾞﾏｺﾞｵﾘｼﾝｷﾝ,036,ｶﾀﾊﾗ
1562,ｶﾞﾏｺﾞｵﾘｼﾝｷﾝ,037,ﾆｼｳﾗ
1562,ｶﾞﾏｺﾞｵﾘｼﾝｷﾝ,038,ｵｵﾂｶ
1562,ｶﾞﾏｺﾞｵﾘｼﾝｷﾝ,039,ﾂﾙｶﾞﾊﾏ
1562,ｶﾞﾏｺﾞｵﾘｼﾝｷﾝ,040,ﾐﾔｷﾀﾄﾞｵﾘ
1562,ｶﾞﾏｺﾞｵﾘｼﾝｷﾝ,041,ﾐﾄﾞﾘｶﾞｵｶ
1562,ｶﾞﾏｺﾞｵﾘｼﾝｷﾝ,043,ｻﾝｶﾞﾈ
1562,ｶﾞﾏｺﾞｵﾘｼﾝｷﾝ,044,ﾊｽﾞ
1562,ｶﾞﾏｺﾞｵﾘｼﾝｷﾝ,047,ﾐﾄ
1562,ｶﾞﾏｺﾞｵﾘｼﾝｷﾝ,048,ｵｶｻﾞｷﾐﾅﾐ
1562,ｶﾞﾏｺﾞｵﾘｼﾝｷﾝ,051,ﾄﾖﾊｼ
1562,ｶﾞﾏｺﾞｵﾘｼﾝｷﾝ,052,ﾊﾅﾀﾞ
1562,ｶﾞﾏｺﾞｵﾘｼﾝｷﾝ,054,ﾐﾅﾐｻｶｴ
1562,ｶﾞﾏｺﾞｵﾘｼﾝｷﾝ,055,ﾄﾖｶﾜ
1562,ｶﾞﾏｺﾞｵﾘｼﾝｷﾝ,056,ﾑﾛ
1562,ｶﾞﾏｺﾞｵﾘｼﾝｷﾝ,057,ｱｽﾞﾏﾀﾞ
1562,ｶﾞﾏｺﾞｵﾘｼﾝｷﾝ,058,ｱｹﾎﾞﾉ
1562,ｶﾞﾏｺﾞｵﾘｼﾝｷﾝ,059,ｲﾜﾀ
1562,ｶﾞﾏｺﾞｵﾘｼﾝｷﾝ,060,ﾏｴﾀﾞﾐﾅﾐ
1562,ｶﾞﾏｺﾞｵﾘｼﾝｷﾝ,061,ﾀﾊﾗ
1562,ｶﾞﾏｺﾞｵﾘｼﾝｷﾝ,062,ｱﾂﾐ
1562,ｶﾞﾏｺﾞｵﾘｼﾝｷﾝ,063,ｵｵｼﾐｽﾞ
1562,ｶﾞﾏｺﾞｵﾘｼﾝｷﾝ,064,ﾄﾖｶﾜｷﾀ
1562,ｶﾞﾏｺﾞｵﾘｼﾝｷﾝ,065,ｺｻﾞｶｲ
1562,ｶﾞﾏｺﾞｵﾘｼﾝｷﾝ,067,ﾀｶｵｶ
1562,ｶﾞﾏｺﾞｵﾘｼﾝｷﾝ,068,ﾀﾒ
1562,ｶﾞﾏｺﾞｵﾘｼﾝｷﾝ,071,ﾄｳｺｳﾄﾞｵﾘ
1562,ｶﾞﾏｺﾞｵﾘｼﾝｷﾝ,072,ﾐｽﾞﾎﾄﾞｵﾘ
1562,ｶﾞﾏｺﾞｵﾘｼﾝｷﾝ,073,ﾅｺﾞﾔﾐﾅﾐ
1562,ｶﾞﾏｺﾞｵﾘｼﾝｷﾝ,074,ｵｶｻﾞｷｷﾀ
1562,ｶﾞﾏｺﾞｵﾘｼﾝｷﾝ,075,ﾔｵﾄﾐ
1562,ｶﾞﾏｺﾞｵﾘｼﾝｷﾝ,076,ｵｶｻﾞｷｴｷﾋｶﾞｼ
1562,ｶﾞﾏｺﾞｵﾘｼﾝｷﾝ,077,ｼﾓﾏﾁ
1562,ｶﾞﾏｺﾞｵﾘｼﾝｷﾝ,091,ｲﾑﾚ
1562,ｶﾞﾏｺﾞｵﾘｼﾝｷﾝ,092,ﾌﾀｶﾞﾜ
1562,ｶﾞﾏｺﾞｵﾘｼﾝｷﾝ,093,ﾊｼﾗ
1562,ｶﾞﾏｺﾞｵﾘｼﾝｷﾝ,094,ｿﾞｳｼ
1562,ｶﾞﾏｺﾞｵﾘｼﾝｷﾝ,095,ｺｳ
1562,ｶﾞﾏｺﾞｵﾘｼﾝｷﾝ,096,ｻﾄｳﾁﾖｳ
1562,ｶﾞﾏｺﾞｵﾘｼﾝｷﾝ,097,ｺｻｲ
1562,ｶﾞﾏｺﾞｵﾘｼﾝｷﾝ,098,ｼﾝｼﾛ
1563,ﾋﾞｻｲｼﾝｷﾝ,001,ﾎﾝﾃﾝ
1563,ﾋﾞｻｲｼﾝｷﾝ,002,ﾊｷﾞﾜﾗ
1563,ﾋﾞｻｲｼﾝｷﾝ,003,ｲﾁﾉﾐﾔ
1563,ﾋﾞｻｲｼﾝｷﾝ,004,ｶﾐﾔﾏ
1563,ﾋﾞｻｲｼﾝｷﾝ,005,ｲﾏｲｾ
1563,ﾋﾞｻｲｼﾝｷﾝ,006,ｲﾅｻﾞﾜ
1563,ﾋﾞｻｲｼﾝｷﾝ,007,ﾅｺﾞﾔﾆｼ
1563,ﾋﾞｻｲｼﾝｷﾝ,008,ﾅｺﾞﾔﾔﾏﾀﾞ
1563,ﾋﾞｻｲｼﾝｷﾝ,009,ｿﾌﾞｴ
1563,ﾋﾞｻｲｼﾝｷﾝ,010,ﾅｶｼﾞﾏ
1563,ﾋﾞｻｲｼﾝｷﾝ,011,ﾍｲﾜ
1563,ﾋﾞｻｲｼﾝｷﾝ,012,ｻﾁﾊﾗ
1563,ﾋﾞｻｲｼﾝｷﾝ,013,ﾊｼﾏ
1563,ﾋﾞｻｲｼﾝｷﾝ,014,ｷｿｶﾞﾜ
1563,ﾋﾞｻｲｼﾝｷﾝ,015,ﾆｼﾅﾘ
1563,ﾋﾞｻｲｼﾝｷﾝ,016,ｺｳｴﾝﾄﾞｵﾘ
1563,ﾋﾞｻｲｼﾝｷﾝ,017,ｺﾉﾌﾞ
1563,ﾋﾞｻｲｼﾝｷﾝ,018,ﾄﾐﾀﾞ
1563,ﾋﾞｻｲｼﾝｷﾝ,019,ｲﾁﾉﾐﾔﾋｶﾞｼ
1563,ﾋﾞｻｲｼﾝｷﾝ,020,ｵｵｻﾄ
1563,ﾋﾞｻｲｼﾝｷﾝ,021,ｽｴﾋﾛ
1563,ﾋﾞｻｲｼﾝｷﾝ,022,ｲﾏﾆｼ
1563,ﾋﾞｻｲｼﾝｷﾝ,023,ｷｿｶﾞﾜﾋｶﾞｼ
1563,ﾋﾞｻｲｼﾝｷﾝ,024,ﾃﾞﾝﾎﾟｳｼﾞ
1565,ﾁﾕｳﾆﾁｼﾝｷﾝ,001,ｼﾝｶﾜ
1565,ﾁﾕｳﾆﾁｼﾝｷﾝ,002,ｻｺｳ
1565,ﾁﾕｳﾆﾁｼﾝｷﾝ,003,ｼﾞﾖｳｼﾝ
1565,ﾁﾕｳﾆﾁｼﾝｷﾝ,004,ｶﾐｲｲﾀﾞ
1565,ﾁﾕｳﾆﾁｼﾝｷﾝ,005,ﾔﾀﾞ
1565,ﾁﾕｳﾆﾁｼﾝｷﾝ,006,ﾅｶｶﾞﾜ
1565,ﾁﾕｳﾆﾁｼﾝｷﾝ,007,ﾓﾘﾔﾏ
1565,ﾁﾕｳﾆﾁｼﾝｷﾝ,008,ﾆｼﾊﾙ
1565,ﾁﾕｳﾆﾁｼﾝｷﾝ,009,ｷﾖｽ
1565,ﾁﾕｳﾆﾁｼﾝｷﾝ,010,ﾅｺﾞﾔｸｳｺｳﾏｴ
1565,ﾁﾕｳﾆﾁｼﾝｷﾝ,011,ｼﾞﾓｸｼﾞ
1565,ﾁﾕｳﾆﾁｼﾝｷﾝ,012,ﾒｲﾄｳ
1565,ﾁﾕｳﾆﾁｼﾝｷﾝ,013,ﾌｼﾞｼﾏ
1565,ﾁﾕｳﾆﾁｼﾝｷﾝ,014,ﾅｺﾞﾔ
1565,ﾁﾕｳﾆﾁｼﾝｷﾝ,015,ﾆｼﾋﾞﾜｼﾞﾏ
1565,ﾁﾕｳﾆﾁｼﾝｷﾝ,016,ｵﾜﾘｱｻﾋ
1565,ﾁﾕｳﾆﾁｼﾝｷﾝ,017,ｺｳｼﾞﾖｳ
1565,ﾁﾕｳﾆﾁｼﾝｷﾝ,018,ﾎﾝﾃﾝ
1565,ﾁﾕｳﾆﾁｼﾝｷﾝ,019,ﾋﾗﾀ
1565,ﾁﾕｳﾆﾁｼﾝｷﾝ,020,ﾔﾅｷﾞﾊﾗ
1565,ﾁﾕｳﾆﾁｼﾝｷﾝ,021,ｽｶｸﾞﾁ
1566,ﾄｳｼﾕﾝｼﾝｷﾝ,002,ﾎﾝﾃﾝ
1566,ﾄｳｼﾕﾝｼﾝｷﾝ,003,ｺｳｿﾞｳｼﾞ
1566,ﾄｳｼﾕﾝｼﾝｷﾝ,004,ｶﾁｶﾞﾜ
1566,ﾄｳｼﾕﾝｼﾝｷﾝ,005,ｱｼﾞｵｶ
1566,ﾄｳｼﾕﾝｼﾝｷﾝ,006,ｶｽｶﾞｲ
1566,ﾄｳｼﾕﾝｼﾝｷﾝ,007,ﾓﾘﾔﾏ
1566,ﾄｳｼﾕﾝｼﾝｷﾝ,008,ｱｻﾋ
1566,ﾄｳｼﾕﾝｼﾝｷﾝ,009,ｻｶｼﾀ
1566,ﾄｳｼﾕﾝｼﾝｷﾝ,010,ｼﾀﾞﾐ
1566,ﾄｳｼﾕﾝｼﾝｷﾝ,011,ｱｼﾞﾖｼ
1566,ﾄｳｼﾕﾝｼﾝｷﾝ,013,ｼﾉｵｶ
1566,ﾄｳｼﾕﾝｼﾝｷﾝ,014,ﾅｺﾞﾔ
1566,ﾄｳｼﾕﾝｼﾝｷﾝ,015,ﾆｼｷﾄﾞｵﾘ
1566,ﾄｳｼﾕﾝｼﾝｷﾝ,020,ｺｳﾅﾝ
1566,ﾄｳｼﾕﾝｼﾝｷﾝ,021,ｺﾏｷﾆｼ
1566,ﾄｳｼﾕﾝｼﾝｷﾝ,022,ｱｻﾐﾔ
1566,ﾄｳｼﾕﾝｼﾝｷﾝ,023,ｲﾁﾉｸﾀ
1566,ﾄｳｼﾕﾝｼﾝｷﾝ,024,ﾛﾂｹﾝﾔ
1566,ﾄｳｼﾕﾝｼﾝｷﾝ,025,ﾄｳｶﾀﾞｲ
1580,ﾂｼﾝｷﾝ,001,ﾎﾝﾃﾝ
1580,ﾂｼﾝｷﾝ,002,ｼﾝﾏﾁ
1580,ﾂｼﾝｷﾝ,003,ﾂｴｷﾏｴ
1580,ﾂｼﾝｷﾝ,004,ｷﾖｳﾅﾝ
1580,ﾂｼﾝｷﾝ,005,ﾋｻｲ
1580,ﾂｼﾝｷﾝ,006,ﾅﾝｺｳ
1581,ｷﾀｲｾｳｴﾉｼﾝｷﾝ,002,ﾎﾝﾃﾝ
1581,ｷﾀｲｾｳｴﾉｼﾝｷﾝ,004,ﾄﾐﾀﾞ
1581,ｷﾀｲｾｳｴﾉｼﾝｷﾝ,005,ｶﾜﾗﾏﾁ
1581,ｷﾀｲｾｳｴﾉｼﾝｷﾝ,006,ｽｽﾞｶ
1581,ｷﾀｲｾｳｴﾉｼﾝｷﾝ,007,ｼﾛｺ
1581,ｷﾀｲｾｳｴﾉｼﾝｷﾝ,008,ｶｻﾄﾞ
1581,ｷﾀｲｾｳｴﾉｼﾝｷﾝ,009,ｶﾒﾔﾏ
1581,ｷﾀｲｾｳｴﾉｼﾝｷﾝ,010,ﾀｶﾊﾅﾀﾞｲﾗ
1581,ｷﾀｲｾｳｴﾉｼﾝｷﾝ,011,ﾁﾕｳﾌﾞ
1581,ｷﾀｲｾｳｴﾉｼﾝｷﾝ,012,ｱｸﾗｶﾞﾜ
1581,ｷﾀｲｾｳｴﾉｼﾝｷﾝ,013,ﾋﾅｶﾞ
1581,ｷﾀｲｾｳｴﾉｼﾝｷﾝ,015,ｼｵﾊﾏ
1581,ｷﾀｲｾｳｴﾉｼﾝｷﾝ,016,ｺﾓﾉ
1581,ｷﾀｲｾｳｴﾉｼﾝｷﾝ,017,ｽﾐﾖｼ
1581,ｷﾀｲｾｳｴﾉｼﾝｷﾝ,018,ｱｶﾞﾀ
1581,ｷﾀｲｾｳｴﾉｼﾝｷﾝ,019,ﾐﾀﾞ
1581,ｷﾀｲｾｳｴﾉｼﾝｷﾝ,023,ﾏﾂﾓﾄ
1581,ｷﾀｲｾｳｴﾉｼﾝｷﾝ,063,ｳｴﾉ
1581,ｷﾀｲｾｳｴﾉｼﾝｷﾝ,064,ｻﾅｸﾞ
1581,ｷﾀｲｾｳｴﾉｼﾝｷﾝ,065,ﾔﾏﾀﾞ
1581,ｷﾀｲｾｳｴﾉｼﾝｷﾝ,066,ｱｵﾔﾏ
1581,ｷﾀｲｾｳｴﾉｼﾝｷﾝ,067,ﾂｹﾞ
1581,ｷﾀｲｾｳｴﾉｼﾝｷﾝ,068,ﾐﾄﾞﾘｶﾞｵｶ
1581,ｷﾀｲｾｳｴﾉｼﾝｷﾝ,069,ﾅﾊﾞﾘ
1581,ｷﾀｲｾｳｴﾉｼﾝｷﾝ,170,ｼﾞﾖｳﾎｸ
1581,ｷﾀｲｾｳｴﾉｼﾝｷﾝ,182,ﾆｼ
1581,ｷﾀｲｾｳｴﾉｼﾝｷﾝ,183,ﾆｼﾜﾗ
1581,ｷﾀｲｾｳｴﾉｼﾝｷﾝ,184,ｱﾔﾏﾁﾖｳ
1581,ｷﾀｲｾｳｴﾉｼﾝｷﾝ,185,ﾐﾅﾐ
1583,ｸﾜﾅﾐｴｼﾝｷﾝ,011,ｴｷﾏｴ
1583,ｸﾜﾅﾐｴｼﾝｷﾝ,012,ﾎﾝﾃﾝ
1583,ｸﾜﾅﾐｴｼﾝｷﾝ,013,ｳﾏﾐﾁ
1583,ｸﾜﾅﾐｴｼﾝｷﾝ,014,ｶﾜｺﾞｴ
1583,ｸﾜﾅﾐｴｼﾝｷﾝ,015,ﾖﾂｶｲﾁﾆｼ
1583,ｸﾜﾅﾐｴｼﾝｷﾝ,016,ｲﾅﾍﾞ
1583,ｸﾜﾅﾐｴｼﾝｷﾝ,017,ﾔﾄﾐ
1583,ｸﾜﾅﾐｴｼﾝｷﾝ,018,ﾅｶｶﾞﾜ
1583,ｸﾜﾅﾐｴｼﾝｷﾝ,019,ｲｸﾜ
1583,ｸﾜﾅﾐｴｼﾝｷﾝ,020,ﾏﾂﾔﾏ
1583,ｸﾜﾅﾐｴｼﾝｷﾝ,022,ｶｲﾂﾞ
1583,ｸﾜﾅﾐｴｼﾝｷﾝ,023,ﾎｼｶﾜ
1583,ｸﾜﾅﾐｴｼﾝｷﾝ,024,ﾅｶﾞｼﾏ
1583,ｸﾜﾅﾐｴｼﾝｷﾝ,025,ﾔﾄﾐﾐﾅﾐ
1583,ｸﾜﾅﾐｴｼﾝｷﾝ,026,ﾊﾂﾞ
1583,ｸﾜﾅﾐｴｼﾝｷﾝ,027,ｵｵﾔﾁ
1583,ｸﾜﾅﾐｴｼﾝｷﾝ,029,ｴｷﾆｼ
1583,ｸﾜﾅﾐｴｼﾝｷﾝ,030,ｶﾆｴ
1583,ｸﾜﾅﾐｴｼﾝｷﾝ,031,ｱｹﾞｷ
1583,ｸﾜﾅﾐｴｼﾝｷﾝ,032,ｵｵﾔﾏﾀﾞ
1583,ｸﾜﾅﾐｴｼﾝｷﾝ,034,ｱｻｹ
1583,ｸﾜﾅﾐｴｼﾝｷﾝ,035,ｲﾅﾍﾞﾁﾕｳｵｳ
1583,ｸﾜﾅﾐｴｼﾝｷﾝ,036,ﾀﾄﾞ
1583,ｸﾜﾅﾐｴｼﾝｷﾝ,101,ﾋﾉﾏﾁ
1583,ｸﾜﾅﾐｴｼﾝｷﾝ,103,ｼﾝﾏﾁ
1583,ｸﾜﾅﾐｴｼﾝｷﾝ,104,ﾋﾗｵﾏﾁ
1583,ｸﾜﾅﾐｴｼﾝｷﾝ,105,ﾏﾂｻｶ
1583,ｸﾜﾅﾐｴｼﾝｷﾝ,106,ｶﾜｲﾏﾁ
1583,ｸﾜﾅﾐｴｼﾝｷﾝ,107,ﾅﾝｺｳ
1583,ｸﾜﾅﾐｴｼﾝｷﾝ,110,ﾄｸﾜ
1583,ｸﾜﾅﾐｴｼﾝｷﾝ,116,ｵｳｶ
1583,ｸﾜﾅﾐｴｼﾝｷﾝ,117,ﾐｾﾀﾞﾆ
1583,ｸﾜﾅﾐｴｼﾝｷﾝ,118,ｲｲﾅﾝ
1583,ｸﾜﾅﾐｴｼﾝｷﾝ,119,ﾒｲﾜ
1583,ｸﾜﾅﾐｴｼﾝｷﾝ,120,ﾐｿﾉ
1583,ｸﾜﾅﾐｴｼﾝｷﾝ,122,ｶﾐｸﾞﾁ
1583,ｸﾜﾅﾐｴｼﾝｷﾝ,123,ｲｾ
1583,ｸﾜﾅﾐｴｼﾝｷﾝ,125,ﾌｼﾞｻﾄ
1583,ｸﾜﾅﾐｴｼﾝｷﾝ,136,ﾄﾊﾞ
1583,ｸﾜﾅﾐｴｼﾝｷﾝ,146,ﾂ
1583,ｸﾜﾅﾐｴｼﾝｷﾝ,148,ﾏﾙﾉｳﾁ
1583,ｸﾜﾅﾐｴｼﾝｷﾝ,156,ﾋｻｲ
1585,ｷﾎｸｼﾝｷﾝ,011,ﾎﾝﾃﾝ
1585,ｷﾎｸｼﾝｷﾝ,013,ﾐﾔﾏ
1585,ｷﾎｸｼﾝｷﾝ,015,ｸﾏﾉ
1585,ｷﾎｸｼﾝｷﾝ,016,ﾅｶｲ
1585,ｷﾎｸｼﾝｷﾝ,017,ｺﾄﾞ
1585,ｷﾎｸｼﾝｷﾝ,025,ﾅｶﾞｼﾏ
1602,ｼｶﾞﾁﾕｳｵｳｼﾝｷﾝ,001,ﾋｺﾈ
1602,ｼｶﾞﾁﾕｳｵｳｼﾝｷﾝ,002,ｷﾞﾝｻﾞ
1602,ｼｶﾞﾁﾕｳｵｳｼﾝｷﾝ,003,ｼﾞﾖｳﾄｳ
1602,ｼｶﾞﾁﾕｳｵｳｼﾝｷﾝ,004,ｴﾁｶﾞﾜ
1602,ｼｶﾞﾁﾕｳｵｳｼﾝｷﾝ,005,ﾀｶﾐﾔ
1602,ｼｶﾞﾁﾕｳｵｳｼﾝｷﾝ,006,ｲﾅｴ
1602,ｼｶﾞﾁﾕｳｵｳｼﾝｷﾝ,007,ﾄﾖｻﾄ
1602,ｼｶﾞﾁﾕｳｵｳｼﾝｷﾝ,008,ﾋﾗﾀ
1602,ｼｶﾞﾁﾕｳｵｳｼﾝｷﾝ,009,ｺﾄｳﾁﾖｳ
1602,ｼｶﾞﾁﾕｳｵｳｼﾝｷﾝ,011,ﾀｶﾞ
1602,ｼｶﾞﾁﾕｳｵｳｼﾝｷﾝ,012,ｼﾞﾖｳﾅﾝ
1602,ｼｶﾞﾁﾕｳｵｳｼﾝｷﾝ,013,ｻﾜﾔﾏ
1602,ｼｶﾞﾁﾕｳｵｳｼﾝｷﾝ,014,ｶﾜｾ
1602,ｼｶﾞﾁﾕｳｵｳｼﾝｷﾝ,015,ﾐﾅﾐﾋｺﾈｴｷﾏｴ
1602,ｼｶﾞﾁﾕｳｵｳｼﾝｷﾝ,016,ﾊﾀｼﾖｳ
1602,ｼｶﾞﾁﾕｳｵｳｼﾝｷﾝ,102,ﾊﾁﾏﾝ
1602,ｼｶﾞﾁﾕｳｵｳｼﾝｷﾝ,103,ｷﾀｻﾄ
1602,ｼｶﾞﾁﾕｳｵｳｼﾝｷﾝ,104,ﾊﾁﾏﾝｴｷﾏｴ
1602,ｼｶﾞﾁﾕｳｵｳｼﾝｷﾝ,105,ﾓﾘﾔﾏ
1602,ｼｶﾞﾁﾕｳｵｳｼﾝｷﾝ,106,ﾔｽ
1602,ｼｶﾞﾁﾕｳｵｳｼﾝｷﾝ,107,ﾘﾂﾄｳ
1602,ｼｶﾞﾁﾕｳｵｳｼﾝｷﾝ,108,ﾓﾘﾔﾏｴｷﾏｴ
1602,ｼｶﾞﾁﾕｳｵｳｼﾝｷﾝ,109,ｱﾂﾞﾁ
1602,ｼｶﾞﾁﾕｳｵｳｼﾝｷﾝ,110,ﾊﾁﾏﾝﾆｼ
1602,ｼｶﾞﾁﾕｳｵｳｼﾝｷﾝ,111,ﾁﾕｳｽﾞ
1602,ｼｶﾞﾁﾕｳｵｳｼﾝｷﾝ,112,ﾓﾘﾔﾏｷﾀ
1602,ｼｶﾞﾁﾕｳｵｳｼﾝｷﾝ,113,ﾘﾕｳｵｳ
1602,ｼｶﾞﾁﾕｳｵｳｼﾝｷﾝ,114,ｸｻﾂ
1602,ｼｶﾞﾁﾕｳｵｳｼﾝｷﾝ,115,ﾐﾅﾐｸｻﾂ
1602,ｼｶﾞﾁﾕｳｵｳｼﾝｷﾝ,116,ｵｵﾂ
1602,ｼｶﾞﾁﾕｳｵｳｼﾝｷﾝ,180,ﾎﾝﾃﾝ
1603,ﾅｶﾞﾊﾏｼﾝｷﾝ,002,ﾎﾝﾃﾝ
1603,ﾅｶﾞﾊﾏｼﾝｷﾝ,003,ﾐﾂﾔ
1603,ﾅｶﾞﾊﾏｼﾝｷﾝ,004,ｷﾉﾓﾄ
1603,ﾅｶﾞﾊﾏｼﾝｷﾝ,005,ｼﾁｼﾞﾖｳ
1603,ﾅｶﾞﾊﾏｼﾝｷﾝ,006,ﾏｲﾊﾞﾗ
1603,ﾅｶﾞﾊﾏｼﾝｷﾝ,007,ｻﾒｶﾞｲ
1603,ﾅｶﾞﾊﾏｼﾝｷﾝ,008,ﾐﾅﾐ
1603,ﾅｶﾞﾊﾏｼﾝｷﾝ,009,ｶﾐﾃﾙ
1603,ﾅｶﾞﾊﾏｼﾝｷﾝ,010,ﾀｶﾂｷ
1603,ﾅｶﾞﾊﾏｼﾝｷﾝ,011,ﾐﾔｼ
1603,ﾅｶﾞﾊﾏｼﾝｷﾝ,012,ﾋﾞﾜ
1603,ﾅｶﾞﾊﾏｼﾝｷﾝ,013,ﾔﾜﾀﾅｶﾔﾏ
1603,ﾅｶﾞﾊﾏｼﾝｷﾝ,014,ｱｻﾞｲ
1603,ﾅｶﾞﾊﾏｼﾝｷﾝ,015,ｼﾘﾂﾅｶﾞﾊﾏﾋﾞﾖｳｲﾝ
1603,ﾅｶﾞﾊﾏｼﾝｷﾝ,016,ｵｳﾐ
1604,ｺﾄｳｼﾝｷﾝ,001,ﾎﾝﾃﾝ
1604,ｺﾄｳｼﾝｷﾝ,002,ﾋﾉ
1604,ｺﾄｳｼﾝｷﾝ,003,ﾉﾄｶﾞﾜ
1604,ｺﾄｳｼﾝｷﾝ,004,ｴｲｹﾞﾝｼﾞ
1604,ｺﾄｳｼﾝｷﾝ,005,ﾐﾅｸﾁ
1604,ｺﾄｳｼﾝｷﾝ,006,ﾐﾄﾞﾘﾏﾁ
1604,ｺﾄｳｼﾝｷﾝ,007,ｶﾞﾓｳ
1604,ｺﾄｳｼﾝｷﾝ,008,ｺﾞｶｼﾖｳ
1604,ｺﾄｳｼﾝｷﾝ,009,ｺｳﾅﾝ
1604,ｺﾄｳｼﾝｷﾝ,011,ｺﾄｳ
1604,ｺﾄｳｼﾝｷﾝ,012,ｲｼﾍﾞ
1604,ｺﾄｳｼﾝｷﾝ,013,ｵｳﾐﾊﾁﾏﾝ
1610,ｷﾖｳﾄｼﾝｷﾝ,001,ﾎﾝﾃﾝ
1610,ｷﾖｳﾄｼﾝｷﾝ,002,ｶﾜﾗﾏﾁ
1610,ｷﾖｳﾄｼﾝｷﾝ,003,ｻﾝｼﾞﾖｳ
1610,ｷﾖｳﾄｼﾝｷﾝ,004,ｷﾞﾝｶｸｼﾞ
1610,ｷﾖｳﾄｼﾝｷﾝ,005,ﾆｼｼﾞﾝ
1610,ｷﾖｳﾄｼﾝｷﾝ,006,ｷﾀｵｵｼﾞ
1610,ｷﾖｳﾄｼﾝｷﾝ,007,ｸﾗﾏｸﾞﾁ
1610,ｷﾖｳﾄｼﾝｷﾝ,008,ｷﾀﾉ
1610,ｷﾖｳﾄｼﾝｷﾝ,010,ﾋｶﾞｼﾔﾏ
1610,ｷﾖｳﾄｼﾝｷﾝ,012,ﾐﾌﾞ
1610,ｷﾖｳﾄｼﾝｷﾝ,013,ｸｼﾞﾖｳ
1610,ｷﾖｳﾄｼﾝｷﾝ,015,ｷﾂｼﾖｳｲﾝ
1610,ｷﾖｳﾄｼﾝｷﾝ,016,ﾆｼｵｵｼﾞ
1610,ｷﾖｳﾄｼﾝｷﾝ,017,ﾅｶﾞｵｶ
1610,ｷﾖｳﾄｼﾝｷﾝ,018,ｶﾒｵｶ
1610,ｷﾖｳﾄｼﾝｷﾝ,019,ｿﾉﾍﾞ
1610,ｷﾖｳﾄｼﾝｷﾝ,020,ﾔｷﾞ
1610,ｷﾖｳﾄｼﾝｷﾝ,021,ｶﾂﾗ
1610,ｷﾖｳﾄｼﾝｷﾝ,022,ﾌｼﾐ
1610,ｷﾖｳﾄｼﾝｷﾝ,023,ｳﾒﾂﾞ
1610,ｷﾖｳﾄｼﾝｷﾝ,024,ﾔﾏｼﾅ
1610,ｷﾖｳﾄｼﾝｷﾝ,025,ｷﾀﾌｼﾐ
1610,ｷﾖｳﾄｼﾝｷﾝ,026,ｼﾞﾖｳﾖｳ
1610,ｷﾖｳﾄｼﾝｷﾝ,027,ｼﾕｳｶﾞｸｲﾝ
1610,ｷﾖｳﾄｼﾝｷﾝ,028,ｴﾝﾏﾁ
1610,ｷﾖｳﾄｼﾝｷﾝ,029,ﾋﾗｶﾀ
1610,ｷﾖｳﾄｼﾝｷﾝ,030,ﾀｶﾂｷ
1610,ｷﾖｳﾄｼﾝｷﾝ,031,ｷﾀﾔﾏ
1610,ｷﾖｳﾄｼﾝｷﾝ,032,ｼｶﾞ
1610,ｷﾖｳﾄｼﾝｷﾝ,033,ｾﾞｾﾞ
1610,ｷﾖｳﾄｼﾝｷﾝ,034,ｲｼﾔﾏ
1610,ｷﾖｳﾄｼﾝｷﾝ,035,ｶﾀﾀ
1610,ｷﾖｳﾄｼﾝｷﾝ,036,ｸｻﾂ
1610,ｷﾖｳﾄｼﾝｷﾝ,037,ｾﾀ
1610,ｷﾖｳﾄｼﾝｷﾝ,038,ﾀﾅﾍﾞ
1610,ｷﾖｳﾄｼﾝｷﾝ,039,ﾛｸｼﾞｿﾞｳ
1610,ｷﾖｳﾄｼﾝｷﾝ,040,ﾆｼｵｵﾂ
1610,ｷﾖｳﾄｼﾝｷﾝ,044,ｶﾝﾏｷ
1610,ｷﾖｳﾄｼﾝｷﾝ,045,ｸｽﾞﾊ
1610,ｷﾖｳﾄｼﾝｷﾝ,046,ｶﾐﾄﾊﾞ
1610,ｷﾖｳﾄｼﾝｷﾝ,047,ｶﾂﾗｶﾞﾜ
1610,ｷﾖｳﾄｼﾝｷﾝ,048,ﾐﾅﾐﾓﾓﾔﾏ
1610,ｷﾖｳﾄｼﾝｷﾝ,049,ｻｶﾞ
1610,ｷﾖｳﾄｼﾝｷﾝ,050,ｽｻﾞｸ
1610,ｷﾖｳﾄｼﾝｷﾝ,051,ﾋｶﾞｼｶﾒｵｶ
1610,ｷﾖｳﾄｼﾝｷﾝ,052,ｷﾀﾔﾏｼﾅ
1610,ｷﾖｳﾄｼﾝｷﾝ,055,ﾆｼﾔﾏｼﾅ
1610,ｷﾖｳﾄｼﾝｷﾝ,056,ﾗｸｻｲ
1610,ｷﾖｳﾄｼﾝｷﾝ,057,ｲﾜｸﾗ
1610,ｷﾖｳﾄｼﾝｷﾝ,058,ﾏﾙﾀﾏﾁ
1610,ｷﾖｳﾄｼﾝｷﾝ,059,ｵﾉ
1610,ｷﾖｳﾄｼﾝｷﾝ,060,ﾐﾔﾏｷﾞ
1610,ｷﾖｳﾄｼﾝｷﾝ,061,ﾅﾅｼﾞﾖｳ
1610,ｷﾖｳﾄｼﾝｷﾝ,063,ｻｲｲﾝ
1610,ｷﾖｳﾄｼﾝｷﾝ,064,ｼﾓｶﾞﾓ
1610,ｷﾖｳﾄｼﾝｷﾝ,066,ﾆｼｳｼﾞ
1610,ｷﾖｳﾄｼﾝｷﾝ,068,ﾄｷﾜ
1610,ｷﾖｳﾄｼﾝｷﾝ,069,ﾓｽﾞﾒ
1610,ｷﾖｳﾄｼﾝｷﾝ,070,ﾆｼﾔﾏﾃﾝﾉｳｻﾞﾝ
1610,ｷﾖｳﾄｼﾝｷﾝ,071,ﾆｼｷﾖｳｺﾞｸ
1610,ｷﾖｳﾄｼﾝｷﾝ,072,ｼﾁｸ
1610,ｷﾖｳﾄｼﾝｷﾝ,075,ｼﾞﾕｳｼﾞﾖｳ
1610,ｷﾖｳﾄｼﾝｷﾝ,076,ﾀｷﾉﾁﾖｳ
1610,ｷﾖｳﾄｼﾝｷﾝ,078,ｲﾅﾘ
1610,ｷﾖｳﾄｼﾝｷﾝ,079,ｷﾞｵﾝ
1610,ｷﾖｳﾄｼﾝｷﾝ,080,ｳｼﾞ
1610,ｷﾖｳﾄｼﾝｷﾝ,082,ﾓﾘﾔﾏ
1610,ｷﾖｳﾄｼﾝｷﾝ,083,ｼﾞﾖｳﾖｳｴｷﾏｴ
1610,ｷﾖｳﾄｼﾝｷﾝ,084,ｶﾀｷﾞﾊﾗ
1610,ｷﾖｳﾄｼﾝｷﾝ,086,ｲﾜｸﾗﾅｶﾏﾁ
1610,ｷﾖｳﾄｼﾝｷﾝ,087,ｸﾐﾔﾏ
1610,ｷﾖｳﾄｼﾝｷﾝ,088,ｶﾀﾉ
1610,ｷﾖｳﾄｼﾝｷﾝ,089,ﾆｼｶﾞﾓ
1610,ｷﾖｳﾄｼﾝｷﾝ,090,ﾋｶﾞｼｶﾂﾗ
1610,ｷﾖｳﾄｼﾝｷﾝ,091,ﾘﾂﾄｳ
1610,ｷﾖｳﾄｼﾝｷﾝ,092,ﾈﾔｶﾞﾜ
1610,ｷﾖｳﾄｼﾝｷﾝ,093,ﾋﾔｸﾏﾝﾍﾞﾝ
1610,ｷﾖｳﾄｼﾝｷﾝ,094,ｸｻﾂﾆｼ
1610,ｷﾖｳﾄｼﾝｷﾝ,095,ｵﾑﾛ
1610,ｷﾖｳﾄｼﾝｷﾝ,096,ﾕﾒﾈﾂﾄ
1610,ｷﾖｳﾄｼﾝｷﾝ,098,ﾐﾅﾐｸｻﾂ
1610,ｷﾖｳﾄｼﾝｷﾝ,100,ﾋﾗｶﾀﾋｶﾞｼ
1610,ｷﾖｳﾄｼﾝｷﾝ,102,ｵｵﾂ
1610,ｷﾖｳﾄｼﾝｷﾝ,103,ﾏﾂｲﾔﾏﾃ
1610,ｷﾖｳﾄｼﾝｷﾝ,104,ｶﾄﾞﾏ
1610,ｷﾖｳﾄｼﾝｷﾝ,105,ﾋｶﾞｼﾑｺｳ
1610,ｷﾖｳﾄｼﾝｷﾝ,106,ｲﾊﾞﾗｷ
1610,ｷﾖｳﾄｼﾝｷﾝ,107,ｽｲﾀ
1610,ｷﾖｳﾄｼﾝｷﾝ,108,ﾋｶﾞｼｵｵｻｶ
1610,ｷﾖｳﾄｼﾝｷﾝ,109,ﾀﾞｲﾄｳ
1610,ｷﾖｳﾄｼﾝｷﾝ,111,ﾓﾘｸﾞﾁ
1610,ｷﾖｳﾄｼﾝｷﾝ,112,ﾄﾖﾅｶ
1610,ｷﾖｳﾄｼﾝｷﾝ,113,ﾔｵ
1610,ｷﾖｳﾄｼﾝｷﾝ,114,ｼﾝｵｵｻｶ
1610,ｷﾖｳﾄｼﾝｷﾝ,115,ﾐﾝﾅﾉﾈﾂﾄ
1611,ｷﾖｳﾄﾁﾕｳｵｳｼﾝｷﾝ,001,ﾎﾝﾃﾝ
1611,ｷﾖｳﾄﾁﾕｳｵｳｼﾝｷﾝ,002,ｲﾁﾊﾞ
1611,ｷﾖｳﾄﾁﾕｳｵｳｼﾝｷﾝ,004,ﾎﾘｶﾜ
1611,ｷﾖｳﾄﾁﾕｳｵｳｼﾝｷﾝ,005,ｼｼﾞﾖｳ
1611,ｷﾖｳﾄﾁﾕｳｵｳｼﾝｷﾝ,006,ｻﾝｼﾞﾖｳ
1611,ｷﾖｳﾄﾁﾕｳｵｳｼﾝｷﾝ,007,ｸｼﾞﾖｳ
1611,ｷﾖｳﾄﾁﾕｳｵｳｼﾝｷﾝ,008,ﾋｶﾞｼﾔﾏ
1611,ｷﾖｳﾄﾁﾕｳｵｳｼﾝｷﾝ,009,ﾔﾏｼﾅ
1611,ｷﾖｳﾄﾁﾕｳｵｳｼﾝｷﾝ,010,ﾋﾔｸﾏﾝﾍﾞﾝ
1611,ｷﾖｳﾄﾁﾕｳｵｳｼﾝｷﾝ,011,ｴﾝﾏﾁ
1611,ｷﾖｳﾄﾁﾕｳｵｳｼﾝｷﾝ,012,ﾆｼｼﾞﾝ
1611,ｷﾖｳﾄﾁﾕｳｵｳｼﾝｷﾝ,013,ｳｽﾞﾏｻ
1611,ｷﾖｳﾄﾁﾕｳｵｳｼﾝｷﾝ,014,ｼﾞﾕｳｼﾞﾖｳ
1611,ｷﾖｳﾄﾁﾕｳｵｳｼﾝｷﾝ,015,ｷﾀｶﾗｽﾏ
1611,ｷﾖｳﾄﾁﾕｳｵｳｼﾝｷﾝ,016,ﾆｼｺﾞｼﾞﾖｳ
1611,ｷﾖｳﾄﾁﾕｳｵｳｼﾝｷﾝ,017,ｶﾐﾄﾊﾞ
1611,ｷﾖｳﾄﾁﾕｳｵｳｼﾝｷﾝ,018,ﾑﾗｻｷﾉ
1611,ｷﾖｳﾄﾁﾕｳｵｳｼﾝｷﾝ,019,ｶﾂﾗ
1611,ｷﾖｳﾄﾁﾕｳｵｳｼﾝｷﾝ,020,ﾌｼﾐ
1611,ｷﾖｳﾄﾁﾕｳｵｳｼﾝｷﾝ,021,ｻｲｲﾝ
1611,ｷﾖｳﾄﾁﾕｳｵｳｼﾝｷﾝ,022,ｱﾗｼﾔﾏ
1611,ｷﾖｳﾄﾁﾕｳｵｳｼﾝｷﾝ,023,ｵｲｹ
1611,ｷﾖｳﾄﾁﾕｳｵｳｼﾝｷﾝ,024,ﾑｺｳﾏﾁ
1611,ｷﾖｳﾄﾁﾕｳｵｳｼﾝｷﾝ,025,ﾅｶﾞｵｶ
1611,ｷﾖｳﾄﾁﾕｳｵｳｼﾝｷﾝ,026,ﾊﾅｿﾞﾉ
1611,ｷﾖｳﾄﾁﾕｳｵｳｼﾝｷﾝ,027,ﾆｼｷﾖｳｺﾞｸ
1611,ｷﾖｳﾄﾁﾕｳｵｳｼﾝｷﾝ,028,ﾋｶﾞｼｺﾞｼﾞﾖｳ
1611,ｷﾖｳﾄﾁﾕｳｵｳｼﾝｷﾝ,029,ｷﾝｶｸｼﾞ
1611,ｷﾖｳﾄﾁﾕｳｵｳｼﾝｷﾝ,030,ﾀﾞｲｺﾞ
1611,ｷﾖｳﾄﾁﾕｳｵｳｼﾝｷﾝ,031,ﾀｶﾂｷ
1611,ｷﾖｳﾄﾁﾕｳｵｳｼﾝｷﾝ,032,ﾏﾙﾀﾏﾁ
1611,ｷﾖｳﾄﾁﾕｳｵｳｼﾝｷﾝ,033,ｶﾓ
1611,ｷﾖｳﾄﾁﾕｳｵｳｼﾝｷﾝ,034,ｳﾒﾂﾞ
1611,ｷﾖｳﾄﾁﾕｳｵｳｼﾝｷﾝ,035,ｴｷﾏｴ
1611,ｷﾖｳﾄﾁﾕｳｵｳｼﾝｷﾝ,036,ｶﾀｷﾞﾊﾗ
1611,ｷﾖｳﾄﾁﾕｳｵｳｼﾝｷﾝ,037,ﾔﾏｼﾅﾅｶ
1611,ｷﾖｳﾄﾁﾕｳｵｳｼﾝｷﾝ,038,ﾗｸｻｲ
1611,ｷﾖｳﾄﾁﾕｳｵｳｼﾝｷﾝ,039,ｲｼﾀﾞ
1611,ｷﾖｳﾄﾁﾕｳｵｳｼﾝｷﾝ,040,ｲﾜｸﾗ
1611,ｷﾖｳﾄﾁﾕｳｵｳｼﾝｷﾝ,051,ﾀｹﾀﾞ
1611,ｷﾖｳﾄﾁﾕｳｵｳｼﾝｷﾝ,052,ｸｾﾞ
1611,ｷﾖｳﾄﾁﾕｳｵｳｼﾝｷﾝ,053,ﾆｼｵｸﾞﾗ
1611,ｷﾖｳﾄﾁﾕｳｵｳｼﾝｷﾝ,054,ﾐﾌﾞ
1611,ｷﾖｳﾄﾁﾕｳｵｳｼﾝｷﾝ,056,ｼﾓﾄﾊﾞ
1611,ｷﾖｳﾄﾁﾕｳｵｳｼﾝｷﾝ,058,ｵｵﾃｽｼﾞ
1611,ｷﾖｳﾄﾁﾕｳｵｳｼﾝｷﾝ,059,ｷﾂｼﾖｳｲﾝ
1611,ｷﾖｳﾄﾁﾕｳｵｳｼﾝｷﾝ,060,ﾀﾝﾊﾞｸﾞﾁ
1611,ｷﾖｳﾄﾁﾕｳｵｳｼﾝｷﾝ,062,ｼﾞﾖｳﾖｳ
1611,ｷﾖｳﾄﾁﾕｳｵｳｼﾝｷﾝ,063,ｶﾒｵｶ
1611,ｷﾖｳﾄﾁﾕｳｵｳｼﾝｷﾝ,064,ｲﾏｻﾞﾄ
1611,ｷﾖｳﾄﾁﾕｳｵｳｼﾝｷﾝ,065,ｷﾀﾉ
1611,ｷﾖｳﾄﾁﾕｳｵｳｼﾝｷﾝ,066,ｼﾕｳｶﾞｸｲﾝ
1611,ｷﾖｳﾄﾁﾕｳｵｳｼﾝｷﾝ,067,ｼﾓﾂﾊﾞﾔｼ
1611,ｷﾖｳﾄﾁﾕｳｵｳｼﾝｷﾝ,068,ﾆｼｵｲｹ
1611,ｷﾖｳﾄﾁﾕｳｵｳｼﾝｷﾝ,069,ﾆｼﾉﾔﾏ
1611,ｷﾖｳﾄﾁﾕｳｵｳｼﾝｷﾝ,070,ﾀﾅﾍﾞ
1611,ｷﾖｳﾄﾁﾕｳｵｳｼﾝｷﾝ,071,ﾔﾜﾀ
1611,ｷﾖｳﾄﾁﾕｳｵｳｼﾝｷﾝ,072,ｻｶﾞﾉ
1611,ｷﾖｳﾄﾁﾕｳｵｳｼﾝｷﾝ,073,ﾊﾁｼﾞﾖｳｸﾞﾁ
1611,ｷﾖｳﾄﾁﾕｳｵｳｼﾝｷﾝ,074,ｾﾝﾏﾙ
1611,ｷﾖｳﾄﾁﾕｳｵｳｼﾝｷﾝ,075,ｵｵﾐﾔﾃﾗﾉｳﾁ
1611,ｷﾖｳﾄﾁﾕｳｵｳｼﾝｷﾝ,076,ｷﾂﾞ
1611,ｷﾖｳﾄﾁﾕｳｵｳｼﾝｷﾝ,077,ｸﾐﾔﾏ
1611,ｷﾖｳﾄﾁﾕｳｵｳｼﾝｷﾝ,079,ｶﾒｵｶｴｷﾏｴ
1611,ｷﾖｳﾄﾁﾕｳｵｳｼﾝｷﾝ,080,ﾊｸﾊﾞｲﾁﾖｳ
1611,ｷﾖｳﾄﾁﾕｳｵｳｼﾝｷﾝ,082,ｶﾄﾞﾉ
1611,ｷﾖｳﾄﾁﾕｳｵｳｼﾝｷﾝ,083,ﾆｹﾝﾁﾔﾔ
1611,ｷﾖｳﾄﾁﾕｳｵｳｼﾝｷﾝ,084,ﾀｶｶﾞﾐﾈ
1611,ｷﾖｳﾄﾁﾕｳｵｳｼﾝｷﾝ,086,ﾖﾄﾞ
1611,ｷﾖｳﾄﾁﾕｳｵｳｼﾝｷﾝ,088,ｵｵｸﾎﾞ
1611,ｷﾖｳﾄﾁﾕｳｵｳｼﾝｷﾝ,090,ｸﾂｶﾜ
1611,ｷﾖｳﾄﾁﾕｳｵｳｼﾝｷﾝ,091,ｼﾓｶﾞﾓ
1611,ｷﾖｳﾄﾁﾕｳｵｳｼﾝｷﾝ,092,ﾐﾅﾐﾔﾏｼﾅ
1611,ｷﾖｳﾄﾁﾕｳｵｳｼﾝｷﾝ,093,ﾄｷﾜ
1611,ｷﾖｳﾄﾁﾕｳｵｳｼﾝｷﾝ,094,ﾆｼﾉ
1611,ｷﾖｳﾄﾁﾕｳｵｳｼﾝｷﾝ,095,ｺｶﾞ
1611,ｷﾖｳﾄﾁﾕｳｵｳｼﾝｷﾝ,096,ｵｶｻﾞｷ
1611,ｷﾖｳﾄﾁﾕｳｵｳｼﾝｷﾝ,097,ﾆｼﾊﾁｼﾞﾖｳ
1611,ｷﾖｳﾄﾁﾕｳｵｳｼﾝｷﾝ,098,ﾓﾓﾔﾏ
1611,ｷﾖｳﾄﾁﾕｳｵｳｼﾝｷﾝ,099,ｲｼﾔﾏ
1611,ｷﾖｳﾄﾁﾕｳｵｳｼﾝｷﾝ,101,ｾﾀ
1611,ｷﾖｳﾄﾁﾕｳｵｳｼﾝｷﾝ,102,ｶﾂﾗｻﾞｶ
1611,ｷﾖｳﾄﾁﾕｳｵｳｼﾝｷﾝ,104,ｲﾅﾘ
1611,ｷﾖｳﾄﾁﾕｳｵｳｼﾝｷﾝ,105,ﾌｼﾞﾉﾓﾘ
1611,ｷﾖｳﾄﾁﾕｳｵｳｼﾝｷﾝ,106,ﾄｳｼﾞ
1611,ｷﾖｳﾄﾁﾕｳｵｳｼﾝｷﾝ,107,ﾃﾞﾏﾁ
1611,ｷﾖｳﾄﾁﾕｳｵｳｼﾝｷﾝ,108,ｶﾂﾗｴｷﾏｴ
1611,ｷﾖｳﾄﾁﾕｳｵｳｼﾝｷﾝ,109,ﾀｹﾀﾞﾐﾅﾐ
1611,ｷﾖｳﾄﾁﾕｳｵｳｼﾝｷﾝ,110,ﾐｻｻｷﾞ
1611,ｷﾖｳﾄﾁﾕｳｵｳｼﾝｷﾝ,111,ｲﾁｼﾞﾖｳｼﾞ
1611,ｷﾖｳﾄﾁﾕｳｵｳｼﾝｷﾝ,112,ﾛｸｼﾞｿﾞｳ
1611,ｷﾖｳﾄﾁﾕｳｵｳｼﾝｷﾝ,113,ﾋｶﾞｼﾑｺｳ
1611,ｷﾖｳﾄﾁﾕｳｵｳｼﾝｷﾝ,114,ﾄｷﾜﾋｶﾞｼ
1611,ｷﾖｳﾄﾁﾕｳｵｳｼﾝｷﾝ,115,ﾑｶｲｼﾞﾏ
1611,ｷﾖｳﾄﾁﾕｳｵｳｼﾝｷﾝ,116,ｶﾐﾎﾘｶﾜ
1611,ｷﾖｳﾄﾁﾕｳｵｳｼﾝｷﾝ,117,ｸﾐﾔﾏﾁﾕｳｵｳ
1611,ｷﾖｳﾄﾁﾕｳｵｳｼﾝｷﾝ,118,ｶﾐｶﾂﾗ
1611,ｷﾖｳﾄﾁﾕｳｵｳｼﾝｷﾝ,119,ｷﾞﾝｶｸｼﾞ
1611,ｷﾖｳﾄﾁﾕｳｵｳｼﾝｷﾝ,120,ﾀﾅﾍﾞｴｷﾏｴ
1611,ｷﾖｳﾄﾁﾕｳｵｳｼﾝｷﾝ,121,ｺﾜﾀ
1611,ｷﾖｳﾄﾁﾕｳｵｳｼﾝｷﾝ,122,ｽﾐｿﾞﾒ
1611,ｷﾖｳﾄﾁﾕｳｵｳｼﾝｷﾝ,123,ﾄﾉｼﾖｳ
1611,ｷﾖｳﾄﾁﾕｳｵｳｼﾝｷﾝ,124,ｾﾝﾆﾕｳｼﾞ
1611,ｷﾖｳﾄﾁﾕｳｵｳｼﾝｷﾝ,125,ｳｼﾞ
1611,ｷﾖｳﾄﾁﾕｳｵｳｼﾝｷﾝ,126,ｶﾓﾁﾖｳ
1611,ｷﾖｳﾄﾁﾕｳｵｳｼﾝｷﾝ,127,ｵｳﾊﾞｸ
1611,ｷﾖｳﾄﾁﾕｳｵｳｼﾝｷﾝ,128,ｵｸﾞﾗ
1611,ｷﾖｳﾄﾁﾕｳｵｳｼﾝｷﾝ,129,ﾃﾗﾀﾞ
1611,ｷﾖｳﾄﾁﾕｳｵｳｼﾝｷﾝ,130,ｲﾃﾞ
1611,ｷﾖｳﾄﾁﾕｳｵｳｼﾝｷﾝ,132,ﾐﾑﾛﾄﾞ
1611,ｷﾖｳﾄﾁﾕｳｵｳｼﾝｷﾝ,133,ｾｲｶ
1611,ｷﾖｳﾄﾁﾕｳｵｳｼﾝｷﾝ,134,ｳｼﾞﾀﾜﾗ
1611,ｷﾖｳﾄﾁﾕｳｵｳｼﾝｷﾝ,136,ﾜﾂﾞｶ
1611,ｷﾖｳﾄﾁﾕｳｵｳｼﾝｷﾝ,137,ﾀﾅｸﾗ
1611,ｷﾖｳﾄﾁﾕｳｵｳｼﾝｷﾝ,138,ﾊｼﾓﾄ
1611,ｷﾖｳﾄﾁﾕｳｵｳｼﾝｷﾝ,139,ﾔﾏﾀﾞｶﾞﾜ
1611,ｷﾖｳﾄﾁﾕｳｵｳｼﾝｷﾝ,140,ｼﾝﾒｲ
1611,ｷﾖｳﾄﾁﾕｳｵｳｼﾝｷﾝ,141,ｵｵﾐﾔ
1611,ｷﾖｳﾄﾁﾕｳｵｳｼﾝｷﾝ,142,ｸｻﾂ
1611,ｷﾖｳﾄﾁﾕｳｵｳｼﾝｷﾝ,143,ﾋﾗｶﾀ
1611,ｷﾖｳﾄﾁﾕｳｵｳｼﾝｷﾝ,144,ｻｲﾀﾞｲｼﾞ
1611,ｷﾖｳﾄﾁﾕｳｵｳｼﾝｷﾝ,145,ﾏﾂｲﾔﾏﾃ
1611,ｷﾖｳﾄﾁﾕｳｵｳｼﾝｷﾝ,146,ﾐﾅﾐｸｻﾂ
1611,ｷﾖｳﾄﾁﾕｳｵｳｼﾝｷﾝ,147,ｸｻﾂｴｷﾏｴ
1611,ｷﾖｳﾄﾁﾕｳｵｳｼﾝｷﾝ,148,ｶﾀﾀ
1611,ｷﾖｳﾄﾁﾕｳｵｳｼﾝｷﾝ,149,ｸｽﾞﾊ
1611,ｷﾖｳﾄﾁﾕｳｵｳｼﾝｷﾝ,150,ﾌﾁﾖｳﾏｴ
1611,ｷﾖｳﾄﾁﾕｳｵｳｼﾝｷﾝ,151,ﾀｶﾂｷｴｷﾏｴ
1611,ｷﾖｳﾄﾁﾕｳｵｳｼﾝｷﾝ,152,ﾅﾗ
1611,ｷﾖｳﾄﾁﾕｳｵｳｼﾝｷﾝ,153,ｲﾊﾞﾗｷ
1611,ｷﾖｳﾄﾁﾕｳｵｳｼﾝｷﾝ,154,ｶﾞｸｴﾝﾏｴ
1611,ｷﾖｳﾄﾁﾕｳｵｳｼﾝｷﾝ,155,ﾈﾔｶﾞﾜ
1611,ｷﾖｳﾄﾁﾕｳｵｳｼﾝｷﾝ,156,ｴｻｶ
1611,ｷﾖｳﾄﾁﾕｳｵｳｼﾝｷﾝ,157,ﾓﾘｸﾞﾁ
1611,ｷﾖｳﾄﾁﾕｳｵｳｼﾝｷﾝ,158,ﾄﾖﾅｶ
1620,ｷﾖｳﾄﾎｸﾄｼﾝｷﾝ,001,ﾎﾝﾃﾝ
1620,ｷﾖｳﾄﾎｸﾄｼﾝｷﾝ,005,ﾌﾁﾕｳ
1620,ｷﾖｳﾄﾎｸﾄｼﾝｷﾝ,006,ｲﾜﾀｷﾁﾕｳｵｳ
1620,ｷﾖｳﾄﾎｸﾄｼﾝｷﾝ,007,ﾉﾀﾞｶﾞﾜ
1620,ｷﾖｳﾄﾎｸﾄｼﾝｷﾝ,008,ｶﾔ
1620,ｷﾖｳﾄﾎｸﾄｼﾝｷﾝ,009,ｲﾈ
1620,ｷﾖｳﾄﾎｸﾄｼﾝｷﾝ,017,ｵｵﾐﾔ
1620,ｷﾖｳﾄﾎｸﾄｼﾝｷﾝ,021,ﾊﾏﾂﾞﾒ
1620,ｷﾖｳﾄﾎｸﾄｼﾝｷﾝ,023,ﾀｲｻﾞ
1620,ｷﾖｳﾄﾎｸﾄｼﾝｷﾝ,026,ﾐﾈﾔﾏﾁﾕｳｵｳ
1620,ｷﾖｳﾄﾎｸﾄｼﾝｷﾝ,028,ﾔｻｶ
1620,ｷﾖｳﾄﾎｸﾄｼﾝｷﾝ,032,ｱﾐﾉ
1620,ｷﾖｳﾄﾎｸﾄｼﾝｷﾝ,036,ｸﾐﾊﾏ
1620,ｷﾖｳﾄﾎｸﾄｼﾝｷﾝ,041,ﾌｸﾁﾔﾏﾁﾕｳｵｳ
1620,ｷﾖｳﾄﾎｸﾄｼﾝｷﾝ,042,ｵｶﾉﾏﾁ
1620,ｷﾖｳﾄﾎｸﾄｼﾝｷﾝ,045,ﾐﾜ
1620,ｷﾖｳﾄﾎｸﾄｼﾝｷﾝ,046,ﾇｶﾀ
1620,ｷﾖｳﾄﾎｸﾄｼﾝｷﾝ,047,ｵｵｴﾁﾖｳ
1620,ｷﾖｳﾄﾎｸﾄｼﾝｷﾝ,048,ﾑﾄﾍﾞ
1620,ｷﾖｳﾄﾎｸﾄｼﾝｷﾝ,052,ｶﾒｵｶ
1620,ｷﾖｳﾄﾎｸﾄｼﾝｷﾝ,053,ﾏｴﾀﾞ
1620,ｷﾖｳﾄﾎｸﾄｼﾝｷﾝ,054,ｳﾏﾎﾘ
1620,ｷﾖｳﾄﾎｸﾄｼﾝｷﾝ,055,ｻｿｵ
1620,ｷﾖｳﾄﾎｸﾄｼﾝｷﾝ,058,ｴｷﾅﾝ
1620,ｷﾖｳﾄﾎｸﾄｼﾝｷﾝ,061,ﾋｶﾞｼﾏｲﾂﾞﾙﾁﾕｳｵｳ
1620,ｷﾖｳﾄﾎｸﾄｼﾝｷﾝ,062,ﾅｶﾏｲﾂﾞﾙ
1620,ｷﾖｳﾄﾎｸﾄｼﾝｷﾝ,063,ｸﾗﾊｼ
1620,ｷﾖｳﾄﾎｸﾄｼﾝｷﾝ,069,ﾀﾅｶ
1620,ｷﾖｳﾄﾎｸﾄｼﾝｷﾝ,070,ﾀｶﾊﾏ
1620,ｷﾖｳﾄﾎｸﾄｼﾝｷﾝ,071,ﾏｲﾂﾞﾙﾁﾕｳｵｳ
1620,ｷﾖｳﾄﾎｸﾄｼﾝｷﾝ,077,ｱﾏｳﾁ
1620,ｷﾖｳﾄﾎｸﾄｼﾝｷﾝ,081,ｱﾔﾍﾞﾁﾕｳｵｳ
1620,ｷﾖｳﾄﾎｸﾄｼﾝｷﾝ,082,ﾆｼﾏﾁ
1620,ｷﾖｳﾄﾎｸﾄｼﾝｷﾝ,086,ﾜﾁ
1620,ｷﾖｳﾄﾎｸﾄｼﾝｷﾝ,087,ﾐｽﾞﾎ
1620,ｷﾖｳﾄﾎｸﾄｼﾝｷﾝ,088,ﾅｶｽｼﾞ
1620,ｷﾖｳﾄﾎｸﾄｼﾝｷﾝ,090,ﾀﾝﾊﾞ
1630,ｵｵｻｶｼﾝｷﾝ,001,ﾎﾝﾃﾝ
1630,ｵｵｻｶｼﾝｷﾝ,002,ｸｼﾞﾖｳ
1630,ｵｵｻｶｼﾝｷﾝ,003,ﾊﾅｿﾞﾉ
1630,ｵｵｻｶｼﾝｷﾝ,004,ｲﾏｻﾞﾄ
1630,ｵｵｻｶｼﾝｷﾝ,006,ﾐﾔｺｼﾞﾏ
1630,ｵｵｻｶｼﾝｷﾝ,007,ﾀﾅﾍﾞ
1630,ｵｵｻｶｼﾝｷﾝ,008,ﾅﾝﾊﾞ
1630,ｵｵｻｶｼﾝｷﾝ,009,ﾆｼﾖﾄﾞ
1630,ｵｵｻｶｼﾝｷﾝ,010,ﾀﾏﾂｸﾘ
1630,ｵｵｻｶｼﾝｷﾝ,011,ﾀｲｼﾖｳ
1630,ｵｵｻｶｼﾝｷﾝ,012,ﾋﾗﾉ
1630,ｵｵｻｶｼﾝｷﾝ,013,ﾋｶﾞｼｵｵｻｶ
1630,ｵｵｻｶｼﾝｷﾝ,014,ﾆﾂﾎﾟﾝﾊﾞｼ
1630,ｵｵｻｶｼﾝｷﾝ,015,ｽｷﾞﾓﾄﾁﾖｳ
1630,ｵｵｻｶｼﾝｷﾝ,016,ﾋｶﾞｼﾐﾅﾄ
1630,ｵｵｻｶｼﾝｷﾝ,017,ｱﾏﾐ
1630,ｵｵｻｶｼﾝｷﾝ,018,ﾓﾘｸﾞﾁﾋｶﾞｼ
1630,ｵｵｻｶｼﾝｷﾝ,019,ﾔｵ
1630,ｵｵｻｶｼﾝｷﾝ,020,ｼｼﾞﾖｳﾅﾜﾃ
1630,ｵｵｻｶｼﾝｷﾝ,022,ｶﾐ
1630,ｵｵｻｶｼﾝｷﾝ,023,ｼﾁﾄﾞｳ
1630,ｵｵｻｶｼﾝｷﾝ,024,ｼﾞﾖｳﾄｳ
1630,ｵｵｻｶｼﾝｷﾝ,025,ﾐﾅﾄ
1630,ｵｵｻｶｼﾝｷﾝ,026,ｶﾂﾔﾏ
1630,ｵｵｻｶｼﾝｷﾝ,027,ﾓﾘｼﾖｳｼﾞ
1630,ｵｵｻｶｼﾝｷﾝ,028,ｶﾐﾌｸｼﾏ
1630,ｵｵｻｶｼﾝｷﾝ,029,ｼﾝｵｵｻｶ
1630,ｵｵｻｶｼﾝｷﾝ,030,ﾂﾙﾐ
1630,ｵｵｻｶｼﾝｷﾝ,031,ﾐﾅﾐﾓﾘﾏﾁ
1630,ｵｵｻｶｼﾝｷﾝ,034,ｲｸﾉ
1630,ｵｵｻｶｼﾝｷﾝ,039,ｽﾐﾉｴ
1630,ｵｵｻｶｼﾝｷﾝ,041,ｽﾐﾖｼ
1630,ｵｵｻｶｼﾝｷﾝ,042,ｲﾊﾞﾗｷ
1630,ｵｵｻｶｼﾝｷﾝ,043,ﾔｵｻｸﾗｶﾞｵｶ
1630,ｵｵｻｶｼﾝｷﾝ,044,ｴｲﾜ
1630,ｵｵｻｶｼﾝｷﾝ,046,ｽｲﾀ
1630,ｵｵｻｶｼﾝｷﾝ,048,ｶﾐｼﾝｼﾞﾖｳ
1630,ｵｵｻｶｼﾝｷﾝ,050,ﾃﾝﾛｸ
1630,ｵｵｻｶｼﾝｷﾝ,052,ﾊﾅﾃﾝ
1630,ｵｵｻｶｼﾝｷﾝ,053,ﾄﾖﾅｶ
1630,ｵｵｻｶｼﾝｷﾝ,054,ﾊﾅﾊｸｺｳｴﾝ
1630,ｵｵｻｶｼﾝｷﾝ,055,ｱﾏｶﾞｻｷ
1630,ｵｵｻｶｼﾝｷﾝ,056,ｱﾗﾓﾄ
1630,ｵｵｻｶｼﾝｷﾝ,057,ｶｲﾂﾞｶ
1630,ｵｵｻｶｼﾝｷﾝ,058,ｲｽﾞﾐｻﾉ
1630,ｵｵｻｶｼﾝｷﾝ,059,ｵｻﾞｷ
1630,ｵｵｻｶｼﾝｷﾝ,060,ｼﾉﾀﾞ
1630,ｵｵｻｶｼﾝｷﾝ,061,ﾐｸﾆｶﾞｵｶ
1630,ｵｵｻｶｼﾝｷﾝ,063,ﾄﾐｵｶ
1630,ｵｵｻｶｼﾝｷﾝ,064,ｼﾕｸｲﾝ
1630,ｵｵｻｶｼﾝｷﾝ,065,ｻｶｲｼｴｷﾏｴ
1630,ｵｵｻｶｼﾝｷﾝ,066,ﾏﾂﾊﾞﾗ
1630,ｵｵｻｶｼﾝｷﾝ,067,ｵｵﾄﾘ
1630,ｵｵｻｶｼﾝｷﾝ,068,ｾﾝﾅﾝ
1630,ｵｵｻｶｼﾝｷﾝ,069,ﾌｶｲ
1630,ｵｵｻｶｼﾝｷﾝ,070,ｼﾓﾏﾂ
1630,ｵｵｻｶｼﾝｷﾝ,071,ｶﾅｵｶﾁﾖｳ
1630,ｵｵｻｶｼﾝｷﾝ,072,ﾊﾙｷ
1630,ｵｵｻｶｼﾝｷﾝ,073,ｷｼﾜﾀﾞ
1630,ｵｵｻｶｼﾝｷﾝ,074,ｲｽﾞﾐｵｵﾂ
1630,ｵｵｻｶｼﾝｷﾝ,075,ﾀﾀﾞｵｶ
1630,ｵｵｻｶｼﾝｷﾝ,076,ｸﾒﾀﾞ
1630,ｵｵｻｶｼﾝｷﾝ,081,ﾐﾅﾐｶｲﾂﾞｶ
1630,ｵｵｻｶｼﾝｷﾝ,082,ﾀｶｲｼﾐﾅﾐ
1630,ｵｵｻｶｼﾝｷﾝ,083,ｷﾀｼﾉﾀﾞ
1630,ｵｵｻｶｼﾝｷﾝ,084,ｲｼﾂﾞ
1630,ｵｵｻｶｼﾝｷﾝ,085,ｲｽﾞﾐ
1630,ｵｵｻｶｼﾝｷﾝ,086,ｻｶｲﾋｶﾞｼ
1630,ｵｵｻｶｼﾝｷﾝ,087,ﾐﾉｵ
1630,ｵｵｻｶｼﾝｷﾝ,500,ﾀﾞｲｼﾝﾐﾗｲ
1633,ｵｵｻｶｺｳｾｲｼﾝｷﾝ,001,ﾎﾝﾃﾝ
1633,ｵｵｻｶｺｳｾｲｼﾝｷﾝ,002,ｵｵﾖﾄﾞ
1633,ｵｵｻｶｺｳｾｲｼﾝｷﾝ,003,ﾊﾘﾅｶﾉ
1633,ｵｵｻｶｺｳｾｲｼﾝｷﾝ,004,ﾓﾘｸﾞﾁ
1633,ｵｵｻｶｺｳｾｲｼﾝｷﾝ,005,ﾃﾝｶﾞﾁﾔﾔ
1633,ｵｵｻｶｺｳｾｲｼﾝｷﾝ,006,ﾌｶｴ
1633,ｵｵｻｶｺｳｾｲｼﾝｷﾝ,007,ﾈﾔｶﾞﾜ
1633,ｵｵｻｶｺｳｾｲｼﾝｷﾝ,008,ﾋﾗﾉ
1633,ｵｵｻｶｺｳｾｲｼﾝｷﾝ,009,ﾌｼﾞｲﾃﾞﾗ
1633,ｵｵｻｶｺｳｾｲｼﾝｷﾝ,010,ｼｼﾞﾖｳﾅﾜﾃ
1633,ｵｵｻｶｺｳｾｲｼﾝｷﾝ,012,ﾐﾅﾄ
1633,ｵｵｻｶｺｳｾｲｼﾝｷﾝ,013,ｶﾄﾞﾏ
1633,ｵｵｻｶｺｳｾｲｼﾝｷﾝ,014,ﾊﾅﾀﾞ
1633,ｵｵｻｶｺｳｾｲｼﾝｷﾝ,015,ﾆｼﾀﾅﾍﾞ
1633,ｵｵｻｶｺｳｾｲｼﾝｷﾝ,016,ﾂﾙﾐ
1633,ｵｵｻｶｺｳｾｲｼﾝｷﾝ,017,ｶﾐｼﾝｼﾞﾖｳ
1633,ｵｵｻｶｺｳｾｲｼﾝｷﾝ,018,ﾐﾅﾐﾓﾘﾏﾁ
1633,ｵｵｻｶｺｳｾｲｼﾝｷﾝ,019,ｲｸﾉ
1633,ｵｵｻｶｺｳｾｲｼﾝｷﾝ,020,ﾆｼｸ
1633,ｵｵｻｶｺｳｾｲｼﾝｷﾝ,021,ｾｷﾒ
1633,ｵｵｻｶｺｳｾｲｼﾝｷﾝ,022,ｳﾒﾀﾞ
1633,ｵｵｻｶｺｳｾｲｼﾝｷﾝ,023,ｱﾍﾞﾉ
1633,ｵｵｻｶｺｳｾｲｼﾝｷﾝ,024,ｴｻｶ
1633,ｵｵｻｶｺｳｾｲｼﾝｷﾝ,025,ｻｶｲ
1633,ｵｵｻｶｺｳｾｲｼﾝｷﾝ,026,ｱﾋﾞｺ
1633,ｵｵｻｶｺｳｾｲｼﾝｷﾝ,027,ｼﾞﾕｳｿｳ
1633,ｵｵｻｶｺｳｾｲｼﾝｷﾝ,028,ﾔｵ
1633,ｵｵｻｶｺｳｾｲｼﾝｷﾝ,029,ｳｴﾎﾝﾏﾁ
1633,ｵｵｻｶｺｳｾｲｼﾝｷﾝ,030,ﾊﾝｷﾕｳｲﾊﾞﾗｷ
1633,ｵｵｻｶｺｳｾｲｼﾝｷﾝ,031,ﾄﾖﾅｶ
1633,ｵｵｻｶｺｳｾｲｼﾝｷﾝ,032,ｱﾏｶﾞｻｷ
1633,ｵｵｻｶｺｳｾｲｼﾝｷﾝ,080,ｵｵｻｶﾄｷﾒｷ
1635,ｵｵｻｶｼﾃｲｼﾝｷﾝ,001,ﾎﾝﾃﾝ
1635,ｵｵｻｶｼﾃｲｼﾝｷﾝ,002,ﾅｶﾉｼﾏ
1635,ｵｵｻｶｼﾃｲｼﾝｷﾝ,004,ﾆｼ
1635,ｵｵｻｶｼﾃｲｼﾝｷﾝ,005,ｱﾍﾞﾉ
1635,ｵｵｻｶｼﾃｲｼﾝｷﾝ,006,ｲｸﾉ
1635,ｵｵｻｶｼﾃｲｼﾝｷﾝ,007,ﾌｸｼﾏ
1635,ｵｵｻｶｼﾃｲｼﾝｷﾝ,008,ｽﾐﾖｼ
1635,ｵｵｻｶｼﾃｲｼﾝｷﾝ,009,ｼﾞﾖｳﾄｳ
1635,ｵｵｻｶｼﾃｲｼﾝｷﾝ,010,ﾋｶﾞｼﾅﾘ
1635,ｵｵｻｶｼﾃｲｼﾝｷﾝ,011,ﾐﾔｺｼﾞﾏﾎﾝﾄﾞｵﾘ
1635,ｵｵｻｶｼﾃｲｼﾝｷﾝ,012,ﾌｾﾆｼ
1635,ｵｵｻｶｼﾃｲｼﾝｷﾝ,013,ﾐﾅﾐﾀﾅﾍﾞ
1635,ｵｵｻｶｼﾃｲｼﾝｷﾝ,014,ｶﾄﾞﾏ
1635,ｵｵｻｶｼﾃｲｼﾝｷﾝ,015,ｽﾐﾉﾄﾞｳ
1635,ｵｵｻｶｼﾃｲｼﾝｷﾝ,016,ﾔｵﾆｼ
1635,ｵｵｻｶｼﾃｲｼﾝｷﾝ,017,ﾜｶｴｲﾜﾀ
1635,ｵｵｻｶｼﾃｲｼﾝｷﾝ,018,ﾀﾂﾐ
1635,ｵｵｻｶｼﾃｲｼﾝｷﾝ,019,ｲｸﾉﾅｶ
1635,ｵｵｻｶｼﾃｲｼﾝｷﾝ,020,ﾀｶｲﾀﾞ
1635,ｵｵｻｶｼﾃｲｼﾝｷﾝ,021,ﾂﾙﾐ
1635,ｵｵｻｶｼﾃｲｼﾝｷﾝ,023,ｲｸﾉﾐﾅﾐ
1635,ｵｵｻｶｼﾃｲｼﾝｷﾝ,025,ﾓﾓﾀﾞﾆｴｷﾏｴ
1635,ｵｵｻｶｼﾃｲｼﾝｷﾝ,026,ｺｳﾉｲｹ
1635,ｵｵｻｶｼﾃｲｼﾝｷﾝ,027,ｶﾐｷﾀ
1635,ｵｵｻｶｼﾃｲｼﾝｷﾝ,030,ﾓﾘﾉﾐﾔ
1635,ｵｵｻｶｼﾃｲｼﾝｷﾝ,031,ﾀﾆﾏﾁ
1635,ｵｵｻｶｼﾃｲｼﾝｷﾝ,034,ﾀﾞｲﾄｳｷﾀ
1635,ｵｵｻｶｼﾃｲｼﾝｷﾝ,039,ｻｸﾗｶﾞﾜ
1635,ｵｵｻｶｼﾃｲｼﾝｷﾝ,043,ｶﾐｺｻｶ
1635,ｵｵｻｶｼﾃｲｼﾝｷﾝ,045,ｴﾄﾞﾎﾞﾘ
1635,ｵｵｻｶｼﾃｲｼﾝｷﾝ,046,ｾｷﾒ
1635,ｵｵｻｶｼﾃｲｼﾝｷﾝ,047,ﾋﾗﾉｳｴﾏﾁ
1635,ｵｵｻｶｼﾃｲｼﾝｷﾝ,048,ﾆﾂﾎﾟﾝﾊﾞｼ
1635,ｵｵｻｶｼﾃｲｼﾝｷﾝ,049,ﾊｷﾞﾉﾁﾔﾔ
1635,ｵｵｻｶｼﾃｲｼﾝｷﾝ,050,ｳﾒﾀﾞ
1635,ｵｵｻｶｼﾃｲｼﾝｷﾝ,053,ｶｼﾞﾏ
1635,ｵｵｻｶｼﾃｲｼﾝｷﾝ,054,ﾐｸﾘﾔ
1635,ｵｵｻｶｼﾃｲｼﾝｷﾝ,055,ﾐﾅﾄ
1635,ｵｵｻｶｼﾃｲｼﾝｷﾝ,056,ﾅｶﾞﾖｼ
1635,ｵｵｻｶｼﾃｲｼﾝｷﾝ,057,ｵｶｼﾞﾏ
1635,ｵｵｻｶｼﾃｲｼﾝｷﾝ,058,ｷﾀｶｶﾞﾔ
1635,ｵｵｻｶｼﾃｲｼﾝｷﾝ,059,ﾋﾒｼﾞﾏ
1635,ｵｵｻｶｼﾃｲｼﾝｷﾝ,061,ﾆｼｸｼﾞﾖｳ
1635,ｵｵｻｶｼﾃｲｼﾝｷﾝ,062,ﾋｶﾞｼﾖﾄﾞｶﾞﾜ
1635,ｵｵｻｶｼﾃｲｼﾝｷﾝ,063,ﾓﾘｸﾞﾁ
1635,ｵｵｻｶｼﾃｲｼﾝｷﾝ,065,ｺｳﾘﾂﾀﾞｲﾋﾞﾖｳｲﾝ
1635,ｵｵｻｶｼﾃｲｼﾝｷﾝ,066,ﾄﾖﾅｶ
1635,ｵｵｻｶｼﾃｲｼﾝｷﾝ,067,ｻｶｲ
1635,ｵｵｻｶｼﾃｲｼﾝｷﾝ,101,ﾔｵ
1635,ｵｵｻｶｼﾃｲｼﾝｷﾝ,102,ﾋﾗﾉ
1635,ｵｵｻｶｼﾃｲｼﾝｷﾝ,103,ﾔﾏﾓﾄ
1635,ｵｵｻｶｼﾃｲｼﾝｷﾝ,104,ｶｼﾜﾗ
1635,ｵｵｻｶｼﾃｲｼﾝｷﾝ,105,ﾏﾂﾊﾞﾗ
1635,ｵｵｻｶｼﾃｲｼﾝｷﾝ,106,ｺｸﾌﾞ
1635,ｵｵｻｶｼﾃｲｼﾝｷﾝ,107,ﾌﾙｲﾁ
1635,ｵｵｻｶｼﾃｲｼﾝｷﾝ,108,ﾖｼﾀﾞ
1635,ｵｵｻｶｼﾃｲｼﾝｷﾝ,110,ﾊﾂｼﾊﾞ
1635,ｵｵｻｶｼﾃｲｼﾝｷﾝ,111,ｺｻｶｴｷﾏｴ
1635,ｵｵｻｶｼﾃｲｼﾝｷﾝ,113,ﾐﾄ
1635,ｵｵｻｶｼﾃｲｼﾝｷﾝ,114,ﾌｶｴﾊﾞｼ
1635,ｵｵｻｶｼﾃｲｼﾝｷﾝ,115,ﾈﾔｶﾞﾜ
1635,ｵｵｻｶｼﾃｲｼﾝｷﾝ,116,ｶﾜﾁﾅｶﾞﾉ
1635,ｵｵｻｶｼﾃｲｼﾝｷﾝ,118,ｴｶﾞﾉｼﾖｳ
1635,ｵｵｻｶｼﾃｲｼﾝｷﾝ,119,ﾔｵｷﾀ
1635,ｵｵｻｶｼﾃｲｼﾝｷﾝ,120,ｷﾀﾔﾏﾓﾄ
1635,ｵｵｻｶｼﾃｲｼﾝｷﾝ,121,ｵﾝﾁﾞ
1635,ｵｵｻｶｼﾃｲｼﾝｷﾝ,122,ﾄﾞｳﾐﾖｳｼﾞ
1635,ｵｵｻｶｼﾃｲｼﾝｷﾝ,124,ﾋｶﾞｼﾊﾅｿﾞﾉ
1635,ｵｵｻｶｼﾃｲｼﾝｷﾝ,125,JRﾔｵｴｷﾏｴ
1635,ｵｵｻｶｼﾃｲｼﾝｷﾝ,126,ﾔｵﾐﾅﾐ
1635,ｵｵｻｶｼﾃｲｼﾝｷﾝ,129,ｼｷ
1635,ｵｵｻｶｼﾃｲｼﾝｷﾝ,130,ﾎﾝﾏﾁ
1635,ｵｵｻｶｼﾃｲｼﾝｷﾝ,138,ｱﾋﾞｺ
1635,ｵｵｻｶｼﾃｲｼﾝｷﾝ,141,ﾋﾗｵｶ
1635,ｵｵｻｶｼﾃｲｼﾝｷﾝ,143,ﾋﾖｳﾀﾝﾔﾏ
1635,ｵｵｻｶｼﾃｲｼﾝｷﾝ,144,ﾀﾞｲﾄｳ
1635,ｵｵｻｶｼﾃｲｼﾝｷﾝ,146,ﾄﾖｳﾗ
1635,ｵｵｻｶｼﾃｲｼﾝｷﾝ,155,ﾅｶﾉ
1635,ｵｵｻｶｼﾃｲｼﾝｷﾝ,162,ﾌｾ
1635,ｵｵｻｶｼﾃｲｼﾝｷﾝ,163,ｴｲﾜ
1635,ｵｵｻｶｼﾃｲｼﾝｷﾝ,175,ﾄｳﾌﾞｲﾁﾊﾞ
1635,ｵｵｻｶｼﾃｲｼﾝｷﾝ,177,ﾂｶﾓﾄ
1635,ｵｵｻｶｼﾃｲｼﾝｷﾝ,178,ﾎｸﾌﾞｲﾁﾊﾞ
1635,ｵｵｻｶｼﾃｲｼﾝｷﾝ,201,ｱﾏｶﾞｻｷ
1635,ｵｵｻｶｼﾃｲｼﾝｷﾝ,600,ﾕﾒﾌｸﾗﾑ
1636,ｵｵｻｶｼﾖｳｺｳｼﾝｷﾝ,001,ﾎﾝﾃﾝ
1636,ｵｵｻｶｼﾖｳｺｳｼﾝｷﾝ,002,ｱﾍﾞﾉ
1636,ｵｵｻｶｼﾖｳｺｳｼﾝｷﾝ,003,ﾋｶﾞｼﾅﾘ
1636,ｵｵｻｶｼﾖｳｺｳｼﾝｷﾝ,004,ﾆｼ
1636,ｵｵｻｶｼﾖｳｺｳｼﾝｷﾝ,005,ｲｸﾉ
1636,ｵｵｻｶｼﾖｳｺｳｼﾝｷﾝ,006,ﾀｶｲﾀﾞ
1636,ｵｵｻｶｼﾖｳｺｳｼﾝｷﾝ,007,ｶﾐ
1636,ｵｵｻｶｼﾖｳｺｳｼﾝｷﾝ,008,ﾅｶﾞﾀ
1636,ｵｵｻｶｼﾖｳｺｳｼﾝｷﾝ,009,ﾔｵﾐﾅﾐ
1636,ｵｵｻｶｼﾖｳｺｳｼﾝｷﾝ,011,ｺｳﾉｲｹ
1636,ｵｵｻｶｼﾖｳｺｳｼﾝｷﾝ,012,ﾋﾗﾉ
1636,ｵｵｻｶｼﾖｳｺｳｼﾝｷﾝ,015,ｲﾏｻﾞﾄ
1636,ｵｵｻｶｼﾖｳｺｳｼﾝｷﾝ,016,ﾔｵ
1636,ｵｵｻｶｼﾖｳｺｳｼﾝｷﾝ,017,ﾆﾂﾎﾟﾝﾊﾞｼ
1636,ｵｵｻｶｼﾖｳｺｳｼﾝｷﾝ,018,ﾖｼﾀﾞ
1636,ｵｵｻｶｼﾖｳｺｳｼﾝｷﾝ,019,ｻｶｲ
1636,ｵｵｻｶｼﾖｳｺｳｼﾝｷﾝ,020,ｳﾒﾀﾞ
1636,ｵｵｻｶｼﾖｳｺｳｼﾝｷﾝ,021,ﾆｼｳﾒﾀﾞ
1636,ｵｵｻｶｼﾖｳｺｳｼﾝｷﾝ,022,ｷﾖｳﾊﾞｼ
1636,ｵｵｻｶｼﾖｳｺｳｼﾝｷﾝ,023,ｼﾝｵｵｻｶ
1636,ｵｵｻｶｼﾖｳｺｳｼﾝｷﾝ,024,ﾄﾖﾅｶ
1636,ｵｵｻｶｼﾖｳｺｳｼﾝｷﾝ,080,ﾏｲﾄﾞｵｵｷﾆ
1643,ｴｲﾜｼﾝｷﾝ,001,ﾎﾝﾃﾝ
1643,ｴｲﾜｼﾝｷﾝ,002,ｻﾝﾉｳ
1643,ｴｲﾜｼﾝｷﾝ,003,ﾆｼ
1643,ｴｲﾜｼﾝｷﾝ,004,ﾀﾏﾃﾞ
1643,ｴｲﾜｼﾝｷﾝ,005,ｼﾞﾖｳﾄｳ
1643,ｴｲﾜｼﾝｷﾝ,006,ｳﾒﾀﾞ
1643,ｴｲﾜｼﾝｷﾝ,007,ｲﾏｻﾞﾄ
1643,ｴｲﾜｼﾝｷﾝ,008,ｲｸﾉ
1643,ｴｲﾜｼﾝｷﾝ,009,ｷﾚ
1643,ｴｲﾜｼﾝｷﾝ,010,ﾀﾂﾐ
1643,ｴｲﾜｼﾝｷﾝ,011,ﾊﾅｿﾞﾉ
1643,ｴｲﾜｼﾝｷﾝ,013,ﾔｵﾐﾅﾐ
1643,ｴｲﾜｼﾝｷﾝ,014,ｶﾐ
1643,ｴｲﾜｼﾝｷﾝ,015,ﾂﾙﾊｼ
1643,ｴｲﾜｼﾝｷﾝ,016,ｷﾀﾊﾅﾀﾞ
1643,ｴｲﾜｼﾝｷﾝ,017,ﾅｶﾞﾀ
1643,ｴｲﾜｼﾝｷﾝ,019,ﾔｵｷﾀ
1643,ｴｲﾜｼﾝｷﾝ,020,ﾎﾝﾏﾁ
1643,ｴｲﾜｼﾝｷﾝ,021,ｳﾒｷﾀ
1643,ｴｲﾜｼﾝｷﾝ,077,Uﾈﾂﾄｱﾌﾟﾘ
1645,ｷﾀｵｵｻｶｼﾝｷﾝ,001,ｼﾞﾕｳｿｳ
1645,ｷﾀｵｵｻｶｼﾝｷﾝ,002,ｱﾜｼﾞ
1645,ｷﾀｵｵｻｶｼﾝｷﾝ,003,ﾐｸﾆ
1645,ｷﾀｵｵｻｶｼﾝｷﾝ,006,ｸｼﾞﾖｳ
1645,ｷﾀｵｵｻｶｼﾝｷﾝ,008,ﾉﾀﾞ
1645,ｷﾀｵｵｻｶｼﾝｷﾝ,009,ﾅｶﾞｲ
1645,ｷﾀｵｵｻｶｼﾝｷﾝ,010,ｼﾞﾕｳｿｳﾋｶﾞｼ
1645,ｷﾀｵｵｻｶｼﾝｷﾝ,011,ｲﾊﾞﾗｷ
1645,ｷﾀｵｵｻｶｼﾝｷﾝ,014,ｳﾀｼﾞﾏﾊﾞｼ
1645,ｷﾀｵｵｻｶｼﾝｷﾝ,015,ｱﾏｶﾞｻｷ
1645,ｷﾀｵｵｻｶｼﾝｷﾝ,016,ｲﾊﾞﾗｷﾋｶﾞｼ
1645,ｷﾀｵｵｻｶｼﾝｷﾝ,017,ｾﾝﾘﾁﾕｳｵｳ
1645,ｷﾀｵｵｻｶｼﾝｷﾝ,019,ｼﾞﾕｳｿｳﾀｶﾂｷ
1645,ｷﾀｵｵｻｶｼﾝｷﾝ,020,ｼﾞﾕｳｿｳﾓﾘｸﾞﾁ
1645,ｷﾀｵｵｻｶｼﾝｷﾝ,021,ﾀﾁﾊﾞﾅ
1645,ｷﾀｵｵｻｶｼﾝｷﾝ,023,ｴｻｶｴｷﾏｴ
1645,ｷﾀｵｵｻｶｼﾝｷﾝ,024,ｺﾏﾂ
1645,ｷﾀｵｵｻｶｼﾝｷﾝ,026,ｼﾝｵｵｻｶｴｷﾏｴ
1645,ｷﾀｵｵｻｶｼﾝｷﾝ,028,ﾂｶﾓﾄ
1645,ｷﾀｵｵｻｶｼﾝｷﾝ,030,ｲﾀﾐ
1645,ｷﾀｵｵｻｶｼﾝｷﾝ,032,ｺﾉﾊﾅ
1645,ｷﾀｵｵｻｶｼﾝｷﾝ,034,ｱﾏｶﾞｻｷﾆｼ
1645,ｷﾀｵｵｻｶｼﾝｷﾝ,051,ﾎﾝﾃﾝ
1645,ｷﾀｵｵｻｶｼﾝｷﾝ,052,ｽｲﾀ
1645,ｷﾀｵｵｻｶｼﾝｷﾝ,053,ﾀｶﾂｷ
1645,ｷﾀｵｵｻｶｼﾝｷﾝ,054,ｾﾝﾘｵｶ
1645,ｷﾀｵｵｻｶｼﾝｷﾝ,055,ﾄﾖﾂ
1645,ｷﾀｵｵｻｶｼﾝｷﾝ,056,ﾋｶﾞｼﾖﾄﾞｶﾞﾜ
1645,ｷﾀｵｵｻｶｼﾝｷﾝ,057,ｶﾀﾔﾏ
1645,ｷﾀｵｵｻｶｼﾝｷﾝ,058,ﾄﾝﾀﾞ
1645,ｷﾀｵｵｻｶｼﾝｷﾝ,059,ｱｸﾀｶﾞﾜ
1645,ｷﾀｵｵｻｶｼﾝｷﾝ,060,ｼﾏﾓﾄ
1645,ｷﾀｵｵｻｶｼﾝｷﾝ,061,ｼﾖｳｼﾞﾔｸ
1645,ｷﾀｵｵｻｶｼﾝｷﾝ,063,ｿｳｼﾞｼﾞ
1645,ｷﾀｵｵｻｶｼﾝｷﾝ,064,ｶﾜｿﾞｴ
1645,ｷﾀｵｵｻｶｼﾝｷﾝ,065,ﾄﾖｻﾄｵｵﾊｼ
1645,ｷﾀｵｵｻｶｼﾝｷﾝ,067,ﾌｶｻﾞﾜ
1645,ｷﾀｵｵｻｶｼﾝｷﾝ,069,ｼﾞﾖｳﾅﾝ
1645,ｷﾀｵｵｻｶｼﾝｷﾝ,070,ﾂﾉｴ
1645,ｷﾀｵｵｻｶｼﾝｷﾝ,072,ｼﾐｽﾞ
1645,ｷﾀｵｵｻｶｼﾝｷﾝ,073,ﾄﾘｶｲ
1645,ｷﾀｵｵｻｶｼﾝｷﾝ,074,ｱﾌﾞﾔﾏ
1645,ｷﾀｵｵｻｶｼﾝｷﾝ,080,ﾀﾏｸｼ
1645,ｷﾀｵｵｻｶｼﾝｷﾝ,081,ﾐﾂﾔ
1645,ｷﾀｵｵｻｶｼﾝｷﾝ,082,ｲｼﾊﾞｼ
1645,ｷﾀｵｵｻｶｼﾝｷﾝ,083,ﾌｸｲ
1645,ｷﾀｵｵｻｶｼﾝｷﾝ,101,ﾄﾖﾅｶ
1645,ｷﾀｵｵｻｶｼﾝｷﾝ,102,ﾎﾝﾏﾁ
1645,ｷﾀｵｵｻｶｼﾝｷﾝ,103,ｼﾖｳﾅｲ
1645,ｷﾀｵｵｻｶｼﾝｷﾝ,104,ﾎﾀﾙｶﾞｲｹ
1645,ｷﾀｵｵｻｶｼﾝｷﾝ,107,ﾊﾂﾄﾘ
1645,ｷﾀｵｵｻｶｼﾝｷﾝ,108,ｶﾝｻﾞｷｶﾞﾜ
1645,ｷﾀｵｵｻｶｼﾝｷﾝ,109,ﾐﾉｵﾋｶﾞｼ
1645,ｷﾀｵｵｻｶｼﾝｷﾝ,110,ｳﾒﾀﾞ
1645,ｷﾀｵｵｻｶｼﾝｷﾝ,111,ｼﾖｳﾅｲﾆｼ
1645,ｷﾀｵｵｻｶｼﾝｷﾝ,112,ﾐﾉｵﾁﾕｳｵｳ
1645,ｷﾀｵｵｻｶｼﾝｷﾝ,113,ｻｸﾗｲﾀﾞﾆ
1645,ｷﾀｵｵｻｶｼﾝｷﾝ,114,ｼﾝｾﾝﾘﾐﾅﾐ
1645,ｷﾀｵｵｻｶｼﾝｷﾝ,119,ｱｶｶﾞﾜﾁﾖｳ
1645,ｷﾀｵｵｻｶｼﾝｷﾝ,120,ｼﾞﾖｳﾄｳ
1645,ｷﾀｵｵｻｶｼﾝｷﾝ,122,ｾﾝﾊﾞ
1645,ｷﾀｵｵｻｶｼﾝｷﾝ,123,ﾓﾘｸﾞﾁ
1645,ｷﾀｵｵｻｶｼﾝｷﾝ,125,ﾈﾔｶﾞﾜ
1645,ｷﾀｵｵｻｶｼﾝｷﾝ,126,ｶﾄﾞﾏ
1645,ｷﾀｵｵｻｶｼﾝｷﾝ,128,ﾌﾙｶﾜﾊﾞｼ
1656,ﾋﾗｶﾀｼﾝｷﾝ,001,ﾎﾝﾃﾝ
1656,ﾋﾗｶﾀｼﾝｷﾝ,002,ﾈﾔｶﾞﾜ
1656,ﾋﾗｶﾀｼﾝｷﾝ,003,ﾓﾘｸﾞﾁ
1656,ﾋﾗｶﾀｼﾝｷﾝ,004,ﾏｷﾉ
1656,ﾋﾗｶﾀｼﾝｷﾝ,005,ｵｵﾜﾀﾞ
1656,ﾋﾗｶﾀｼﾝｷﾝ,006,ｼｼﾞﾖｳﾅﾜﾃ
1656,ﾋﾗｶﾀｼﾝｷﾝ,007,ﾋﾗｶﾀｺｳｴﾝﾏｴ
1656,ﾋﾗｶﾀｼﾝｷﾝ,008,ｸｽﾞﾊ
1656,ﾋﾗｶﾀｼﾝｷﾝ,009,ｼﾉﾌﾞｶﾞｵｶ
1656,ﾋﾗｶﾀｼﾝｷﾝ,010,ｶﾀﾉ
1656,ﾋﾗｶﾀｼﾝｷﾝ,011,ｶｸﾞﾏﾁ
1656,ﾋﾗｶﾀｼﾝｷﾝ,012,ﾂﾀﾞ
1656,ﾋﾗｶﾀｼﾝｷﾝ,013,ｺｳｾﾞﾝｼﾞｴｷﾏｴ
1656,ﾋﾗｶﾀｼﾝｷﾝ,014,ｶｲﾀﾞ
1656,ﾋﾗｶﾀｼﾝｷﾝ,015,ﾎｼｶﾞｵｶ
1656,ﾋﾗｶﾀｼﾝｷﾝ,016,ﾅｶﾞｵ
1656,ﾋﾗｶﾀｼﾝｷﾝ,018,ﾋｶﾞｼｺｵﾘ
1656,ﾋﾗｶﾀｼﾝｷﾝ,019,ﾈﾔｶﾞﾜﾆｼ
1656,ﾋﾗｶﾀｼﾝｷﾝ,020,ｶﾄﾞﾏﾋｶﾞｼ
1656,ﾋﾗｶﾀｼﾝｷﾝ,021,ﾓﾘｸﾞﾁﾋｶﾞｼ
1666,ﾅﾗｼﾝｷﾝ,001,ﾎﾝﾃﾝ
1666,ﾅﾗｼﾝｷﾝ,002,ｶﾞｸｴﾝﾏｴ
1666,ﾅﾗｼﾝｷﾝ,003,ｲｺﾏ
1666,ﾅﾗｼﾝｷﾝ,004,ﾅﾗ
1666,ﾅﾗｼﾝｷﾝ,005,ﾄﾐｵ
1666,ﾅﾗｼﾝｷﾝ,007,ｵｵﾐﾔ
1666,ﾅﾗｼﾝｷﾝ,008,ｺｲｽﾞﾐ
1666,ﾅﾗｼﾝｷﾝ,009,ﾂﾂｲ
1666,ﾅﾗｼﾝｷﾝ,010,ｺﾄﾞﾉ
1666,ﾅﾗｼﾝｷﾝ,011,ｱﾏｶﾞﾂｼﾞ
1666,ﾅﾗｼﾝｷﾝ,012,ﾃﾝﾘ
1666,ﾅﾗｼﾝｷﾝ,013,ﾀﾂﾀｶﾞﾜ
1666,ﾅﾗｼﾝｷﾝ,014,ｷﾂﾞｶﾞﾜ
1666,ﾅﾗｼﾝｷﾝ,015,ｵｼｸﾏ
1667,ﾔﾏﾄｼﾝｷﾝ,001,ﾎﾝﾃﾝ
1667,ﾔﾏﾄｼﾝｷﾝ,003,ﾔｷﾞ
1667,ﾔﾏﾄｼﾝｷﾝ,004,ﾀｶﾀﾞ
1667,ﾔﾏﾄｼﾝｷﾝ,005,ﾊｲﾊﾞﾗ
1667,ﾔﾏﾄｼﾝｷﾝ,006,ﾃﾝﾘ
1667,ﾔﾏﾄｼﾝｷﾝ,007,ｶｼﾊﾞ
1667,ﾔﾏﾄｼﾝｷﾝ,008,ｶｼﾊﾗ
1667,ﾔﾏﾄｼﾝｷﾝ,009,ｲｺﾏ
1667,ﾔﾏﾄｼﾝｷﾝ,010,ｵｵｼﾞ
1667,ﾔﾏﾄｼﾝｷﾝ,011,ｻｲﾀﾞｲｼﾞ
1667,ﾔﾏﾄｼﾝｷﾝ,012,ﾀﾞｲｱﾝｼﾞ
1667,ﾔﾏﾄｼﾝｷﾝ,013,ﾆﾉｸﾁ
1667,ﾔﾏﾄｼﾝｷﾝ,015,ｼﾝｼﾞﾖｳ
1667,ﾔﾏﾄｼﾝｷﾝ,016,ｻｸﾗｲｷﾀ
1667,ﾔﾏﾄｼﾝｷﾝ,017,ｲﾁﾉﾓﾄ
1667,ﾔﾏﾄｼﾝｷﾝ,018,ｶｼﾊﾞﾁﾕｳｵｳ
1667,ﾔﾏﾄｼﾝｷﾝ,019,JRﾅﾗｴｷﾏｴ
1667,ﾔﾏﾄｼﾝｷﾝ,020,ﾎﾞｳｼﾞﾖｳ
1668,ﾅﾗﾁﾕｳｵｳｼﾝｷﾝ,011,ﾎﾝﾃﾝ
1668,ﾅﾗﾁﾕｳｵｳｼﾝｷﾝ,012,ｵｳｼﾞ
1668,ﾅﾗﾁﾕｳｵｳｼﾝｷﾝ,013,ｶｼﾊﾞ
1668,ﾅﾗﾁﾕｳｵｳｼﾝｷﾝ,014,ﾎｳﾘﾕｳｼﾞ
1668,ﾅﾗﾁﾕｳｵｳｼﾝｷﾝ,016,ﾕｳｻﾞｷ
1668,ﾅﾗﾁﾕｳｵｳｼﾝｷﾝ,017,ﾐﾅﾐﾅﾗ
1668,ﾅﾗﾁﾕｳｵｳｼﾝｷﾝ,018,ﾍｸﾞﾘ
1668,ﾅﾗﾁﾕｳｵｳｼﾝｷﾝ,019,ﾀｶﾀﾞ
1668,ﾅﾗﾁﾕｳｵｳｼﾝｷﾝ,020,ﾊﾀｹﾀﾞ
1668,ﾅﾗﾁﾕｳｵｳｼﾝｷﾝ,021,ﾆｼﾞﾖｳ
1668,ﾅﾗﾁﾕｳｵｳｼﾝｷﾝ,022,ﾏｽｶﾞ
1668,ﾅﾗﾁﾕｳｵｳｼﾝｷﾝ,023,ｼﾝｼﾞﾖｳ
1668,ﾅﾗﾁﾕｳｵｳｼﾝｷﾝ,025,ｶｼﾊﾗ
1671,ｼﾝｸﾞｳｼﾝｷﾝ,001,ﾎﾝﾃﾝ
1671,ｼﾝｸﾞｳｼﾝｷﾝ,002,ｼﾞﾖﾌｸ
1671,ｼﾝｸﾞｳｼﾝｷﾝ,003,ｶﾂｳﾗ
1671,ｼﾝｸﾞｳｼﾝｷﾝ,004,ｻﾉ
1671,ｼﾝｸﾞｳｼﾝｷﾝ,005,ﾐﾊﾏ
1671,ｼﾝｸﾞｳｼﾝｷﾝ,006,ｸﾏﾉ
1671,ｼﾝｸﾞｳｼﾝｷﾝ,008,ﾄﾂｶﾜ
1671,ｼﾝｸﾞｳｼﾝｷﾝ,009,ﾐﾄﾞﾘｶﾞｵｶ
1674,ｷﾉｸﾆｼﾝｷﾝ,001,ｺﾞﾎﾞｳ
1674,ｷﾉｸﾆｼﾝｷﾝ,002,ﾀﾅﾍﾞ
1674,ｷﾉｸﾆｼﾝｷﾝ,003,ｸｼﾓﾄ
1674,ｷﾉｸﾆｼﾝｷﾝ,004,ﾐﾅﾍﾞ
1674,ｷﾉｸﾆｼﾝｷﾝ,005,ﾄﾞｳｼﾞﾖｳｼﾞ
1674,ｷﾉｸﾆｼﾝｷﾝ,006,ﾘﾕｳｼﾞﾝ
1674,ｷﾉｸﾆｼﾝｷﾝ,007,ｴｶﾞﾜ
1674,ｷﾉｸﾆｼﾝｷﾝ,008,ﾅﾙｶﾐ
1674,ｷﾉｸﾆｼﾝｷﾝ,009,ｺﾞﾎﾞｳﾐﾅﾐ
1674,ｷﾉｸﾆｼﾝｷﾝ,012,ｲﾅﾐ
1674,ｷﾉｸﾆｼﾝｷﾝ,013,ﾜｶﾔﾏ
1674,ｷﾉｸﾆｼﾝｷﾝ,014,ﾎﾘﾄﾞﾒ
1674,ｷﾉｸﾆｼﾝｷﾝ,015,ｱｷﾊﾞｻﾝ
1674,ｷﾉｸﾆｼﾝｷﾝ,017,ﾕｱｻ
1674,ｷﾉｸﾆｼﾝｷﾝ,019,ﾑｿﾀ
1674,ｷﾉｸﾆｼﾝｷﾝ,020,ｸﾛｴｴｷﾏｴ
1674,ｷﾉｸﾆｼﾝｷﾝ,021,ｲﾜﾃﾞ
1674,ｷﾉｸﾆｼﾝｷﾝ,023,ｱｷﾂﾞ
1674,ｷﾉｸﾆｼﾝｷﾝ,024,ﾕﾗ
1674,ｷﾉｸﾆｼﾝｷﾝ,025,ｵｻﾞｷ
1674,ｷﾉｸﾆｼﾝｷﾝ,026,ｼﾗﾊﾏ
1674,ｷﾉｸﾆｼﾝｷﾝ,030,ﾎﾝﾃﾝ
1674,ｷﾉｸﾆｼﾝｷﾝ,033,ﾜｶｳﾗ
1674,ｷﾉｸﾆｼﾝｷﾝ,036,ｶﾓｺﾞｳ
1674,ｷﾉｸﾆｼﾝｷﾝ,037,ﾅｶﾉｼﾏ
1674,ｷﾉｸﾆｼﾝｷﾝ,039,ﾊｼﾓﾄ
1674,ｷﾉｸﾆｼﾝｷﾝ,041,ﾃﾞﾐｽﾞ
1674,ｷﾉｸﾆｼﾝｷﾝ,043,ｶｾｲ
1674,ｷﾉｸﾆｼﾝｷﾝ,045,ｳﾂﾐ
1674,ｷﾉｸﾆｼﾝｷﾝ,046,ｶｲﾅﾝﾋｶﾞｼ
1674,ｷﾉｸﾆｼﾝｷﾝ,047,ｷﾉｶﾜ
1674,ｷﾉｸﾆｼﾝｷﾝ,050,ｷﾐｲﾃﾞﾗ
1674,ｷﾉｸﾆｼﾝｷﾝ,051,ｸｽﾐ
1674,ｷﾉｸﾆｼﾝｷﾝ,053,ﾉｻﾞｷ
1674,ｷﾉｸﾆｼﾝｷﾝ,054,ｶｲﾅﾝ
1674,ｷﾉｸﾆｼﾝｷﾝ,059,ﾐﾉｼﾏ
1674,ｷﾉｸﾆｼﾝｷﾝ,060,ﾐﾔﾏｴ
1674,ｷﾉｸﾆｼﾝｷﾝ,062,ｽﾅﾔﾏ
1674,ｷﾉｸﾆｼﾝｷﾝ,063,ｷｼｶﾞﾜ
1674,ｷﾉｸﾆｼﾝｷﾝ,064,ﾐﾉｼﾏｴｷﾏｴ
1674,ｷﾉｸﾆｼﾝｷﾝ,065,ｷﾋﾞ
1674,ｷﾉｸﾆｼﾝｷﾝ,066,ｸﾏﾄﾘ
1674,ｷﾉｸﾆｼﾝｷﾝ,068,ｳﾁﾀ
1680,ｺｳﾍﾞｼﾝｷﾝ,001,ﾎﾝﾃﾝ
1680,ｺｳﾍﾞｼﾝｷﾝ,002,ﾆｼｺｳﾍﾞ
1680,ｺｳﾍﾞｼﾝｷﾝ,003,ｶｽｶﾞﾉ
1680,ｺｳﾍﾞｼﾝｷﾝ,004,ﾆｼﾅﾀﾞ
1680,ｺｳﾍﾞｼﾝｷﾝ,005,ﾁﾕｳｵｳ
1680,ｺｳﾍﾞｼﾝｷﾝ,006,ﾅｶﾞﾀ
1680,ｺｳﾍﾞｼﾝｷﾝ,007,ｲﾀﾔﾄﾞ
1680,ｺｳﾍﾞｼﾝｷﾝ,009,ｲｼﾔｶﾞﾜ
1680,ｺｳﾍﾞｼﾝｷﾝ,010,ﾋﾖｳｺﾞ
1680,ｺｳﾍﾞｼﾝｷﾝ,011,ﾂｷﾐﾔﾏ
1680,ｺｳﾍﾞｼﾝｷﾝ,012,ｽﾏ
1680,ｺｳﾍﾞｼﾝｷﾝ,015,ﾀﾙﾐ
1680,ｺｳﾍﾞｼﾝｷﾝ,016,ﾋｶﾞｼﾅﾀﾞ
1680,ｺｳﾍﾞｼﾝｷﾝ,017,ﾆｼｱｶｼ
1680,ｺｳﾍﾞｼﾝｷﾝ,018,ｼﾗｶﾜﾀﾞｲ
1680,ｺｳﾍﾞｼﾝｷﾝ,019,ﾆｼｽｽﾞﾗﾝﾀﾞｲ
1680,ｺｳﾍﾞｼﾝｷﾝ,020,ｱｻｷﾞﾘ
1680,ｺｳﾍﾞｼﾝｷﾝ,021,ｶﾞｸｴﾝﾄｼ
1680,ｺｳﾍﾞｼﾝｷﾝ,022,ﾐｻｷ
1680,ｺｳﾍﾞｼﾝｷﾝ,023,ｾｲｼﾝﾆﾕ-ﾀｳﾝ
1680,ｺｳﾍﾞｼﾝｷﾝ,025,ﾀﾏﾂ
1680,ｺｳﾍﾞｼﾝｷﾝ,026,ｼｵﾔ
1680,ｺｳﾍﾞｼﾝｷﾝ,027,ｳｵｽﾞﾐｴｷﾏｴ
1680,ｺｳﾍﾞｼﾝｷﾝ,028,ﾎﾟ-ﾄｱｲﾗﾝﾄﾞ
1680,ｺｳﾍﾞｼﾝｷﾝ,029,ｷﾀﾉﾎｳｼﾞﾝ
1680,ｺｳﾍﾞｼﾝｷﾝ,030,ﾎｳｼﾞﾝ
1680,ｺｳﾍﾞｼﾝｷﾝ,031,ｷﾀﾉ
1680,ｺｳﾍﾞｼﾝｷﾝ,032,ｼﾕｸｶﾞﾜ
1680,ｺｳﾍﾞｼﾝｷﾝ,033,ﾆｼﾉﾐﾔﾎｳｼﾞﾝ
1680,ｺｳﾍﾞｼﾝｷﾝ,034,ﾛﾂｺｳ
1680,ｺｳﾍﾞｼﾝｷﾝ,077,ｺｳﾍﾞﾈﾂﾄ
1685,ﾋﾒｼﾞｼﾝｷﾝ,001,ﾎﾝﾃﾝ
1685,ﾋﾒｼﾞｼﾝｷﾝ,003,ﾋｶﾞｼ
1685,ﾋﾒｼﾞｼﾝｷﾝ,004,ｴｷﾏｴ
1685,ﾋﾒｼﾞｼﾝｷﾝ,006,ﾉｻﾞﾄ
1685,ﾋﾒｼﾞｼﾝｷﾝ,007,ｼｶﾏ
1685,ﾋﾒｼﾞｼﾝｷﾝ,008,ﾃｶﾞﾗ
1685,ﾋﾒｼﾞｼﾝｷﾝ,009,ﾀﾂﾉ
1685,ﾋﾒｼﾞｼﾝｷﾝ,010,ｶｺｶﾞﾜ
1685,ﾋﾒｼﾞｼﾝｷﾝ,011,ﾀｶｻｺﾞ
1685,ﾋﾒｼﾞｼﾝｷﾝ,012,ﾋﾛﾊﾀ
1685,ﾋﾒｼﾞｼﾝｷﾝ,013,ｱｲｵｲ
1685,ﾋﾒｼﾞｼﾝｷﾝ,014,ﾆｼ
1685,ﾋﾒｼﾞｼﾝｷﾝ,015,ｱｶｼ
1685,ﾋﾒｼﾞｼﾝｷﾝ,016,ｺｳﾍﾞﾆｼ
1685,ﾋﾒｼﾞｼﾝｷﾝ,017,ﾛﾂｺｳ
1685,ﾋﾒｼﾞｼﾝｷﾝ,018,ｶｽｶﾞﾉ
1685,ﾋﾒｼﾞｼﾝｷﾝ,019,ﾐﾅﾄｶﾞﾜ
1685,ﾋﾒｼﾞｼﾝｷﾝ,020,ｷﾀ
1685,ﾋﾒｼﾞｼﾝｷﾝ,021,ｵﾉｴ
1685,ﾋﾒｼﾞｼﾝｷﾝ,022,ｱｵﾔﾏ
1685,ﾋﾒｼﾞｼﾝｷﾝ,023,ｼﾗｸﾆ
1685,ﾋﾒｼﾞｼﾝｷﾝ,024,ｵｵﾂ
1685,ﾋﾒｼﾞｼﾝｷﾝ,025,ﾉﾀﾞ
1685,ﾋﾒｼﾞｼﾝｷﾝ,026,ｱｺｳ
1685,ﾋﾒｼﾞｼﾝｷﾝ,027,ｵﾉ
1685,ﾋﾒｼﾞｼﾝｷﾝ,028,ﾋｶﾞｼｶｺｶﾞﾜ
1685,ﾋﾒｼﾞｼﾝｷﾝ,029,ｺﾞﾁﾔｸ
1685,ﾋﾒｼﾞｼﾝｷﾝ,030,ｼﾗﾊﾏ
1685,ﾋﾒｼﾞｼﾝｷﾝ,031,ｼｷﾄｳ
1685,ﾋﾒｼﾞｼﾝｷﾝ,032,ｼﾞﾖｳﾎｸ
1685,ﾋﾒｼﾞｼﾝｷﾝ,033,ﾎｳﾃﾞﾝ
1685,ﾋﾒｼﾞｼﾝｷﾝ,034,ﾛﾂｶｸ
1685,ﾋﾒｼﾞｼﾝｷﾝ,039,ﾎﾝｼﾞﾖｳ
1685,ﾋﾒｼﾞｼﾝｷﾝ,041,ﾌｸｻｷ
1685,ﾋﾒｼﾞｼﾝｷﾝ,042,ｱﾎﾞｼ
1685,ﾋﾒｼﾞｼﾝｷﾝ,043,ﾐｷ
1685,ﾋﾒｼﾞｼﾝｷﾝ,044,ﾀｲｼ
1685,ﾋﾒｼﾞｼﾝｷﾝ,045,ｶｻｲ
1685,ﾋﾒｼﾞｼﾝｷﾝ,047,ｵｵｸﾎﾞ
1685,ﾋﾒｼﾞｼﾝｷﾝ,052,ﾌｷｱｲ
1685,ﾋﾒｼﾞｼﾝｷﾝ,053,ﾏﾙﾔﾏ
1685,ﾋﾒｼﾞｼﾝｷﾝ,054,ﾅｸﾞﾗ
1685,ﾋﾒｼﾞｼﾝｷﾝ,055,ｴｷﾐﾅﾐ
1685,ﾋﾒｼﾞｼﾝｷﾝ,056,ｶﾄｳ
1685,ﾋﾒｼﾞｼﾝｷﾝ,057,ﾂﾁﾔﾏ
1685,ﾋﾒｼﾞｼﾝｷﾝ,070,ｲﾝﾀ-ﾈﾂﾄ
1686,ﾊﾞﾝｼﾕｳｼﾝｷﾝ,011,ﾎﾝﾃﾝ
1686,ﾊﾞﾝｼﾕｳｼﾝｷﾝ,012,ｶｺｶﾞﾜ
1686,ﾊﾞﾝｼﾕｳｼﾝｷﾝ,013,ｾﾝﾊﾞ
1686,ﾊﾞﾝｼﾕｳｼﾝｷﾝ,014,ﾉｻﾞﾄ
1686,ﾊﾞﾝｼﾕｳｼﾝｷﾝ,015,ﾀｶｻｺﾞ
1686,ﾊﾞﾝｼﾕｳｼﾝｷﾝ,016,ｲﾁﾊﾞ
1686,ﾊﾞﾝｼﾕｳｼﾝｷﾝ,017,ｱｲｵｲ
1686,ﾊﾞﾝｼﾕｳｼﾝｷﾝ,019,ﾋｶﾞｼ
1686,ﾊﾞﾝｼﾕｳｼﾝｷﾝ,020,ｱﾎﾞｼ
1686,ﾊﾞﾝｼﾕｳｼﾝｷﾝ,021,ﾎｳｼﾞﾖｳ
1686,ﾊﾞﾝｼﾕｳｼﾝｷﾝ,023,ﾌｸｻｷ
1686,ﾊﾞﾝｼﾕｳｼﾝｷﾝ,024,ｼｶﾏ
1686,ﾊﾞﾝｼﾕｳｼﾝｷﾝ,025,ｱｶｼ
1686,ﾊﾞﾝｼﾕｳｼﾝｷﾝ,026,ﾋﾖｳｺﾞ
1686,ﾊﾞﾝｼﾕｳｼﾝｷﾝ,027,ｷﾀ
1686,ﾊﾞﾝｼﾕｳｼﾝｷﾝ,028,ﾋｶﾞｼﾅﾀﾞ
1686,ﾊﾞﾝｼﾕｳｼﾝｷﾝ,029,ﾋｶﾞｼｶｺｶﾞﾜ
1686,ﾊﾞﾝｼﾕｳｼﾝｷﾝ,030,ｲﾎﾞｶﾞﾜ
1686,ﾊﾞﾝｼﾕｳｼﾝｷﾝ,031,ｺｳﾍﾞﾆｼ
1686,ﾊﾞﾝｼﾕｳｼﾝｷﾝ,032,ｱｶﾞﾎ
1686,ﾊﾞﾝｼﾕｳｼﾝｷﾝ,033,ｲﾏｼﾞﾕｸ
1686,ﾊﾞﾝｼﾕｳｼﾝｷﾝ,034,ｲﾎ
1686,ﾊﾞﾝｼﾕｳｼﾝｷﾝ,035,ｴｷﾏｴ
1686,ﾊﾞﾝｼﾕｳｼﾝｷﾝ,036,ﾋﾗﾉ
1686,ﾊﾞﾝｼﾕｳｼﾝｷﾝ,037,ﾋﾛﾊﾀ
1686,ﾊﾞﾝｼﾕｳｼﾝｷﾝ,038,ﾓﾄﾔﾏ
1686,ﾊﾞﾝｼﾕｳｼﾝｷﾝ,039,ｱｺｳ
1686,ﾊﾞﾝｼﾕｳｼﾝｷﾝ,040,ﾀｲｼ
1686,ﾊﾞﾝｼﾕｳｼﾝｷﾝ,041,ﾎｳｼﾛ
1686,ﾊﾞﾝｼﾕｳｼﾝｷﾝ,042,ｼﾗﾊﾏ
1686,ﾊﾞﾝｼﾕｳｼﾝｷﾝ,043,ﾌﾀﾐ
1686,ﾊﾞﾝｼﾕｳｼﾝｷﾝ,044,ﾂﾁﾔﾏ
1686,ﾊﾞﾝｼﾕｳｼﾝｷﾝ,045,ﾀﾂﾉ
1686,ﾊﾞﾝｼﾕｳｼﾝｷﾝ,046,ｱｵﾔﾏ
1686,ﾊﾞﾝｼﾕｳｼﾝｷﾝ,047,ﾆｼｱｶｼ
1686,ﾊﾞﾝｼﾕｳｼﾝｷﾝ,048,ｱﾗｲ
1686,ﾊﾞﾝｼﾕｳｼﾝｷﾝ,049,ﾍﾞﾌ
1686,ﾊﾞﾝｼﾕｳｼﾝｷﾝ,050,ﾐｷ
1686,ﾊﾞﾝｼﾕｳｼﾝｷﾝ,051,ｵｵｸﾎﾞ
1686,ﾊﾞﾝｼﾕｳｼﾝｷﾝ,052,ﾐﾀﾁ
1686,ﾊﾞﾝｼﾕｳｼﾝｷﾝ,053,ﾎｳﾃﾞﾝ
1686,ﾊﾞﾝｼﾕｳｼﾝｷﾝ,056,ｼｶﾏﾆｼ
1686,ﾊﾞﾝｼﾕｳｼﾝｷﾝ,057,ﾉｸﾞﾁ
1686,ﾊﾞﾝｼﾕｳｼﾝｷﾝ,058,ｲﾅﾐ
1686,ﾊﾞﾝｼﾕｳｼﾝｷﾝ,059,ｻﾝﾉﾐﾔ
1686,ﾊﾞﾝｼﾕｳｼﾝｷﾝ,061,ﾀﾙﾐ
1686,ﾊﾞﾝｼﾕｳｼﾝｷﾝ,062,ﾊﾅﾀﾞ
1686,ﾊﾞﾝｼﾕｳｼﾝｷﾝ,063,ﾅﾀﾞ
1686,ﾊﾞﾝｼﾕｳｼﾝｷﾝ,064,ﾛﾂｺｳﾐﾁ
1686,ﾊﾞﾝｼﾕｳｼﾝｷﾝ,066,ｻﾝﾉﾐﾔｷﾀ
1686,ﾊﾞﾝｼﾕｳｼﾝｷﾝ,067,ﾆｼﾉﾐﾔ
1686,ﾊﾞﾝｼﾕｳｼﾝｷﾝ,068,ｱﾏｶﾞｻｷ
1686,ﾊﾞﾝｼﾕｳｼﾝｷﾝ,069,ｲﾏﾂﾞ
1686,ﾊﾞﾝｼﾕｳｼﾝｷﾝ,071,ﾀｶﾗﾂﾞｶ
1686,ﾊﾞﾝｼﾕｳｼﾝｷﾝ,072,ｺｳﾃﾞﾗ
1686,ﾊﾞﾝｼﾕｳｼﾝｷﾝ,073,ｲﾀﾐ
1686,ﾊﾞﾝｼﾕｳｼﾝｷﾝ,074,ｾｲｼﾝﾐﾅﾐ
1686,ﾊﾞﾝｼﾕｳｼﾝｷﾝ,075,ﾆｼ
1686,ﾊﾞﾝｼﾕｳｼﾝｷﾝ,076,ｶﾐｺﾞｵﾘ
1686,ﾊﾞﾝｼﾕｳｼﾝｷﾝ,077,ｵﾉ
1686,ﾊﾞﾝｼﾕｳｼﾝｷﾝ,078,ﾂｶｸﾞﾁ
1686,ﾊﾞﾝｼﾕｳｼﾝｷﾝ,080,ﾕﾒﾐﾗｲ
1686,ﾊﾞﾝｼﾕｳｼﾝｷﾝ,081,ﾀﾆｶﾞﾐ
1686,ﾊﾞﾝｼﾕｳｼﾝｷﾝ,082,ﾀﾁﾊﾞﾅ
1686,ﾊﾞﾝｼﾕｳｼﾝｷﾝ,083,ﾆｼﾜｷ
1686,ﾊﾞﾝｼﾕｳｼﾝｷﾝ,085,ﾆｼﾉﾐﾔｷﾀ
1686,ﾊﾞﾝｼﾕｳｼﾝｷﾝ,086,ﾖﾄﾞｶﾞﾜ
1686,ﾊﾞﾝｼﾕｳｼﾝｷﾝ,087,ﾄﾖﾅｶ
1687,ﾋﾖｳｺﾞｼﾝｷﾝ,001,ﾎﾝﾃﾝ
1687,ﾋﾖｳｺﾞｼﾝｷﾝ,002,ｼｶﾏ
1687,ﾋﾖｳｺﾞｼﾝｷﾝ,003,ﾆｼｼｶﾏ
1687,ﾋﾖｳｺﾞｼﾝｷﾝ,005,ﾋﾛﾊﾀ
1687,ﾋﾖｳｺﾞｼﾝｷﾝ,006,ｱﾎﾞｼ
1687,ﾋﾖｳｺﾞｼﾝｷﾝ,008,ｱﾎﾞｼｴｷ
1687,ﾋﾖｳｺﾞｼﾝｷﾝ,009,ｼﾗﾊﾏ
1687,ﾋﾖｳｺﾞｼﾝｷﾝ,011,ﾀｶｻｺﾞ
1687,ﾋﾖｳｺﾞｼﾝｷﾝ,012,ﾐﾂ
1687,ﾋﾖｳｺﾞｼﾝｷﾝ,013,ﾀｲｼ
1687,ﾋﾖｳｺﾞｼﾝｷﾝ,014,ｲｴｼﾏ
1687,ﾋﾖｳｺﾞｼﾝｷﾝ,015,ｶﾐｺﾞｵﾘ
1687,ﾋﾖｳｺﾞｼﾝｷﾝ,016,ｱｺｳ
1687,ﾋﾖｳｺﾞｼﾝｷﾝ,019,ｻﾖｳ
1687,ﾋﾖｳｺﾞｼﾝｷﾝ,021,ﾋﾒｼﾞﾁﾕｳｵｳ
1687,ﾋﾖｳｺﾞｼﾝｷﾝ,022,ｱｲｵｲ
1687,ﾋﾖｳｺﾞｼﾝｷﾝ,023,ｲﾏｼﾞﾕｸ
1687,ﾋﾖｳｺﾞｼﾝｷﾝ,024,ﾋｶﾞｼｶｺｶﾞﾜ
1687,ﾋﾖｳｺﾞｼﾝｷﾝ,026,ｵｵｸﾎﾞ
1687,ﾋﾖｳｺﾞｼﾝｷﾝ,027,ｺｳﾍﾞﾁﾕｳｵｳ
1687,ﾋﾖｳｺﾞｼﾝｷﾝ,028,ｺｳﾍﾞｴｷﾏｴ
1687,ﾋﾖｳｺﾞｼﾝｷﾝ,030,ｵﾀﾋﾞ
1687,ﾋﾖｳｺﾞｼﾝｷﾝ,031,ﾛﾂｺｳ
1687,ﾋﾖｳｺﾞｼﾝｷﾝ,032,ﾀｷﾉﾁﾔﾔ
1687,ﾋﾖｳｺﾞｼﾝｷﾝ,033,ﾋｶﾞｼﾅﾀﾞ
1687,ﾋﾖｳｺﾞｼﾝｷﾝ,034,ﾌｼﾞﾜﾗﾀﾞｲ
1687,ﾋﾖｳｺﾞｼﾝｷﾝ,035,ｺｳｼｴﾝ
1687,ﾋﾖｳｺﾞｼﾝｷﾝ,036,ｼﾞﾖｳｻｲ
1687,ﾋﾖｳｺﾞｼﾝｷﾝ,037,ﾉｻﾞﾄｴｷﾏｴ
1687,ﾋﾖｳｺﾞｼﾝｷﾝ,038,ﾔﾏﾉﾏﾁ
1687,ﾋﾖｳｺﾞｼﾝｷﾝ,041,ｶｺｶﾞﾜ
1687,ﾋﾖｳｺﾞｼﾝｷﾝ,042,ﾐﾀﾁ
1687,ﾋﾖｳｺﾞｼﾝｷﾝ,043,ｼﾝｸﾞｳ
1687,ﾋﾖｳｺﾞｼﾝｷﾝ,045,ﾏﾅﾋﾞｶﾞｵｶ
1687,ﾋﾖｳｺﾞｼﾝｷﾝ,051,ｽｽﾞﾗﾝﾀﾞｲ
1687,ﾋﾖｳｺﾞｼﾝｷﾝ,052,ｼﾝﾅｶﾞﾀ
1688,ｱﾏｶﾞｻｷｼﾝｷﾝ,001,ﾎﾝﾃﾝ
1688,ｱﾏｶﾞｻｷｼﾝｷﾝ,002,ｸｲｾ
1688,ｱﾏｶﾞｻｷｼﾝｷﾝ,003,ｼｵｴ
1688,ｱﾏｶﾞｻｷｼﾝｷﾝ,004,ﾅｶﾞｽ
1688,ｱﾏｶﾞｻｷｼﾝｷﾝ,005,ｵｵｼﾖｳ
1688,ｱﾏｶﾞｻｷｼﾝｷﾝ,006,ﾅﾆﾜ
1688,ｱﾏｶﾞｻｷｼﾝｷﾝ,007,ﾀﾁﾊﾞﾅ
1688,ｱﾏｶﾞｻｷｼﾝｷﾝ,008,ﾑｺｶﾞﾜ
1688,ｱﾏｶﾞｻｷｼﾝｷﾝ,009,ﾑｺﾉｿｳ
1688,ｱﾏｶﾞｻｷｼﾝｷﾝ,010,ﾂｶｸﾞﾁ
1688,ｱﾏｶﾞｻｷｼﾝｷﾝ,012,ｲﾀﾐ
1688,ｱﾏｶﾞｻｷｼﾝｷﾝ,013,ｶﾜﾆｼ
1688,ｱﾏｶﾞｻｷｼﾝｷﾝ,014,ﾀｶﾗﾂﾞｶ
1688,ｱﾏｶﾞｻｷｼﾝｷﾝ,015,ﾋｶﾞｼﾅﾆﾜ
1688,ｱﾏｶﾞｻｷｼﾝｷﾝ,016,ﾃﾞﾔｼｷ
1688,ｱﾏｶﾞｻｷｼﾝｷﾝ,017,ｿﾉﾀﾞ
1688,ｱﾏｶﾞｻｷｼﾝｷﾝ,018,ｵｵｻｶ
1688,ｱﾏｶﾞｻｷｼﾝｷﾝ,019,ﾆｼﾑｺ
1688,ｱﾏｶﾞｻｷｼﾝｷﾝ,020,ﾃﾝﾏﾊﾞｼ
1688,ｱﾏｶﾞｻｷｼﾝｷﾝ,021,ｼﾖｳﾜﾁﾖｳ
1688,ｱﾏｶﾞｻｷｼﾝｷﾝ,022,ｲﾏｻﾞﾄ
1688,ｱﾏｶﾞｻｷｼﾝｷﾝ,024,ﾆｼﾖﾄﾞ
1688,ｱﾏｶﾞｻｷｼﾝｷﾝ,025,ｲﾀﾐﾆｼ
1688,ｱﾏｶﾞｻｷｼﾝｷﾝ,026,ﾆｼﾉﾐﾔ
1688,ｱﾏｶﾞｻｷｼﾝｷﾝ,027,ﾐﾉｵ
1688,ｱﾏｶﾞｻｷｼﾝｷﾝ,028,ｾﾂﾂ
1688,ｱﾏｶﾞｻｷｼﾝｷﾝ,029,ｺｳﾍﾞﾋｶﾞｼ
1688,ｱﾏｶﾞｻｷｼﾝｷﾝ,030,ﾓﾝﾄﾞ
1688,ｱﾏｶﾞｻｷｼﾝｷﾝ,031,ﾀﾞｲｺｸﾁﾖｳ
1688,ｱﾏｶﾞｻｷｼﾝｷﾝ,032,ｳﾒﾀﾞ
1688,ｱﾏｶﾞｻｷｼﾝｷﾝ,033,ｷﾖｳﾊﾞｼ
1688,ｱﾏｶﾞｻｷｼﾝｷﾝ,036,ﾐﾅﾄ
1688,ｱﾏｶﾞｻｷｼﾝｷﾝ,037,ﾋﾗﾉ
1688,ｱﾏｶﾞｻｷｼﾝｷﾝ,038,ｱｻｶ
1688,ｱﾏｶﾞｻｷｼﾝｷﾝ,039,ﾓｽﾞ
1688,ｱﾏｶﾞｻｷｼﾝｷﾝ,040,ｳｴﾉｼﾊﾞ
1688,ｱﾏｶﾞｻｷｼﾝｷﾝ,041,ﾋｶﾞｼｵｵｻｶ
1688,ｱﾏｶﾞｻｷｼﾝｷﾝ,042,ﾐﾅﾐｲﾊﾞﾗｷﾞ
1688,ｱﾏｶﾞｻｷｼﾝｷﾝ,043,ﾅﾙｵ
1688,ｱﾏｶﾞｻｷｼﾝｷﾝ,044,ｵｿﾞﾉ
1688,ｱﾏｶﾞｻｷｼﾝｷﾝ,045,ｲﾅﾉ
1688,ｱﾏｶﾞｻｷｼﾝｷﾝ,046,ｺｳｼｴﾝｸﾞﾁ
1688,ｱﾏｶﾞｻｷｼﾝｷﾝ,047,ｻｶｾｶﾞﾜ
1688,ｱﾏｶﾞｻｷｼﾝｷﾝ,048,ｻｸﾗﾀﾞｲ
1688,ｱﾏｶﾞｻｷｼﾝｷﾝ,049,ｺｳﾍﾞ
1688,ｱﾏｶﾞｻｷｼﾝｷﾝ,050,ｺｳﾛｴﾝ
1688,ｱﾏｶﾞｻｷｼﾝｷﾝ,051,ﾐﾅﾐﾑｺ
1688,ｱﾏｶﾞｻｷｼﾝｷﾝ,052,ｲｼﾊﾞｼ
1688,ｱﾏｶﾞｻｷｼﾝｷﾝ,053,ﾌｶｲ
1688,ｱﾏｶﾞｻｷｼﾝｷﾝ,054,ﾊﾏﾀﾞ
1688,ｱﾏｶﾞｻｷｼﾝｷﾝ,055,ﾉﾏ
1688,ｱﾏｶﾞｻｷｼﾝｷﾝ,056,ｳｴｶﾞﾊﾗ
1688,ｱﾏｶﾞｻｷｼﾝｷﾝ,057,ｺﾔﾉｻﾄ
1688,ｱﾏｶﾞｻｷｼﾝｷﾝ,058,ｱｼﾔ
1688,ｱﾏｶﾞｻｷｼﾝｷﾝ,060,ﾂｶｼﾝ
1688,ｱﾏｶﾞｻｷｼﾝｷﾝ,061,ｸﾗｸｴﾝ
1688,ｱﾏｶﾞｻｷｼﾝｷﾝ,062,ﾐﾄﾞﾘｶﾞｵｶ
1688,ｱﾏｶﾞｻｷｼﾝｷﾝ,063,ｺｳﾉｲｹ
1688,ｱﾏｶﾞｻｷｼﾝｷﾝ,064,ﾌｶｴ
1688,ｱﾏｶﾞｻｷｼﾝｷﾝ,065,ﾄﾖﾅｶｼﾏｴ
1688,ｱﾏｶﾞｻｷｼﾝｷﾝ,066,ｱｸﾗ
1688,ｱﾏｶﾞｻｷｼﾝｷﾝ,067,ｵﾊﾏ
1688,ｱﾏｶﾞｻｷｼﾝｷﾝ,068,ﾂｶｸﾞﾁﾐﾅﾐ
1688,ｱﾏｶﾞｻｷｼﾝｷﾝ,070,ｽｲﾀ
1688,ｱﾏｶﾞｻｷｼﾝｷﾝ,071,ｲﾏﾂﾞ
1688,ｱﾏｶﾞｻｷｼﾝｷﾝ,072,ﾊﾝｼﾝｱｼﾔ
1688,ｱﾏｶﾞｻｷｼﾝｷﾝ,073,ｵﾊﾞﾔｼ
1688,ｱﾏｶﾞｻｷｼﾝｷﾝ,074,ｹﾏ
1688,ｱﾏｶﾞｻｷｼﾝｷﾝ,075,ﾀﾁﾊﾞﾅｷﾀ
1688,ｱﾏｶﾞｻｷｼﾝｷﾝ,076,ﾊﾏｺｳｼｴﾝ
1688,ｱﾏｶﾞｻｷｼﾝｷﾝ,077,ﾐｷ
1688,ｱﾏｶﾞｻｷｼﾝｷﾝ,078,ﾀﾀﾞ
1688,ｱﾏｶﾞｻｷｼﾝｷﾝ,079,ﾛﾂｺｳ
1688,ｱﾏｶﾞｻｷｼﾝｷﾝ,080,ｲｹﾀﾞ
1688,ｱﾏｶﾞｻｷｼﾝｷﾝ,081,ｻﾝﾀﾞ
1688,ｱﾏｶﾞｻｷｼﾝｷﾝ,083,ｷﾀﾅﾆﾜ
1688,ｱﾏｶﾞｻｷｼﾝｷﾝ,084,ﾂｶﾓﾄ
1688,ｱﾏｶﾞｻｷｼﾝｷﾝ,085,ﾅｶﾔﾏﾃﾞﾗ
1688,ｱﾏｶﾞｻｷｼﾝｷﾝ,086,ｳﾁﾃﾞ
1688,ｱﾏｶﾞｻｷｼﾝｷﾝ,087,ﾊﾝｼﾝﾆｼﾉﾐﾔ
1688,ｱﾏｶﾞｻｷｼﾝｷﾝ,088,ｼﾝｺｳﾖｳ
1688,ｱﾏｶﾞｻｷｼﾝｷﾝ,089,ﾀﾞｲﾄｳ
1688,ｱﾏｶﾞｻｷｼﾝｷﾝ,090,ｽﾐﾉｴ
1688,ｱﾏｶﾞｻｷｼﾝｷﾝ,091,ｶﾄﾞﾏ
1688,ｱﾏｶﾞｻｷｼﾝｷﾝ,092,ﾅｶﾞﾀﾋｶﾞｼ
1688,ｱﾏｶﾞｻｷｼﾝｷﾝ,093,ﾔｵ
1688,ｱﾏｶﾞｻｷｼﾝｷﾝ,100,ｳﾙﾄﾗ
1689,ﾆﾂｼﾝｼﾝｷﾝ,001,ﾎﾝﾃﾝ
1689,ﾆﾂｼﾝｼﾝｷﾝ,002,ｱｶｼｴｷﾏｴ
1689,ﾆﾂｼﾝｼﾝｷﾝ,003,ﾋﾄﾏﾙ
1689,ﾆﾂｼﾝｼﾝｷﾝ,004,ｵｵｸﾎﾞ
1689,ﾆﾂｼﾝｼﾝｷﾝ,005,ﾌﾀﾐ
1689,ﾆﾂｼﾝｼﾝｷﾝ,006,ｴｲｶﾞｼﾏ
1689,ﾆﾂｼﾝｼﾝｷﾝ,007,ﾀﾙﾐ
1689,ﾆﾂｼﾝｼﾝｷﾝ,008,ｶｺｶﾞﾜ
1689,ﾆﾂｼﾝｼﾝｷﾝ,009,ﾆｼｱｶｼ
1689,ﾆﾂｼﾝｼﾝｷﾝ,010,ﾋﾗﾉ
1689,ﾆﾂｼﾝｼﾝｷﾝ,011,ﾀﾏﾂ
1689,ﾆﾂｼﾝｼﾝｷﾝ,012,ﾐｷ
1689,ﾆﾂｼﾝｼﾝｷﾝ,013,ｵﾉ
1689,ﾆﾂｼﾝｼﾝｷﾝ,014,ﾃﾝｼﾞﾝ
1689,ﾆﾂｼﾝｼﾝｷﾝ,015,ﾀｷﾉ
1689,ﾆﾂｼﾝｼﾝｷﾝ,017,ﾐﾄﾞﾘｶﾞｵｶ
1689,ﾆﾂｼﾝｼﾝｷﾝ,018,ｺｳﾍﾞ
1689,ﾆﾂｼﾝｼﾝｷﾝ,019,ｳﾁﾞｶﾜ
1689,ﾆﾂｼﾝｼﾝｷﾝ,020,ﾋﾖｳｺﾞ
1689,ﾆﾂｼﾝｼﾝｷﾝ,021,ﾆｼﾅﾀﾞ
1689,ﾆﾂｼﾝｼﾝｷﾝ,022,ﾛﾂｺｳ
1689,ﾆﾂｼﾝｼﾝｷﾝ,023,ｳｵｻﾞｷ
1689,ﾆﾂｼﾝｼﾝｷﾝ,024,ﾓﾄﾔﾏ
1689,ﾆﾂｼﾝｼﾝｷﾝ,025,ｽｽﾞﾗﾝﾀﾞｲ
1689,ﾆﾂｼﾝｼﾝｷﾝ,026,ﾋﾖﾄﾞﾘﾀﾞｲ
1689,ﾆﾂｼﾝｼﾝｷﾝ,027,ｲﾁﾊﾞ
1689,ﾆﾂｼﾝｼﾝｷﾝ,028,ﾎｳﾃﾞﾝ
1689,ﾆﾂｼﾝｼﾝｷﾝ,029,ｲﾀﾔﾄﾞ
1689,ﾆﾂｼﾝｼﾝｷﾝ,031,ﾎﾝｼﾞﾖｳ
1689,ﾆﾂｼﾝｼﾝｷﾝ,032,ﾊﾔｼｻｷ
1689,ﾆﾂｼﾝｼﾝｷﾝ,033,ｲｶﾜﾀﾞﾆ
1689,ﾆﾂｼﾝｼﾝｷﾝ,034,ﾏｲｺ
1689,ﾆﾂｼﾝｼﾝｷﾝ,036,ｳｵｽﾞﾐ
1689,ﾆﾂｼﾝｼﾝｷﾝ,038,ﾌｼﾞﾜﾗﾀﾞｲ
1689,ﾆﾂｼﾝｼﾝｷﾝ,039,ｼﾝｴｲ
1689,ﾆﾂｼﾝｼﾝｷﾝ,040,ﾆｼﾉﾐﾔｲﾏﾂﾞ
1691,ｱﾜｼﾞｼﾝｷﾝ,001,ﾎﾝﾃﾝ
1691,ｱﾜｼﾞｼﾝｷﾝ,002,ﾎﾝﾏﾁ
1691,ｱﾜｼﾞｼﾝｷﾝ,003,ﾕﾗ
1691,ｱﾜｼﾞｼﾝｷﾝ,004,ｼﾂﾞｷ
1691,ｱﾜｼﾞｼﾝｷﾝ,005,ｶﾘﾔ
1691,ｱﾜｼﾞｼﾝｷﾝ,006,ｲﾜﾔ
1691,ｱﾜｼﾞｼﾝｷﾝ,007,ﾄｼﾏ
1691,ｱﾜｼﾞｼﾝｷﾝ,008,ﾑﾛﾂ
1691,ｱﾜｼﾞｼﾝｷﾝ,009,ｸﾞﾝｹﾞ
1691,ｱﾜｼﾞｼﾝｷﾝ,010,ﾂｼ
1691,ｱﾜｼﾞｼﾝｷﾝ,011,ﾐﾅﾄ
1691,ｱﾜｼﾞｼﾝｷﾝ,012,ﾂｲ
1691,ｱﾜｼﾞｼﾝｷﾝ,013,ﾌｸﾗ
1691,ｱﾜｼﾞｼﾝｷﾝ,014,ｱﾏ
1691,ｱﾜｼﾞｼﾝｷﾝ,015,ｲﾁ
1691,ｱﾜｼﾞｼﾝｷﾝ,016,ｶﾓﾘ
1691,ｱﾜｼﾞｼﾝｷﾝ,017,ﾋﾛﾀ
1691,ｱﾜｼﾞｼﾝｷﾝ,019,ｺｳﾍﾞ
1691,ｱﾜｼﾞｼﾝｷﾝ,020,ｱｶｼ
1691,ｱﾜｼﾞｼﾝｷﾝ,021,ｺｳﾍﾞﾁﾕｳｵｳ
1691,ｱﾜｼﾞｼﾝｷﾝ,022,ﾋﾖｳｺﾞ
1691,ｱﾜｼﾞｼﾝｷﾝ,023,ﾅﾀﾞ
1691,ｱﾜｼﾞｼﾝｷﾝ,024,ﾆｼﾉﾐﾔ
1691,ｱﾜｼﾞｼﾝｷﾝ,026,ﾓﾉﾍﾞ
1691,ｱﾜｼﾞｼﾝｷﾝ,027,ｼﾝﾅｶﾞﾀ
1691,ｱﾜｼﾞｼﾝｷﾝ,028,ｲｶﾜﾀﾞﾆ
1691,ｱﾜｼﾞｼﾝｷﾝ,029,ｳｵｽﾞﾐ
1692,ﾀｼﾞﾏｼﾝｷﾝ,001,ﾎﾝﾃﾝ
1692,ﾀｼﾞﾏｼﾝｷﾝ,002,ﾀﾞｲｶｲ
1692,ﾀｼﾞﾏｼﾝｷﾝ,003,ﾋﾀﾞｶ
1692,ﾀｼﾞﾏｼﾝｷﾝ,004,ｷﾉｻｷ
1692,ﾀｼﾞﾏｼﾝｷﾝ,005,ﾜﾀﾞﾔﾏ
1692,ﾀｼﾞﾏｼﾝｷﾝ,006,ﾀｹﾀﾞ
1692,ﾀｼﾞﾏｼﾝｷﾝ,007,ｻﾝﾄｳ
1692,ﾀｼﾞﾏｼﾝｷﾝ,008,ｲｽﾞｼ
1692,ﾀｼﾞﾏｼﾝｷﾝ,009,ｶｽﾐ
1692,ﾀｼﾞﾏｼﾝｷﾝ,011,ﾊﾏｻｶ
1692,ﾀｼﾞﾏｼﾝｷﾝ,012,ﾋﾒｼﾞ
1692,ﾀｼﾞﾏｼﾝｷﾝ,013,ﾄﾖｵｶﾐﾅﾐ
1692,ﾀｼﾞﾏｼﾝｷﾝ,014,ﾀﾝﾄｳ
1692,ﾀｼﾞﾏｼﾝｷﾝ,015,ﾄﾖｵｶﾆｼ
1692,ﾀｼﾞﾏｼﾝｷﾝ,017,ﾄﾖｵｶｷﾀ
1692,ﾀｼﾞﾏｼﾝｷﾝ,018,ﾀｹﾉ
1692,ﾀｼﾞﾏｼﾝｷﾝ,020,ﾋﾒｼﾞｷﾀ
1692,ﾀｼﾞﾏｼﾝｷﾝ,022,ﾖｳｶ
1692,ﾀｼﾞﾏｼﾝｷﾝ,023,ﾋﾛﾀﾆ
1692,ﾀｼﾞﾏｼﾝｷﾝ,024,ﾑﾗｵｶ
1692,ﾀｼﾞﾏｼﾝｷﾝ,025,ｵｵﾔ
1692,ﾀｼﾞﾏｼﾝｷﾝ,026,ｾｷﾉﾐﾔ
1692,ﾀｼﾞﾏｼﾝｷﾝ,029,ﾕﾑﾗ
1692,ﾀｼﾞﾏｼﾝｷﾝ,030,ｸﾐﾊﾏ
1692,ﾀｼﾞﾏｼﾝｷﾝ,031,ﾉﾌﾞｽｴ
1692,ﾀｼﾞﾏｼﾝｷﾝ,032,ﾌｸﾁﾔﾏ
1694,ﾆｼﾋﾖｳｺﾞｼﾝｷﾝ,001,ﾎﾝﾃﾝ
1694,ﾆｼﾋﾖｳｺﾞｼﾝｷﾝ,002,ﾁｸｻ
1694,ﾆｼﾋﾖｳｺﾞｼﾝｷﾝ,003,ｳｴﾉ
1694,ﾆｼﾋﾖｳｺﾞｼﾝｷﾝ,004,ﾊﾔｼﾀﾞ
1694,ﾆｼﾋﾖｳｺﾞｼﾝｷﾝ,005,ｲﾁﾉﾐﾔ
1694,ﾆｼﾋﾖｳｺﾞｼﾝｷﾝ,006,ﾔｽﾄﾐ
1694,ﾆｼﾋﾖｳｺﾞｼﾝｷﾝ,007,ｼﾝｸﾞｳ
1694,ﾆｼﾋﾖｳｺﾞｼﾝｷﾝ,008,ﾋﾒｼﾞ
1694,ﾆｼﾋﾖｳｺﾞｼﾝｷﾝ,009,ﾀｲｼ
1694,ﾆｼﾋﾖｳｺﾞｼﾝｷﾝ,010,ﾋﾒｼﾞｷﾀ
1694,ﾆｼﾋﾖｳｺﾞｼﾝｷﾝ,011,ﾀｶｻｺﾞ
1694,ﾆｼﾋﾖｳｺﾞｼﾝｷﾝ,012,ﾀｶｵｶ
1694,ﾆｼﾋﾖｳｺﾞｼﾝｷﾝ,013,ｶﾂﾊﾗ
1694,ﾆｼﾋﾖｳｺﾞｼﾝｷﾝ,014,ｷﾖｳｸﾞﾁ
1694,ﾆｼﾋﾖｳｺﾞｼﾝｷﾝ,015,ｶｺｶﾞﾜ
1694,ﾆｼﾋﾖｳｺﾞｼﾝｷﾝ,016,ﾕﾒｻｷ
1694,ﾆｼﾋﾖｳｺﾞｼﾝｷﾝ,017,ｶｺｶﾞﾜｷﾀ
1694,ﾆｼﾋﾖｳｺﾞｼﾝｷﾝ,018,ﾀﾂﾉ
1694,ﾆｼﾋﾖｳｺﾞｼﾝｷﾝ,019,ｱｲｵｲ
1694,ﾆｼﾋﾖｳｺﾞｼﾝｷﾝ,020,ﾋﾒｼﾞﾁﾕｳｵｳ
1694,ﾆｼﾋﾖｳｺﾞｼﾝｷﾝ,021,ｼｶﾏ
1694,ﾆｼﾋﾖｳｺﾞｼﾝｷﾝ,022,ﾍﾞﾌ
1694,ﾆｼﾋﾖｳｺﾞｼﾝｷﾝ,023,ｵｵﾂ
1694,ﾆｼﾋﾖｳｺﾞｼﾝｷﾝ,024,ｻﾖｳ
1694,ﾆｼﾋﾖｳｺﾞｼﾝｷﾝ,025,ﾍﾞﾂｼﾖ
1694,ﾆｼﾋﾖｳｺﾞｼﾝｷﾝ,026,ﾂﾁﾔﾏ
1694,ﾆｼﾋﾖｳｺﾞｼﾝｷﾝ,027,ｱﾎﾞｼ
1695,ﾅｶﾋﾖｳｺﾞｼﾝｷﾝ,001,ﾎﾝﾃﾝ
1695,ﾅｶﾋﾖｳｺﾞｼﾝｷﾝ,002,ｻｻﾔﾏ
1695,ﾅｶﾋﾖｳｺﾞｼﾝｷﾝ,003,ｲｿｳ
1695,ﾅｶﾋﾖｳｺﾞｼﾝｷﾝ,004,ﾀﾆｶﾜ
1695,ﾅｶﾋﾖｳｺﾞｼﾝｷﾝ,005,ｶｽｶﾞ
1695,ﾅｶﾋﾖｳｺﾞｼﾝｷﾝ,006,ｱｵｶﾞｷ
1695,ﾅｶﾋﾖｳｺﾞｼﾝｷﾝ,007,ｸﾛﾀﾞｼﾖｳ
1695,ﾅｶﾋﾖｳｺﾞｼﾝｷﾝ,008,ｲﾁｼﾞﾏ
1695,ﾅｶﾋﾖｳｺﾞｼﾝｷﾝ,009,ｼﾞﾖｳﾄｳ
1695,ﾅｶﾋﾖｳｺﾞｼﾝｷﾝ,010,ﾌﾙｲﾁ
1695,ﾅｶﾋﾖｳｺﾞｼﾝｷﾝ,011,ﾅｶﾁﾖｳ
1695,ﾅｶﾋﾖｳｺﾞｼﾝｷﾝ,012,ｻﾝﾀﾞ
1695,ﾅｶﾋﾖｳｺﾞｼﾝｷﾝ,013,ｶｲﾊﾞﾗ
1695,ﾅｶﾋﾖｳｺﾞｼﾝｷﾝ,014,ｶﾐﾁﾖｳ
1695,ﾅｶﾋﾖｳｺﾞｼﾝｷﾝ,015,ﾆｼﾜｷ
1695,ﾅｶﾋﾖｳｺﾞｼﾝｷﾝ,016,ﾆｼﾉﾐﾔｷﾀ
1695,ﾅｶﾋﾖｳｺﾞｼﾝｷﾝ,017,ﾔｼﾛ
1695,ﾅｶﾋﾖｳｺﾞｼﾝｷﾝ,018,ﾖｶﾜ
1695,ﾅｶﾋﾖｳｺﾞｼﾝｷﾝ,019,ｺｳﾍﾞｷﾀ
1695,ﾅｶﾋﾖｳｺﾞｼﾝｷﾝ,020,ﾀﾝﾅﾝ
1695,ﾅｶﾋﾖｳｺﾞｼﾝｷﾝ,021,ﾌｸﾁﾔﾏ
1695,ﾅｶﾋﾖｳｺﾞｼﾝｷﾝ,022,ｼﾝｻﾝﾀﾞ
1695,ﾅｶﾋﾖｳｺﾞｼﾝｷﾝ,023,ｵﾉ
1695,ﾅｶﾋﾖｳｺﾞｼﾝｷﾝ,024,ｻﾝﾀﾞﾁﾕｳｵｳ
1695,ﾅｶﾋﾖｳｺﾞｼﾝｷﾝ,025,ｻﾝﾉﾐﾔ
1695,ﾅｶﾋﾖｳｺﾞｼﾝｷﾝ,026,ｼﾖｳﾜﾄﾞｵﾘ
1695,ﾅｶﾋﾖｳｺﾞｼﾝｷﾝ,027,ｳﾂﾃﾞｲﾀｳﾝ
1695,ﾅｶﾋﾖｳｺﾞｼﾝｷﾝ,028,ﾐｷ
1695,ﾅｶﾋﾖｳｺﾞｼﾝｷﾝ,029,ﾋｶﾞｼﾅﾀﾞ
1696,ﾀﾝﾖｳｼﾝｷﾝ,001,ｲｸﾉ
1696,ﾀﾝﾖｳｼﾝｷﾝ,002,ｱﾜｶﾞ
1696,ﾀﾝﾖｳｼﾝｷﾝ,003,ｱｻｺﾞ
1696,ﾀﾝﾖｳｼﾝｷﾝ,004,ｱﾏｼﾞ
1696,ﾀﾝﾖｳｼﾝｷﾝ,006,ｺｳﾛ
1696,ﾀﾝﾖｳｼﾝｷﾝ,007,ﾌｸｻｷ
1696,ﾀﾝﾖｳｼﾝｷﾝ,008,ﾋﾒｼﾞ
1696,ﾀﾝﾖｳｼﾝｷﾝ,009,ｼﾞﾖｳﾎｸ
1696,ﾀﾝﾖｳｼﾝｷﾝ,010,ﾀｶｻｺﾞ
1696,ﾀﾝﾖｳｼﾝｷﾝ,011,ﾂﾁﾔﾏ
1696,ﾀﾝﾖｳｼﾝｷﾝ,012,ﾋﾒｼﾞﾐﾅﾐ
1696,ﾀﾝﾖｳｼﾝｷﾝ,013,ﾎﾝﾃﾝ
1696,ﾀﾝﾖｳｼﾝｷﾝ,014,ﾍﾞﾌ
1696,ﾀﾝﾖｳｼﾝｷﾝ,015,ﾋﾒｼﾞﾆｼ
1696,ﾀﾝﾖｳｼﾝｷﾝ,016,ｷﾀﾉ
1696,ﾀﾝﾖｳｼﾝｷﾝ,018,ｶｺｶﾞﾜﾋｶﾞｼ
1696,ﾀﾝﾖｳｼﾝｷﾝ,019,ﾀｶｻｺﾞﾁﾕｳｵｳ
1696,ﾀﾝﾖｳｼﾝｷﾝ,020,ｵｵｼｵ
1696,ﾀﾝﾖｳｼﾝｷﾝ,021,ﾎﾝｼﾞﾖｳ
1696,ﾀﾝﾖｳｼﾝｷﾝ,022,ｶｻｲ
1696,ﾀﾝﾖｳｼﾝｷﾝ,023,ﾋﾗﾉ
1696,ﾀﾝﾖｳｼﾝｷﾝ,024,ﾐｿﾞｸﾞﾁ
1696,ﾀﾝﾖｳｼﾝｷﾝ,025,ﾋﾒｼﾞﾅﾀﾞ
1696,ﾀﾝﾖｳｼﾝｷﾝ,026,ｶﾝﾉ
1696,ﾀﾝﾖｳｼﾝｷﾝ,027,ﾀｶｻｺﾞﾆｼ
1696,ﾀﾝﾖｳｼﾝｷﾝ,028,ｲﾅﾐ
1696,ﾀﾝﾖｳｼﾝｷﾝ,029,ﾋﾒｼﾞﾋｶﾞｼ
1696,ﾀﾝﾖｳｼﾝｷﾝ,030,ﾃﾗﾏｴ
1696,ﾀﾝﾖｳｼﾝｷﾝ,031,ｵﾉｴ
1696,ﾀﾝﾖｳｼﾝｷﾝ,032,ﾋﾒｼﾞｷﾀ
1696,ﾀﾝﾖｳｼﾝｷﾝ,033,ｶﾂﾊﾗ
1696,ﾀﾝﾖｳｼﾝｷﾝ,034,ｼﾞﾖｳｻｲ
1696,ﾀﾝﾖｳｼﾝｷﾝ,035,ｼｶﾏ
1696,ﾀﾝﾖｳｼﾝｷﾝ,036,ﾜﾀﾞﾔﾏ
1701,ﾄﾂﾄﾘｼﾝｷﾝ,001,ﾎﾝﾃﾝ
1701,ﾄﾂﾄﾘｼﾝｷﾝ,002,ﾜｶｻ
1701,ﾄﾂﾄﾘｼﾝｷﾝ,003,ﾁﾂﾞ
1701,ﾄﾂﾄﾘｼﾝｷﾝ,004,ﾄﾂﾄﾘﾋｶﾞｼ
1701,ﾄﾂﾄﾘｼﾝｷﾝ,005,ﾄﾂﾄﾘﾆｼ
1701,ﾄﾂﾄﾘｼﾝｷﾝ,006,ﾊﾏｻｶ
1701,ﾄﾂﾄﾘｼﾝｷﾝ,008,ｲﾜﾐ
1701,ﾄﾂﾄﾘｼﾝｷﾝ,009,ｹﾀｶ
1701,ﾄﾂﾄﾘｼﾝｷﾝ,010,ﾕﾑﾗ
1701,ﾄﾂﾄﾘｼﾝｷﾝ,011,ﾄﾂﾄﾘﾐﾅﾐ
1701,ﾄﾂﾄﾘｼﾝｷﾝ,012,ﾄﾂﾄﾘｷﾀ
1701,ﾄﾂﾄﾘｼﾝｷﾝ,013,ｸﾗﾖｼ
1701,ﾄﾂﾄﾘｼﾝｷﾝ,014,ｼﾖｳﾚﾝｼﾞ
1701,ﾄﾂﾄﾘｼﾝｷﾝ,015,ｺﾔﾏ
1701,ﾄﾂﾄﾘｼﾝｷﾝ,016,ﾓﾁｶﾞｾ
1701,ﾄﾂﾄﾘｼﾝｷﾝ,018,ﾖｼﾅﾘ
1701,ﾄﾂﾄﾘｼﾝｷﾝ,020,ｺｵｹﾞ
1701,ﾄﾂﾄﾘｼﾝｷﾝ,021,ｺﾔﾏﾁﾕｳｵｳ
1702,ﾖﾅｺﾞｼﾝｷﾝ,002,ﾎﾝﾃﾝ
1702,ﾖﾅｺﾞｼﾝｷﾝ,003,ﾎﾝﾏﾁ
1702,ﾖﾅｺﾞｼﾝｷﾝ,004,ﾋｶﾞｼ
1702,ﾖﾅｺﾞｼﾝｷﾝ,005,ﾆｼ
1702,ﾖﾅｺﾞｼﾝｷﾝ,009,ﾐﾅﾐ
1702,ﾖﾅｺﾞｼﾝｷﾝ,011,ｻｶｲﾐﾅﾄ
1702,ﾖﾅｺﾞｼﾝｷﾝ,012,ﾖﾄﾞｴ
1702,ﾖﾅｺﾞｼﾝｷﾝ,017,ｱｶｻｷ
1702,ﾖﾅｺﾞｼﾝｷﾝ,018,ﾔｽｷﾞ
1702,ﾖﾅｺﾞｼﾝｷﾝ,020,ﾋｶﾞｼｲｽﾞﾓ
1702,ﾖﾅｺﾞｼﾝｷﾝ,021,ﾏﾂｴ
1702,ﾖﾅｺﾞｼﾝｷﾝ,022,ﾏﾂｴｷﾀ
1702,ﾖﾅｺﾞｼﾝｷﾝ,023,ｷﾀ
1702,ﾖﾅｺﾞｼﾝｷﾝ,024,ﾕﾐｶﾞﾊﾏ
1702,ﾖﾅｺﾞｼﾝｷﾝ,026,ﾋﾉﾊﾞｼ
1703,ｸﾗﾖｼｼﾝｷﾝ,001,ｳﾂﾌﾞｷ
1703,ｸﾗﾖｼｼﾝｷﾝ,002,ﾎﾝﾃﾝ
1703,ｸﾗﾖｼｼﾝｷﾝ,003,ｳﾗﾔｽ
1703,ｸﾗﾖｼｼﾝｷﾝ,006,ｸﾗﾖｼｴｷﾏｴ
1703,ｸﾗﾖｼｼﾝｷﾝ,010,ﾆｼｸﾗﾖｼ
1703,ｸﾗﾖｼｼﾝｷﾝ,013,ﾏﾆﾜ
1710,ｼﾏﾈｼﾝｷﾝ,001,ﾎﾝﾃﾝ
1710,ｼﾏﾈｼﾝｷﾝ,002,ﾎﾛﾏﾁ
1710,ｼﾏﾈｼﾝｷﾝ,004,ｻｲｶ
1710,ｼﾏﾈｼﾝｷﾝ,005,ｲｽﾞﾓ
1710,ｼﾏﾈｼﾝｷﾝ,006,ﾔｽｷﾞ
1710,ｼﾏﾈｼﾝｷﾝ,007,ｼﾝｼﾞ
1710,ｼﾏﾈｼﾝｷﾝ,008,ﾖｺﾀ
1710,ｼﾏﾈｼﾝｷﾝ,009,ﾆﾀ
1710,ｼﾏﾈｼﾝｷﾝ,010,ｳﾝﾅﾝ
1710,ｼﾏﾈｼﾝｷﾝ,011,ﾀﾞｲﾄｳ
1710,ｼﾏﾈｼﾝｷﾝ,014,ｶｽｶﾞ
1710,ｼﾏﾈｼﾝｷﾝ,016,ﾉｷﾞ
1711,ﾆﾎﾝｶｲｼﾝｷﾝ,001,ﾎﾝﾃﾝ
1711,ﾆﾎﾝｶｲｼﾝｷﾝ,002,ﾆｼ
1711,ﾆﾎﾝｶｲｼﾝｷﾝ,003,ﾋｶﾞｼ
1711,ﾆﾎﾝｶｲｼﾝｷﾝ,005,ﾅｶﾞﾊﾏ
1711,ﾆﾎﾝｶｲｼﾝｷﾝ,007,ﾐｽﾐ
1711,ﾆﾎﾝｶｲｼﾝｷﾝ,008,ｱｻﾋﾁﾖｳ
1711,ﾆﾎﾝｶｲｼﾝｷﾝ,009,ﾏｽﾀﾞ
1711,ﾆﾎﾝｶｲｼﾝｷﾝ,011,ﾅｶﾞｻﾜ
1711,ﾆﾎﾝｶｲｼﾝｷﾝ,041,ﾂﾉﾂﾞ
1711,ﾆﾎﾝｶｲｼﾝｷﾝ,049,ｺﾞｳﾂ
1712,ｼﾏﾈﾁﾕｳｵｳｼﾝｷﾝ,001,ｵｵﾀﾞ
1712,ｼﾏﾈﾁﾕｳｵｳｼﾝｷﾝ,003,ｸﾃ
1712,ｼﾏﾈﾁﾕｳｵｳｼﾝｷﾝ,005,ﾆﾏ
1712,ｼﾏﾈﾁﾕｳｵｳｼﾝｷﾝ,007,ｶﾜﾓﾄ
1712,ｼﾏﾈﾁﾕｳｵｳｼﾝｷﾝ,008,ﾐｽﾞﾎ
1712,ｼﾏﾈﾁﾕｳｵｳｼﾝｷﾝ,009,ｲﾜﾐ
1712,ｼﾏﾈﾁﾕｳｵｳｼﾝｷﾝ,010,ｵｵﾁ
1712,ｼﾏﾈﾁﾕｳｵｳｼﾝｷﾝ,013,ｺﾞｳﾂ
1712,ｼﾏﾈﾁﾕｳｵｳｼﾝｷﾝ,019,ｴﾝﾔ
1712,ｼﾏﾈﾁﾕｳｵｳｼﾝｷﾝ,022,ｲｽﾞﾓﾆｼ
1712,ｼﾏﾈﾁﾕｳｵｳｼﾝｷﾝ,101,ﾎﾝﾃﾝ
1712,ｼﾏﾈﾁﾕｳｵｳｼﾝｷﾝ,105,ﾋｶﾜ
1712,ｼﾏﾈﾁﾕｳｵｳｼﾝｷﾝ,106,ﾏﾂｴ
1712,ｼﾏﾈﾁﾕｳｵｳｼﾝｷﾝ,108,ﾐﾅﾐ
1712,ｼﾏﾈﾁﾕｳｵｳｼﾝｷﾝ,110,ﾏﾂｴｷﾀ
1712,ｼﾏﾈﾁﾕｳｵｳｼﾝｷﾝ,112,ﾋｶﾜﾋｶﾞｼ
1712,ｼﾏﾈﾁﾕｳｵｳｼﾝｷﾝ,115,ﾀｲｼﾔ
1712,ｼﾏﾈﾁﾕｳｵｳｼﾝｷﾝ,116,ｵﾔﾏ
1712,ｼﾏﾈﾁﾕｳｵｳｼﾝｷﾝ,119,ﾋｶﾞｼ
1712,ｼﾏﾈﾁﾕｳｵｳｼﾝｷﾝ,122,ﾋﾗﾀ
1732,ｵｶﾔﾏｼﾝｷﾝ,001,ﾎﾝﾃﾝ
1732,ｵｶﾔﾏｼﾝｷﾝ,003,ｵｵﾓﾄ
1732,ｵｶﾔﾏｼﾝｷﾝ,004,ﾌｸｼﾏ
1732,ｵｶﾔﾏｼﾝｷﾝ,006,ｷﾖｸﾄｳ
1732,ｵｶﾔﾏｼﾝｷﾝ,007,ｶﾅｶﾞﾜ
1732,ｵｶﾔﾏｼﾝｷﾝ,008,ｾﾄ
1732,ｵｶﾔﾏｼﾝｷﾝ,010,ﾋｶﾞｼｵｶﾔﾏ
1732,ｵｶﾔﾏｼﾝｷﾝ,011,ｳﾁｻﾝｹﾞ
1732,ｵｶﾔﾏｼﾝｷﾝ,013,ﾐｻｵﾔﾏ
1732,ｵｶﾔﾏｼﾝｷﾝ,014,ﾅｶｼﾖｳ
1732,ｵｶﾔﾏｼﾝｷﾝ,018,ｿｳﾅﾝ
1732,ｵｶﾔﾏｼﾝｷﾝ,019,ﾏﾂｼﾝﾁﾖｳ
1732,ｵｶﾔﾏｼﾝｷﾝ,021,ﾖｺｲ
1732,ｵｶﾔﾏｼﾝｷﾝ,076,ATMﾄｳｶﾂﾎﾝﾌﾞ
1732,ｵｶﾔﾏｼﾝｷﾝ,082,ﾐﾊﾏﾁﾖｳ
1732,ｵｶﾔﾏｼﾝｷﾝ,084,ﾄｳｼﾝﾃﾞﾝ
1732,ｵｶﾔﾏｼﾝｷﾝ,085,ﾌｼﾞﾜﾗ
1732,ｵｶﾔﾏｼﾝｷﾝ,087,ﾉﾀﾞﾔﾁﾖｳ
1732,ｵｶﾔﾏｼﾝｷﾝ,089,ﾆｼﾎｳｶﾝﾁﾖｳ
1732,ｵｶﾔﾏｼﾝｷﾝ,096,ﾌｼﾞﾀ
1732,ｵｶﾔﾏｼﾝｷﾝ,098,ﾄﾖﾅﾘ
1732,ｵｶﾔﾏｼﾝｷﾝ,106,ﾋﾗｲ
1732,ｵｶﾔﾏｼﾝｷﾝ,108,ｺﾄｳﾗ
1732,ｵｶﾔﾏｼﾝｷﾝ,111,ｻｲﾀﾞｲｼﾞ
1732,ｵｶﾔﾏｼﾝｷﾝ,170,ｾﾉｵ
1732,ｵｶﾔﾏｼﾝｷﾝ,177,ﾀﾂﾐ
1732,ｵｶﾔﾏｼﾝｷﾝ,178,ﾂｼﾏ
1732,ｵｶﾔﾏｼﾝｷﾝ,179,ｷﾋﾞ
1732,ｵｶﾔﾏｼﾝｷﾝ,190,ﾜﾀﾞ
1732,ｵｶﾔﾏｼﾝｷﾝ,191,ｼﾖｳﾅｲ
1732,ｵｶﾔﾏｼﾝｷﾝ,192,ﾄｳｼﾞ
1732,ｵｶﾔﾏｼﾝｷﾝ,197,ﾀﾏﾉ
1734,ﾐｽﾞｼﾏｼﾝｷﾝ,001,ﾎﾝﾃﾝ
1734,ﾐｽﾞｼﾏｼﾝｷﾝ,002,ﾂﾗｼﾞﾏ
1734,ﾐｽﾞｼﾏｼﾝｷﾝ,003,ﾌｸﾀﾞ
1734,ﾐｽﾞｼﾏｼﾝｷﾝ,004,ｺﾄﾌﾞｷﾁﾖｳ
1734,ﾐｽﾞｼﾏｼﾝｷﾝ,005,ﾅｶｼﾏ
1734,ﾐｽﾞｼﾏｼﾝｷﾝ,006,ﾂﾙﾉｳﾗ
1734,ﾐｽﾞｼﾏｼﾝｷﾝ,007,ｻｻｵｷ
1734,ﾐｽﾞｼﾏｼﾝｷﾝ,008,ﾌｼﾞﾄ
1734,ﾐｽﾞｼﾏｼﾝｷﾝ,009,ｸﾗｼｷｴｷﾏｴ
1734,ﾐｽﾞｼﾏｼﾝｷﾝ,010,ﾆｼｱﾁ
1734,ﾐｽﾞｼﾏｼﾝｷﾝ,011,ﾐｽﾞｼﾏﾐﾅﾐ
1734,ﾐｽﾞｼﾏｼﾝｷﾝ,013,ﾋﾛｴ
1734,ﾐｽﾞｼﾏｼﾝｷﾝ,014,ﾔｶﾞﾗ
1734,ﾐｽﾞｼﾏｼﾝｷﾝ,015,ｺｼﾞﾏﾐﾅﾐ
1734,ﾐｽﾞｼﾏｼﾝｷﾝ,016,ﾊｼﾏ
1734,ﾐｽﾞｼﾏｼﾝｷﾝ,017,ﾁﾔﾔﾏﾁ
1735,ﾂﾔﾏｼﾝｷﾝ,001,ﾎﾝﾃﾝ
1735,ﾂﾔﾏｼﾝｷﾝ,002,ﾋｶﾞｼ
1735,ﾂﾔﾏｼﾝｷﾝ,003,ﾆｼ
1735,ﾂﾔﾏｼﾝｷﾝ,004,ﾆﾉﾐﾔ
1735,ﾂﾔﾏｼﾝｷﾝ,005,ｵﾁｱｲ
1735,ﾂﾔﾏｼﾝｷﾝ,006,ｸｾ
1735,ﾂﾔﾏｼﾝｷﾝ,007,ﾐﾏｻｶ
1735,ﾂﾔﾏｼﾝｷﾝ,008,ｶﾂﾔﾏ
1735,ﾂﾔﾏｼﾝｷﾝ,010,ｷﾀ
1735,ﾂﾔﾏｼﾝｷﾝ,011,ｶｶﾞﾐﾉ
1735,ﾂﾔﾏｼﾝｷﾝ,012,ﾀｶﾉ
1735,ﾂﾔﾏｼﾝｷﾝ,013,ﾊｲﾀﾞ
1735,ﾂﾔﾏｼﾝｷﾝ,014,ｶﾂﾏﾀﾞ
1735,ﾂﾔﾏｼﾝｷﾝ,015,ｲﾁﾉﾐﾔ
1738,ﾀﾏｼﾏｼﾝｷﾝ,001,ﾎﾝﾃﾝ
1738,ﾀﾏｼﾏｼﾝｷﾝ,003,ﾅｶﾞｵ
1738,ﾀﾏｼﾏｼﾝｷﾝ,004,ｶｻｵｶ
1738,ﾀﾏｼﾏｼﾝｷﾝ,005,ｸﾗｼｷ
1738,ﾀﾏｼﾏｼﾝｷﾝ,006,ﾆｼ
1738,ﾀﾏｼﾏｼﾝｷﾝ,007,ﾐｽﾞｼﾏ
1738,ﾀﾏｼﾏｼﾝｷﾝ,008,ﾌﾅﾎ
1738,ﾀﾏｼﾏｼﾝｷﾝ,010,ﾅｶｼﾖｳ
1738,ﾀﾏｼﾏｼﾝｷﾝ,011,ﾆｼｱﾁ
1738,ﾀﾏｼﾏｼﾝｷﾝ,012,ｺﾝｺｳ
1738,ﾀﾏｼﾏｼﾝｷﾝ,013,ﾕｳｻﾞｷ
1738,ﾀﾏｼﾏｼﾝｷﾝ,014,ｶﾓｶﾞﾀ
1738,ﾀﾏｼﾏｼﾝｷﾝ,015,ﾄﾐﾀ
1738,ﾀﾏｼﾏｼﾝｷﾝ,114,ﾊﾔｼﾏ
1738,ﾀﾏｼﾏｼﾝｷﾝ,116,ﾂﾙｶﾞﾀ
1738,ﾀﾏｼﾏｼﾝｷﾝ,117,ｻｻｵｷ
1738,ﾀﾏｼﾏｼﾝｷﾝ,118,ｺﾐｿﾞ
1738,ﾀﾏｼﾏｼﾝｷﾝ,119,ﾊﾁｵｳｼﾞ
1738,ﾀﾏｼﾏｼﾝｷﾝ,120,ｺｼﾞﾖｳｲｹ
1738,ﾀﾏｼﾏｼﾝｷﾝ,121,ｺﾄﾌﾞｷ
1740,ﾋﾞﾎｸｼﾝｷﾝ,001,ﾎﾝﾃﾝ
1740,ﾋﾞﾎｸｼﾝｷﾝ,002,ﾅﾘﾜ
1740,ﾋﾞﾎｸｼﾝｷﾝ,003,ｼﾓﾏﾁ
1740,ﾋﾞﾎｸｼﾝｷﾝ,004,ｶﾖｳ
1740,ﾋﾞﾎｸｼﾝｷﾝ,005,ﾎｸﾎﾞｳ
1740,ﾋﾞﾎｸｼﾝｷﾝ,007,ｵﾁｱｲ
1740,ﾋﾞﾎｸｼﾝｷﾝ,070,ﾁﾕｳｵｳ
1740,ﾋﾞﾎｸｼﾝｷﾝ,071,ﾆｲﾐ
1740,ﾋﾞﾎｸｼﾝｷﾝ,072,ｼﾖｳﾃﾞﾝ
1740,ﾋﾞﾎｸｼﾝｷﾝ,074,ｵｵｻ
1741,ｷﾋﾞｼﾝｷﾝ,001,ﾎﾝﾃﾝ
1741,ｷﾋﾞｼﾝｷﾝ,002,ﾏﾋﾞ
1741,ｷﾋﾞｼﾝｷﾝ,003,ﾀｶﾏﾂ
1741,ｷﾋﾞｼﾝｷﾝ,004,ｱｼﾓﾘ
1741,ｷﾋﾞｼﾝｷﾝ,005,ﾐﾅｷﾞ
1741,ｷﾋﾞｼﾝｷﾝ,006,ｿｳｼﾞﾔﾆｼ
1741,ｷﾋﾞｼﾝｷﾝ,007,ｲﾁﾉﾐﾔ
1741,ｷﾋﾞｼﾝｷﾝ,008,ｶﾜﾍﾞ
1741,ｷﾋﾞｼﾝｷﾝ,009,ﾋｶﾞｼ
1741,ｷﾋﾞｼﾝｷﾝ,010,ｸﾗｼｷｼﾖｳ
1741,ｷﾋﾞｼﾝｷﾝ,011,ｾｲﾌﾞ
1741,ｷﾋﾞｼﾝｷﾝ,012,ｷﾋﾞﾉｻﾄ
1743,ﾋﾞｾﾞﾝﾋﾅｾｼﾝｷﾝ,001,ﾎﾝﾃﾝ
1743,ﾋﾞｾﾞﾝﾋﾅｾｼﾝｷﾝ,002,ｲﾘ
1743,ﾋﾞｾﾞﾝﾋﾅｾｼﾝｷﾝ,005,ﾜｹ
1743,ﾋﾞｾﾞﾝﾋﾅｾｼﾝｷﾝ,006,ｻｴｷ
1743,ﾋﾞｾﾞﾝﾋﾅｾｼﾝｷﾝ,007,ｳｼﾏﾄﾞ
1743,ﾋﾞｾﾞﾝﾋﾅｾｼﾝｷﾝ,008,ｵｸ
1743,ﾋﾞｾﾞﾝﾋﾅｾｼﾝｷﾝ,009,ﾑｼｱｹ
1743,ﾋﾞｾﾞﾝﾋﾅｾｼﾝｷﾝ,013,ﾋﾗｼﾞﾏ
1743,ﾋﾞｾﾞﾝﾋﾅｾｼﾝｷﾝ,014,ｻｸﾗｶﾞｵｶ
1743,ﾋﾞｾﾞﾝﾋﾅｾｼﾝｷﾝ,015,ｵｻﾌﾈ
1743,ﾋﾞｾﾞﾝﾋﾅｾｼﾝｷﾝ,016,ｼﾞﾖｳﾄｳｴｷﾏｴ
1743,ﾋﾞｾﾞﾝﾋﾅｾｼﾝｷﾝ,101,ﾋﾅｾ
1743,ﾋﾞｾﾞﾝﾋﾅｾｼﾝｷﾝ,102,ﾐﾂｲｼ
1743,ﾋﾞｾﾞﾝﾋﾅｾｼﾝｷﾝ,104,ﾖｼﾅｶﾞ
1743,ﾋﾞｾﾞﾝﾋﾅｾｼﾝｷﾝ,106,ｶﾀｶﾐ
1743,ﾋﾞｾﾞﾝﾋﾅｾｼﾝｷﾝ,108,ｱｺｳ
1743,ﾋﾞｾﾞﾝﾋﾅｾｼﾝｷﾝ,109,ｱｶｲﾜ
1750,ﾋﾛｼﾏｼﾝｷﾝ,001,ﾎﾝﾃﾝ
1750,ﾋﾛｼﾏｼﾝｷﾝ,002,ﾋﾛｼﾏｴｷﾏｴ
1750,ﾋﾛｼﾏｼﾝｷﾝ,003,ﾊﾂﾁﾖｳﾎﾞﾘ
1750,ﾋﾛｼﾏｼﾝｷﾝ,004,ﾄﾞﾊﾞｼ
1750,ﾋﾛｼﾏｼﾝｷﾝ,005,ｳｼﾞﾅ
1750,ﾋﾛｼﾏｼﾝｷﾝ,006,ｳｼﾀ
1750,ﾋﾛｼﾏｼﾝｷﾝ,007,ｸｻﾂ
1750,ﾋﾛｼﾏｼﾝｷﾝ,008,ﾀｶﾉﾊﾞｼｾﾝﾀﾞ
1750,ﾋﾛｼﾏｼﾝｷﾝ,010,ﾐﾅﾐ
1750,ﾋﾛｼﾏｼﾝｷﾝ,011,ﾀﾞﾝﾊﾞﾗ
1750,ﾋﾛｼﾏｼﾝｷﾝ,012,ﾊﾂｶｲﾁ
1750,ﾋﾛｼﾏｼﾝｷﾝ,014,ｷﾞｵﾝ
1750,ﾋﾛｼﾏｼﾝｷﾝ,015,ｺｲ
1750,ﾋﾛｼﾏｼﾝｷﾝ,016,ﾊｸｼﾏ
1750,ﾋﾛｼﾏｼﾝｷﾝ,017,ﾑｶｲﾅﾀﾞ
1750,ﾋﾛｼﾏｼﾝｷﾝ,018,ｶﾍﾞ
1750,ﾋﾛｼﾏｼﾝｷﾝ,019,ｴﾊﾞ
1750,ﾋﾛｼﾏｼﾝｷﾝ,020,ｵｵｽﾞ
1750,ﾋﾛｼﾏｼﾝｷﾝ,021,ｶｲﾀ
1750,ﾋﾛｼﾏｼﾝｷﾝ,022,ｶﾝｵﾝ
1750,ﾋﾛｼﾏｼﾝｷﾝ,023,ﾖｼｼﾞﾏ
1750,ﾋﾛｼﾏｼﾝｷﾝ,024,ﾆﾎ
1750,ﾋﾛｼﾏｼﾝｷﾝ,025,ｲﾂｶｲﾁ
1750,ﾋﾛｼﾏｼﾝｷﾝ,026,ｱﾀｺﾞ
1750,ﾋﾛｼﾏｼﾝｷﾝ,027,ｱｻﾋﾏﾁ
1750,ﾋﾛｼﾏｼﾝｷﾝ,028,ﾖｺｶﾞﾜ
1750,ﾋﾛｼﾏｼﾝｷﾝ,029,ﾌﾅｲﾘ
1750,ﾋﾛｼﾏｼﾝｷﾝ,030,ｺｳｺﾞ
1750,ﾋﾛｼﾏｼﾝｷﾝ,031,ｱｷﾌﾁﾕｳ
1750,ﾋﾛｼﾏｼﾝｷﾝ,032,ﾌﾙｲﾁ
1750,ﾋﾛｼﾏｼﾝｷﾝ,033,ﾌｸﾔﾏ
1750,ﾋﾛｼﾏｼﾝｷﾝ,034,ｻｲｼﾞﾖｳ
1750,ﾋﾛｼﾏｼﾝｷﾝ,035,ｲﾂｶｲﾁﾁﾕｳｵｳ
1750,ﾋﾛｼﾏｼﾝｷﾝ,036,ｸﾚ
1750,ﾋﾛｼﾏｼﾝｷﾝ,037,ｺｳﾖｳ
1750,ﾋﾛｼﾏｼﾝｷﾝ,038,ﾔｽ
1750,ﾋﾛｼﾏｼﾝｷﾝ,039,ｾｲﾌﾞ
1750,ﾋﾛｼﾏｼﾝｷﾝ,040,ｶﾜｳﾁ
1750,ﾋﾛｼﾏｼﾝｷﾝ,041,ﾐｻｻ
1750,ﾋﾛｼﾏｼﾝｷﾝ,042,ｺｳﾖｳﾆﾕ-ﾀｳﾝ
1750,ﾋﾛｼﾏｼﾝｷﾝ,043,ﾇﾏﾀ
1750,ﾋﾛｼﾏｼﾝｷﾝ,044,ﾌｸﾔﾏｶｽｶﾞ
1750,ﾋﾛｼﾏｼﾝｷﾝ,045,ﾇｸｼﾅ
1750,ﾋﾛｼﾏｼﾝｷﾝ,046,ｶﾍﾞｷﾀ
1750,ﾋﾛｼﾏｼﾝｷﾝ,047,ﾐﾄﾞﾘｲ
1750,ﾋﾛｼﾏｼﾝｷﾝ,048,ﾅｶﾞﾂｶ
1750,ﾋﾛｼﾏｼﾝｷﾝ,049,ｱｷﾅｶﾉ
1750,ﾋﾛｼﾏｼﾝｷﾝ,050,ﾅｶﾋﾛ
1750,ﾋﾛｼﾏｼﾝｷﾝ,051,ｲﾂｶｲﾁｴｷﾏｴ
1750,ﾋﾛｼﾏｼﾝｷﾝ,052,ﾔﾉ
1750,ﾋﾛｼﾏｼﾝｷﾝ,053,ﾍｻｶ
1750,ﾋﾛｼﾏｼﾝｷﾝ,054,ｱｷﾌﾁﾕｳﾁﾕｳｵｳ
1750,ﾋﾛｼﾏｼﾝｷﾝ,055,ﾔｷﾞ
1750,ﾋﾛｼﾏｼﾝｷﾝ,056,ﾐﾔｼﾞﾏｸﾞﾁ
1750,ﾋﾛｼﾏｼﾝｷﾝ,058,ｱｷﾌﾁﾕｳｷﾀ
1750,ﾋﾛｼﾏｼﾝｷﾝ,059,ｶﾐﾔﾁﾖｳ
1750,ﾋﾛｼﾏｼﾝｷﾝ,060,ﾀｶﾔ
1750,ﾋﾛｼﾏｼﾝｷﾝ,061,ｼﾉﾉﾒﾁﾕｳｵｳ
1750,ﾋﾛｼﾏｼﾝｷﾝ,062,ｲﾂｶｲﾁﾆｼ
1750,ﾋﾛｼﾏｼﾝｷﾝ,063,ﾊﾁﾎﾝﾏﾂ
1750,ﾋﾛｼﾏｼﾝｷﾝ,065,ﾐﾔｳﾁ
1750,ﾋﾛｼﾏｼﾝｷﾝ,066,ｻｲｼﾞﾖｳﾐﾅﾐ
1750,ﾋﾛｼﾏｼﾝｷﾝ,068,ﾀｶﾗﾏﾁ
1750,ﾋﾛｼﾏｼﾝｷﾝ,071,ｵｵﾀｹ
1750,ﾋﾛｼﾏｼﾝｷﾝ,072,ｸﾊﾞ
1750,ﾋﾛｼﾏｼﾝｷﾝ,075,ｾｲﾌｳｼﾝﾄ
1750,ﾋﾛｼﾏｼﾝｷﾝ,081,ﾐﾔｼﾞﾏ
1750,ﾋﾛｼﾏｼﾝｷﾝ,082,ﾊﾂｶｲﾁﾁﾕｳｵｳ
1750,ﾋﾛｼﾏｼﾝｷﾝ,084,ｻｲｷ
1750,ﾋﾛｼﾏｼﾝｷﾝ,087,ｱｵﾊﾞﾀﾞｲ
1752,ｸﾚｼﾝｷﾝ,001,ﾎﾝﾃﾝ
1752,ｸﾚｼﾝｷﾝ,002,ﾅｶﾄﾞｵﾘ
1752,ｸﾚｼﾝｷﾝ,003,ﾎﾝﾄﾞｵﾘ
1752,ｸﾚｼﾝｷﾝ,004,ｺｳｼﾞﾝ
1752,ｸﾚｼﾝｷﾝ,005,ｻﾝｼﾞﾖｳ
1752,ｸﾚｼﾝｷﾝ,006,ｶｲｶﾞﾝ
1752,ｸﾚｼﾝｷﾝ,007,ﾖｼｳﾗ
1752,ｸﾚｼﾝｷﾝ,008,ﾐﾔﾊﾗ
1752,ｸﾚｼﾝｷﾝ,009,ｹｺﾞﾔ
1752,ｸﾚｼﾝｷﾝ,010,ｱｶﾞ
1752,ｸﾚｼﾝｷﾝ,011,ﾋﾛﾋｶﾞｼ
1752,ｸﾚｼﾝｷﾝ,013,ｸﾛｾ
1752,ｸﾚｼﾝｷﾝ,014,ﾔｽｳﾗ
1752,ｸﾚｼﾝｷﾝ,015,ﾀｹﾊﾗ
1752,ｸﾚｼﾝｷﾝ,016,ﾀﾀﾞﾉｳﾐ
1752,ｸﾚｼﾝｷﾝ,017,ﾐﾊﾗ
1752,ｸﾚｼﾝｷﾝ,019,ﾔｹﾔﾏ
1752,ｸﾚｼﾝｷﾝ,020,ﾋﾛｼﾏ
1752,ｸﾚｼﾝｷﾝ,021,ﾔﾉｴｷﾏｴ
1752,ｸﾚｼﾝｷﾝ,022,ｱｷ
1752,ｸﾚｼﾝｷﾝ,023,ｸﾗﾊｼ
1752,ｸﾚｼﾝｷﾝ,024,ｼﾉﾉﾒ
1752,ｸﾚｼﾝｷﾝ,025,ﾃﾝﾉｳ
1752,ｸﾚｼﾝｷﾝ,026,ﾋﾛｷﾀ
1752,ｸﾚｼﾝｷﾝ,027,ｸﾏﾉ
1752,ｸﾚｼﾝｷﾝ,028,ｻｲｼﾞﾖｳ
1752,ｸﾚｼﾝｷﾝ,029,ﾊﾀ
1752,ｸﾚｼﾝｷﾝ,030,ｴﾉｳ
1752,ｸﾚｼﾝｷﾝ,032,ﾔｹﾔﾏﾐﾅﾐ
1752,ｸﾚｼﾝｷﾝ,034,ｶﾜｼﾞﾘ
1752,ｸﾚｼﾝｷﾝ,037,ｸﾛｾﾆｼ
1752,ｸﾚｼﾝｷﾝ,038,ﾋﾛﾁﾕｳｵｳ
1752,ｸﾚｼﾝｷﾝ,040,ﾆｶﾞﾀ
1752,ｸﾚｼﾝｷﾝ,045,ｵﾝﾄﾞ
1752,ｸﾚｼﾝｷﾝ,054,ｺﾖｳ
1752,ｸﾚｼﾝｷﾝ,055,ﾀｶﾔ
1752,ｸﾚｼﾝｷﾝ,059,ｺﾞｳﾊﾗ
1752,ｸﾚｼﾝｷﾝ,061,ｱｷﾂ
1752,ｸﾚｼﾝｷﾝ,068,ｵｵｻｷ
1752,ｸﾚｼﾝｷﾝ,070,ｼﾓｶﾏｶﾞﾘ
1752,ｸﾚｼﾝｷﾝ,075,ﾕﾒﾀｳﾝｸﾚ
1752,ｸﾚｼﾝｷﾝ,076,ｶｲﾀ
1752,ｸﾚｼﾝｷﾝ,077,ﾋﾛｼﾏﾆｼ
1752,ｸﾚｼﾝｷﾝ,097,ｸﾚｼﾝﾚﾓﾈﾂﾄ
1756,ｼﾏﾅﾐｼﾝｷﾝ,001,ﾎﾝﾃﾝ
1756,ｼﾏﾅﾐｼﾝｷﾝ,004,ｾﾄﾀﾞ
1756,ｼﾏﾅﾐｼﾝｷﾝ,005,ﾎﾝｺﾞｳ
1756,ｼﾏﾅﾐｼﾝｷﾝ,007,ﾐﾅﾐ
1756,ｼﾏﾅﾐｼﾝｷﾝ,009,ﾄﾖｻｶ
1756,ｼﾏﾅﾐｼﾝｷﾝ,011,ｻｲｼﾞﾖｳ
1756,ｼﾏﾅﾐｼﾝｷﾝ,012,ﾅｶﾉﾁﾖｳ
1756,ｼﾏﾅﾐｼﾝｷﾝ,015,ｺｳﾅﾝ
1756,ｼﾏﾅﾐｼﾝｷﾝ,017,ﾐﾔｳﾗ
1756,ｼﾏﾅﾐｼﾝｷﾝ,022,ﾌｼﾞｸﾞﾗﾝﾐﾊﾗ
1756,ｼﾏﾅﾐｼﾝｷﾝ,111,ｵﾉﾐﾁ
1756,ｼﾏﾅﾐｼﾝｷﾝ,114,ﾑｶｲｼﾏ
1756,ｼﾏﾅﾐｼﾝｷﾝ,115,ﾀｶｽ
1756,ｼﾏﾅﾐｼﾝｷﾝ,116,ｸﾘﾊﾗ
1756,ｼﾏﾅﾐｼﾝｷﾝ,201,ｱｹﾎﾞﾉ
1756,ｼﾏﾅﾐｼﾝｷﾝ,202,ｻﾞｵｳ
1756,ｼﾏﾅﾐｼﾝｷﾝ,207,ﾄﾓ
1756,ｼﾏﾅﾐｼﾝｷﾝ,252,ﾄｳｼﾞﾖｳ
1756,ｼﾏﾅﾐｼﾝｷﾝ,281,ﾔﾏﾃ
1756,ｼﾏﾅﾐｼﾝｷﾝ,283,ﾌｸﾔﾏ
1756,ｼﾏﾅﾐｼﾝｷﾝ,287,ﾃｼﾛ
1756,ｼﾏﾅﾐｼﾝｷﾝ,292,ｶﾝﾅﾍﾞ
1758,ﾋﾛｼﾏﾐﾄﾞﾘｼﾝｷﾝ,001,ﾎﾝﾃﾝ
1758,ﾋﾛｼﾏﾐﾄﾞﾘｼﾝｷﾝ,002,ﾋﾜ
1758,ﾋﾛｼﾏﾐﾄﾞﾘｼﾝｷﾝ,003,ｻｲｼﾞﾖｳ
1758,ﾋﾛｼﾏﾐﾄﾞﾘｼﾝｷﾝ,005,ﾀｶﾉ
1758,ﾋﾛｼﾏﾐﾄﾞﾘｼﾝｷﾝ,006,ﾄｳｼﾞﾖｳ
1758,ﾋﾛｼﾏﾐﾄﾞﾘｼﾝｷﾝ,025,ﾐﾖｼ
1758,ﾋﾛｼﾏﾐﾄﾞﾘｼﾝｷﾝ,026,ﾄｳｶｲﾁ
1758,ﾋﾛｼﾏﾐﾄﾞﾘｼﾝｷﾝ,027,ﾐﾗｻｶ
1758,ﾋﾛｼﾏﾐﾄﾞﾘｼﾝｷﾝ,028,ﾊﾀｼﾞｷ
1780,ﾊｷﾞﾔﾏｸﾞﾁｼﾝｷﾝ,001,ﾎﾝﾃﾝ
1780,ﾊｷﾞﾔﾏｸﾞﾁｼﾝｷﾝ,002,ﾀﾃｺｳｼﾞ
1780,ﾊｷﾞﾔﾏｸﾞﾁｼﾝｷﾝ,003,ﾕﾀﾞ
1780,ﾊｷﾞﾔﾏｸﾞﾁｼﾝｷﾝ,004,ﾅｶｲﾁ
1780,ﾊｷﾞﾔﾏｸﾞﾁｼﾝｷﾝ,006,ｵｵｳﾁ
1780,ﾊｷﾞﾔﾏｸﾞﾁｼﾝｷﾝ,007,ﾎｳﾌ
1780,ﾊｷﾞﾔﾏｸﾞﾁｼﾝｷﾝ,008,ﾋﾗｶﾜ
1780,ﾊｷﾞﾔﾏｸﾞﾁｼﾝｷﾝ,009,ﾐﾔﾉ
1780,ﾊｷﾞﾔﾏｸﾞﾁｼﾝｷﾝ,011,ﾖｼｷ
1780,ﾊｷﾞﾔﾏｸﾞﾁｼﾝｷﾝ,012,ﾐﾎﾘ
1780,ﾊｷﾞﾔﾏｸﾞﾁｼﾝｷﾝ,013,ｵｺﾞｵﾘ
1780,ﾊｷﾞﾔﾏｸﾞﾁｼﾝｷﾝ,111,ﾊｷﾞ
1780,ﾊｷﾞﾔﾏｸﾞﾁｼﾝｷﾝ,112,ﾊﾏｻｷ
1780,ﾊｷﾞﾔﾏｸﾞﾁｼﾝｷﾝ,113,ｺｼｶﾞﾊﾏ
1780,ﾊｷﾞﾔﾏｸﾞﾁｼﾝｷﾝ,114,ﾅｺﾞ
1780,ﾊｷﾞﾔﾏｸﾞﾁｼﾝｷﾝ,115,ｾﾝｻﾞｷ
1780,ﾊｷﾞﾔﾏｸﾞﾁｼﾝｷﾝ,116,ｼﾝｶﾜ
1780,ﾊｷﾞﾔﾏｸﾞﾁｼﾝｷﾝ,117,ﾅｶﾞﾄ
1780,ﾊｷﾞﾔﾏｸﾞﾁｼﾝｷﾝ,119,ﾏﾂﾓﾄ
1780,ﾊｷﾞﾔﾏｸﾞﾁｼﾝｷﾝ,120,ﾕﾔ
1780,ﾊｷﾞﾔﾏｸﾞﾁｼﾝｷﾝ,121,ﾊｼﾓﾄ
1781,ﾆｼﾁﾕｳｺﾞｸｼﾝｷﾝ,011,ﾎﾝﾃﾝ
1781,ﾆｼﾁﾕｳｺﾞｸｼﾝｷﾝ,012,ﾎﾝﾑﾗ
1781,ﾆｼﾁﾕｳｺﾞｸｼﾝｷﾝ,015,ｼﾝﾁ
1781,ﾆｼﾁﾕｳｺﾞｸｼﾝｷﾝ,016,ｺｳﾖｳ
1781,ﾆｼﾁﾕｳｺﾞｸｼﾝｷﾝ,017,ｶﾗﾄ
1781,ﾆｼﾁﾕｳｺﾞｸｼﾝｷﾝ,021,ﾔﾏﾉﾀ
1781,ﾆｼﾁﾕｳｺﾞｸｼﾝｷﾝ,022,ﾌｸｳﾗ
1781,ﾆｼﾁﾕｳｺﾞｸｼﾝｷﾝ,025,ｲﾁﾉﾐﾔ
1781,ﾆｼﾁﾕｳｺﾞｸｼﾝｷﾝ,026,ｶﾜﾀﾅ
1781,ﾆｼﾁﾕｳｺﾞｸｼﾝｷﾝ,028,ﾀｶﾗﾏﾁ
1781,ﾆｼﾁﾕｳｺﾞｸｼﾝｷﾝ,030,ﾑｶｲﾁﾖｳ
1781,ﾆｼﾁﾕｳｺﾞｸｼﾝｷﾝ,031,ｵｳｼﾞ
1781,ﾆｼﾁﾕｳｺﾞｸｼﾝｷﾝ,033,ｵﾉﾀﾞ
1781,ﾆｼﾁﾕｳｺﾞｸｼﾝｷﾝ,034,ｶｼﾞｸﾘ
1781,ﾆｼﾁﾕｳｺﾞｸｼﾝｷﾝ,130,ｶﾜﾅｶ
1781,ﾆｼﾁﾕｳｺﾞｸｼﾝｷﾝ,131,ｸﾏﾉ
1781,ﾆｼﾁﾕｳｺﾞｸｼﾝｷﾝ,135,ﾁﾖｳﾌﾁﾕｳｵｳ
1781,ﾆｼﾁﾕｳｺﾞｸｼﾝｷﾝ,137,ｵﾂﾞｷ
1781,ﾆｼﾁﾕｳｺﾞｸｼﾝｷﾝ,139,ﾁﾖｳﾌｴｷﾏｴ
1781,ﾆｼﾁﾕｳｺﾞｸｼﾝｷﾝ,144,ｷｸｶﾞﾜ
1781,ﾆｼﾁﾕｳｺﾞｸｼﾝｷﾝ,211,ﾄｺﾅﾐ
1781,ﾆｼﾁﾕｳｺﾞｸｼﾝｷﾝ,280,ｺﾄｼﾊﾞ
1781,ﾆｼﾁﾕｳｺﾞｸｼﾝｷﾝ,281,ﾋｶﾞｼｷﾜ
1781,ﾆｼﾁﾕｳｺﾞｸｼﾝｷﾝ,283,ｳﾍﾞ
1781,ﾆｼﾁﾕｳｺﾞｸｼﾝｷﾝ,284,ﾋｶﾞｼｼﾝｶﾜ
1781,ﾆｼﾁﾕｳｺﾞｸｼﾝｷﾝ,288,ﾆｼｳﾍﾞ
1781,ﾆｼﾁﾕｳｺﾞｸｼﾝｷﾝ,325,ｵｺﾞｵﾘ
1781,ﾆｼﾁﾕｳｺﾞｸｼﾝｷﾝ,326,ｱｼﾞｽ
1781,ﾆｼﾁﾕｳｺﾞｸｼﾝｷﾝ,327,ｶｶﾞﾜ
1781,ﾆｼﾁﾕｳｺﾞｸｼﾝｷﾝ,328,ｱｲｵ
1781,ﾆｼﾁﾕｳｺﾞｸｼﾝｷﾝ,329,ｼﾕｳﾎｳ
1781,ﾆｼﾁﾕｳｺﾞｸｼﾝｷﾝ,341,ﾔﾏｸﾞﾁ
1781,ﾆｼﾁﾕｳｺﾞｸｼﾝｷﾝ,359,ﾋﾒﾔﾏ
1781,ﾆｼﾁﾕｳｺﾞｸｼﾝｷﾝ,450,ﾏｽﾀﾞ
1781,ﾆｼﾁﾕｳｺﾞｸｼﾝｷﾝ,452,ﾄｸｻ
1781,ﾆｼﾁﾕｳｺﾞｸｼﾝｷﾝ,453,ﾆﾁﾊﾗ
1781,ﾆｼﾁﾕｳｺﾞｸｼﾝｷﾝ,454,ﾖｼｶ
1781,ﾆｼﾁﾕｳｺﾞｸｼﾝｷﾝ,459,ﾂﾜﾉ
1781,ﾆｼﾁﾕｳｺﾞｸｼﾝｷﾝ,590,ｲﾜｸﾆ
1781,ﾆｼﾁﾕｳｺﾞｸｼﾝｷﾝ,593,ﾐﾅﾐｲﾜｸﾆ
1781,ﾆｼﾁﾕｳｺﾞｸｼﾝｷﾝ,595,ﾆｼｷﾁﾖｳ
1781,ﾆｼﾁﾕｳｺﾞｸｼﾝｷﾝ,599,ｲﾜｸﾆﾁﾕｳｵｳ
1781,ﾆｼﾁﾕｳｺﾞｸｼﾝｷﾝ,600,ｲﾝﾀ-ﾈﾂﾄ
1789,ﾋｶﾞｼﾔﾏｸﾞﾁｼﾝｷﾝ,001,ﾔﾅｲ
1789,ﾋｶﾞｼﾔﾏｸﾞﾁｼﾝｷﾝ,002,ﾋﾗｵ
1789,ﾋｶﾞｼﾔﾏｸﾞﾁｼﾝｷﾝ,003,ﾀﾌﾞｾ
1789,ﾋｶﾞｼﾔﾏｸﾞﾁｼﾝｷﾝ,004,ﾕｳ
1789,ﾋｶﾞｼﾔﾏｸﾞﾁｼﾝｷﾝ,005,ﾑﾛｽﾞﾐ
1789,ﾋｶﾞｼﾔﾏｸﾞﾁｼﾝｷﾝ,006,ｶﾐﾉｾｷ
1789,ﾋｶﾞｼﾔﾏｸﾞﾁｼﾝｷﾝ,007,ｼﾕｳﾅﾝ
1789,ﾋｶﾞｼﾔﾏｸﾞﾁｼﾝｷﾝ,008,ｲﾜｸﾆ
1789,ﾋｶﾞｼﾔﾏｸﾞﾁｼﾝｷﾝ,009,ｼﾕｳﾄｳｸｶﾞ
1789,ﾋｶﾞｼﾔﾏｸﾞﾁｼﾝｷﾝ,010,ﾐﾅﾐｲﾜｸﾆ
1789,ﾋｶﾞｼﾔﾏｸﾞﾁｼﾝｷﾝ,011,ﾔﾅｲﾐﾅﾐ
1789,ﾋｶﾞｼﾔﾏｸﾞﾁｼﾝｷﾝ,022,ﾄｸﾔﾏ
1789,ﾋｶﾞｼﾔﾏｸﾞﾁｼﾝｷﾝ,023,ﾄﾝﾀﾞ
1789,ﾋｶﾞｼﾔﾏｸﾞﾁｼﾝｷﾝ,024,ﾌｸｶﾞﾜ
1789,ﾋｶﾞｼﾔﾏｸﾞﾁｼﾝｷﾝ,025,ﾄｲｼ
1789,ﾋｶﾞｼﾔﾏｸﾞﾁｼﾝｷﾝ,026,ﾂｷｵｶﾁﾖｳ
1789,ﾋｶﾞｼﾔﾏｸﾞﾁｼﾝｷﾝ,031,ﾎﾝﾃﾝ
1789,ﾋｶﾞｼﾔﾏｸﾞﾁｼﾝｷﾝ,032,ﾐﾔｲﾁ
1789,ﾋｶﾞｼﾔﾏｸﾞﾁｼﾝｷﾝ,033,ﾐﾀｼﾞﾘ
1789,ﾋｶﾞｼﾔﾏｸﾞﾁｼﾝｷﾝ,034,ﾅｶﾉｾｷ
1789,ﾋｶﾞｼﾔﾏｸﾞﾁｼﾝｷﾝ,036,ﾎｳﾌｴｷﾏｴ
1789,ﾋｶﾞｼﾔﾏｸﾞﾁｼﾝｷﾝ,037,ﾑﾚ
1789,ﾋｶﾞｼﾔﾏｸﾞﾁｼﾝｷﾝ,038,ﾊﾅｷﾞ
1789,ﾋｶﾞｼﾔﾏｸﾞﾁｼﾝｷﾝ,039,ﾀﾞｲﾄﾞｳ
1789,ﾋｶﾞｼﾔﾏｸﾞﾁｼﾝｷﾝ,041,ｸﾀﾞﾏﾂ
1789,ﾋｶﾞｼﾔﾏｸﾞﾁｼﾝｷﾝ,042,ﾋｶﾘ
1789,ﾋｶﾞｼﾔﾏｸﾞﾁｼﾝｷﾝ,043,ｻｶｴﾏﾁ
1801,ﾄｸｼﾏｼﾝｷﾝ,001,ﾎﾝﾃﾝ
1801,ﾄｸｼﾏｼﾝｷﾝ,002,ﾌｸｼﾏ
1801,ﾄｸｼﾏｼﾝｷﾝ,003,ﾂﾀﾞ
1801,ﾄｸｼﾏｼﾝｷﾝ,004,ｻｺ
1801,ﾄｸｼﾏｼﾝｷﾝ,005,ｶﾐﾊﾁﾏﾝ
1801,ﾄｸｼﾏｼﾝｷﾝ,006,ｶﾜｳﾁ
1801,ﾄｸｼﾏｼﾝｷﾝ,007,ｺﾏﾂｼﾏ
1801,ﾄｸｼﾏｼﾝｷﾝ,009,ｲｹﾀﾞ
1801,ﾄｸｼﾏｼﾝｷﾝ,011,ﾆｹﾝﾔ
1801,ﾄｸｼﾏｼﾝｷﾝ,013,ﾐｶﾓ
1801,ﾄｸｼﾏｼﾝｷﾝ,015,ｼﾖｳﾜﾁﾖｳ
1801,ﾄｸｼﾏｼﾝｷﾝ,016,ｺｸﾌ
1801,ﾄｸｼﾏｼﾝｷﾝ,017,ｶﾓｼﾞﾏ
1801,ﾄｸｼﾏｼﾝｷﾝ,018,ﾅﾙﾄ
1801,ﾄｸｼﾏｼﾝｷﾝ,020,ｾﾄ
1801,ﾄｸｼﾏｼﾝｷﾝ,022,ｷﾀｼﾞﾏ
1801,ﾄｸｼﾏｼﾝｷﾝ,024,ｱｲｽﾞﾐ
1803,ｱﾅﾝｼﾝｷﾝ,001,ﾎﾝﾃﾝ
1803,ｱﾅﾝｼﾝｷﾝ,002,ﾐﾉﾊﾞﾔｼ
1803,ｱﾅﾝｼﾝｷﾝ,004,ﾌｸｲ
1803,ｱﾅﾝｼﾝｷﾝ,005,ﾊﾉｳﾗ
1803,ｱﾅﾝｼﾝｷﾝ,007,ﾄｳﾌﾞ
1803,ｱﾅﾝｼﾝｷﾝ,008,ﾐﾉﾊﾞﾔｼｴｷﾏｴ
1803,ｱﾅﾝｼﾝｷﾝ,009,ｶﾐﾅｶ
1803,ｱﾅﾝｼﾝｷﾝ,010,ﾅｶｶﾞﾜ
1830,ﾀｶﾏﾂｼﾝｷﾝ,020,ﾎﾝﾃﾝ
1830,ﾀｶﾏﾂｼﾝｷﾝ,021,ﾘﾂﾘﾝ
1830,ﾀｶﾏﾂｼﾝｷﾝ,022,ﾆｼﾄｵﾘﾏﾁ
1830,ﾀｶﾏﾂｼﾝｷﾝ,024,ﾊﾁﾎﾝﾏﾂ
1830,ﾀｶﾏﾂｼﾝｷﾝ,025,ｶﾀﾊﾗﾏﾁ
1830,ﾀｶﾏﾂｼﾝｷﾝ,026,ﾊﾅｿﾞﾉ
1830,ﾀｶﾏﾂｼﾝｷﾝ,028,ﾔｼﾏ
1830,ﾀｶﾏﾂｼﾝｷﾝ,029,ｷﾀ
1830,ﾀｶﾏﾂｼﾝｷﾝ,030,ﾓﾄﾔﾏ
1830,ﾀｶﾏﾂｼﾝｷﾝ,031,ﾚｲﾝﾎﾞ-
1830,ﾀｶﾏﾂｼﾝｷﾝ,032,ﾂﾙｳﾁ
1830,ﾀｶﾏﾂｼﾝｷﾝ,036,ﾌﾞﾂｼﾖｳｻﾞﾝ
1830,ﾀｶﾏﾂｼﾝｷﾝ,038,ｲﾁﾉﾐﾔ
1830,ﾀｶﾏﾂｼﾝｷﾝ,040,ｵｵﾀ
1830,ﾀｶﾏﾂｼﾝｷﾝ,045,ｸｳｺｳｸﾞﾁ
1830,ﾀｶﾏﾂｼﾝｷﾝ,046,ｻﾝﾎﾞﾝﾏﾂ
1830,ﾀｶﾏﾂｼﾝｷﾝ,047,ｺｸﾌﾞﾝｼﾞ
1830,ﾀｶﾏﾂｼﾝｷﾝ,050,ﾐｷ
1830,ﾀｶﾏﾂｼﾝｷﾝ,051,ﾄﾉｼﾖｳ
1830,ﾀｶﾏﾂｼﾝｷﾝ,052,ｻｶｲﾃﾞ
1830,ﾀｶﾏﾂｼﾝｷﾝ,053,ｼﾄﾞ
1830,ﾀｶﾏﾂｼﾝｷﾝ,055,ｻｶｲﾃﾞﾋｶﾞｼ
1830,ﾀｶﾏﾂｼﾝｷﾝ,058,ｳﾀﾂﾞ
1830,ﾀｶﾏﾂｼﾝｷﾝ,059,ﾏﾙｶﾞﾒｼﾞﾖｳｾｲ
1830,ﾀｶﾏﾂｼﾝｷﾝ,060,ﾏﾙｶﾞﾒ
1830,ﾀｶﾏﾂｼﾝｷﾝ,062,ｾﾞﾝﾂｳｼﾞ
1830,ﾀｶﾏﾂｼﾝｷﾝ,063,ｺﾄﾋﾗ
1830,ﾀｶﾏﾂｼﾝｷﾝ,064,ﾀﾄﾞﾂ
1830,ﾀｶﾏﾂｼﾝｷﾝ,070,ﾏﾙｶﾞﾒﾐﾅﾐ
1830,ﾀｶﾏﾂｼﾝｷﾝ,071,ｶﾝｵﾝｼﾞ
1830,ﾀｶﾏﾂｼﾝｷﾝ,072,ﾀｶｾ
1833,ｶﾝｵﾝｼﾞｼﾝｷﾝ,001,ﾎﾝﾃﾝ
1833,ｶﾝｵﾝｼﾞｼﾝｷﾝ,002,ﾐﾅﾄ
1833,ｶﾝｵﾝｼﾞｼﾝｷﾝ,003,ﾄﾖﾊﾏ
1833,ｶﾝｵﾝｼﾞｼﾝｷﾝ,004,ﾀｶｾ
1833,ｶﾝｵﾝｼﾞｼﾝｷﾝ,005,ｵｵﾉﾊﾗ
1833,ｶﾝｵﾝｼﾞｼﾝｷﾝ,006,ﾔﾏﾓﾄ
1833,ｶﾝｵﾝｼﾞｼﾝｷﾝ,007,ﾀｸﾏ
1833,ｶﾝｵﾝｼﾞｼﾝｷﾝ,008,ﾆｵ
1833,ｶﾝｵﾝｼﾞｼﾝｷﾝ,009,ﾐﾅﾐ
1833,ｶﾝｵﾝｼﾞｼﾝｷﾝ,010,ﾄﾖﾅｶ
1833,ｶﾝｵﾝｼﾞｼﾝｷﾝ,011,ﾐﾉ
1833,ｶﾝｵﾝｼﾞｼﾝｷﾝ,012,ｻｲﾀ
1833,ｶﾝｵﾝｼﾞｼﾝｷﾝ,013,ｺｸﾄﾞｳ
1833,ｶﾝｵﾝｼﾞｼﾝｷﾝ,014,ｼｹﾞｷ
1833,ｶﾝｵﾝｼﾞｼﾝｷﾝ,015,ﾏﾙｶﾞﾒ
1833,ｶﾝｵﾝｼﾞｼﾝｷﾝ,016,ｻｶｲﾃﾞ
1833,ｶﾝｵﾝｼﾞｼﾝｷﾝ,017,ｼｺｸﾁﾕｳｵｳ
1860,ｴﾋﾒｼﾝｷﾝ,011,ﾎﾝﾃﾝ
1860,ｴﾋﾒｼﾝｷﾝ,012,ｼﾞﾖｳﾄｳ
1860,ｴﾋﾒｼﾝｷﾝ,013,ﾏﾂﾔﾏﾎﾝﾏﾁ
1860,ｴﾋﾒｼﾝｷﾝ,014,ﾀﾁﾊﾞﾅ
1860,ｴﾋﾒｼﾝｷﾝ,015,ﾄﾞｳｺﾞ
1860,ｴﾋﾒｼﾝｷﾝ,017,ﾋｶﾞｼｶﾝｼﾞﾖｳﾂｶﾓﾄ
1860,ｴﾋﾒｼﾝｷﾝ,018,ｸﾒ
1860,ｴﾋﾒｼﾝｷﾝ,019,ﾄﾍﾞ
1860,ｴﾋﾒｼﾝｷﾝ,020,ｼｵﾐ
1860,ｴﾋﾒｼﾝｷﾝ,021,ﾖｳｺﾞ
1860,ｴﾋﾒｼﾝｷﾝ,024,ﾖｺｶﾞﾜﾗ
1860,ｴﾋﾒｼﾝｷﾝ,025,ｲｼｲ
1860,ｴﾋﾒｼﾝｷﾝ,026,ﾋﾗｲ
1860,ｴﾋﾒｼﾝｷﾝ,027,ｻﾔ
1860,ｴﾋﾒｼﾝｷﾝ,030,ｲﾏﾊﾞﾘ
1860,ｴﾋﾒｼﾝｷﾝ,032,ﾄｷﾜﾏﾁ
1860,ｴﾋﾒｼﾝｷﾝ,033,ﾄｵﾘﾕｳ
1860,ｴﾋﾒｼﾝｷﾝ,034,ﾊｼﾊﾏ
1860,ｴﾋﾒｼﾝｷﾝ,035,ｲﾏﾊﾞﾘﾐﾅﾐ
1860,ｴﾋﾒｼﾝｷﾝ,042,ﾐﾔﾆｼ
1860,ｴﾋﾒｼﾝｷﾝ,045,ﾄﾍﾞﾁﾕｳｵｳ
1860,ｴﾋﾒｼﾝｷﾝ,046,ﾊﾌﾞ
1860,ｴﾋﾒｼﾝｷﾝ,047,ﾐｿﾞﾉﾍﾞ
1860,ｴﾋﾒｼﾝｷﾝ,048,ﾕｳｸﾞﾝ
1860,ｴﾋﾒｼﾝｷﾝ,049,ｲｽﾞﾐ
1860,ｴﾋﾒｼﾝｷﾝ,050,ｸﾏ
1860,ｴﾋﾒｼﾝｷﾝ,052,ﾐﾂﾊﾏ
1860,ｴﾋﾒｼﾝｷﾝ,054,ﾐﾌﾞ
1860,ｴﾋﾒｼﾝｷﾝ,055,ﾎｳｼﾞﾖｳ
1860,ｴﾋﾒｼﾝｷﾝ,056,ｷｼ
1860,ｴﾋﾒｼﾝｷﾝ,060,ｷｸﾏ
1860,ｴﾋﾒｼﾝｷﾝ,061,ｵｵﾆｼ
1860,ｴﾋﾒｼﾝｷﾝ,066,ｸﾞﾝﾁﾕｳ
1860,ｴﾋﾒｼﾝｷﾝ,067,ﾏｻｷ
1860,ｴﾋﾒｼﾝｷﾝ,070,ﾆﾕｳｶﾞﾜ
1860,ｴﾋﾒｼﾝｷﾝ,071,ﾀﾝﾊﾞﾗ
1860,ｴﾋﾒｼﾝｷﾝ,072,ｻｲｼﾞﾖｳ
1860,ｴﾋﾒｼﾝｷﾝ,073,ﾆｲﾊﾏ
1860,ｴﾋﾒｼﾝｷﾝ,074,ﾅｶﾊｷﾞ
1860,ｴﾋﾒｼﾝｷﾝ,075,ﾐｼﾏ
1860,ｴﾋﾒｼﾝｷﾝ,076,ｶﾜﾉｴ
1860,ｴﾋﾒｼﾝｷﾝ,080,ﾔﾜﾀﾊﾏ
1860,ｴﾋﾒｼﾝｷﾝ,084,ｵｵｽﾞ
1860,ｴﾋﾒｼﾝｷﾝ,085,ﾉﾑﾗ
1862,ｳﾜｼﾞﾏｼﾝｷﾝ,001,ﾎﾝﾃﾝ
1862,ｳﾜｼﾞﾏｼﾝｷﾝ,002,ｴﾋﾞｽﾏﾁ
1862,ｳﾜｼﾞﾏｼﾝｷﾝ,003,ｼﾝﾊﾞｼ
1862,ｳﾜｼﾞﾏｼﾝｷﾝ,004,ﾖｼﾀﾞ
1862,ｳﾜｼﾞﾏｼﾝｷﾝ,005,ﾐﾅﾐｳﾜ
1862,ｳﾜｼﾞﾏｼﾝｷﾝ,006,ｼﾞﾖｳﾅﾝ
1862,ｳﾜｼﾞﾏｼﾝｷﾝ,007,ｸﾉ
1862,ｳﾜｼﾞﾏｼﾝｷﾝ,008,ｲｽﾞﾐﾏﾁ
1862,ｳﾜｼﾞﾏｼﾝｷﾝ,009,ﾐﾏ
1862,ｳﾜｼﾞﾏｼﾝｷﾝ,010,ｳﾉﾏﾁ
1864,ﾄｳﾖｼﾝｷﾝ,002,ﾎﾝﾃﾝ
1864,ﾄｳﾖｼﾝｷﾝ,003,ﾐｼﾏ
1864,ﾄｳﾖｼﾝｷﾝ,006,ｻｲｼﾞﾖｳ
1864,ﾄｳﾖｼﾝｷﾝ,007,ｻﾝｶﾞﾜ
1864,ﾄｳﾖｼﾝｷﾝ,008,ｲｽﾞﾐｶﾞﾜ
1864,ﾄｳﾖｼﾝｷﾝ,009,ｺﾏﾂ
1864,ﾄｳﾖｼﾝｷﾝ,011,ｶﾜﾋｶﾞｼ
1864,ﾄｳﾖｼﾝｷﾝ,012,ﾅｶﾊｷﾞ
1864,ﾄｳﾖｼﾝｷﾝ,014,ｷﾀｶﾞﾜ
1864,ﾄｳﾖｼﾝｷﾝ,016,ﾆｲﾊﾏｴｷﾏｴ
1866,ｶﾜﾉｴｼﾝｷﾝ,001,ﾎﾝﾃﾝ
1866,ｶﾜﾉｴｼﾝｷﾝ,002,ｶﾐﾌﾞﾝ
1866,ｶﾜﾉｴｼﾝｷﾝ,003,ﾐｼﾏ
1866,ｶﾜﾉｴｼﾝｷﾝ,004,ﾐﾅﾐ
1866,ｶﾜﾉｴｼﾝｷﾝ,005,ﾋｶﾞｼ
1866,ｶﾜﾉｴｼﾝｷﾝ,006,ﾆｼ
1880,ﾊﾀｼﾝｷﾝ,002,ﾎﾝﾃﾝ
1880,ﾊﾀｼﾝｷﾝ,003,ｲﾘﾉ
1880,ﾊﾀｼﾝｷﾝ,005,ｼﾐｽﾞ
1880,ﾊﾀｼﾝｷﾝ,008,ﾋﾛﾐ
1880,ﾊﾀｼﾝｷﾝ,009,ｺｳﾁ
1880,ﾊﾀｼﾝｷﾝ,010,ﾏﾏ
1880,ﾊﾀｼﾝｷﾝ,011,ｶﾜｻｷ
1880,ﾊﾀｼﾝｷﾝ,013,ｻｶﾞ
1880,ﾊﾀｼﾝｷﾝ,015,ｺｳﾀﾞ
1880,ﾊﾀｼﾝｷﾝ,016,ｸﾞﾄﾞｳ
1880,ﾊﾀｼﾝｷﾝ,018,ﾋﾗﾀ
1880,ﾊﾀｼﾝｷﾝ,019,ｽｸﾓ
1880,ﾊﾀｼﾝｷﾝ,020,ﾅﾝｺﾞｸ
1881,ｺｳﾁｼﾝｷﾝ,021,ﾎﾝﾃﾝ
1881,ｺｳﾁｼﾝｷﾝ,023,ｶﾐﾏﾁ
1881,ｺｳﾁｼﾝｷﾝ,024,ｼﾓﾏﾁ
1881,ｺｳﾁｼﾝｷﾝ,026,ｳｼｵｴ
1881,ｺｳﾁｼﾝｷﾝ,027,ｾﾄ
1881,ｺｳﾁｼﾝｷﾝ,029,ﾏﾏﾐｶﾂﾞｷ
1881,ｺｳﾁｼﾝｷﾝ,030,ｱｻﾋｶｶﾞﾐ
1881,ｺｳﾁｼﾝｷﾝ,031,ｶﾈﾀﾞ
1881,ｺｳﾁｼﾝｷﾝ,032,ﾐｻﾄ
1881,ｺｳﾁｼﾝｷﾝ,034,ﾀｶｽ
1881,ｺｳﾁｼﾝｷﾝ,035,ｲﾉｱｶﾞﾜ
1881,ｺｳﾁｼﾝｷﾝ,036,ﾅﾝｺﾞｸ
1881,ｺｳﾁｼﾝｷﾝ,038,ｱｻｸﾗｺｳﾀﾞ
1881,ｺｳﾁｼﾝｷﾝ,039,ﾔﾏﾀﾞｶﾐ
1881,ｺｳﾁｼﾝｷﾝ,040,ｽｻｷﾂﾉﾔﾏ
1881,ｺｳﾁｼﾝｷﾝ,043,ｱｷ
1881,ｺｳﾁｼﾝｷﾝ,044,ﾑﾛﾄ
1881,ｺｳﾁｼﾝｷﾝ,045,ﾄｻｼ
1881,ｺｳﾁｼﾝｷﾝ,047,ｻｶﾜﾆﾖﾄﾞ
1881,ｺｳﾁｼﾝｷﾝ,048,ｱｿﾞｳﾉ
1881,ｺｳﾁｼﾝｷﾝ,050,ｸﾚ
1881,ｺｳﾁｼﾝｷﾝ,052,ｼﾏﾝﾄﾁﾖｳ
1881,ｺｳﾁｼﾝｷﾝ,060,ﾅｶﾑﾗﾊﾀ
1881,ｺｳﾁｼﾝｷﾝ,062,ｼﾐｽﾞ
1881,ｺｳﾁｼﾝｷﾝ,063,ﾉｲﾁｺｳﾅﾝ
1881,ｺｳﾁｼﾝｷﾝ,071,ﾅﾊﾘ
1901,ﾌｸｵｶｼﾝｷﾝ,001,ﾎﾝﾃﾝ
1901,ﾌｸｵｶｼﾝｷﾝ,003,ﾄｳｼﾞﾝﾏﾁ
1901,ﾌｸｵｶｼﾝｷﾝ,004,ﾔｸｲﾝ
1901,ﾌｸｵｶｼﾝｷﾝ,005,ﾊｶﾀｴｷﾐﾅﾐ
1901,ﾌｸｵｶｼﾝｷﾝ,006,ﾌｼﾞｻｷ
1901,ﾌｸｵｶｼﾝｷﾝ,007,ﾏｲﾀﾞｼ
1901,ﾌｸｵｶｼﾝｷﾝ,008,ﾊｶﾀｷﾀ
1901,ﾌｸｵｶｼﾝｷﾝ,009,ﾛﾂﾎﾟﾝﾏﾂ
1901,ﾌｸｵｶｼﾝｷﾝ,011,ｲｼﾞﾘ
1901,ﾌｸｵｶｼﾝｷﾝ,012,ｶｼｲ
1901,ﾌｸｵｶｼﾝｷﾝ,013,ﾒｲﾉﾊﾏ
1901,ﾌｸｵｶｼﾝｷﾝ,014,ﾆｼｼﾞﾝ
1901,ﾌｸｵｶｼﾝｷﾝ,015,ﾅｶｵ
1901,ﾌｸｵｶｼﾝｷﾝ,016,ﾅﾅｸﾏ
1901,ﾌｸｵｶｼﾝｷﾝ,017,ﾉｹ
1903,ﾌｸｵｶﾋﾋﾞｷｼﾝｷﾝ,021,ﾎﾝﾃﾝ
1903,ﾌｸｵｶﾋﾋﾞｷｼﾝｷﾝ,022,ｸﾛｻｷ
1903,ﾌｸｵｶﾋﾋﾞｷｼﾝｷﾝ,023,ｱﾛｳﾀﾞ
1903,ﾌｸｵｶﾋﾋﾞｷｼﾝｷﾝ,024,ｵﾘｵ
1903,ﾌｸｵｶﾋﾋﾞｷｼﾝｷﾝ,026,ｴﾀﾞﾐﾂ
1903,ﾌｸｵｶﾋﾋﾞｷｼﾝｷﾝ,030,ｵｵｸﾗ
1903,ﾌｸｵｶﾋﾋﾞｷｼﾝｷﾝ,032,ｶﾂｷ
1903,ﾌｸｵｶﾋﾋﾞｷｼﾝｷﾝ,033,ｱﾉｳ
1903,ﾌｸｵｶﾋﾋﾞｷｼﾝｷﾝ,034,ｱｲｵｲ
1903,ﾌｸｵｶﾋﾋﾞｷｼﾝｷﾝ,035,ｻﾝｶﾞﾓﾘ
1903,ﾌｸｵｶﾋﾋﾞｷｼﾝｷﾝ,037,ﾏﾁｺｳｼﾞﾔｸ
1903,ﾌｸｵｶﾋﾋﾞｷｼﾝｷﾝ,038,ｺｸﾗ
1903,ﾌｸｵｶﾋﾋﾞｷｼﾝｷﾝ,039,ﾅｶﾏ
1903,ﾌｸｵｶﾋﾋﾞｷｼﾝｷﾝ,041,ｲﾄｳﾂﾞ
1903,ﾌｸｵｶﾋﾋﾞｷｼﾝｷﾝ,042,ﾎﾝｼﾞﾖｳ
1903,ﾌｸｵｶﾋﾋﾞｷｼﾝｷﾝ,046,ｺﾔﾉｾ
1903,ﾌｸｵｶﾋﾋﾞｷｼﾝｷﾝ,047,ｵﾝｶﾞ
1903,ﾌｸｵｶﾋﾋﾞｷｼﾝｷﾝ,048,ﾕｸﾊｼ
1903,ﾌｸｵｶﾋﾋﾞｷｼﾝｷﾝ,051,ﾜｶﾏﾂ
1903,ﾌｸｵｶﾋﾋﾞｷｼﾝｷﾝ,052,ﾌﾀｼﾞﾏ
1903,ﾌｸｵｶﾋﾋﾞｷｼﾝｷﾝ,062,ｺｲｼ
1903,ﾌｸｵｶﾋﾋﾞｷｼﾝｷﾝ,064,ﾋｶﾞｼﾌﾀｼﾞﾏ
1903,ﾌｸｵｶﾋﾋﾞｷｼﾝｷﾝ,065,ﾀｶｽ
1903,ﾌｸｵｶﾋﾋﾞｷｼﾝｷﾝ,081,ﾐﾊｷﾞﾉ
1903,ﾌｸｵｶﾋﾋﾞｷｼﾝｷﾝ,083,ｱｿｳ
1903,ﾌｸｵｶﾋﾋﾞｷｼﾝｷﾝ,084,ｶﾝﾀﾞ
1903,ﾌｸｵｶﾋﾋﾞｷｼﾝｷﾝ,087,ﾓﾘﾂﾈ
1903,ﾌｸｵｶﾋﾋﾞｷｼﾝｷﾝ,092,ﾅｶﾊﾞﾙ
1903,ﾌｸｵｶﾋﾋﾞｷｼﾝｷﾝ,094,ｿﾈ
1903,ﾌｸｵｶﾋﾋﾞｷｼﾝｷﾝ,102,ｼﾞﾖｳﾉ
1903,ﾌｸｵｶﾋﾋﾞｷｼﾝｷﾝ,121,ﾓｼﾞｺｳ
1903,ﾌｸｵｶﾋﾋﾞｷｼﾝｷﾝ,124,ｼﾝﾓｼﾞ
1903,ﾌｸｵｶﾋﾋﾞｷｼﾝｷﾝ,127,ﾀﾞｲﾘ
1903,ﾌｸｵｶﾋﾋﾞｷｼﾝｷﾝ,141,ﾉｵｶﾞﾀ
1903,ﾌｸｵｶﾋﾋﾞｷｼﾝｷﾝ,146,ﾜｶﾐﾔ
1903,ﾌｸｵｶﾋﾋﾞｷｼﾝｷﾝ,147,ｸﾗﾃﾏﾁ
1903,ﾌｸｵｶﾋﾋﾞｷｼﾝｷﾝ,149,ﾄﾝﾉ
1903,ﾌｸｵｶﾋﾋﾞｷｼﾝｷﾝ,162,ﾌﾞｾﾞﾝ
1903,ﾌｸｵｶﾋﾋﾞｷｼﾝｷﾝ,168,ﾁｸｼﾞﾖｳﾏﾁ
1903,ﾌｸｵｶﾋﾋﾞｷｼﾝｷﾝ,181,ﾌｸｵｶ
1903,ﾌｸｵｶﾋﾋﾞｷｼﾝｷﾝ,182,ﾁﾊﾔ
1903,ﾌｸｵｶﾋﾋﾞｷｼﾝｷﾝ,183,ﾊｶﾀ
1908,ｵｵﾑﾀﾔﾅｶﾞﾜｼﾝｷﾝ,001,ﾎﾝﾃﾝ
1908,ｵｵﾑﾀﾔﾅｶﾞﾜｼﾝｷﾝ,002,ﾐｶﾜ
1908,ｵｵﾑﾀﾔﾅｶﾞﾜｼﾝｷﾝ,004,ﾀｶﾀﾞ
1908,ｵｵﾑﾀﾔﾅｶﾞﾜｼﾝｷﾝ,005,ﾁｸｺﾞ
1908,ｵｵﾑﾀﾔﾅｶﾞﾜｼﾝｷﾝ,006,ﾄｵﾘﾁﾖｳ
1908,ｵｵﾑﾀﾔﾅｶﾞﾜｼﾝｷﾝ,007,ｼﾝｻｶｴﾏﾁ
1908,ｵｵﾑﾀﾔﾅｶﾞﾜｼﾝｷﾝ,009,ﾐｲｹ
1908,ｵｵﾑﾀﾔﾅｶﾞﾜｼﾝｷﾝ,010,ﾖｼﾉ
1908,ｵｵﾑﾀﾔﾅｶﾞﾜｼﾝｷﾝ,011,ｶﾂﾀﾞﾁ
1908,ｵｵﾑﾀﾔﾅｶﾞﾜｼﾝｷﾝ,012,ﾔﾅｶﾞﾜ
1908,ｵｵﾑﾀﾔﾅｶﾞﾜｼﾝｷﾝ,013,ﾔﾏﾄ
1908,ｵｵﾑﾀﾔﾅｶﾞﾜｼﾝｷﾝ,014,ｵｷﾉﾊﾀ
1908,ｵｵﾑﾀﾔﾅｶﾞﾜｼﾝｷﾝ,015,ｾﾀｶ
1908,ｵｵﾑﾀﾔﾅｶﾞﾜｼﾝｷﾝ,016,ｶﾏﾁ
1909,ﾁｸｺﾞｼﾝｷﾝ,001,ﾎﾝﾃﾝ
1909,ﾁｸｺﾞｼﾝｷﾝ,003,ｼﾗﾔﾏﾏﾁ
1909,ﾁｸｺﾞｼﾝｷﾝ,004,ﾊﾅﾊﾞﾀｹ
1909,ﾁｸｺﾞｼﾝｷﾝ,005,ｾﾝﾎﾞﾝｽｷﾞ
1909,ﾁｸｺﾞｼﾝｷﾝ,006,ｲﾂﾁﾖｳﾀﾞ
1909,ﾁｸｺﾞｼﾝｷﾝ,007,ﾖｼｲ
1909,ﾁｸｺﾞｼﾝｷﾝ,008,ｱﾏｷﾞ
1909,ﾁｸｺﾞｼﾝｷﾝ,009,ﾔﾒ
1909,ﾁｸｺﾞｼﾝｷﾝ,011,ﾋﾛｶﾜ
1909,ﾁｸｺﾞｼﾝｷﾝ,013,ﾊｲﾇﾂｶ
1909,ﾁｸｺﾞｼﾝｷﾝ,015,ﾂﾌﾞｸ
1909,ﾁｸｺﾞｼﾝｷﾝ,016,ｾﾞﾝﾄﾞｳｼﾞ
1909,ﾁｸｺﾞｼﾝｷﾝ,017,ｷﾀﾉ
1910,ｲｲﾂﾞｶｼﾝｷﾝ,001,ﾎﾝﾃﾝ
1910,ｲｲﾂﾞｶｼﾝｷﾝ,002,ｺﾓﾀﾞ
1910,ｲｲﾂﾞｶｼﾝｷﾝ,003,ｼﾝｲｲﾂﾞｶ
1910,ｲｲﾂﾞｶｼﾝｷﾝ,004,ﾅﾏｽﾞﾀ
1910,ｲｲﾂﾞｶｼﾝｷﾝ,005,ｺｳﾌﾞｸﾛ
1910,ｲｲﾂﾞｶｼﾝｷﾝ,006,ﾌﾀｾ
1910,ｲｲﾂﾞｶｼﾝｷﾝ,007,ﾐﾔﾀ
1910,ｲｲﾂﾞｶｼﾝｷﾝ,008,ｽｶﾞﾑﾀ
1910,ｲｲﾂﾞｶｼﾝｷﾝ,010,ﾌｸｵｶ
1910,ｲｲﾂﾞｶｼﾝｷﾝ,011,ﾓﾛｵｶ
1910,ｲｲﾂﾞｶｼﾝｷﾝ,012,ｶｽﾔ
1910,ｲｲﾂﾞｶｼﾝｷﾝ,013,ｳﾙﾉ
1910,ｲｲﾂﾞｶｼﾝｷﾝ,014,ﾁｸﾎｹｲｾﾝ
1910,ｲｲﾂﾞｶｼﾝｷﾝ,015,ﾎﾅﾐ
1910,ｲｲﾂﾞｶｼﾝｷﾝ,016,ｲﾅﾂｷ
1910,ｲｲﾂﾞｶｼﾝｷﾝ,017,ｼﾖｳﾅｲ
1910,ｲｲﾂﾞｶｼﾝｷﾝ,018,ｴﾀﾞｸﾆ
1910,ｲｲﾂﾞｶｼﾝｷﾝ,019,ｱｲﾀﾞ
1910,ｲｲﾂﾞｶｼﾝｷﾝ,020,ﾌｸｵｶｼﾞｷﾞﾖｳ
1910,ｲｲﾂﾞｶｼﾝｷﾝ,030,ｻﾝﾅｲ
1913,ﾀｶﾞﾜｼﾝｷﾝ,001,ﾋｶﾞｼ
1913,ﾀｶﾞﾜｼﾝｷﾝ,002,ｶﾅﾀﾞ
1913,ﾀｶﾞﾜｼﾝｷﾝ,003,ｶﾜﾗ
1913,ﾀｶﾞﾜｼﾝｷﾝ,004,ﾎﾝﾃﾝ
1913,ﾀｶﾞﾜｼﾝｷﾝ,005,ﾆｼ
1913,ﾀｶﾞﾜｼﾝｷﾝ,006,ｿｴﾀﾞ
1913,ﾀｶﾞﾜｼﾝｷﾝ,007,ｱｶｲｹ
1913,ﾀｶﾞﾜｼﾝｷﾝ,008,ﾕｸﾊｼ
1913,ﾀｶﾞﾜｼﾝｷﾝ,010,ﾎｳｼﾞﾖｳ
1917,ｵｵｶﾜｼﾝｷﾝ,001,ﾎﾝﾃﾝ
1917,ｵｵｶﾜｼﾝｷﾝ,003,ﾀｸﾞﾁ
1917,ｵｵｶﾜｼﾝｷﾝ,004,ｵｵｷ
1917,ｵｵｶﾜｼﾝｷﾝ,005,ｼﾞﾖｳｼﾞﾏ
1917,ｵｵｶﾜｼﾝｷﾝ,006,ﾓﾛﾄﾞﾐ
1917,ｵｵｶﾜｼﾝｷﾝ,007,ｷﾑﾛ
1917,ｵｵｶﾜｼﾝｷﾝ,008,ｶﾜｸﾞﾁ
1917,ｵｵｶﾜｼﾝｷﾝ,009,ﾐﾂﾏﾀ
1917,ｵｵｶﾜｼﾝｷﾝ,010,ﾐﾂﾞﾏ
1917,ｵｵｶﾜｼﾝｷﾝ,011,ｻｹﾐ
1917,ｵｵｶﾜｼﾝｷﾝ,012,ﾕﾒｻｷ
1920,ｵﾝｶﾞｼﾝｷﾝ,001,ﾎﾝﾃﾝ
1920,ｵﾝｶﾞｼﾝｷﾝ,002,ﾅｶﾏ
1920,ｵﾝｶﾞｼﾝｷﾝ,003,ｵｶｶﾞｷ
1920,ｵﾝｶﾞｼﾝｷﾝ,004,ｱｼﾔ
1920,ｵﾝｶﾞｼﾝｷﾝ,005,ﾑﾅｶﾀ
1920,ｵﾝｶﾞｼﾝｷﾝ,006,ｵﾝｶﾞ
1920,ｵﾝｶﾞｼﾝｷﾝ,008,ｺｶﾞ
1920,ｵﾝｶﾞｼﾝｷﾝ,009,ﾌｸｵｶﾋｶﾞｼ
1920,ｵﾝｶﾞｼﾝｷﾝ,010,ｵﾘｵ
1920,ｵﾝｶﾞｼﾝｷﾝ,011,ｼﾝｸﾞｳ
1920,ｵﾝｶﾞｼﾝｷﾝ,013,ﾐﾔｼﾞｻﾝﾄﾞｳ
1920,ｵﾝｶﾞｼﾝｷﾝ,014,ｱｻｷﾞ
1920,ｵﾝｶﾞｼﾝｷﾝ,018,ｲﾀﾞｲﾏｴ
1920,ｵﾝｶﾞｼﾝｷﾝ,019,ﾔﾏﾀﾞ
1920,ｵﾝｶﾞｼﾝｷﾝ,020,ｸｳｺｳﾋｶﾞｼ
1920,ｵﾝｶﾞｼﾝｷﾝ,050,ｵﾝｼﾝﾈﾂﾄ
1930,ｶﾗﾂｼﾝｷﾝ,001,ﾎﾝﾃﾝ
1930,ｶﾗﾂｼﾝｷﾝ,002,ｱｻﾋﾏﾁ
1930,ｶﾗﾂｼﾝｷﾝ,003,ﾆｼｶﾗﾂ
1930,ｶﾗﾂｼﾝｷﾝ,004,ﾊﾏｻｷ
1930,ｶﾗﾂｼﾝｷﾝ,005,ｵｳﾁ
1930,ｶﾗﾂｼﾝｷﾝ,007,ﾜﾀﾀﾞ
1930,ｶﾗﾂｼﾝｷﾝ,008,ﾁﾖｳﾀﾞ
1930,ｶﾗﾂｼﾝｷﾝ,009,ﾔﾏﾓﾄ
1931,ｻｶﾞｼﾝｷﾝ,001,ﾎﾝﾃﾝ
1931,ｻｶﾞｼﾝｷﾝ,002,ﾊﾔﾂｴ
1931,ｻｶﾞｼﾝｷﾝ,003,ｺｳﾉ
1931,ｻｶﾞｼﾝｷﾝ,004,ﾆｼ
1931,ｻｶﾞｼﾝｷﾝ,005,ﾆｲｼﾞ
1931,ｻｶﾞｼﾝｷﾝ,006,ｵｵｻｷ
1931,ｻｶﾞｼﾝｷﾝ,007,ﾀｶｷｾ
1931,ｻｶﾞｼﾝｷﾝ,008,ﾄｽ
1931,ｻｶﾞｼﾝｷﾝ,009,ﾃﾝﾕｳ
1931,ｻｶﾞｼﾝｷﾝ,010,ｶﾝｻﾞｷ
1931,ｻｶﾞｼﾝｷﾝ,013,ｻｶﾞｲﾀﾞｲﾏｴ
1932,ｲﾏﾘｼﾝｷﾝ,001,ﾎﾝﾃﾝ
1932,ｲﾏﾘｼﾝｷﾝ,002,ｱﾘﾀ
1932,ｲﾏﾘｼﾝｷﾝ,003,ｸﾛｶﾞﾜ
1932,ｲﾏﾘｼﾝｷﾝ,004,ｵｵｶﾜ
1932,ｲﾏﾘｼﾝｷﾝ,005,ﾔﾏｼﾛ
1932,ｲﾏﾘｼﾝｷﾝ,006,ﾐﾅﾐ
1932,ｲﾏﾘｼﾝｷﾝ,007,ﾆｼｱﾘﾀ
1932,ｲﾏﾘｼﾝｷﾝ,008,ﾋｶﾞｼﾔﾏｼﾛ
1932,ｲﾏﾘｼﾝｷﾝ,009,ﾏﾂｳﾗ
1933,ｷﾕｳｼﾕｳﾋｾﾞﾝｼﾝｷﾝ,001,ﾎﾝﾃﾝ
1933,ｷﾕｳｼﾕｳﾋｾﾞﾝｼﾝｷﾝ,002,ｵｵﾏﾁ
1933,ｷﾕｳｼﾕｳﾋｾﾞﾝｼﾝｷﾝ,003,ｼﾛｲｼ
1933,ｷﾕｳｼﾕｳﾋｾﾞﾝｼﾝｷﾝ,004,ｳﾚｼﾉ
1933,ｷﾕｳｼﾕｳﾋｾﾞﾝｼﾝｷﾝ,005,ｶｼﾏ
1933,ｷﾕｳｼﾕｳﾋｾﾞﾝｼﾝｷﾝ,007,ｷﾀｶﾞﾀ
1933,ｷﾕｳｼﾕｳﾋｾﾞﾝｼﾝｷﾝ,008,ﾔﾏｳﾁ
1933,ｷﾕｳｼﾕｳﾋｾﾞﾝｼﾝｷﾝ,031,ｻｾﾎﾞ
1933,ｷﾕｳｼﾕｳﾋｾﾞﾝｼﾝｷﾝ,032,ﾓﾄｼﾏ
1933,ｷﾕｳｼﾕｳﾋｾﾞﾝｼﾝｷﾝ,033,ｵｵﾐﾔ
1933,ｷﾕｳｼﾕｳﾋｾﾞﾝｼﾝｷﾝ,036,ｵｵﾉ
1933,ｷﾕｳｼﾕｳﾋｾﾞﾝｼﾝｷﾝ,037,ｱｲﾉｳﾗ
1933,ｷﾕｳｼﾕｳﾋｾﾞﾝｼﾝｷﾝ,038,ﾊｲｷ
1933,ｷﾕｳｼﾕｳﾋｾﾞﾝｼﾝｷﾝ,039,ｵｵﾑﾗ
1933,ｷﾕｳｼﾕｳﾋｾﾞﾝｼﾝｷﾝ,040,ﾀｹﾏﾂ
1933,ｷﾕｳｼﾕｳﾋｾﾞﾝｼﾝｷﾝ,044,ｲｻﾊﾔ
1942,ﾀﾁﾊﾞﾅｼﾝｷﾝ,010,ﾎﾝﾃﾝ
1942,ﾀﾁﾊﾞﾅｼﾝｷﾝ,011,ｷﾀ
1942,ﾀﾁﾊﾞﾅｼﾝｷﾝ,012,ﾀｶｷ
1942,ﾀﾁﾊﾞﾅｼﾝｷﾝ,013,ｳｷ
1942,ﾀﾁﾊﾞﾅｼﾝｷﾝ,014,ﾀﾗﾐ
1942,ﾀﾁﾊﾞﾅｼﾝｷﾝ,015,ﾐﾅﾐ
1942,ﾀﾁﾊﾞﾅｼﾝｷﾝ,017,ﾌｸﾀﾞ
1942,ﾀﾁﾊﾞﾅｼﾝｷﾝ,020,ｽﾐﾖｼ
1942,ﾀﾁﾊﾞﾅｼﾝｷﾝ,021,ﾅｶﾞｻｷﾁﾕｳｵｳ
1942,ﾀﾁﾊﾞﾅｼﾝｷﾝ,027,ﾅｶﾞﾖ
1942,ﾀﾁﾊﾞﾅｼﾝｷﾝ,028,ｾﾞﾝｻﾞ
1942,ﾀﾁﾊﾞﾅｼﾝｷﾝ,030,ｼﾏﾊﾞﾗ
1942,ﾀﾁﾊﾞﾅｼﾝｷﾝ,040,ﾆｼｵｵﾑﾗ
1942,ﾀﾁﾊﾞﾅｼﾝｷﾝ,100,ｼﾄﾗｽ
1951,ｸﾏﾓﾄｼﾝｷﾝ,001,ﾎﾝﾃﾝ
1951,ｸﾏﾓﾄｼﾝｷﾝ,003,ｶﾜｼﾘ
1951,ｸﾏﾓﾄｼﾝｷﾝ,005,ｹﾝｸﾞﾝ
1951,ｸﾏﾓﾄｼﾝｷﾝ,006,ｺｶｲ
1951,ｸﾏﾓﾄｼﾝｷﾝ,008,ﾐﾅﾐｸﾏﾓﾄ
1951,ｸﾏﾓﾄｼﾝｷﾝ,010,ｼﾝﾎｶ
1951,ｸﾏﾓﾄｼﾝｷﾝ,011,ｶﾐｸﾏﾓﾄ
1951,ｸﾏﾓﾄｼﾝｷﾝ,012,ｱｷﾂ
1951,ｸﾏﾓﾄｼﾝｷﾝ,013,ｾｲﾌﾞ
1951,ｸﾏﾓﾄｼﾝｷﾝ,014,ｴﾂﾞ
1951,ｸﾏﾓﾄｼﾝｷﾝ,015,ｼﾝﾁ
1951,ｸﾏﾓﾄｼﾝｷﾝ,016,ﾐﾕｷﾀﾑｶｴ
1951,ｸﾏﾓﾄｼﾝｷﾝ,017,ﾅｶﾞﾐﾈ
1951,ｸﾏﾓﾄｼﾝｷﾝ,019,ｳﾄ
1951,ｸﾏﾓﾄｼﾝｷﾝ,020,ｷｸﾖｳ
1951,ｸﾏﾓﾄｼﾝｷﾝ,021,ｺｳｼ
1952,ｸﾏﾓﾄﾀﾞｲｲﾁｼﾝｷﾝ,001,ﾎﾝﾃﾝ
1952,ｸﾏﾓﾄﾀﾞｲｲﾁｼﾝｷﾝ,002,ｷｸﾁ
1952,ｸﾏﾓﾄﾀﾞｲｲﾁｼﾝｷﾝ,003,ｽｲｾﾞﾝｼﾞ
1952,ｸﾏﾓﾄﾀﾞｲｲﾁｼﾝｷﾝ,004,ｸﾏﾓﾄｴｷﾏｴ
1952,ｸﾏﾓﾄﾀﾞｲｲﾁｼﾝｷﾝ,005,ｵﾋﾞﾔﾏ
1952,ｸﾏﾓﾄﾀﾞｲｲﾁｼﾝｷﾝ,006,ﾔﾏｶﾞｸﾀﾐ
1952,ｸﾏﾓﾄﾀﾞｲｲﾁｼﾝｷﾝ,008,ｳｴｷ
1952,ｸﾏﾓﾄﾀﾞｲｲﾁｼﾝｷﾝ,009,ｹﾝｸﾞﾝ
1952,ｸﾏﾓﾄﾀﾞｲｲﾁｼﾝｷﾝ,011,ﾐﾅﾐｸﾏﾓﾄ
1952,ｸﾏﾓﾄﾀﾞｲｲﾁｼﾝｷﾝ,012,ｼﾐｽﾞ
1952,ｸﾏﾓﾄﾀﾞｲｲﾁｼﾝｷﾝ,013,ﾑｻｼｶﾞｵｶ
1952,ｸﾏﾓﾄﾀﾞｲｲﾁｼﾝｷﾝ,014,ｵﾐﾈ
1952,ｸﾏﾓﾄﾀﾞｲｲﾁｼﾝｷﾝ,015,ｶﾐﾄｵﾘ
1952,ｸﾏﾓﾄﾀﾞｲｲﾁｼﾝｷﾝ,016,ﾀｻｷ
1952,ｸﾏﾓﾄﾀﾞｲｲﾁｼﾝｷﾝ,019,ﾏﾂﾊﾞｾ
1952,ｸﾏﾓﾄﾀﾞｲｲﾁｼﾝｷﾝ,020,ｶﾘｸｻ
1952,ｸﾏﾓﾄﾀﾞｲｲﾁｼﾝｷﾝ,021,ｵﾉｳｴ
1952,ｸﾏﾓﾄﾀﾞｲｲﾁｼﾝｷﾝ,024,ﾐﾌﾈ
1952,ｸﾏﾓﾄﾀﾞｲｲﾁｼﾝｷﾝ,025,ﾀﾏﾅ
1952,ｸﾏﾓﾄﾀﾞｲｲﾁｼﾝｷﾝ,026,ｵｵﾂﾞ
1952,ｸﾏﾓﾄﾀﾞｲｲﾁｼﾝｷﾝ,028,ﾔﾂｼﾛ
1954,ｸﾏﾓﾄﾁﾕｳｵｳｼﾝｷﾝ,001,ﾐﾅﾏﾀ
1954,ｸﾏﾓﾄﾁﾕｳｵｳｼﾝｷﾝ,003,ﾂﾅｷﾞ
1954,ｸﾏﾓﾄﾁﾕｳｵｳｼﾝｷﾝ,004,ｻｼｷ
1954,ｸﾏﾓﾄﾁﾕｳｵｳｼﾝｷﾝ,006,ﾔﾂｼﾛ
1954,ｸﾏﾓﾄﾁﾕｳｵｳｼﾝｷﾝ,008,ﾋﾄﾖｼ
1954,ｸﾏﾓﾄﾁﾕｳｵｳｼﾝｷﾝ,009,ﾀﾏﾅ
1954,ｸﾏﾓﾄﾁﾕｳｵｳｼﾝｷﾝ,010,ｲｸﾗ
1954,ｸﾏﾓﾄﾁﾕｳｵｳｼﾝｷﾝ,011,ｾｲﾌﾞ
1954,ｸﾏﾓﾄﾁﾕｳｵｳｼﾝｷﾝ,012,ﾅｶﾞｽ
1954,ｸﾏﾓﾄﾁﾕｳｵｳｼﾝｷﾝ,013,ｱﾗｵ
1954,ｸﾏﾓﾄﾁﾕｳｵｳｼﾝｷﾝ,014,ﾁﾕｳｵｳ
1954,ｸﾏﾓﾄﾁﾕｳｵｳｼﾝｷﾝ,016,ｼﾐｽﾞ
1954,ｸﾏﾓﾄﾁﾕｳｵｳｼﾝｷﾝ,017,ﾋﾗﾀ
1954,ｸﾏﾓﾄﾁﾕｳｵｳｼﾝｷﾝ,018,ｵﾋﾞﾔﾏ
1954,ｸﾏﾓﾄﾁﾕｳｵｳｼﾝｷﾝ,021,ﾆｼｷ
1954,ｸﾏﾓﾄﾁﾕｳｵｳｼﾝｷﾝ,023,ﾏﾂｴ
1954,ｸﾏﾓﾄﾁﾕｳｵｳｼﾝｷﾝ,025,ﾄｼﾏ
1954,ｸﾏﾓﾄﾁﾕｳｵｳｼﾝｷﾝ,026,ｺｳｼ
1954,ｸﾏﾓﾄﾁﾕｳｵｳｼﾝｷﾝ,050,ﾎﾝﾃﾝ
1955,ｱﾏｸｻｼﾝｷﾝ,001,ﾎﾝﾃﾝ
1955,ｱﾏｸｻｼﾝｷﾝ,002,ﾏﾂｼﾏ
1955,ｱﾏｸｻｼﾝｷﾝ,003,ｱﾘｱｹ
1955,ｱﾏｸｻｼﾝｷﾝ,004,ﾘﾕｳｶﾞﾀｹ
1955,ｱﾏｸｻｼﾝｷﾝ,005,ｵｵﾔﾉ
1955,ｱﾏｸｻｼﾝｷﾝ,006,ﾚｲﾎｸ
1955,ｱﾏｸｻｼﾝｷﾝ,007,ｺﾞｼﾖｳﾗ
1955,ｱﾏｸｻｼﾝｷﾝ,008,ｸﾗﾀｹ
1955,ｱﾏｸｻｼﾝｷﾝ,009,ｳｼﾌﾞｶ
1955,ｱﾏｸｻｼﾝｷﾝ,011,ｾﾄﾞﾊﾞｼ
1955,ｱﾏｸｻｼﾝｷﾝ,012,ﾁﾕｳｵｳ
1960,ｵｵｲﾀｼﾝｷﾝ,001,ﾎﾝﾃﾝ
1960,ｵｵｲﾀｼﾝｷﾝ,003,ﾌﾅｲﾁﾖｳ
1960,ｵｵｲﾀｼﾝｷﾝ,004,ﾆｼｼﾞﾝﾏﾁ
1960,ｵｵｲﾀｼﾝｷﾝ,005,ﾆｼｵｵｲﾀ
1960,ｵｵｲﾀｼﾝｷﾝ,006,ﾋｶﾞｼｵｵｲﾀ
1960,ｵｵｲﾀｼﾝｷﾝ,008,ﾂﾙｻｷ
1960,ｵｵｲﾀｼﾝｷﾝ,009,ｻｶﾉｲﾁ
1960,ｵｵｲﾀｼﾝｷﾝ,010,ﾂｸﾐ
1960,ｵｵｲﾀｼﾝｷﾝ,012,ﾀｶｼﾞﾖｳ
1960,ｵｵｲﾀｼﾝｷﾝ,013,ﾜｻﾀﾞ
1960,ｵｵｲﾀｼﾝｷﾝ,014,ﾀｷｵ
1960,ｵｵｲﾀｼﾝｷﾝ,015,ﾐﾅﾐ
1960,ｵｵｲﾀｼﾝｷﾝ,017,ﾊｷﾞﾜﾗ
1960,ｵｵｲﾀｼﾝｷﾝ,019,ﾐﾂﾖｼ
1960,ｵｵｲﾀｼﾝｷﾝ,021,ﾊﾀｹﾅｶ
1960,ｵｵｲﾀｼﾝｷﾝ,023,ﾌﾙｺﾞｳ
1960,ｵｵｲﾀｼﾝｷﾝ,024,ｳｽｷ
1960,ｵｵｲﾀｼﾝｷﾝ,025,ｳｽｷﾐﾅﾐ
1960,ｵｵｲﾀｼﾝｷﾝ,026,ﾓﾘﾏﾁ
1960,ｵｵｲﾀｼﾝｷﾝ,027,ｻｲｷ
1960,ｵｵｲﾀｼﾝｷﾝ,028,ｼﾝﾔｼｷ
1960,ｵｵｲﾀｼﾝｷﾝ,029,ﾂﾙｵｶ
1960,ｵｵｲﾀｼﾝｷﾝ,030,ﾄﾏﾁﾀﾞｲ
1960,ｵｵｲﾀｼﾝｷﾝ,032,ﾔﾖｲﾏﾁ
1962,ｵｵｲﾀﾐﾗｲｼﾝｷﾝ,002,ﾎﾝﾃﾝ
1962,ｵｵｲﾀﾐﾗｲｼﾝｷﾝ,003,ﾐﾅﾐ
1962,ｵｵｲﾀﾐﾗｲｼﾝｷﾝ,005,ｶﾝﾅﾜ
1962,ｵｵｲﾀﾐﾗｲｼﾝｷﾝ,006,ｶﾒｶﾞﾜ
1962,ｵｵｲﾀﾐﾗｲｼﾝｷﾝ,007,ﾔﾏﾉﾃ
1962,ｵｵｲﾀﾐﾗｲｼﾝｷﾝ,009,ﾕﾌｲﾝ
1962,ｵｵｲﾀﾐﾗｲｼﾝｷﾝ,010,ｵｵｲﾀ
1962,ｵｵｲﾀﾐﾗｲｼﾝｷﾝ,011,ｼﾖｳﾆﾝ
1962,ｵｵｲﾀﾐﾗｲｼﾝｷﾝ,012,ﾐﾅﾐｵｵｲﾀ
1962,ｵｵｲﾀﾐﾗｲｼﾝｷﾝ,013,ｿｳｴﾝ
1962,ｵｵｲﾀﾐﾗｲｼﾝｷﾝ,014,ｲｼｶﾞｷ
1962,ｵｵｲﾀﾐﾗｲｼﾝｷﾝ,015,ﾂﾙﾐ
1962,ｵｵｲﾀﾐﾗｲｼﾝｷﾝ,019,ｵｳｷﾞﾔﾏ
1962,ｵｵｲﾀﾐﾗｲｼﾝｷﾝ,020,ﾋｶﾞｼｵｵｲﾀ
1962,ｵｵｲﾀﾐﾗｲｼﾝｷﾝ,022,ﾋｼﾞ
1962,ｵｵｲﾀﾐﾗｲｼﾝｷﾝ,026,ﾌﾅｲﾁﾕｳｵｳ
1962,ｵｵｲﾀﾐﾗｲｼﾝｷﾝ,027,ﾀｶｼﾞﾖｳ
1962,ｵｵｲﾀﾐﾗｲｼﾝｷﾝ,029,ｵｵｻﾞｲ
1962,ｵｵｲﾀﾐﾗｲｼﾝｷﾝ,042,ﾑｶｲﾉﾊﾙ
1962,ｵｵｲﾀﾐﾗｲｼﾝｷﾝ,043,ﾁﾕｳｵｳｲﾁﾊﾞ
1962,ｵｵｲﾀﾐﾗｲｼﾝｷﾝ,045,ﾀｷｵ
1962,ｵｵｲﾀﾐﾗｲｼﾝｷﾝ,046,ﾂﾙｻｷﾓﾘﾏﾁ
1962,ｵｵｲﾀﾐﾗｲｼﾝｷﾝ,050,ﾅｶﾂﾁﾕｳｵｳ
1962,ｵｵｲﾀﾐﾗｲｼﾝｷﾝ,054,ｵｵﾊﾀ
1962,ｵｵｲﾀﾐﾗｲｼﾝｷﾝ,055,ﾀｶﾀﾞ
1962,ｵｵｲﾀﾐﾗｲｼﾝｷﾝ,056,ﾂﾙｲ
1962,ｵｵｲﾀﾐﾗｲｼﾝｷﾝ,057,ｳｻﾁﾕｳｵｳ
1962,ｵｵｲﾀﾐﾗｲｼﾝｷﾝ,058,ｼﾞﾖｽｲ
1962,ｵｵｲﾀﾐﾗｲｼﾝｷﾝ,062,ｻｶﾉｲﾁ
1968,ﾋﾀｼﾝｷﾝ,001,ﾎﾝﾃﾝ
1968,ﾋﾀｼﾝｷﾝ,002,ﾐﾖｼ
1968,ﾋﾀｼﾝｷﾝ,003,ﾏﾒﾀﾞ
1968,ﾋﾀｼﾝｷﾝ,006,ｸｽ
1968,ﾋﾀｼﾝｷﾝ,008,ｼﾐｽﾞ
1980,ﾐﾔｻﾞｷﾀﾞｲｲﾁｼﾝｷﾝ,001,ﾎﾝﾃﾝ
1980,ﾐﾔｻﾞｷﾀﾞｲｲﾁｼﾝｷﾝ,002,ｵｵﾖﾄﾞ
1980,ﾐﾔｻﾞｷﾀﾞｲｲﾁｼﾝｷﾝ,005,ｻｲﾄ
1980,ﾐﾔｻﾞｷﾀﾞｲｲﾁｼﾝｷﾝ,006,ｼﾞﾝｸﾞｳ
1980,ﾐﾔｻﾞｷﾀﾞｲｲﾁｼﾝｷﾝ,007,ﾖｼﾑﾗ
1980,ﾐﾔｻﾞｷﾀﾞｲｲﾁｼﾝｷﾝ,008,ﾜﾁｶﾞﾜﾗ
1980,ﾐﾔｻﾞｷﾀﾞｲｲﾁｼﾝｷﾝ,009,ｵｵﾂｶ
1980,ﾐﾔｻﾞｷﾀﾞｲｲﾁｼﾝｷﾝ,010,ｱｶｴ
1980,ﾐﾔｻﾞｷﾀﾞｲｲﾁｼﾝｷﾝ,012,ｲｷﾒ
1980,ﾐﾔｻﾞｷﾀﾞｲｲﾁｼﾝｷﾝ,013,ｷﾖﾀｹ
1980,ﾐﾔｻﾞｷﾀﾞｲｲﾁｼﾝｷﾝ,081,ﾐﾔｺﾉｼﾞﾖｳ
1980,ﾐﾔｻﾞｷﾀﾞｲｲﾁｼﾝｷﾝ,083,ﾐﾏﾀ
1980,ﾐﾔｻﾞｷﾀﾞｲｲﾁｼﾝｷﾝ,084,ﾀｶｵ
1980,ﾐﾔｻﾞｷﾀﾞｲｲﾁｼﾝｷﾝ,086,ｲﾜﾖｼ
1980,ﾐﾔｻﾞｷﾀﾞｲｲﾁｼﾝｷﾝ,087,ｲﾁﾏﾝｼﾞﾖｳ
1980,ﾐﾔｻﾞｷﾀﾞｲｲﾁｼﾝｷﾝ,088,ｺｵﾘﾓﾄ
1980,ﾐﾔｻﾞｷﾀﾞｲｲﾁｼﾝｷﾝ,091,ｵｷﾐｽﾞ
1980,ﾐﾔｻﾞｷﾀﾞｲｲﾁｼﾝｷﾝ,101,ﾒｲﾂ
1980,ﾐﾔｻﾞｷﾀﾞｲｲﾁｼﾝｷﾝ,102,ｸｼﾏ
1980,ﾐﾔｻﾞｷﾀﾞｲｲﾁｼﾝｷﾝ,104,ｴｷﾏｴ
1980,ﾐﾔｻﾞｷﾀﾞｲｲﾁｼﾝｷﾝ,107,ﾀﾉ
1980,ﾐﾔｻﾞｷﾀﾞｲｲﾁｼﾝｷﾝ,111,ﾆﾁﾅﾝ
1980,ﾐﾔｻﾞｷﾀﾞｲｲﾁｼﾝｷﾝ,112,ｱﾌﾞﾗﾂ
1980,ﾐﾔｻﾞｷﾀﾞｲｲﾁｼﾝｷﾝ,113,ｵﾋﾞ
1980,ﾐﾔｻﾞｷﾀﾞｲｲﾁｼﾝｷﾝ,115,ｷﾀｺﾞｳ
1982,ﾉﾍﾞｵｶｼﾝｷﾝ,001,ﾎﾝﾃﾝ
1982,ﾉﾍﾞｵｶｼﾝｷﾝ,002,ｴｷﾏｴ
1982,ﾉﾍﾞｵｶｼﾝｷﾝ,003,ﾐﾅﾐﾉﾍﾞｵｶ
1982,ﾉﾍﾞｵｶｼﾝｷﾝ,004,ｱｶﾞﾀ
1982,ﾉﾍﾞｵｶｼﾝｷﾝ,005,ﾋﾄﾂｶﾞｵｶ
1982,ﾉﾍﾞｵｶｼﾝｷﾝ,006,ﾆｼｼﾅ
1982,ﾉﾍﾞｵｶｼﾝｷﾝ,007,ｷﾀ
1982,ﾉﾍﾞｵｶｼﾝｷﾝ,008,ｲﾃﾞｷﾀ
1985,ﾀｶﾅﾍﾞｼﾝｷﾝ,001,ﾎﾝﾃﾝ
1985,ﾀｶﾅﾍﾞｼﾝｷﾝ,002,ｼﾝﾄﾐ
1985,ﾀｶﾅﾍﾞｼﾝｷﾝ,003,ｷｼﾞﾖｳ
1985,ﾀｶﾅﾍﾞｼﾝｷﾝ,004,ｶﾜﾐﾅﾐ
1985,ﾀｶﾅﾍﾞｼﾝｷﾝ,005,ﾂﾉ
1985,ﾀｶﾅﾍﾞｼﾝｷﾝ,006,ﾋﾕｳｶﾞ
1985,ﾀｶﾅﾍﾞｼﾝｷﾝ,007,ｻﾄﾞﾜﾗ
1985,ﾀｶﾅﾍﾞｼﾝｷﾝ,008,ﾐﾔｻﾞｷｷﾀ
1985,ﾀｶﾅﾍﾞｼﾝｷﾝ,009,ｽﾐﾖｼ
1985,ﾀｶﾅﾍﾞｼﾝｷﾝ,010,ﾐﾔｻﾞｷﾋｶﾞｼ
1985,ﾀｶﾅﾍﾞｼﾝｷﾝ,011,ｻｲﾄ
1985,ﾀｶﾅﾍﾞｼﾝｷﾝ,012,ｻﾞｲｺｳｼﾞ
1985,ﾀｶﾅﾍﾞｼﾝｷﾝ,013,ﾐﾔｻﾞｷﾐﾅﾐ
1985,ﾀｶﾅﾍﾞｼﾝｷﾝ,014,ｸﾆﾄﾐ
1985,ﾀｶﾅﾍﾞｼﾝｷﾝ,015,ｶﾄﾞｶﾞﾜ
1985,ﾀｶﾅﾍﾞｼﾝｷﾝ,016,ﾀﾞｲｸﾏﾁ
1985,ﾀｶﾅﾍﾞｼﾝｷﾝ,018,ﾎﾝｺﾞｳ
1985,ﾀｶﾅﾍﾞｼﾝｷﾝ,020,ｷﾖﾀｹ
1985,ﾀｶﾅﾍﾞｼﾝｷﾝ,021,ｵｵｼﾏ
1985,ﾀｶﾅﾍﾞｼﾝｷﾝ,040,ｺﾊﾞﾔｼ
1985,ﾀｶﾅﾍﾞｼﾝｷﾝ,042,ﾀｶﾊﾙ
1985,ﾀｶﾅﾍﾞｼﾝｷﾝ,044,ｴﾋﾞﾉ
1985,ﾀｶﾅﾍﾞｼﾝｷﾝ,060,ｲﾝﾀ-ﾈﾂﾄ
1990,ｶｺﾞｼﾏｼﾝｷﾝ,001,ﾎﾝﾃﾝ
1990,ｶｺﾞｼﾏｼﾝｷﾝ,002,ﾀｶﾐﾊﾞﾊﾞ
1990,ｶｺﾞｼﾏｼﾝｷﾝ,003,ﾀｹﾏﾁ
1990,ｶｺﾞｼﾏｼﾝｷﾝ,008,ｼﾞﾖｳｾｲ
1990,ｶｺﾞｼﾏｼﾝｷﾝ,009,ｶﾓｲｹ
1990,ｶｺﾞｼﾏｼﾝｷﾝ,010,ｺｵﾘﾓﾄ
1990,ｶｺﾞｼﾏｼﾝｷﾝ,011,ﾑﾗｻｷﾊﾞﾙ
1990,ｶｺﾞｼﾏｼﾝｷﾝ,013,ｺｳﾅﾝ
1990,ｶｺﾞｼﾏｼﾝｷﾝ,014,ﾀﾆﾔﾏ
1990,ｶｺﾞｼﾏｼﾝｷﾝ,015,ﾀｶﾞﾐ
1990,ｶｺﾞｼﾏｼﾝｷﾝ,016,ｲｼｷ
1990,ｶｺﾞｼﾏｼﾝｷﾝ,017,ﾖｼﾉ
1990,ｶｺﾞｼﾏｼﾝｷﾝ,018,ｶﾝﾏﾁ
1990,ｶｺﾞｼﾏｼﾝｷﾝ,020,ｶｼﾞｷ
1990,ｶｺﾞｼﾏｼﾝｷﾝ,021,ｶﾉﾔ
1990,ｶｺﾞｼﾏｼﾝｷﾝ,022,ｺｸﾌﾞ
1990,ｶｺﾞｼﾏｼﾝｷﾝ,023,ｲﾌﾞｽｷ
1990,ｶｺﾞｼﾏｼﾝｷﾝ,024,ｸｼｷﾉ
1990,ｶｺﾞｼﾏｼﾝｷﾝ,025,ｵｵｸﾁ
1990,ｶｺﾞｼﾏｼﾝｷﾝ,026,ｸﾘﾉ
1990,ｶｺﾞｼﾏｼﾝｷﾝ,027,ﾊﾔﾄ
1990,ｶｺﾞｼﾏｼﾝｷﾝ,028,ﾏｸﾗｻﾞｷ
1990,ｶｺﾞｼﾏｼﾝｷﾝ,029,ﾏｷｿﾞﾉ
1990,ｶｺﾞｼﾏｼﾝｷﾝ,030,ﾐﾔﾉｼﾞﾖｳ
1990,ｶｺﾞｼﾏｼﾝｷﾝ,031,ｶﾓｳ
1990,ｶｺﾞｼﾏｼﾝｷﾝ,032,ﾕﾉﾓﾄ
1990,ｶｺﾞｼﾏｼﾝｷﾝ,033,ｱｲﾗ
1990,ｶｺﾞｼﾏｼﾝｷﾝ,034,ｲｼﾞﾕｳｲﾝ
1990,ｶｺﾞｼﾏｼﾝｷﾝ,037,ｶｾﾀﾞ
1990,ｶｺﾞｼﾏｼﾝｷﾝ,039,ｲｽﾞﾐ
1990,ｶｺﾞｼﾏｼﾝｷﾝ,040,ﾜｷﾀﾞ
1990,ｶｺﾞｼﾏｼﾝｷﾝ,041,ｵｶﾉﾊﾗ
1990,ｶｺﾞｼﾏｼﾝｷﾝ,046,ﾅﾝｴｲ
1990,ｶｺﾞｼﾏｼﾝｷﾝ,047,ｾﾝﾀﾞｲ
1990,ｶｺﾞｼﾏｼﾝｷﾝ,048,ｱｸﾈ
1990,ｶｺﾞｼﾏｼﾝｷﾝ,049,ｼﾌﾞｼ
1990,ｶｺﾞｼﾏｼﾝｷﾝ,050,ﾁﾗﾝ
1990,ｶｺﾞｼﾏｼﾝｷﾝ,055,ｲﾝﾀ-ﾈﾂﾄ
1991,ｶｺﾞｼﾏｿｳｺﾞｼﾝｷﾝ,001,ﾎﾝﾃﾝ
1991,ｶｺﾞｼﾏｿｳｺﾞｼﾝｷﾝ,003,ｶﾝﾏﾁ
1991,ｶｺﾞｼﾏｿｳｺﾞｼﾝｷﾝ,004,ｼﾞﾖｳﾅﾝ
1991,ｶｺﾞｼﾏｿｳｺﾞｼﾝｷﾝ,006,ｼﾞﾖｳﾎｸ
1991,ｶｺﾞｼﾏｿｳｺﾞｼﾝｷﾝ,007,ﾀｶﾐﾊﾞﾊﾞ
1991,ｶｺﾞｼﾏｿｳｺﾞｼﾝｷﾝ,010,ﾀｹﾏﾁ
1991,ｶｺﾞｼﾏｿｳｺﾞｼﾝｷﾝ,011,ｱﾗﾀ
1991,ｶｺﾞｼﾏｿｳｺﾞｼﾝｷﾝ,013,ﾜｷﾀﾞ
1991,ｶｺﾞｼﾏｿｳｺﾞｼﾝｷﾝ,014,ﾊﾗﾗ
1991,ｶｺﾞｼﾏｿｳｺﾞｼﾝｷﾝ,016,ﾐﾅﾐ
1991,ｶｺﾞｼﾏｿｳｺﾞｼﾝｷﾝ,017,ﾀｶﾞﾐ
1991,ｶｺﾞｼﾏｿｳｺﾞｼﾝｷﾝ,018,ﾀｹｵｶ
1991,ｶｺﾞｼﾏｿｳｺﾞｼﾝｷﾝ,019,ｼﾞｶﾞﾝｼﾞ
1991,ｶｺﾞｼﾏｿｳｺﾞｼﾝｷﾝ,020,ｶｾﾀﾞ
1991,ｶｺﾞｼﾏｿｳｺﾞｼﾝｷﾝ,021,ｶﾜﾅﾍﾞ
1991,ｶｺﾞｼﾏｿｳｺﾞｼﾝｷﾝ,022,ﾌｷｱｹﾞ
1991,ｶｺﾞｼﾏｿｳｺﾞｼﾝｷﾝ,023,ｲﾌﾞｽｷ
1991,ｶｺﾞｼﾏｿｳｺﾞｼﾝｷﾝ,024,ｼﾝｴｲ
1991,ｶｺﾞｼﾏｿｳｺﾞｼﾝｷﾝ,025,ｻｶﾓﾄ
1991,ｶｺﾞｼﾏｿｳｺﾞｼﾝｷﾝ,026,ﾖｼﾉ
1991,ｶｺﾞｼﾏｿｳｺﾞｼﾝｷﾝ,027,ｻｲｺﾞｳﾀﾞﾝﾁ
1991,ｶｺﾞｼﾏｿｳｺﾞｼﾝｷﾝ,028,ｸｼｷﾉ
1991,ｶｺﾞｼﾏｿｳｺﾞｼﾝｷﾝ,030,ｱｸﾈ
1991,ｶｺﾞｼﾏｿｳｺﾞｼﾝｷﾝ,031,ｲｽﾞﾐ
1991,ｶｺﾞｼﾏｿｳｺﾞｼﾝｷﾝ,032,ﾉﾀﾞ
1991,ｶｺﾞｼﾏｿｳｺﾞｼﾝｷﾝ,033,ﾅｶﾞｼﾏ
1991,ｶｺﾞｼﾏｿｳｺﾞｼﾝｷﾝ,035,ｺｸﾌﾞ
1991,ｶｺﾞｼﾏｿｳｺﾞｼﾝｷﾝ,036,ｶｼﾞｷ
1991,ｶｺﾞｼﾏｿｳｺﾞｼﾝｷﾝ,037,ｱｲﾗｱｲﾗ
1991,ｶｺﾞｼﾏｿｳｺﾞｼﾝｷﾝ,038,ﾊﾔﾄ
1991,ｶｺﾞｼﾏｿｳｺﾞｼﾝｷﾝ,040,ｽｴﾖｼ
1991,ｶｺﾞｼﾏｿｳｺﾞｼﾝｷﾝ,041,ｲﾜｶﾞﾜ
1991,ｶｺﾞｼﾏｿｳｺﾞｼﾝｷﾝ,042,ｼﾌﾞｼ
1991,ｶｺﾞｼﾏｿｳｺﾞｼﾝｷﾝ,043,ｲｼﾞﾕｳｲﾝ
1991,ｶｺﾞｼﾏｿｳｺﾞｼﾝｷﾝ,044,ｾﾝﾀﾞｲﾁﾕｳｵｳ
1991,ｶｺﾞｼﾏｿｳｺﾞｼﾝｷﾝ,045,ｵｵｼﾖｳｼﾞ
1991,ｶｺﾞｼﾏｿｳｺﾞｼﾝｷﾝ,048,ｲﾁﾋﾉ
1991,ｶｺﾞｼﾏｿｳｺﾞｼﾝｷﾝ,049,ｸﾏﾉｼﾞﾖｳ
1991,ｶｺﾞｼﾏｿｳｺﾞｼﾝｷﾝ,050,ｵｵｻｷ
1991,ｶｺﾞｼﾏｿｳｺﾞｼﾝｷﾝ,051,ｸｼﾗ
1991,ｶｺﾞｼﾏｿｳｺﾞｼﾝｷﾝ,052,ｺｳﾔﾏ
1991,ｶｺﾞｼﾏｿｳｺﾞｼﾝｷﾝ,053,ｷﾓﾂｷｱｲﾗ
1991,ｶｺﾞｼﾏｿｳｺﾞｼﾝｷﾝ,055,ﾋﾗｻ
1991,ｶｺﾞｼﾏｿｳｺﾞｼﾝｷﾝ,059,ﾆｼﾊﾗ
1991,ｶｺﾞｼﾏｿｳｺﾞｼﾝｷﾝ,060,ｶﾉﾔ
1991,ｶｺﾞｼﾏｿｳｺﾞｼﾝｷﾝ,061,ﾀﾙﾐｽﾞ
1991,ｶｺﾞｼﾏｿｳｺﾞｼﾝｷﾝ,062,ｵｵﾈｼﾞﾒ
1991,ｶｺﾞｼﾏｿｳｺﾞｼﾝｷﾝ,063,ｻﾀ
1991,ｶｺﾞｼﾏｿｳｺﾞｼﾝｷﾝ,065,ﾆｼﾅｶﾞｼﾏ
1991,ｶｺﾞｼﾏｿｳｺﾞｼﾝｷﾝ,070,ﾀﾈｶﾞｼﾏ
1991,ｶｺﾞｼﾏｿｳｺﾞｼﾝｷﾝ,071,ﾅｶﾀﾈ
1991,ｶｺﾞｼﾏｿｳｺﾞｼﾝｷﾝ,072,ﾐﾅﾐﾀﾈ
1991,ｶｺﾞｼﾏｿｳｺﾞｼﾝｷﾝ,075,ﾀﾆﾔﾏｺｳ
1991,ｶｺﾞｼﾏｿｳｺﾞｼﾝｷﾝ,076,ｻｸﾗｼﾞﾏ
1991,ｶｺﾞｼﾏｿｳｺﾞｼﾝｷﾝ,077,ﾑﾗｻｷﾊﾞﾙ
1991,ｶｺﾞｼﾏｿｳｺﾞｼﾝｷﾝ,078,ﾀﾆﾔﾏｷﾀ
1993,ｱﾏﾐｵｵｼﾏｼﾝｷﾝ,001,ﾎﾝﾃﾝ
1993,ｱﾏﾐｵｵｼﾏｼﾝｷﾝ,002,ﾄｸﾉｼﾏ
1993,ｱﾏﾐｵｵｼﾏｼﾝｷﾝ,003,ｱﾏｷﾞ
1993,ｱﾏﾐｵｵｼﾏｼﾝｷﾝ,004,ｵｷｴﾗﾌﾞ
1993,ｱﾏﾐｵｵｼﾏｼﾝｷﾝ,005,ﾜﾄﾞﾏﾘ
1993,ｱﾏﾐｵｵｼﾏｼﾝｷﾝ,006,ﾖﾛﾝ
1993,ｱﾏﾐｵｵｼﾏｼﾝｷﾝ,007,ｷｶｲ
1993,ｱﾏﾐｵｵｼﾏｼﾝｷﾝ,008,ｶｺﾞｼﾏ
1993,ｱﾏﾐｵｵｼﾏｼﾝｷﾝ,010,ﾌﾙﾀ
1993,ｱﾏﾐｵｵｼﾏｼﾝｷﾝ,011,ﾅｶﾞﾊﾏ
1993,ｱﾏﾐｵｵｼﾏｼﾝｷﾝ,012,ﾅｶﾞﾀﾊﾞｼ
1993,ｱﾏﾐｵｵｼﾏｼﾝｷﾝ,013,ｶｻﾘ
1993,ｱﾏﾐｵｵｼﾏｼﾝｷﾝ,014,ｾﾄｳﾁ
1993,ｱﾏﾐｵｵｼﾏｼﾝｷﾝ,015,ｱｻﾋ
1993,ｱﾏﾐｵｵｼﾏｼﾝｷﾝ,016,ｲｾﾝ
1996,ｺｻﾞｼﾝｷﾝ,001,ﾎﾝﾃﾝ
1996,ｺｻﾞｼﾝｷﾝ,002,ｸﾞｼｶﾜ
1996,ｺｻﾞｼﾝｷﾝ,003,ｼﾞﾕｳｼﾞﾛ
1996,ｺｻﾞｼﾝｷﾝ,004,ｺﾞﾔ
1996,ｺｻﾞｼﾝｷﾝ,005,ﾄｳﾊﾞﾙ
1996,ｺｻﾞｼﾝｷﾝ,007,ｶﾃﾞﾅ
1996,ｺｻﾞｼﾝｷﾝ,008,ﾌﾃﾝﾏ
1996,ｺｻﾞｼﾝｷﾝ,009,ｱｶﾐﾁ
1996,ｺｻﾞｼﾝｷﾝ,010,ﾅｺﾞ
1996,ｺｻﾞｼﾝｷﾝ,012,ｷﾞﾉﾜﾝ
1996,ｺｻﾞｼﾝｷﾝ,013,ｱｹﾞﾀﾞ
1996,ｺｻﾞｼﾝｷﾝ,014,ﾁﾔﾀﾝ
1996,ｺｻﾞｼﾝｷﾝ,015,ﾀｶﾊﾗ
1996,ｺｻﾞｼﾝｷﾝ,016,ｳﾗｿｴ
1996,ｺｻﾞｼﾝｷﾝ,017,ﾅﾊ
1996,ｺｻﾞｼﾝｷﾝ,018,ｶｲﾅﾝ
1996,ｺｻﾞｼﾝｷﾝ,019,ｱｻﾄ
1996,ｺｻﾞｼﾝｷﾝ,020,ｵﾛｸ
1996,ｺｻﾞｼﾝｷﾝ,021,ｲｿ
2004,ｼﾖｳｺｳﾁﾕｳｷﾝ,011,ｻﾂﾎﾟﾛ
2004,ｼﾖｳｺｳﾁﾕｳｷﾝ,012,ﾊｺﾀﾞﾃ
2004,ｼﾖｳｺｳﾁﾕｳｷﾝ,013,ｵﾋﾞﾋﾛ
2004,ｼﾖｳｺｳﾁﾕｳｷﾝ,014,ｱｻﾋｶﾜ
2004,ｼﾖｳｺｳﾁﾕｳｷﾝ,021,ｱｵﾓﾘ
2004,ｼﾖｳｺｳﾁﾕｳｷﾝ,022,ﾊﾁﾉﾍ
2004,ｼﾖｳｺｳﾁﾕｳｷﾝ,031,ﾓﾘｵｶ
2004,ｼﾖｳｺｳﾁﾕｳｷﾝ,041,ｾﾝﾀﾞｲ
2004,ｼﾖｳｺｳﾁﾕｳｷﾝ,051,ｱｷﾀ
2004,ｼﾖｳｺｳﾁﾕｳｷﾝ,061,ﾔﾏｶﾞﾀ
2004,ｼﾖｳｺｳﾁﾕｳｷﾝ,062,ｻｶﾀ
2004,ｼﾖｳｺｳﾁﾕｳｷﾝ,071,ﾌｸｼﾏ
2004,ｼﾖｳｺｳﾁﾕｳｷﾝ,081,ﾐﾄ
2004,ｼﾖｳｺｳﾁﾕｳｷﾝ,091,ｳﾂﾉﾐﾔ
2004,ｼﾖｳｺｳﾁﾕｳｷﾝ,092,ｱｼｶｶﾞ
2004,ｼﾖｳｺｳﾁﾕｳｷﾝ,101,ﾏｴﾊﾞｼ
2004,ｼﾖｳｺｳﾁﾕｳｷﾝ,111,ｻｲﾀﾏ
2004,ｼﾖｳｺｳﾁﾕｳｷﾝ,112,ｸﾏｶﾞﾔ
2004,ｼﾖｳｺｳﾁﾕｳｷﾝ,121,ﾁﾊﾞ
2004,ｼﾖｳｺｳﾁﾕｳｷﾝ,122,ﾏﾂﾄﾞ
2004,ｼﾖｳｺｳﾁﾕｳｷﾝ,123,ｼﾝｷﾊﾞ
2004,ｼﾖｳｺｳﾁﾕｳｷﾝ,129,ｶﾝﾀﾞ
2004,ｼﾖｳｺｳﾁﾕｳｷﾝ,130,ｼﾌﾞﾔ
2004,ｼﾖｳｺｳﾁﾕｳｷﾝ,131,ﾎﾝﾃﾝ
2004,ｼﾖｳｺｳﾁﾕｳｷﾝ,132,ﾊﾁｵｳｼﾞ
2004,ｼﾖｳｺｳﾁﾕｳｷﾝ,133,ｳｴﾉ
2004,ｼﾖｳｺｳﾁﾕｳｷﾝ,134,ｵｵﾓﾘ
2004,ｼﾖｳｺｳﾁﾕｳｷﾝ,135,ｵｼｱｹﾞ
2004,ｼﾖｳｺｳﾁﾕｳｷﾝ,136,ｼﾝｼﾞﾕｸ
2004,ｼﾖｳｺｳﾁﾕｳｷﾝ,137,ﾌｶｶﾞﾜ
2004,ｼﾖｳｺｳﾁﾕｳｷﾝ,138,ﾄｳｷﾖｳ
2004,ｼﾖｳｺｳﾁﾕｳｷﾝ,139,ｲｹﾌﾞｸﾛ
2004,ｼﾖｳｺｳﾁﾕｳｷﾝ,141,ﾖｺﾊﾏ
2004,ｼﾖｳｺｳﾁﾕｳｷﾝ,142,ｶﾜｻｷ
2004,ｼﾖｳｺｳﾁﾕｳｷﾝ,143,ﾖｺﾊﾏﾆｼｸﾞﾁ
2004,ｼﾖｳｺｳﾁﾕｳｷﾝ,151,ﾆｲｶﾞﾀ
2004,ｼﾖｳｺｳﾁﾕｳｷﾝ,152,ﾅｶﾞｵｶ
2004,ｼﾖｳｺｳﾁﾕｳｷﾝ,161,ｺｳﾌ
2004,ｼﾖｳｺｳﾁﾕｳｷﾝ,171,ﾅｶﾞﾉ
2004,ｼﾖｳｺｳﾁﾕｳｷﾝ,172,ｽﾜ
2004,ｼﾖｳｺｳﾁﾕｳｷﾝ,173,ﾏﾂﾓﾄ
2004,ｼﾖｳｺｳﾁﾕｳｷﾝ,181,ｷﾞﾌ
2004,ｼﾖｳｺｳﾁﾕｳｷﾝ,191,ｼｽﾞｵｶ
2004,ｼﾖｳｺｳﾁﾕｳｷﾝ,192,ﾊﾏﾏﾂ
2004,ｼﾖｳｺｳﾁﾕｳｷﾝ,193,ﾇﾏﾂﾞ
2004,ｼﾖｳｺｳﾁﾕｳｷﾝ,201,ｱﾂﾀ
2004,ｼﾖｳｺｳﾁﾕｳｷﾝ,202,ﾅｺﾞﾔ
2004,ｼﾖｳｺｳﾁﾕｳｷﾝ,203,ﾄﾖﾊｼ
2004,ｼﾖｳｺｳﾁﾕｳｷﾝ,211,ﾂ
2004,ｼﾖｳｺｳﾁﾕｳｷﾝ,212,ﾖﾂｶｲﾁ
2004,ｼﾖｳｺｳﾁﾕｳｷﾝ,221,ﾄﾔﾏ
2004,ｼﾖｳｺｳﾁﾕｳｷﾝ,222,ﾀｶｵｶ
2004,ｼﾖｳｺｳﾁﾕｳｷﾝ,231,ｶﾅｻﾞﾜ
2004,ｼﾖｳｺｳﾁﾕｳｷﾝ,241,ﾌｸｲ
2004,ｼﾖｳｺｳﾁﾕｳｷﾝ,251,ｵｵﾂ
2004,ｼﾖｳｺｳﾁﾕｳｷﾝ,252,ﾋｺﾈ
2004,ｼﾖｳｺｳﾁﾕｳｷﾝ,261,ｷﾖｳﾄ
2004,ｼﾖｳｺｳﾁﾕｳｷﾝ,271,ｵｵｻｶ
2004,ｼﾖｳｺｳﾁﾕｳｷﾝ,272,ｻｶｲ
2004,ｼﾖｳｺｳﾁﾕｳｷﾝ,273,ｳﾒﾀﾞ
2004,ｼﾖｳｺｳﾁﾕｳｷﾝ,274,ｾﾝﾊﾞ
2004,ｼﾖｳｺｳﾁﾕｳｷﾝ,275,ﾐﾉｵｾﾝﾊﾞ
2004,ｼﾖｳｺｳﾁﾕｳｷﾝ,276,ﾋｶﾞｼｵｵｻｶ
2004,ｼﾖｳｺｳﾁﾕｳｷﾝ,281,ｺｳﾍﾞ
2004,ｼﾖｳｺｳﾁﾕｳｷﾝ,282,ﾋﾒｼﾞ
2004,ｼﾖｳｺｳﾁﾕｳｷﾝ,283,ｱﾏｶﾞｻｷ
2004,ｼﾖｳｺｳﾁﾕｳｷﾝ,291,ﾅﾗ
2004,ｼﾖｳｺｳﾁﾕｳｷﾝ,301,ﾜｶﾔﾏ
2004,ｼﾖｳｺｳﾁﾕｳｷﾝ,311,ﾄﾂﾄﾘ
2004,ｼﾖｳｺｳﾁﾕｳｷﾝ,312,ﾖﾅｺﾞ
2004,ｼﾖｳｺｳﾁﾕｳｷﾝ,321,ﾏﾂｴ
2004,ｼﾖｳｺｳﾁﾕｳｷﾝ,331,ｵｶﾔﾏ
2004,ｼﾖｳｺｳﾁﾕｳｷﾝ,341,ﾋﾛｼﾏ
2004,ｼﾖｳｺｳﾁﾕｳｷﾝ,342,ﾌｸﾔﾏ
2004,ｼﾖｳｺｳﾁﾕｳｷﾝ,343,ﾋﾛｼﾏｾｲﾌﾞ
2004,ｼﾖｳｺｳﾁﾕｳｷﾝ,351,ｼﾓﾉｾｷ
2004,ｼﾖｳｺｳﾁﾕｳｷﾝ,352,ﾄｸﾔﾏ
2004,ｼﾖｳｺｳﾁﾕｳｷﾝ,361,ﾄｸｼﾏ
2004,ｼﾖｳｺｳﾁﾕｳｷﾝ,371,ﾀｶﾏﾂ
2004,ｼﾖｳｺｳﾁﾕｳｷﾝ,381,ﾏﾂﾔﾏ
2004,ｼﾖｳｺｳﾁﾕｳｷﾝ,391,ｺｳﾁ
2004,ｼﾖｳｺｳﾁﾕｳｷﾝ,401,ﾌｸｵｶ
2004,ｼﾖｳｺｳﾁﾕｳｷﾝ,402,ｷﾀｷﾕｳｼﾕｳ
2004,ｼﾖｳｺｳﾁﾕｳｷﾝ,403,ｸﾙﾒ
2004,ｼﾖｳｺｳﾁﾕｳｷﾝ,411,ｻｶﾞ
2004,ｼﾖｳｺｳﾁﾕｳｷﾝ,421,ﾅｶﾞｻｷ
2004,ｼﾖｳｺｳﾁﾕｳｷﾝ,422,ｻｾﾎ
2004,ｼﾖｳｺｳﾁﾕｳｷﾝ,431,ｸﾏﾓﾄ
2004,ｼﾖｳｺｳﾁﾕｳｷﾝ,441,ｵｵｲﾀ
2004,ｼﾖｳｺｳﾁﾕｳｷﾝ,451,ﾐﾔｻﾞｷ
2004,ｼﾖｳｺｳﾁﾕｳｷﾝ,461,ｶｺﾞｼﾏ
2004,ｼﾖｳｺｳﾁﾕｳｷﾝ,471,ﾅﾊ
2010,ｾﾞﾝｼﾝｸﾐﾚﾝ,002,ｵｵｻｶ
2010,ｾﾞﾝｼﾝｸﾐﾚﾝ,003,ﾅｺﾞﾔ
2010,ｾﾞﾝｼﾝｸﾐﾚﾝ,004,ﾋﾛｼﾏ
2010,ｾﾞﾝｼﾝｸﾐﾚﾝ,005,ﾌｸｵｶ
2010,ｾﾞﾝｼﾝｸﾐﾚﾝ,006,ﾎﾝﾃﾝﾀﾞｲﾆﾌﾞ
2010,ｾﾞﾝｼﾝｸﾐﾚﾝ,007,ﾆｲｶﾞﾀ
2010,ｾﾞﾝｼﾝｸﾐﾚﾝ,009,ｾﾝﾀﾞｲ
2010,ｾﾞﾝｼﾝｸﾐﾚﾝ,012,ﾎﾝﾃﾝ
2010,ｾﾞﾝｼﾝｸﾐﾚﾝ,013,ｻﾂﾎﾟﾛ
2011,ﾎｸｵｳｼﾝｸﾐ,001,ﾎﾝﾃﾝ
2011,ﾎｸｵｳｼﾝｸﾐ,003,ｺﾄﾆ
2011,ﾎｸｵｳｼﾝｸﾐ,004,ｷｸｽｲ
2011,ﾎｸｵｳｼﾝｸﾐ,005,ｷﾀ
2011,ﾎｸｵｳｼﾝｸﾐ,007,ﾐｿﾉ
2011,ﾎｸｵｳｼﾝｸﾐ,009,ｴﾍﾞﾂ
2011,ﾎｸｵｳｼﾝｸﾐ,010,ﾓﾄﾏﾁ
2011,ﾎｸｵｳｼﾝｸﾐ,013,ﾃｲﾈ
2011,ﾎｸｵｳｼﾝｸﾐ,014,ｱﾂﾍﾞﾂ
2011,ﾎｸｵｳｼﾝｸﾐ,016,ﾆｼﾉ
2011,ﾎｸｵｳｼﾝｸﾐ,017,ﾓﾅﾐ
2011,ﾎｸｵｳｼﾝｸﾐ,018,ｻｶｴﾏﾁ
2011,ﾎｸｵｳｼﾝｸﾐ,019,ｷﾖﾀ
2011,ﾎｸｵｳｼﾝｸﾐ,020,ｽﾐｶﾜ
2011,ﾎｸｵｳｼﾝｸﾐ,021,ﾄﾝﾃﾞﾝ
2011,ﾎｸｵｳｼﾝｸﾐ,025,ｴﾆﾜ
2011,ﾎｸｵｳｼﾝｸﾐ,027,ﾁﾄｾ
2011,ﾎｸｵｳｼﾝｸﾐ,028,ｽｴﾋﾛ
2011,ﾎｸｵｳｼﾝｸﾐ,029,ﾄﾏｺﾏｲ
2011,ﾎｸｵｳｼﾝｸﾐ,033,ﾑｶﾜ
2011,ﾎｸｵｳｼﾝｸﾐ,034,ｼｽﾞﾅｲ
2011,ﾎｸｵｳｼﾝｸﾐ,035,ｱｻﾋｶﾜ
2011,ﾎｸｵｳｼﾝｸﾐ,038,ﾄﾖｵｶ
2011,ﾎｸｵｳｼﾝｸﾐ,040,ﾅｶﾞﾔﾏ
2011,ﾎｸｵｳｼﾝｸﾐ,041,ﾋｶﾞｼｶﾜ
2011,ﾎｸｵｳｼﾝｸﾐ,042,ﾋｶﾞｼｶｸﾞﾗ
2013,ｻﾂﾎﾟﾛﾁﾕｳｵｳｼﾝｸﾐ,001,ﾎﾝﾃﾝ
2013,ｻﾂﾎﾟﾛﾁﾕｳｵｳｼﾝｸﾐ,002,ﾔﾏﾊﾅ
2013,ｻﾂﾎﾟﾛﾁﾕｳｵｳｼﾝｸﾐ,004,ｷﾀ
2013,ｻﾂﾎﾟﾛﾁﾕｳｵｳｼﾝｸﾐ,005,ﾐｶﾎ
2013,ｻﾂﾎﾟﾛﾁﾕｳｵｳｼﾝｸﾐ,006,ﾋﾗｷﾞｼ
2013,ｻﾂﾎﾟﾛﾁﾕｳｵｳｼﾝｸﾐ,007,ｽﾐｶﾜ
2013,ｻﾂﾎﾟﾛﾁﾕｳｵｳｼﾝｸﾐ,008,ﾅﾝｺﾞｳ
2013,ｻﾂﾎﾟﾛﾁﾕｳｵｳｼﾝｸﾐ,009,ﾊﾂｻﾑ
2013,ｻﾂﾎﾟﾛﾁﾕｳｵｳｼﾝｸﾐ,010,ｷﾀｺﾞｳ
2013,ｻﾂﾎﾟﾛﾁﾕｳｵｳｼﾝｸﾐ,011,ﾆｼﾉ
2013,ｻﾂﾎﾟﾛﾁﾕｳｵｳｼﾝｸﾐ,012,ﾌｼﾞﾉ
2013,ｻﾂﾎﾟﾛﾁﾕｳｵｳｼﾝｸﾐ,013,ﾆｼｵｶ
2013,ｻﾂﾎﾟﾛﾁﾕｳｵｳｼﾝｸﾐ,015,ｼﾉﾛ
2013,ｻﾂﾎﾟﾛﾁﾕｳｵｳｼﾝｸﾐ,016,ﾋﾗｵｶ
2014,ｳﾘｼﾝｸﾐ,001,ﾎﾝﾃﾝ
2014,ｳﾘｼﾝｸﾐ,005,ｷﾀﾄｳﾎｸﾓﾘｵｶ
2014,ｳﾘｼﾝｸﾐ,007,ﾌｸｼﾏ
2014,ｳﾘｼﾝｸﾐ,011,ﾄｳﾎｸ
2014,ｳﾘｼﾝｸﾐ,100,ｵｵｿﾞﾗ
2017,ﾊｺﾀﾞﾃｼﾖｳｺｳｼﾝｸﾐ,001,ﾎﾝﾃﾝ
2017,ﾊｺﾀﾞﾃｼﾖｳｺｳｼﾝｸﾐ,002,ﾕﾉｶﾜ
2017,ﾊｺﾀﾞﾃｼﾖｳｺｳｼﾝｸﾐ,004,ﾎｸﾄ
2017,ﾊｺﾀﾞﾃｼﾖｳｺｳｼﾝｸﾐ,005,ﾐﾊﾗ
2017,ﾊｺﾀﾞﾃｼﾖｳｺｳｼﾝｸﾐ,008,ﾄﾐｵｶ
2019,ｿﾗﾁｼﾖｳｺｳｼﾝｸﾐ,002,ﾎﾝﾃﾝ
2019,ｿﾗﾁｼﾖｳｺｳｼﾝｸﾐ,003,ｲﾜﾐｻﾞﾜ
2019,ｿﾗﾁｼﾖｳｺｳｼﾝｸﾐ,004,ｽﾅｶﾞﾜ
2019,ｿﾗﾁｼﾖｳｺｳｼﾝｸﾐ,007,ｸﾘﾔﾏ
2019,ｿﾗﾁｼﾖｳｺｳｼﾝｸﾐ,010,ｻﾂﾎﾟﾛ
2019,ｿﾗﾁｼﾖｳｺｳｼﾝｸﾐ,012,ﾋｶﾞｼﾅｴﾎﾞ
2019,ｿﾗﾁｼﾖｳｺｳｼﾝｸﾐ,013,ﾀｷｶﾜ
2019,ｿﾗﾁｼﾖｳｺｳｼﾝｸﾐ,015,ｱｶﾋﾞﾗ
2019,ｿﾗﾁｼﾖｳｺｳｼﾝｸﾐ,018,ﾌﾗﾉ
2024,ﾄｶﾁｼﾝｸﾐ,001,ﾎﾝﾃﾝ
2024,ﾄｶﾁｼﾝｸﾐ,002,ﾐﾄﾞﾘｶﾞｵｶ
2024,ﾄｶﾁｼﾝｸﾐ,003,ｷﾀ
2024,ﾄｶﾁｼﾝｸﾐ,004,ﾏｸﾍﾞﾂ
2024,ﾄｶﾁｼﾝｸﾐ,005,ｶﾐｼﾎﾛ
2024,ﾄｶﾁｼﾝｸﾐ,006,ﾐﾅﾐ
2024,ﾄｶﾁｼﾝｸﾐ,007,ﾆｼ
2024,ﾄｶﾁｼﾝｸﾐ,008,ｹｲﾎｸ
2025,ｸｼﾛｼﾝｸﾐ,002,ﾎﾝﾃﾝ
2025,ｸｼﾛｼﾝｸﾐ,005,ﾆｼｺｳ
2025,ｸｼﾛｼﾝｸﾐ,007,ｱｲｺｸ
2025,ｸｼﾛｼﾝｸﾐ,008,ﾅｶｼﾍﾞﾂ
2025,ｸｼﾛｼﾝｸﾐ,009,ｶﾂﾗｷﾞ
2030,ｱｵﾓﾘｹﾝｼﾝｸﾐ,001,ﾎﾝﾃﾝ
2030,ｱｵﾓﾘｹﾝｼﾝｸﾐ,002,ﾁﾕｳｵｳ
2030,ｱｵﾓﾘｹﾝｼﾝｸﾐ,003,ｴｷﾏｴ
2030,ｱｵﾓﾘｹﾝｼﾝｸﾐ,006,ﾅﾐｳﾁ
2030,ｱｵﾓﾘｹﾝｼﾝｸﾐ,007,ｵｷﾀﾞﾃ
2030,ｱｵﾓﾘｹﾝｼﾝｸﾐ,008,ﾋﾛｻｷ
2030,ｱｵﾓﾘｹﾝｼﾝｸﾐ,010,ﾊﾁﾉﾍ
2030,ｱｵﾓﾘｹﾝｼﾝｸﾐ,011,ﾄﾜﾀﾞ
2030,ｱｵﾓﾘｹﾝｼﾝｸﾐ,012,ｺﾞｼﾖｶﾞﾜﾗ
2030,ｱｵﾓﾘｹﾝｼﾝｸﾐ,013,ﾐｻﾜ
2030,ｱｵﾓﾘｹﾝｼﾝｸﾐ,014,ｻﾝﾉﾍﾅｶﾞﾜ
2030,ｱｵﾓﾘｹﾝｼﾝｸﾐ,015,ﾀﾂｺ
2030,ｱｵﾓﾘｹﾝｼﾝｸﾐ,019,ｼﾁﾉﾍ
2030,ｱｵﾓﾘｹﾝｼﾝｸﾐ,020,ｶﾐｷﾀﾁﾖｳ
2030,ｱｵﾓﾘｹﾝｼﾝｸﾐ,026,ｸﾛｲｼ
2030,ｱｵﾓﾘｹﾝｼﾝｸﾐ,032,ﾑﾂ
2030,ｱｵﾓﾘｹﾝｼﾝｸﾐ,037,ｵｵﾊﾀ
2030,ｱｵﾓﾘｹﾝｼﾝｸﾐ,039,ﾛﾂｶｼﾖ
2045,ﾄﾘﾖｳｼﾝｸﾐ,001,ﾎﾝﾃﾝ
2049,ｲﾜﾃｹﾝｲｼｼﾝｸﾐ,001,ﾎﾝﾃﾝ
2060,ｱｽｶｼﾝｸﾐ,001,ﾎﾝﾃﾝ
2060,ｱｽｶｼﾝｸﾐ,002,ｳｴﾉ
2060,ｱｽｶｼﾝｸﾐ,004,ｴﾋﾞｽ
2060,ｱｽｶｼﾝｸﾐ,005,ﾀﾁｶﾜ
2060,ｱｽｶｼﾝｸﾐ,006,ｷﾝｼﾁﾖｳ
2060,ｱｽｶｼﾝｸﾐ,007,ｲｹﾌﾞｸﾛ
2060,ｱｽｶｼﾝｸﾐ,008,ｱﾀﾞﾁ
2060,ｱｽｶｼﾝｸﾐ,009,ｶﾏﾀ
2060,ｱｽｶｼﾝｸﾐ,017,ｵｵﾐﾔ
2060,ｱｽｶｼﾝｸﾐ,021,ｾﾝﾀﾞｲ
2060,ｱｽｶｼﾝｸﾐ,022,ｻﾂﾎﾟﾛ
2060,ｱｽｶｼﾝｸﾐ,025,ｱｵﾓﾘ
2060,ｱｽｶｼﾝｸﾐ,027,ｱｷﾀ
2060,ｱｽｶｼﾝｸﾐ,028,ﾓﾘｵｶ
2060,ｱｽｶｼﾝｸﾐ,029,ｺｵﾘﾔﾏ
2060,ｱｽｶｼﾝｸﾐ,030,ｱｵﾊﾞ
2061,ｲｼﾉﾏｷｼﾖｳｺｳｼﾝｸﾐ,001,ﾎﾝﾃﾝ
2061,ｲｼﾉﾏｷｼﾖｳｺｳｼﾝｸﾐ,002,ﾅｶｻﾄ
2061,ｲｼﾉﾏｷｼﾖｳｺｳｼﾝｸﾐ,004,ｲｲﾉｶﾜ
2061,ｲｼﾉﾏｷｼﾖｳｺｳｼﾝｸﾐ,005,ﾏｴﾔﾁ
2061,ｲｼﾉﾏｷｼﾖｳｺｳｼﾝｸﾐ,006,ﾏﾂｼﾏ
2061,ｲｼﾉﾏｷｼﾖｳｺｳｼﾝｸﾐ,008,ﾄﾖｻﾄ
2061,ｲｼﾉﾏｷｼﾖｳｺｳｼﾝｸﾐ,009,ﾐﾅﾄ
2061,ｲｼﾉﾏｷｼﾖｳｺｳｼﾝｸﾐ,010,ﾔﾓﾄ
2061,ｲｼﾉﾏｷｼﾖｳｺｳｼﾝｸﾐ,011,ﾄﾒ
2061,ｲｼﾉﾏｷｼﾖｳｺｳｼﾝｸﾐ,012,ﾍﾋﾞﾀ
2061,ｲｼﾉﾏｷｼﾖｳｺｳｼﾝｸﾐ,013,ｵｵｶｲﾄﾞｳ
2061,ｲｼﾉﾏｷｼﾖｳｺｳｼﾝｸﾐ,014,ﾜﾀﾉﾊ
2062,ﾌﾙｶﾜｼﾝｸﾐ,001,ﾎﾝﾃﾝ
2062,ﾌﾙｶﾜｼﾝｸﾐ,002,ﾜｸﾔ
2062,ﾌﾙｶﾜｼﾝｸﾐ,003,ﾅｶﾆｲﾀﾞ
2062,ﾌﾙｶﾜｼﾝｸﾐ,004,ﾖｼｵｶ
2062,ﾌﾙｶﾜｼﾝｸﾐ,005,ﾅﾙｺﾞ
2062,ﾌﾙｶﾜｼﾝｸﾐ,006,ｺｺﾞﾀ
2062,ﾌﾙｶﾜｼﾝｸﾐ,008,ｲﾜﾃﾞﾔﾏ
2062,ﾌﾙｶﾜｼﾝｸﾐ,009,ﾌﾙｶﾜﾐﾅﾐ
2062,ﾌﾙｶﾜｼﾝｸﾐ,010,ｲｽﾞﾐﾁﾕｳｵｳ
2063,ｾﾝﾎﾟｸｼﾝｸﾐ,001,ﾎﾝﾃﾝ
2063,ｾﾝﾎﾟｸｼﾝｸﾐ,002,ﾂｷﾀﾞﾃ
2063,ｾﾝﾎﾟｸｼﾝｸﾐ,003,ﾊｻﾏ
2063,ｾﾝﾎﾟｸｼﾝｸﾐ,005,ｸﾘｺﾏ
2063,ｾﾝﾎﾟｸｼﾝｸﾐ,007,ﾅｶﾀﾞ
2075,ｱｷﾀｹﾝｼﾝｸﾐ,001,ﾀｶﾉｽ
2075,ｱｷﾀｹﾝｼﾝｸﾐ,002,ﾀｼﾛ
2075,ｱｷﾀｹﾝｼﾝｸﾐ,003,ﾓﾘﾖｼ
2075,ｱｷﾀｹﾝｼﾝｸﾐ,005,ﾉｼﾛ
2075,ｱｷﾀｹﾝｼﾝｸﾐ,006,ｱｲｶﾜ
2075,ｱｷﾀｹﾝｼﾝｸﾐ,011,ﾎﾝﾃﾝ
2075,ｱｷﾀｹﾝｼﾝｸﾐ,012,ｲｽﾞﾐ
2075,ｱｷﾀｹﾝｼﾝｸﾐ,013,ﾂﾁｻﾞｷ
2075,ｱｷﾀｹﾝｼﾝｸﾐ,014,ﾋｶﾞｼ
2075,ｱｷﾀｹﾝｼﾝｸﾐ,015,ﾃｶﾞﾀ
2075,ｱｷﾀｹﾝｼﾝｸﾐ,021,ﾊﾅﾜ
2075,ｱｷﾀｹﾝｼﾝｸﾐ,022,ｹﾏﾅｲ
2075,ｱｷﾀｹﾝｼﾝｸﾐ,031,ｵｵﾀﾞﾃ
2075,ｱｷﾀｹﾝｼﾝｸﾐ,032,ｵｵﾀﾞﾃｴｷﾏｴ
2075,ｱｷﾀｹﾝｼﾝｸﾐ,033,ﾋﾅｲ
2083,ｷﾀｸﾞﾝｼﾝｸﾐ,002,ﾎﾝﾃﾝ
2083,ｷﾀｸﾞﾝｼﾝｸﾐ,003,ｵﾊﾞﾅｻﾞﾜ
2083,ｷﾀｸﾞﾝｼﾝｸﾐ,004,ﾋｶﾞｼﾈ
2083,ｷﾀｸﾞﾝｼﾝｸﾐ,005,ﾔﾁ
2083,ｷﾀｸﾞﾝｼﾝｸﾐ,006,ｼﾝｼﾞﾖｳ
2083,ｷﾀｸﾞﾝｼﾝｸﾐ,007,ﾃﾝﾄﾞｳ
2083,ｷﾀｸﾞﾝｼﾝｸﾐ,008,ｶﾜﾆｼ
2083,ｷﾀｸﾞﾝｼﾝｸﾐ,009,ｼﾞﾝﾏﾁ
2083,ｷﾀｸﾞﾝｼﾝｸﾐ,010,ｵｵｲｼﾀﾞ
2083,ｷﾀｸﾞﾝｼﾝｸﾐ,011,ﾋｶﾞｼﾈｵﾝｾﾝ
2083,ｷﾀｸﾞﾝｼﾝｸﾐ,012,ﾃﾝﾄﾞｳﾆｼ
2084,ﾔﾏｶﾞﾀﾁﾕｳｵｳｼﾝｸﾐ,001,ﾎﾝﾃﾝ
2084,ﾔﾏｶﾞﾀﾁﾕｳｵｳｼﾝｸﾐ,002,ｺﾏﾂ
2084,ﾔﾏｶﾞﾀﾁﾕｳｵｳｼﾝｸﾐ,003,ｵｸﾞﾆ
2084,ﾔﾏｶﾞﾀﾁﾕｳｵｳｼﾝｸﾐ,004,ｱﾗﾄ
2084,ﾔﾏｶﾞﾀﾁﾕｳｵｳｼﾝｸﾐ,006,ｻｶﾞｴ
2084,ﾔﾏｶﾞﾀﾁﾕｳｵｳｼﾝｸﾐ,007,ｱﾃﾗｻﾞﾜ
2084,ﾔﾏｶﾞﾀﾁﾕｳｵｳｼﾝｸﾐ,008,ｲｲﾃﾞ
2084,ﾔﾏｶﾞﾀﾁﾕｳｵｳｼﾝｸﾐ,011,ﾘﾖｳﾅﾝ
2085,ﾔﾏｶﾞﾀﾀﾞｲｲﾁｼﾝｸﾐ,001,ﾎﾝﾃﾝ
2085,ﾔﾏｶﾞﾀﾀﾞｲｲﾁｼﾝｸﾐ,002,ﾐﾔｳﾁ
2085,ﾔﾏｶﾞﾀﾀﾞｲｲﾁｼﾝｸﾐ,003,ｱｶﾕ
2085,ﾔﾏｶﾞﾀﾀﾞｲｲﾁｼﾝｸﾐ,004,ﾖﾈｻﾞﾜ
2085,ﾔﾏｶﾞﾀﾀﾞｲｲﾁｼﾝｸﾐ,005,ﾖﾈｻﾞﾜｷﾀ
2085,ﾔﾏｶﾞﾀﾀﾞｲｲﾁｼﾝｸﾐ,006,ﾇｶﾉﾒ
2085,ﾔﾏｶﾞﾀﾀﾞｲｲﾁｼﾝｸﾐ,007,ｱｶﾕﾆｼ
2087,ﾔﾏｶﾞﾀｹﾝｲｼｼﾝｸﾐ,001,ﾎﾝﾃﾝ
2090,ﾌｸｼﾏｹﾝｼﾖｳｺｳｼﾝｸﾐ,001,ﾎﾝﾃﾝ
2090,ﾌｸｼﾏｹﾝｼﾖｳｺｳｼﾝｸﾐ,002,ｱｻﾋ
2090,ﾌｸｼﾏｹﾝｼﾖｳｺｳｼﾝｸﾐ,003,ｻｸﾗﾄﾞｵﾘ
2090,ﾌｸｼﾏｹﾝｼﾖｳｺｳｼﾝｸﾐ,005,ｱｻｶ
2090,ﾌｸｼﾏｹﾝｼﾖｳｺｳｼﾝｸﾐ,007,ｼﾗｶﾜ
2090,ﾌｸｼﾏｹﾝｼﾖｳｺｳｼﾝｸﾐ,008,ｽｶｶﾞﾜ
2090,ﾌｸｼﾏｹﾝｼﾖｳｺｳｼﾝｸﾐ,009,ﾆﾎﾝﾏﾂ
2090,ﾌｸｼﾏｹﾝｼﾖｳｺｳｼﾝｸﾐ,010,ﾓﾄﾐﾔ
2090,ﾌｸｼﾏｹﾝｼﾖｳｺｳｼﾝｸﾐ,011,ｲｼｶﾜ
2090,ﾌｸｼﾏｹﾝｼﾖｳｺｳｼﾝｸﾐ,012,ﾏﾂｶﾜ
2090,ﾌｸｼﾏｹﾝｼﾖｳｺｳｼﾝｸﾐ,013,ﾄｷﾜ
2090,ﾌｸｼﾏｹﾝｼﾖｳｺｳｼﾝｸﾐ,014,ﾌｸﾔﾏ
2090,ﾌｸｼﾏｹﾝｼﾖｳｺｳｼﾝｸﾐ,015,ﾋﾜﾀﾞ
2090,ﾌｸｼﾏｹﾝｼﾖｳｺｳｼﾝｸﾐ,016,ｶｶﾞﾐｲｼ
2090,ﾌｸｼﾏｹﾝｼﾖｳｺｳｼﾝｸﾐ,017,ｺｽﾓｽﾄﾞｵﾘ
2090,ﾌｸｼﾏｹﾝｼﾖｳｺｳｼﾝｸﾐ,019,ﾐﾅﾐﾌｸｼﾏ
2092,ｲﾜｷｼﾝｸﾐ,002,ﾎﾝﾃﾝ
2092,ｲﾜｷｼﾝｸﾐ,004,ｴﾅ
2092,ｲﾜｷｼﾝｸﾐ,006,ｼｵﾔｻﾞｷ
2092,ｲﾜｷｼﾝｸﾐ,007,ｳｴﾀﾞ
2092,ｲﾜｷｼﾝｸﾐ,008,ﾅｺｿ
2092,ｲﾜｷｼﾝｸﾐ,009,ﾀｲﾗ
2092,ｲﾜｷｼﾝｸﾐ,010,ﾀﾏｶﾞﾜ
2092,ｲﾜｷｼﾝｸﾐ,011,ｲｽﾞﾐ
2092,ｲﾜｷｼﾝｸﾐ,014,ﾎﾝﾁﾖｳﾏｴ
2092,ｲﾜｷｼﾝｸﾐ,015,ｳﾁｺﾞｳ
2092,ｲﾜｷｼﾝｸﾐ,017,ﾅﾗﾊ
2092,ｲﾜｷｼﾝｸﾐ,018,ﾖﾂｸﾗ
2092,ｲﾜｷｼﾝｸﾐ,020,ﾖｼﾏ
2092,ｲﾜｷｼﾝｸﾐ,022,ﾕﾓﾄ
2092,ｲﾜｷｼﾝｸﾐ,024,ｻﾄｶﾞｵｶ
2095,ｿｳｿｳｺﾞｼﾞﾖｳｼﾝｸﾐ,002,ﾎﾝﾃﾝ
2095,ｿｳｿｳｺﾞｼﾞﾖｳｼﾝｸﾐ,003,ｿｳﾏﾐﾅﾄ
2095,ｿｳｿｳｺﾞｼﾞﾖｳｼﾝｸﾐ,004,ｶｼﾏ
2095,ｿｳｿｳｺﾞｼﾞﾖｳｼﾝｸﾐ,005,ﾊﾗﾏﾁ
2095,ｿｳｿｳｺﾞｼﾞﾖｳｼﾝｸﾐ,006,ﾅﾐｴ
2095,ｿｳｿｳｺﾞｼﾞﾖｳｼﾝｸﾐ,007,ｵｵｸﾏ
2095,ｿｳｿｳｺﾞｼﾞﾖｳｼﾝｸﾐ,008,ﾄﾐｵｶ
2095,ｿｳｿｳｺﾞｼﾞﾖｳｼﾝｸﾐ,009,ｼﾝﾁ
2095,ｿｳｿｳｺﾞｼﾞﾖｳｼﾝｸﾐ,010,ｿｳﾏﾆｼ
2095,ｿｳｿｳｺﾞｼﾞﾖｳｼﾝｸﾐ,011,ｲﾜｷ
2095,ｿｳｿｳｺﾞｼﾞﾖｳｼﾝｸﾐ,012,ﾜﾀﾘ
2095,ｿｳｿｳｺﾞｼﾞﾖｳｼﾝｸﾐ,013,ｵｵｶﾞﾜﾗ
2095,ｿｳｿｳｺﾞｼﾞﾖｳｼﾝｸﾐ,014,ｲﾜﾇﾏ
2095,ｿｳｿｳｺﾞｼﾞﾖｳｼﾝｸﾐ,015,ｻﾞｵｳ
2096,ｱｲﾂﾞｼﾖｳｺｳｼﾝｸﾐ,001,ﾎﾝﾃﾝ
2096,ｱｲﾂﾞｼﾖｳｺｳｼﾝｸﾐ,004,ｷﾀｶﾀ
2096,ｱｲﾂﾞｼﾖｳｺｳｼﾝｸﾐ,005,ﾅﾉｶﾏﾁ
2096,ｱｲﾂﾞｼﾖｳｺｳｼﾝｸﾐ,006,ﾎﾝﾏﾁ
2096,ｱｲﾂﾞｼﾖｳｺｳｼﾝｸﾐ,007,ｼﾞﾖｳﾅﾝ
2096,ｱｲﾂﾞｼﾖｳｺｳｼﾝｸﾐ,008,ﾀｷｻﾞﾜ
2096,ｱｲﾂﾞｼﾖｳｺｳｼﾝｸﾐ,009,ﾓﾝﾃﾞﾝ
2096,ｱｲﾂﾞｼﾖｳｺｳｼﾝｸﾐ,010,ｱｼﾉﾏｷ
2096,ｱｲﾂﾞｼﾖｳｺｳｼﾝｸﾐ,102,ｱｲﾂﾞﾊﾞﾝｹﾞ
2096,ｱｲﾂﾞｼﾖｳｺｳｼﾝｸﾐ,104,ｱｲﾂﾞﾀｶﾀﾞ
2096,ｱｲﾂﾞｼﾖｳｺｳｼﾝｸﾐ,106,ｼｵｶﾜ
2096,ｱｲﾂﾞｼﾖｳｺｳｼﾝｸﾐ,111,ﾆｼｱｲﾂﾞ
2096,ｱｲﾂﾞｼﾖｳｺｳｼﾝｸﾐ,113,ｶﾜﾋｶﾞｼ
2101,ｲﾊﾞﾗｷｹﾝｼﾝｸﾐ,001,ﾎﾝﾃﾝ
2101,ｲﾊﾞﾗｷｹﾝｼﾝｸﾐ,002,ﾂﾁｳﾗ
2101,ｲﾊﾞﾗｷｹﾝｼﾝｸﾐ,003,ﾋﾀﾁ
2101,ｲﾊﾞﾗｷｹﾝｼﾝｸﾐ,004,ﾐﾅﾄ
2101,ｲﾊﾞﾗｷｹﾝｼﾝｸﾐ,005,ｶｻﾏ
2101,ｲﾊﾞﾗｷｹﾝｼﾝｸﾐ,006,ｵｶﾞﾜ
2101,ｲﾊﾞﾗｷｹﾝｼﾝｸﾐ,007,ｵｵﾎ
2101,ｲﾊﾞﾗｷｹﾝｼﾝｸﾐ,008,ｼﾓﾀﾞﾃ
2101,ｲﾊﾞﾗｷｹﾝｼﾝｸﾐ,009,ｲｼｵｶ
2101,ｲﾊﾞﾗｷｹﾝｼﾝｸﾐ,010,ｼﾓﾂﾞﾏ
2101,ｲﾊﾞﾗｷｹﾝｼﾝｸﾐ,011,ｵｸﾉﾔ
2101,ｲﾊﾞﾗｷｹﾝｼﾝｸﾐ,012,ｵｵﾂ
2101,ｲﾊﾞﾗｷｹﾝｼﾝｸﾐ,013,ｶﾐﾐﾄ
2101,ｲﾊﾞﾗｷｹﾝｼﾝｸﾐ,014,ﾀｶﾞ
2101,ｲﾊﾞﾗｷｹﾝｼﾝｸﾐ,015,ｼﾓｲﾁ
2101,ｲﾊﾞﾗｷｹﾝｼﾝｸﾐ,016,ﾄﾓﾍﾞ
2101,ｲﾊﾞﾗｷｹﾝｼﾝｸﾐ,017,ﾄﾘﾃﾞ
2101,ｲﾊﾞﾗｷｹﾝｼﾝｸﾐ,018,ｵｵｱﾗｲ
2101,ｲﾊﾞﾗｷｹﾝｼﾝｸﾐ,019,ｺｶﾞ
2101,ｲﾊﾞﾗｷｹﾝｼﾝｸﾐ,020,ｶﾂﾀ
2101,ｲﾊﾞﾗｷｹﾝｼﾝｸﾐ,021,ﾋﾀﾞｶ
2101,ｲﾊﾞﾗｷｹﾝｼﾝｸﾐ,022,ﾔﾁﾖ
2101,ｲﾊﾞﾗｷｹﾝｼﾝｸﾐ,023,ｶﾐｽ
2101,ｲﾊﾞﾗｷｹﾝｼﾝｸﾐ,024,ｾﾝﾊﾞ
2101,ｲﾊﾞﾗｷｹﾝｼﾝｸﾐ,025,ﾐﾂｶｲﾄﾞｳ
2101,ｲﾊﾞﾗｷｹﾝｼﾝｸﾐ,026,ﾕｳｷ
2101,ｲﾊﾞﾗｷｹﾝｼﾝｸﾐ,027,ﾓﾘﾔ
2101,ｲﾊﾞﾗｷｹﾝｼﾝｸﾐ,028,ｷﾖｳﾜ
2101,ｲﾊﾞﾗｷｹﾝｼﾝｸﾐ,029,ｾﾝｿﾞｸﾁﾖｳ
2101,ｲﾊﾞﾗｷｹﾝｼﾝｸﾐ,030,ｲﾜｲ
2101,ｲﾊﾞﾗｷｹﾝｼﾝｸﾐ,031,ﾊｻｷ
2101,ｲﾊﾞﾗｷｹﾝｼﾝｸﾐ,032,ｱｶﾂｶ
2101,ｲﾊﾞﾗｷｹﾝｼﾝｸﾐ,033,ｻﾇｷ
2101,ｲﾊﾞﾗｷｹﾝｼﾝｸﾐ,034,ｵｵﾐｶ
2101,ｲﾊﾞﾗｷｹﾝｼﾝｸﾐ,035,ｵｵﾐﾔ
2101,ｲﾊﾞﾗｷｹﾝｼﾝｸﾐ,036,ｴｷﾅﾝ
2101,ｲﾊﾞﾗｷｹﾝｼﾝｸﾐ,037,ﾖｼﾇﾏ
2101,ｲﾊﾞﾗｷｹﾝｼﾝｸﾐ,038,ﾄｳｶｲ
2101,ｲﾊﾞﾗｷｹﾝｼﾝｸﾐ,039,ｱﾗｶﾜｵｷ
2101,ｲﾊﾞﾗｷｹﾝｼﾝｸﾐ,040,ﾔﾀﾍﾞ
2101,ｲﾊﾞﾗｷｹﾝｼﾝｸﾐ,041,ｻﾝﾜ
2101,ｲﾊﾞﾗｷｹﾝｼﾝｸﾐ,042,ｲﾜﾏ
2101,ｲﾊﾞﾗｷｹﾝｼﾝｸﾐ,043,ｶﾝﾀﾞﾂ
2101,ｲﾊﾞﾗｷｹﾝｼﾝｸﾐ,044,ﾅｶ
2101,ｲﾊﾞﾗｷｹﾝｼﾝｸﾐ,045,ｳｼｸ
2101,ｲﾊﾞﾗｷｹﾝｼﾝｸﾐ,046,ｻｶｲ
2101,ｲﾊﾞﾗｷｹﾝｼﾝｸﾐ,047,ﾐﾜ
2101,ｲﾊﾞﾗｷｹﾝｼﾝｸﾐ,048,ｶｼﾏ
2101,ｲﾊﾞﾗｷｹﾝｼﾝｸﾐ,049,ﾖｼﾀﾞ
2101,ｲﾊﾞﾗｷｹﾝｼﾝｸﾐ,050,ｳﾁﾊﾗ
2101,ｲﾊﾞﾗｷｹﾝｼﾝｸﾐ,051,ﾀﾞｲｺﾞ
2101,ｲﾊﾞﾗｷｹﾝｼﾝｸﾐ,052,ｲﾜｾ
2101,ｲﾊﾞﾗｷｹﾝｼﾝｸﾐ,053,ｿｳﾜ
2101,ｲﾊﾞﾗｷｹﾝｼﾝｸﾐ,054,ｱﾐ
2101,ｲﾊﾞﾗｷｹﾝｼﾝｸﾐ,055,ｲｼｹﾞ
2101,ｲﾊﾞﾗｷｹﾝｼﾝｸﾐ,056,ﾅｶﾈ
2101,ｲﾊﾞﾗｷｹﾝｼﾝｸﾐ,057,ｸｷｻﾞｷ
2101,ｲﾊﾞﾗｷｹﾝｼﾝｸﾐ,058,ｲﾅ
2101,ｲﾊﾞﾗｷｹﾝｼﾝｸﾐ,059,ｱｹﾉ
2101,ｲﾊﾞﾗｷｹﾝｼﾝｸﾐ,060,ｲｼｵｶﾋｶﾞｼ
2101,ｲﾊﾞﾗｷｹﾝｼﾝｸﾐ,061,ｴﾄﾞｻｷ
2101,ｲﾊﾞﾗｷｹﾝｼﾝｸﾐ,062,ｾｷｼﾞﾖｳ
2101,ｲﾊﾞﾗｷｹﾝｼﾝｸﾐ,063,ｼﾂﾃ
2101,ｲﾊﾞﾗｷｹﾝｼﾝｸﾐ,064,ﾌｼﾞｼﾛ
2101,ｲﾊﾞﾗｷｹﾝｼﾝｸﾐ,065,ﾐﾉﾘ
2101,ｲﾊﾞﾗｷｹﾝｼﾝｸﾐ,066,ﾎｺﾀ
2101,ｲﾊﾞﾗｷｹﾝｼﾝｸﾐ,067,ｹﾝﾁﾖｳﾏｴ
2101,ｲﾊﾞﾗｷｹﾝｼﾝｸﾐ,068,ﾂﾁｳﾗﾅﾐｷ
2101,ｲﾊﾞﾗｷｹﾝｼﾝｸﾐ,070,ﾂｸﾊﾞﾁﾕｳｵｳ
2101,ｲﾊﾞﾗｷｹﾝｼﾝｸﾐ,071,ｶﾂﾀﾁﾕｳｵｳ
2101,ｲﾊﾞﾗｷｹﾝｼﾝｸﾐ,072,ｻﾜ
2101,ｲﾊﾞﾗｷｹﾝｼﾝｸﾐ,076,ﾀｶﾊｷﾞ
2101,ｲﾊﾞﾗｷｹﾝｼﾝｸﾐ,091,ｲﾀｺｳｼﾎﾞﾘ
2101,ｲﾊﾞﾗｷｹﾝｼﾝｸﾐ,092,ﾋﾀﾁｵｵﾀ
2101,ｲﾊﾞﾗｷｹﾝｼﾝｸﾐ,093,ｶｷｵｶ
2122,ﾓｵｶｼﾝｸﾐ,002,ﾎﾝﾃﾝ
2122,ﾓｵｶｼﾝｸﾐ,003,ﾏｼｺ
2122,ﾓｵｶｼﾝｸﾐ,004,ﾅﾅｲ
2122,ﾓｵｶｼﾝｸﾐ,005,ﾊｶﾞ
2122,ﾓｵｶｼﾝｸﾐ,006,ﾅｶﾞﾀ
2122,ﾓｵｶｼﾝｸﾐ,007,ｱﾗﾏﾁ
2125,ﾅｽｼﾝｸﾐ,001,ｸﾛﾀﾞﾊﾗ
2125,ﾅｽｼﾝｸﾐ,006,ﾎﾝﾃﾝ
2125,ﾅｽｼﾝｸﾐ,007,ｵｵﾀﾜﾗ
2125,ﾅｽｼﾝｸﾐ,010,ﾔｲﾀ
2125,ﾅｽｼﾝｸﾐ,012,ｸﾛﾊﾞﾈ
2125,ﾅｽｼﾝｸﾐ,014,ﾊﾞﾄｳ
2125,ﾅｽｼﾝｸﾐ,015,ｸﾛｲｿ
2125,ﾅｽｼﾝｸﾐ,016,ﾅｽｼｵﾊﾞﾗ
2125,ﾅｽｼﾝｸﾐ,017,ｸﾛｲｿﾆｼ
2143,ｱｶｷﾞｼﾝｸﾐ,001,ｲｾｻｷ
2143,ｱｶｷﾞｼﾝｸﾐ,002,ﾄﾖｳｹ
2143,ｱｶｷﾞｼﾝｸﾐ,003,ｱｶﾎﾞﾘ
2143,ｱｶｷﾞｼﾝｸﾐ,004,ｶｻｶｹ
2143,ｱｶｷﾞｼﾝｸﾐ,005,ｳｴﾊｽ
2143,ｱｶｷﾞｼﾝｸﾐ,007,ｵｵﾀ
2143,ｱｶｷﾞｼﾝｸﾐ,008,ﾆﾂﾀﾏﾁ
2143,ｱｶｷﾞｼﾝｸﾐ,009,ﾐﾔｺ
2143,ｱｶｷﾞｼﾝｸﾐ,010,ﾎﾝﾃﾝ
2143,ｱｶｷﾞｼﾝｸﾐ,011,ｷﾀｼﾛﾀ
2143,ｱｶｷﾞｼﾝｸﾐ,012,ｶﾀｶｲ
2143,ｱｶｷﾞｼﾝｸﾐ,014,ｵｵﾄﾈ
2143,ｱｶｷﾞｼﾝｸﾐ,040,ﾇﾏﾀ
2146,ｸﾞﾝﾏｹﾝｼﾝｸﾐ,001,ﾏﾂｲﾀﾞ
2146,ｸﾞﾝﾏｹﾝｼﾝｸﾐ,002,ｱﾝﾅｶ
2146,ｸﾞﾝﾏｹﾝｼﾝｸﾐ,003,ﾊﾗｲﾁ
2146,ｸﾞﾝﾏｹﾝｼﾝｸﾐ,004,ﾖｺｶﾜ
2146,ｸﾞﾝﾏｹﾝｼﾝｸﾐ,005,ｲﾀﾊﾅ
2146,ｸﾞﾝﾏｹﾝｼﾝｸﾐ,006,ｲｿﾍﾞ
2146,ｸﾞﾝﾏｹﾝｼﾝｸﾐ,007,ﾀｶｻｷﾆｼ
2146,ｸﾞﾝﾏｹﾝｼﾝｸﾐ,008,ﾀｶｻｷ
2146,ｸﾞﾝﾏｹﾝｼﾝｸﾐ,009,ﾔﾜﾀ
2146,ｸﾞﾝﾏｹﾝｼﾝｸﾐ,011,ｼﾓﾆﾀ
2146,ｸﾞﾝﾏｹﾝｼﾝｸﾐ,012,ﾅﾝﾓｸ
2146,ｸﾞﾝﾏｹﾝｼﾝｸﾐ,013,ｻｲﾓｸ
2146,ｸﾞﾝﾏｹﾝｼﾝｸﾐ,014,ﾅﾝｼﾞﾔｲ
2146,ｸﾞﾝﾏｹﾝｼﾝｸﾐ,020,ﾎﾝﾃﾝ
2146,ｸﾞﾝﾏｹﾝｼﾝｸﾐ,021,ﾄﾐｵｶ
2146,ｸﾞﾝﾏｹﾝｼﾝｸﾐ,022,ｶﾝﾗﾏﾁ
2146,ｸﾞﾝﾏｹﾝｼﾝｸﾐ,023,ｲﾁﾉﾐﾔ
2146,ｸﾞﾝﾏｹﾝｼﾝｸﾐ,024,ﾀｶｻｷﾔﾏﾅ
2146,ｸﾞﾝﾏｹﾝｼﾝｸﾐ,025,ﾀｶｻｷｶｲｻﾞﾜ
2146,ｸﾞﾝﾏｹﾝｼﾝｸﾐ,026,ﾐﾖｳｷﾞ
2146,ｸﾞﾝﾏｹﾝｼﾝｸﾐ,027,ﾖｼｲ
2146,ｸﾞﾝﾏｹﾝｼﾝｸﾐ,029,ﾊﾙﾅﾏﾁ
2149,ｸﾞﾝﾏﾐﾗｲｼﾝｸﾐ,001,ﾋｶﾞｼｸﾞﾝﾏ
2149,ｸﾞﾝﾏﾐﾗｲｼﾝｸﾐ,002,ｵｼﾞﾏ
2149,ｸﾞﾝﾏﾐﾗｲｼﾝｸﾐ,003,ｵｵﾀﾎｳｾﾝ
2149,ｸﾞﾝﾏﾐﾗｲｼﾝｸﾐ,004,ﾆﾂﾀ
2149,ｸﾞﾝﾏﾐﾗｲｼﾝｸﾐ,005,ﾀｶﾊﾞﾔｼ
2149,ｸﾞﾝﾏﾐﾗｲｼﾝｸﾐ,006,ｲｾｻｷ
2149,ｸﾞﾝﾏﾐﾗｲｼﾝｸﾐ,011,ﾀﾃﾊﾞﾔｼ
2149,ｸﾞﾝﾏﾐﾗｲｼﾝｸﾐ,013,ﾔﾌﾞﾂﾞｶ
2149,ｸﾞﾝﾏﾐﾗｲｼﾝｸﾐ,021,ﾅｶﾉｼﾞﾖｳ
2149,ｸﾞﾝﾏﾐﾗｲｼﾝｸﾐ,022,ｸｻﾂｵﾝｾﾝ
2149,ｸﾞﾝﾏﾐﾗｲｼﾝｸﾐ,023,ﾅｶﾞﾉﾊﾗ
2149,ｸﾞﾝﾏﾐﾗｲｼﾝｸﾐ,024,ﾂﾏｺﾞｲ
2149,ｸﾞﾝﾏﾐﾗｲｼﾝｸﾐ,026,ﾊﾗﾏﾁ
2149,ｸﾞﾝﾏﾐﾗｲｼﾝｸﾐ,027,ｷﾀｶﾙｲｻﾜ
2149,ｸﾞﾝﾏﾐﾗｲｼﾝｸﾐ,031,ｼﾌﾞｶﾜﾁﾕｳｵｳ
2149,ｸﾞﾝﾏﾐﾗｲｼﾝｸﾐ,032,ｲｶﾎ
2149,ｸﾞﾝﾏﾐﾗｲｼﾝｸﾐ,033,ﾖｼｵｶ
2149,ｸﾞﾝﾏﾐﾗｲｼﾝｸﾐ,034,ﾇﾏﾀ
2149,ｸﾞﾝﾏﾐﾗｲｼﾝｸﾐ,035,ﾏｴﾊﾞｼ
2149,ｸﾞﾝﾏﾐﾗｲｼﾝｸﾐ,037,ｺﾓﾁ
2149,ｸﾞﾝﾏﾐﾗｲｼﾝｸﾐ,039,ｱｶｷﾞ
2149,ｸﾞﾝﾏﾐﾗｲｼﾝｸﾐ,040,ﾏｴﾊﾞｼｷﾀ
2149,ｸﾞﾝﾏﾐﾗｲｼﾝｸﾐ,041,ｵｵﾏﾏ
2149,ｸﾞﾝﾏﾐﾗｲｼﾝｸﾐ,051,ﾎﾝﾃﾝ
2149,ｸﾞﾝﾏﾐﾗｲｼﾝｸﾐ,052,ﾐｻﾄ
2149,ｸﾞﾝﾏﾐﾗｲｼﾝｸﾐ,053,ｵｷ
2149,ｸﾞﾝﾏﾐﾗｲｼﾝｸﾐ,054,ｸﾞﾝﾅﾝ
2149,ｸﾞﾝﾏﾐﾗｲｼﾝｸﾐ,055,ｿｳｼﾞﾔ
2149,ｸﾞﾝﾏﾐﾗｲｼﾝｸﾐ,056,ｸﾗﾌﾞﾁ
2149,ｸﾞﾝﾏﾐﾗｲｼﾝｸﾐ,057,ｸﾞﾝﾏﾏﾁ
2149,ｸﾞﾝﾏﾐﾗｲｼﾝｸﾐ,061,ｼﾝﾏﾁ
2149,ｸﾞﾝﾏﾐﾗｲｼﾝｸﾐ,062,ﾌｼﾞｵｶ
2149,ｸﾞﾝﾏﾐﾗｲｼﾝｸﾐ,064,ﾖｼｲ
2149,ｸﾞﾝﾏﾐﾗｲｼﾝｸﾐ,065,ｵﾆｼ
2149,ｸﾞﾝﾏﾐﾗｲｼﾝｸﾐ,067,ﾀﾏﾑﾗ
2151,ｸﾞﾝﾏｹﾝｲｼｼﾝｸﾐ,001,ﾎﾝﾃﾝ
2162,ｻｲﾀﾏｹﾝｲｼｼﾝｸﾐ,001,ﾎﾝﾃﾝ
2165,ｸﾏｶﾞﾔｼﾖｳｺｳｼﾝｸﾐ,001,ﾎﾝﾃﾝ
2165,ｸﾏｶﾞﾔｼﾖｳｺｳｼﾝｸﾐ,002,ﾒﾇﾏ
2165,ｸﾏｶﾞﾔｼﾖｳｺｳｼﾝｸﾐ,003,ﾖﾘｲ
2165,ｸﾏｶﾞﾔｼﾖｳｺｳｼﾝｸﾐ,004,ﾌｷｱｹﾞ
2165,ｸﾏｶﾞﾔｼﾖｳｺｳｼﾝｸﾐ,005,ｶｺﾞﾊﾗ
2165,ｸﾏｶﾞﾔｼﾖｳｺｳｼﾝｸﾐ,006,ｶﾜﾓﾄ
2165,ｸﾏｶﾞﾔｼﾖｳｺｳｼﾝｸﾐ,007,ﾊﾅｿﾞﾉ
2165,ｸﾏｶﾞﾔｼﾖｳｺｳｼﾝｸﾐ,008,ｲｼﾊﾗ
2165,ｸﾏｶﾞﾔｼﾖｳｺｳｼﾝｸﾐ,009,ｷﾞﾖｳﾀﾞ
2167,ｻｲﾀﾏｼﾝｸﾐ,001,ﾎﾝﾃﾝ
2167,ｻｲﾀﾏｼﾝｸﾐ,002,ﾎﾝｼﾞﾖｳ
2167,ｻｲﾀﾏｼﾝｸﾐ,003,ﾁﾁﾌﾞ
2167,ｻｲﾀﾏｼﾝｸﾐ,004,ﾐﾅﾉ
2167,ｻｲﾀﾏｼﾝｸﾐ,005,ｵｶﾞﾉ
2167,ｻｲﾀﾏｼﾝｸﾐ,006,ﾌｶﾔ
2167,ｻｲﾀﾏｼﾝｸﾐ,007,ｶﾐｻﾄ
2167,ｻｲﾀﾏｼﾝｸﾐ,008,ｵｶﾍﾞ
2167,ｻｲﾀﾏｼﾝｸﾐ,009,ﾐｻﾄ
2180,ﾎﾞｳｿｳｼﾝｸﾐ,121,ﾎﾝﾃﾝ
2180,ﾎﾞｳｿｳｼﾝｸﾐ,122,ﾎﾝﾉｳ
2180,ﾎﾞｳｿｳｼﾝｸﾐ,123,ｲﾁﾉﾐﾔ
2180,ﾎﾞｳｿｳｼﾝｸﾐ,124,ﾁﾖｳﾅﾝ
2180,ﾎﾞｳｿｳｼﾝｸﾐ,125,ｲｽﾐﾏﾁ
2180,ﾎﾞｳｿｳｼﾝｸﾐ,127,ﾐｻｷ
2180,ﾎﾞｳｿｳｼﾝｸﾐ,128,ｵｵﾊﾗ
2180,ﾎﾞｳｿｳｼﾝｸﾐ,129,ｼﾗｺ
2180,ﾎﾞｳｿｳｼﾝｸﾐ,130,ﾐｻｷﾋｶﾞｼ
2180,ﾎﾞｳｿｳｼﾝｸﾐ,132,ｶﾓｶﾞﾜ
2184,ﾁﾖｳｼｼﾖｳｺｳｼﾝｸﾐ,051,ﾎﾝﾃﾝ
2184,ﾁﾖｳｼｼﾖｳｺｳｼﾝｸﾐ,053,ｼﾐｽﾞ
2184,ﾁﾖｳｼｼﾖｳｺｳｼﾝｸﾐ,054,ｼｲｼﾊﾞ
2184,ﾁﾖｳｼｼﾖｳｺｳｼﾝｸﾐ,055,ﾏﾂｷﾞｼ
2184,ﾁﾖｳｼｼﾖｳｺｳｼﾝｸﾐ,056,ｵﾐｶﾞﾜ
2184,ﾁﾖｳｼｼﾖｳｺｳｼﾝｸﾐ,057,ｻﾜﾗ
2184,ﾁﾖｳｼｼﾖｳｺｳｼﾝｸﾐ,058,ｱｻﾋ
2184,ﾁﾖｳｼｼﾖｳｺｳｼﾝｸﾐ,059,ﾏﾂﾄﾞ
2184,ﾁﾖｳｼｼﾖｳｺｳｼﾝｸﾐ,060,ｶｼﾜ
2184,ﾁﾖｳｼｼﾖｳｺｳｼﾝｸﾐ,061,ﾄｳﾉｼﾖｳ
2184,ﾁﾖｳｼｼﾖｳｺｳｼﾝｸﾐ,062,ﾋｶﾞﾀ
2184,ﾁﾖｳｼｼﾖｳｺｳｼﾝｸﾐ,063,ｱﾀｺﾞ
2184,ﾁﾖｳｼｼﾖｳｺｳｼﾝｸﾐ,065,ｳﾅｶﾐ
2184,ﾁﾖｳｼｼﾖｳｺｳｼﾝｸﾐ,067,ｲｲｵｶ
2184,ﾁﾖｳｼｼﾖｳｺｳｼﾝｸﾐ,068,ﾖｺｼﾊﾞ
2184,ﾁﾖｳｼｼﾖｳｺｳｼﾝｸﾐ,069,ﾄﾐｻﾄ
2184,ﾁﾖｳｼｼﾖｳｺｳｼﾝｸﾐ,070,ﾄｳｶﾞﾈ
2184,ﾁﾖｳｼｼﾖｳｺｳｼﾝｸﾐ,072,ﾔﾁﾏﾀ
2190,ｷﾐﾂｼﾝｸﾐ,011,ﾁﾕｳｵｳ
2190,ｷﾐﾂｼﾝｸﾐ,012,ﾌﾂﾂ
2190,ｷﾐﾂｼﾝｸﾐ,013,ｿﾃﾞｶﾞｳﾗ
2190,ｷﾐﾂｼﾝｸﾐ,014,ｷﾐﾂ
2190,ｷﾐﾂｼﾝｸﾐ,015,ｵｵｻﾜ
2190,ｷﾐﾂｼﾝｸﾐ,016,ｲﾜﾈ
2190,ｷﾐﾂｼﾝｸﾐ,017,ｱﾏﾊ
2190,ｷﾐﾂｼﾝｸﾐ,018,ﾋﾗｶﾜ
2190,ｷﾐﾂｼﾝｸﾐ,019,ﾎﾝﾃﾝ
2190,ｷﾐﾂｼﾝｸﾐ,020,ｷﾞｵﾝ
2190,ｷﾐﾂｼﾝｸﾐ,021,ﾋｶﾞｼｵｵﾀ
2190,ｷﾐﾂｼﾝｸﾐ,022,ｺﾔｽ
2190,ｷﾐﾂｼﾝｸﾐ,023,ｺﾞｲ
2190,ｷﾐﾂｼﾝｸﾐ,024,ﾔﾜﾀ
2190,ｷﾐﾂｼﾝｸﾐ,094,ﾀﾃﾔﾏ
2202,ｾﾞﾝﾄｳｴｲｼﾝｸﾐ,002,ﾎﾝﾃﾝ
2202,ｾﾞﾝﾄｳｴｲｼﾝｸﾐ,003,ｾﾀｶﾞﾔ
2202,ｾﾞﾝﾄｳｴｲｼﾝｸﾐ,004,ﾐｽｼﾞﾏﾁ
2202,ｾﾞﾝﾄｳｴｲｼﾝｸﾐ,005,ﾋｶﾞｼﾅｶﾞｻｷ
2202,ｾﾞﾝﾄｳｴｲｼﾝｸﾐ,006,ｼﾌﾞﾔﾎﾝﾏﾁ
2202,ｾﾞﾝﾄｳｴｲｼﾝｸﾐ,007,ｵｵﾓﾘ
2202,ｾﾞﾝﾄｳｴｲｼﾝｸﾐ,008,ｼﾞﾕｳｼﾞﾖｳ
2202,ｾﾞﾝﾄｳｴｲｼﾝｸﾐ,009,ﾆｼｱﾗｲ
2202,ｾﾞﾝﾄｳｴｲｼﾝｸﾐ,010,ｼﾓｲﾀﾊﾞｼ
2202,ｾﾞﾝﾄｳｴｲｼﾝｸﾐ,011,ﾄﾈﾘ
2210,ﾄｳﾖｸｼﾝｸﾐ,001,ﾎﾝﾃﾝ
2211,ﾌﾞﾝｶｻﾝｷﾞﾖｳｼﾝｸﾐ,001,ﾎﾝﾃﾝ
2213,ｾｲﾘｶｲｼﾕｳｷｺｳ,001,ｷﾞﾖｳﾑｷｶｸﾌﾞ
2215,ﾄｳｷﾖｳｼﾖｳｹﾝｼﾝｸﾐ,001,ﾎﾝﾃﾝ
2224,ﾄｳｷﾖｳｺｳｾｲｼﾝｸﾐ,001,ﾎﾝﾃﾝ
2224,ﾄｳｷﾖｳｺｳｾｲｼﾝｸﾐ,003,ｺﾀﾞｲﾗ
2224,ﾄｳｷﾖｳｺｳｾｲｼﾝｸﾐ,004,ｵｳﾒ
2224,ﾄｳｷﾖｳｺｳｾｲｼﾝｸﾐ,005,ｱｻｸｻ
2226,ｱﾂﾞﾏｼﾝｸﾐ,001,ﾎﾝﾃﾝ
2226,ｱﾂﾞﾏｼﾝｸﾐ,002,ﾃﾗｼﾞﾏ
2226,ｱﾂﾞﾏｼﾝｸﾐ,003,ｶﾂｼｶ
2226,ｱﾂﾞﾏｼﾝｸﾐ,004,ﾎﾝｼﾞﾖ
2229,ｺｳﾄｳｼﾝｸﾐ,001,ﾎﾝﾃﾝ
2229,ｺｳﾄｳｼﾝｸﾐ,002,ｽｻｷ
2229,ｺｳﾄｳｼﾝｸﾐ,003,ｴﾄﾞｶﾞﾜ
2229,ｺｳﾄｳｼﾝｸﾐ,004,ｳｴﾉ
2229,ｺｳﾄｳｼﾝｸﾐ,006,ｱﾔｾ
2229,ｺｳﾄｳｼﾝｸﾐ,007,ﾓﾘｼﾀ
2229,ｺｳﾄｳｼﾝｸﾐ,009,ﾄﾖｽ
2231,ｾｲﾜｼﾝｸﾐ,001,ﾎﾝﾃﾝ
2231,ｾｲﾜｼﾝｸﾐ,002,ｼﾝｺｲﾜ
2231,ｾｲﾜｼﾝｸﾐ,003,ｹｲｾｲｺｲﾜ
2231,ｾｲﾜｼﾝｸﾐ,004,ｺﾞﾀﾝﾉ
2231,ｾｲﾜｼﾝｸﾐ,005,ﾎｿﾀﾞ
2231,ｾｲﾜｼﾝｸﾐ,006,ｼﾊﾞﾏﾀ
2231,ｾｲﾜｼﾝｸﾐ,007,ｵｸﾄﾞ
2231,ｾｲﾜｼﾝｸﾐ,008,ｼﾝｼﾊﾞﾏﾀｴｷﾏｴ
2231,ｾｲﾜｼﾝｸﾐ,088,ｱｵｿﾞﾗ
2235,ﾅｶﾉｺﾞｳｼﾝｸﾐ,001,ﾎﾝﾃﾝ
2235,ﾅｶﾉｺﾞｳｼﾝｸﾐ,002,ﾃﾗｼﾞﾏ
2235,ﾅｶﾉｺﾞｳｼﾝｸﾐ,003,ｶﾂｼｶ
2235,ﾅｶﾉｺﾞｳｼﾝｸﾐ,004,ﾀｷﾉｶﾞﾜ
2235,ﾅｶﾉｺﾞｳｼﾝｸﾐ,005,ｵｵﾓﾘ
2235,ﾅｶﾉｺﾞｳｼﾝｸﾐ,006,ｶﾈｶﾞﾌﾁ
2235,ﾅｶﾉｺﾞｳｼﾝｸﾐ,007,ｲｼﾊﾗ
2235,ﾅｶﾉｺﾞｳｼﾝｸﾐ,008,ﾎﾘｷﾘ
2235,ﾅｶﾉｺﾞｳｼﾝｸﾐ,009,ﾀﾁﾊﾞﾅ
2235,ﾅｶﾉｺﾞｳｼﾝｸﾐ,010,ﾐﾅﾐｺｲﾜ
2235,ﾅｶﾉｺﾞｳｼﾝｸﾐ,011,ﾀﾃｲｼ
2235,ﾅｶﾉｺﾞｳｼﾝｸﾐ,012,ｼﾝｺｲﾜ
2235,ﾅｶﾉｺﾞｳｼﾝｸﾐ,013,ｺｲｼｶﾜ
2235,ﾅｶﾉｺﾞｳｼﾝｸﾐ,014,ｴﾄﾞｶﾞﾜﾊﾞｼ
2235,ﾅｶﾉｺﾞｳｼﾝｸﾐ,015,ｲﾀﾊﾞｼ
2235,ﾅｶﾉｺﾞｳｼﾝｸﾐ,016,ﾐｻｷﾁﾖｳ
2235,ﾅｶﾉｺﾞｳｼﾝｸﾐ,017,ｷﾖｳﾊﾞｼ
2241,ｷﾖｳﾘﾂｼﾝｸﾐ,011,ﾎﾝﾃﾝ
2241,ｷﾖｳﾘﾂｼﾝｸﾐ,012,ﾔｸﾞﾁ
2241,ｷﾖｳﾘﾂｼﾝｸﾐ,013,ｺｳｼﾞﾔ
2241,ｷﾖｳﾘﾂｼﾝｸﾐ,014,ｾﾝｿﾞｸｲｹ
2241,ｷﾖｳﾘﾂｼﾝｸﾐ,015,ｵｵｵｶﾔﾏ
2241,ｷﾖｳﾘﾂｼﾝｸﾐ,016,ﾅｶﾉﾌﾞｴｷﾏｴ
2241,ｷﾖｳﾘﾂｼﾝｸﾐ,018,ﾖｳｶﾞ
2241,ｷﾖｳﾘﾂｼﾝｸﾐ,019,ﾛｸｺﾞｳ
2241,ｷﾖｳﾘﾂｼﾝｸﾐ,020,ｶﾏﾀ
2241,ｷﾖｳﾘﾂｼﾝｸﾐ,021,ﾑｻｼﾆﾂﾀ
2241,ｷﾖｳﾘﾂｼﾝｸﾐ,023,ﾄｺﾞｼ
2241,ｷﾖｳﾘﾂｼﾝｸﾐ,024,ﾆｼｶﾏﾀ
2241,ｷﾖｳﾘﾂｼﾝｸﾐ,025,ｿﾞｳｼｷ
2241,ｷﾖｳﾘﾂｼﾝｸﾐ,026,ｵｵﾓﾘ
2241,ｷﾖｳﾘﾂｼﾝｸﾐ,027,ﾍｲﾜｼﾞﾏ
2241,ｷﾖｳﾘﾂｼﾝｸﾐ,028,ﾏｴﾉｳﾗ
2243,ｼﾁﾄｳｼﾝｸﾐ,001,ﾎﾝﾃﾝ
2243,ｼﾁﾄｳｼﾝｸﾐ,003,ﾆｲｼﾞﾏ
2243,ｼﾁﾄｳｼﾝｸﾐ,004,ｺｳﾂﾞｼﾏ
2243,ｼﾁﾄｳｼﾝｸﾐ,005,ﾐﾔｹｼﾞﾏ
2243,ｼﾁﾄｳｼﾝｸﾐ,006,ﾊﾁｼﾞﾖｳｼﾞﾏ
2243,ｼﾁﾄｳｼﾝｸﾐ,008,ｵｶﾞｻﾜﾗ
2243,ｼﾁﾄｳｼﾝｸﾐ,009,ﾄｳｷﾖｳ
2248,ﾀﾞｲﾄｳｷﾖｳｼﾝｸﾐ,001,ｼﾅｶﾞﾜｴｷﾋｶﾞｼｸﾞﾁ
2248,ﾀﾞｲﾄｳｷﾖｳｼﾝｸﾐ,002,ﾎﾝﾃﾝ
2248,ﾀﾞｲﾄｳｷﾖｳｼﾝｸﾐ,003,ｼﾞﾕｳｼﾞﾖｳ
2248,ﾀﾞｲﾄｳｷﾖｳｼﾝｸﾐ,004,ﾒｸﾞﾛ
2248,ﾀﾞｲﾄｳｷﾖｳｼﾝｸﾐ,005,ｺｳｴﾝｼﾞ
2248,ﾀﾞｲﾄｳｷﾖｳｼﾝｸﾐ,006,ｶﾒｲﾄﾞ
2248,ﾀﾞｲﾄｳｷﾖｳｼﾝｸﾐ,007,ｶﾏﾀ
2248,ﾀﾞｲﾄｳｷﾖｳｼﾝｸﾐ,008,ﾆﾂﾎﾟﾘ
2248,ﾀﾞｲﾄｳｷﾖｳｼﾝｸﾐ,009,ｼﾝｼﾞﾕｸ
2248,ﾀﾞｲﾄｳｷﾖｳｼﾝｸﾐ,010,ｻﾝｹﾞﾝﾁﾞﾔﾔ
2248,ﾀﾞｲﾄｳｷﾖｳｼﾝｸﾐ,011,ｼﾝｺｲﾜ
2248,ﾀﾞｲﾄｳｷﾖｳｼﾝｸﾐ,012,ｵｵﾂｶ
2248,ﾀﾞｲﾄｳｷﾖｳｼﾝｸﾐ,013,ｷﾞﾝｻﾞ
2248,ﾀﾞｲﾄｳｷﾖｳｼﾝｸﾐ,014,ｷﾁｼﾞﾖｳｼﾞ
2248,ﾀﾞｲﾄｳｷﾖｳｼﾝｸﾐ,015,ｴﾋﾞｽ
2248,ﾀﾞｲﾄｳｷﾖｳｼﾝｸﾐ,016,ﾄｷﾜﾀﾞｲ
2248,ﾀﾞｲﾄｳｷﾖｳｼﾝｸﾐ,018,ﾄｺﾞｼ
2248,ﾀﾞｲﾄｳｷﾖｳｼﾝｸﾐ,019,ﾌﾁﾕｳ
2248,ﾀﾞｲﾄｳｷﾖｳｼﾝｸﾐ,020,ｵｼｱｹﾞ
2248,ﾀﾞｲﾄｳｷﾖｳｼﾝｸﾐ,021,ﾀﾏﾁｴｷﾏｴ
2248,ﾀﾞｲﾄｳｷﾖｳｼﾝｸﾐ,022,ｴﾊﾞﾗﾏﾁｴｷﾏｴ
2248,ﾀﾞｲﾄｳｷﾖｳｼﾝｸﾐ,023,ﾌﾂｻ
2248,ﾀﾞｲﾄｳｷﾖｳｼﾝｸﾐ,025,ｼﾅｶﾞﾜ
2248,ﾀﾞｲﾄｳｷﾖｳｼﾝｸﾐ,027,ﾆｼｶﾏﾀ
2248,ﾀﾞｲﾄｳｷﾖｳｼﾝｸﾐ,029,ｵｵｲ
2248,ﾀﾞｲﾄｳｷﾖｳｼﾝｸﾐ,031,ﾊﾁｵｳｼﾞ
2248,ﾀﾞｲﾄｳｷﾖｳｼﾝｸﾐ,032,ﾋﾉ
2248,ﾀﾞｲﾄｳｷﾖｳｼﾝｸﾐ,034,ﾆｼﾊﾁ
2248,ﾀﾞｲﾄｳｷﾖｳｼﾝｸﾐ,035,ｲｼｶﾜ
2248,ﾀﾞｲﾄｳｷﾖｳｼﾝｸﾐ,036,ｱｵﾔﾏ
2248,ﾀﾞｲﾄｳｷﾖｳｼﾝｸﾐ,037,ﾎｳﾔ
2248,ﾀﾞｲﾄｳｷﾖｳｼﾝｸﾐ,038,ﾀﾁｶﾜ
2248,ﾀﾞｲﾄｳｷﾖｳｼﾝｸﾐ,039,ﾎﾘﾉｳﾁ
2248,ﾀﾞｲﾄｳｷﾖｳｼﾝｸﾐ,044,ﾐﾀｶ
2248,ﾀﾞｲﾄｳｷﾖｳｼﾝｸﾐ,045,ﾋｶﾞｼﾔﾏﾄ
2248,ﾀﾞｲﾄｳｷﾖｳｼﾝｸﾐ,046,ｵｷﾞｸﾎﾞ
2248,ﾀﾞｲﾄｳｷﾖｳｼﾝｸﾐ,047,ﾌｼﾞﾐﾀﾞｲ
2248,ﾀﾞｲﾄｳｷﾖｳｼﾝｸﾐ,121,ｱｻｸｻ
2248,ﾀﾞｲﾄｳｷﾖｳｼﾝｸﾐ,124,ｱﾀﾞﾁ
2254,ﾀﾞｲｲﾁｶﾝｷﾞﾖｳｼﾝｸﾐ,001,ｶｸﾞﾗｻﾞｶ
2254,ﾀﾞｲｲﾁｶﾝｷﾞﾖｳｼﾝｸﾐ,002,ｽﾐﾀﾞ
2254,ﾀﾞｲｲﾁｶﾝｷﾞﾖｳｼﾝｸﾐ,003,ｽｶﾞﾓ
2254,ﾀﾞｲｲﾁｶﾝｷﾞﾖｳｼﾝｸﾐ,004,ｳｸﾞｲｽﾀﾞﾆ
2254,ﾀﾞｲｲﾁｶﾝｷﾞﾖｳｼﾝｸﾐ,005,ｵｸﾞ
2254,ﾀﾞｲｲﾁｶﾝｷﾞﾖｳｼﾝｸﾐ,006,ｾﾝﾀﾞﾏﾁ
2254,ﾀﾞｲｲﾁｶﾝｷﾞﾖｳｼﾝｸﾐ,007,ﾑｺｳｼﾞﾏ
2254,ﾀﾞｲｲﾁｶﾝｷﾞﾖｳｼﾝｸﾐ,008,ｶﾒｱﾘ
2254,ﾀﾞｲｲﾁｶﾝｷﾞﾖｳｼﾝｸﾐ,009,ﾒｼﾞﾛ
2254,ﾀﾞｲｲﾁｶﾝｷﾞﾖｳｼﾝｸﾐ,010,ﾋｶﾞｼｱｻｸｻ
2254,ﾀﾞｲｲﾁｶﾝｷﾞﾖｳｼﾝｸﾐ,012,ﾊﾈﾀﾞ
2254,ﾀﾞｲｲﾁｶﾝｷﾞﾖｳｼﾝｸﾐ,013,ﾋｶﾞｼｼﾞﾕｳｼﾞﾖｳ
2254,ﾀﾞｲｲﾁｶﾝｷﾞﾖｳｼﾝｸﾐ,014,ﾒｸﾞﾛ
2254,ﾀﾞｲｲﾁｶﾝｷﾞﾖｳｼﾝｸﾐ,015,ﾋｶﾞｼｷﾞﾝｻﾞ
2254,ﾀﾞｲｲﾁｶﾝｷﾞﾖｳｼﾝｸﾐ,016,ｵｵﾓﾘｴｷﾏｴ
2254,ﾀﾞｲｲﾁｶﾝｷﾞﾖｳｼﾝｸﾐ,017,ｱｷﾊﾊﾞﾗ
2254,ﾀﾞｲｲﾁｶﾝｷﾞﾖｳｼﾝｸﾐ,018,ｱｵﾄ
2254,ﾀﾞｲｲﾁｶﾝｷﾞﾖｳｼﾝｸﾐ,020,ﾐｽﾞﾓﾄ
2254,ﾀﾞｲｲﾁｶﾝｷﾞﾖｳｼﾝｸﾐ,022,ﾅｶﾉｼﾝﾊﾞｼ
2254,ﾀﾞｲｲﾁｶﾝｷﾞﾖｳｼﾝｸﾐ,024,ｾﾝﾀﾞｶﾞﾔ
2254,ﾀﾞｲｲﾁｶﾝｷﾞﾖｳｼﾝｸﾐ,027,ｼﾉｻﾞｷ
2254,ﾀﾞｲｲﾁｶﾝｷﾞﾖｳｼﾝｸﾐ,091,ﾎﾝﾃﾝ
2271,ｹｲｼﾁﾖｳｼﾖｸｲﾝｼﾝｸﾐ,001,ﾎﾝﾃﾝ
2271,ｹｲｼﾁﾖｳｼﾖｸｲﾝｼﾝｸﾐ,002,ｸﾅｲﾁﾖｳ
2271,ｹｲｼﾁﾖｳｼﾖｸｲﾝｼﾝｸﾐ,003,ｼﾌﾞﾔ
2271,ｹｲｼﾁﾖｳｼﾖｸｲﾝｼﾝｸﾐ,004,ｼﾝｼﾞﾕｸ
2271,ｹｲｼﾁﾖｳｼﾖｸｲﾝｼﾝｸﾐ,005,ｲｹﾌﾞｸﾛ
2271,ｹｲｼﾁﾖｳｼﾖｸｲﾝｼﾝｸﾐ,006,ｳｴﾉ
2271,ｹｲｼﾁﾖｳｼﾖｸｲﾝｼﾝｸﾐ,008,ﾀﾁｶﾜ
2274,ﾄｳｷﾖｳｼﾖｳﾎﾞｳｼﾝｸﾐ,001,ﾎﾝﾃﾝ
2274,ﾄｳｷﾖｳｼﾖｳﾎﾞｳｼﾝｸﾐ,002,ﾀﾁｶﾜ
2274,ﾄｳｷﾖｳｼﾖｳﾎﾞｳｼﾝｸﾐ,003,ﾊﾀｶﾞﾔ
2276,ﾄｳｷﾖｳﾄｼﾖｸｲﾝｼﾝｸﾐ,001,ﾎﾝﾃﾝ
2277,ﾊﾅｼﾝｸﾐ,001,ﾎﾝﾃﾝ
2277,ﾊﾅｼﾝｸﾐ,002,ｺﾞﾀﾝﾀﾞ
2277,ﾊﾅｼﾝｸﾐ,003,ｳｴﾉ
2277,ﾊﾅｼﾝｸﾐ,005,ﾀﾁｶﾜ
2277,ﾊﾅｼﾝｸﾐ,006,ｶﾒｲﾄﾞ
2277,ﾊﾅｼﾝｸﾐ,007,ｲｹﾌﾞｸﾛ
2277,ﾊﾅｼﾝｸﾐ,021,ﾏﾂﾓﾄ
2277,ﾊﾅｼﾝｸﾐ,041,ﾁﾊﾞ
2277,ﾊﾅｼﾝｸﾐ,052,ｶﾜｻｷ
2277,ﾊﾅｼﾝｸﾐ,055,ﾔﾏﾄ
2277,ﾊﾅｼﾝｸﾐ,058,ﾖｺﾊﾏ
2277,ﾊﾅｼﾝｸﾐ,061,ﾐﾄ
2277,ﾊﾅｼﾝｸﾐ,064,ｳﾂﾉﾐﾔ
2277,ﾊﾅｼﾝｸﾐ,066,ﾀｶｻｷ
2277,ﾊﾅｼﾝｸﾐ,068,ｻｲﾀﾏ
2277,ﾊﾅｼﾝｸﾐ,072,ｸﾏｶﾞﾔ
2277,ﾊﾅｼﾝｸﾐ,087,ﾐﾗｲ
2304,ｶﾅｶﾞﾜｹﾝｲｼｼﾝｸﾐ,001,ﾎﾝﾃﾝ
2304,ｶﾅｶﾞﾜｹﾝｲｼｼﾝｸﾐ,002,ｶﾜｻｷ
2304,ｶﾅｶﾞﾜｹﾝｲｼｼﾝｸﾐ,003,ｻｶﾞﾐﾊﾗ
2304,ｶﾅｶﾞﾜｹﾝｲｼｼﾝｸﾐ,004,ﾋﾗﾂｶ
2305,ｶﾅｶﾞﾜｹﾝｼｶｲｼｼﾝｸﾐ,001,ﾎﾝﾃﾝ
2305,ｶﾅｶﾞﾜｹﾝｼｶｲｼｼﾝｸﾐ,002,ﾋﾗﾂｶ
2306,ﾖｺﾊﾏｺｳｷﾞﾝｼﾝｸﾐ,001,ﾎﾝﾃﾝ
2306,ﾖｺﾊﾏｺｳｷﾞﾝｼﾝｸﾐ,002,ｶﾜｻｷ
2306,ﾖｺﾊﾏｺｳｷﾞﾝｼﾝｸﾐ,003,ﾖｺｽｶ
2306,ﾖｺﾊﾏｺｳｷﾞﾝｼﾝｸﾐ,004,ﾋﾗﾂｶ
2306,ﾖｺﾊﾏｺｳｷﾞﾝｼﾝｸﾐ,007,ﾔﾏﾄ
2306,ﾖｺﾊﾏｺｳｷﾞﾝｼﾝｸﾐ,009,ｼｽﾞｵｶ
2306,ﾖｺﾊﾏｺｳｷﾞﾝｼﾝｸﾐ,012,ﾐﾄ
2306,ﾖｺﾊﾏｺｳｷﾞﾝｼﾝｸﾐ,014,ﾁﾊﾞ
2306,ﾖｺﾊﾏｺｳｷﾞﾝｼﾝｸﾐ,015,ﾌﾅﾊﾞｼ
2306,ﾖｺﾊﾏｺｳｷﾞﾝｼﾝｸﾐ,022,ﾌｸｲ
2306,ﾖｺﾊﾏｺｳｷﾞﾝｼﾝｸﾐ,024,ﾄﾔﾏ
2306,ﾖｺﾊﾏｺｳｷﾞﾝｼﾝｸﾐ,025,ｶﾅｻﾞﾜ
2306,ﾖｺﾊﾏｺｳｷﾞﾝｼﾝｸﾐ,031,ﾏﾂﾓﾄ
2306,ﾖｺﾊﾏｺｳｷﾞﾝｼﾝｸﾐ,032,ｳｴﾀﾞ
2306,ﾖｺﾊﾏｺｳｷﾞﾝｼﾝｸﾐ,033,ｽﾜ
2306,ﾖｺﾊﾏｺｳｷﾞﾝｼﾝｸﾐ,035,ﾏｴﾊﾞｼ
2306,ﾖｺﾊﾏｺｳｷﾞﾝｼﾝｸﾐ,037,ｳﾂﾉﾐﾔ
2306,ﾖｺﾊﾏｺｳｷﾞﾝｼﾝｸﾐ,038,ﾆｲｶﾞﾀ
2306,ﾖｺﾊﾏｺｳｷﾞﾝｼﾝｸﾐ,041,ﾌｸｵｶ
2306,ﾖｺﾊﾏｺｳｷﾞﾝｼﾝｸﾐ,042,ｷﾀｷﾕｳｼﾕｳ
2306,ﾖｺﾊﾏｺｳｷﾞﾝｼﾝｸﾐ,043,ｲｲﾂﾞｶ
2306,ﾖｺﾊﾏｺｳｷﾞﾝｼﾝｸﾐ,044,ﾋｶﾞｼﾌｸｵｶ
2306,ﾖｺﾊﾏｺｳｷﾞﾝｼﾝｸﾐ,045,ｸﾏﾓﾄ
2306,ﾖｺﾊﾏｺｳｷﾞﾝｼﾝｸﾐ,046,ｸﾏﾓﾄｹﾝﾁﾖｳﾄﾞｵﾘ
2306,ﾖｺﾊﾏｺｳｷﾞﾝｼﾝｸﾐ,047,ｵｵｲﾀ
2306,ﾖｺﾊﾏｺｳｷﾞﾝｼﾝｸﾐ,048,ｻｶﾞ
2306,ﾖｺﾊﾏｺｳｷﾞﾝｼﾝｸﾐ,049,ﾌｸｵｶﾃﾝｼﾞﾝ
2306,ﾖｺﾊﾏｺｳｷﾞﾝｼﾝｸﾐ,051,ｵｶﾔﾏ
2306,ﾖｺﾊﾏｺｳｷﾞﾝｼﾝｸﾐ,052,ｸﾗｼｷ
2306,ﾖｺﾊﾏｺｳｷﾞﾝｼﾝｸﾐ,200,ﾂﾊﾞｻ
2307,ﾖｺﾊﾏｶｷﾞﾝｼﾝｸﾐ,001,ﾎﾝﾃﾝ
2315,ｵﾀﾞﾜﾗﾀﾞｲｲﾁｼﾝｸﾐ,001,ﾎﾝﾃﾝ
2315,ｵﾀﾞﾜﾗﾀﾞｲｲﾁｼﾝｸﾐ,002,ｶﾓﾉﾐﾔ
2315,ｵﾀﾞﾜﾗﾀﾞｲｲﾁｼﾝｸﾐ,003,ﾐﾅﾐｱｼｶﾞﾗ
2318,ｿｳｱｲｼﾝｸﾐ,001,ﾊﾝﾊﾞﾗ
2318,ｿｳｱｲｼﾝｸﾐ,002,ｿｳﾎｸ
2318,ｿｳｱｲｼﾝｸﾐ,003,ﾎﾝﾃﾝ
2318,ｿｳｱｲｼﾝｸﾐ,006,ﾂｸｲｺ
2332,ｼｽﾞｵｶｹﾝｲｼｼﾝｸﾐ,001,ﾎﾝﾃﾝ
2351,ﾆｲｶﾞﾀｹﾝｼﾝｸﾐ,002,ﾎﾝﾃﾝ
2351,ﾆｲｶﾞﾀｹﾝｼﾝｸﾐ,003,ﾋｶﾞｼﾎﾞﾘ
2351,ﾆｲｶﾞﾀｹﾝｼﾝｸﾐ,004,ﾆｲｶﾞﾀｴｷﾏｴ
2351,ﾆｲｶﾞﾀｹﾝｼﾝｸﾐ,005,ﾔﾏｷﾄﾞ
2351,ﾆｲｶﾞﾀｹﾝｼﾝｸﾐ,007,ｺﾊﾞﾘ
2351,ﾆｲｶﾞﾀｹﾝｼﾝｸﾐ,008,ﾆｲﾂ
2351,ﾆｲｶﾞﾀｹﾝｼﾝｸﾐ,009,ﾑｲｶﾏﾁ
2351,ﾆｲｶﾞﾀｹﾝｼﾝｸﾐ,010,ﾕｻﾞﾜ
2351,ﾆｲｶﾞﾀｹﾝｼﾝｸﾐ,011,ﾖｼﾀﾞ
2351,ﾆｲｶﾞﾀｹﾝｼﾝｸﾐ,012,ﾔﾋｺ
2351,ﾆｲｶﾞﾀｹﾝｼﾝｸﾐ,013,ｵﾁﾞﾔ
2351,ﾆｲｶﾞﾀｹﾝｼﾝｸﾐ,014,ｺｲﾃﾞ
2351,ﾆｲｶﾞﾀｹﾝｼﾝｸﾐ,015,ｻﾝｼﾞﾖｳ
2351,ﾆｲｶﾞﾀｹﾝｼﾝｸﾐ,016,ﾄｳｶﾏﾁ
2351,ﾆｲｶﾞﾀｹﾝｼﾝｸﾐ,017,ｶﾜﾆｼ
2351,ﾆｲｶﾞﾀｹﾝｼﾝｸﾐ,018,ﾅｶｼﾞﾖｳ
2351,ﾆｲｶﾞﾀｹﾝｼﾝｸﾐ,019,ｱﾗｶﾜ
2351,ﾆｲｶﾞﾀｹﾝｼﾝｸﾐ,020,ｻﾜﾀﾞ
2351,ﾆｲｶﾞﾀｹﾝｼﾝｸﾐ,021,ﾃﾗﾄﾞﾏﾘ
2351,ﾆｲｶﾞﾀｹﾝｼﾝｸﾐ,022,ﾐﾂｹ
2351,ﾆｲｶﾞﾀｹﾝｼﾝｸﾐ,023,ｲﾏﾏﾁ
2351,ﾆｲｶﾞﾀｹﾝｼﾝｸﾐ,024,ﾅｶﾞｵｶ
2351,ﾆｲｶﾞﾀｹﾝｼﾝｸﾐ,025,ｶｼﾜｻﾞｷ
2351,ﾆｲｶﾞﾀｹﾝｼﾝｸﾐ,026,ﾀｶﾀﾞ
2351,ﾆｲｶﾞﾀｹﾝｼﾝｸﾐ,027,ｼﾊﾞﾀ
2351,ﾆｲｶﾞﾀｹﾝｼﾝｸﾐ,028,ﾃﾗｵ
2351,ﾆｲｶﾞﾀｹﾝｼﾝｸﾐ,029,ﾔﾏﾄﾏﾁ
2351,ﾆｲｶﾞﾀｹﾝｼﾝｸﾐ,030,ﾄﾔﾉ
2351,ﾆｲｶﾞﾀｹﾝｼﾝｸﾐ,031,ﾊﾀﾉ
2351,ﾆｲｶﾞﾀｹﾝｼﾝｸﾐ,032,ｲｼﾔﾏ
2351,ﾆｲｶﾞﾀｹﾝｼﾝｸﾐ,033,ｹﾞｼﾞﾖｳ
2351,ﾆｲｶﾞﾀｹﾝｼﾝｸﾐ,034,ｻﾝｼﾞﾖｳﾋｶﾞｼ
2351,ﾆｲｶﾞﾀｹﾝｼﾝｸﾐ,035,ﾎﾘﾉｳﾁ
2351,ﾆｲｶﾞﾀｹﾝｼﾝｸﾐ,036,ﾅｶﾞｵｶﾆｼ
2351,ﾆｲｶﾞﾀｹﾝｼﾝｸﾐ,037,ﾖｼﾀﾞﾋｶﾞｼ
2351,ﾆｲｶﾞﾀｹﾝｼﾝｸﾐ,038,ﾂｷｵｶ
2351,ﾆｲｶﾞﾀｹﾝｼﾝｸﾐ,039,ﾃﾞｷｼﾞﾏ
2351,ﾆｲｶﾞﾀｹﾝｼﾝｸﾐ,040,ｶｽｶﾞﾔﾏ
2351,ﾆｲｶﾞﾀｹﾝｼﾝｸﾐ,041,ﾃﾗｵﾋｶﾞｼ
2351,ﾆｲｶﾞﾀｹﾝｼﾝｸﾐ,042,ﾖｼﾀﾞｷﾀ
2351,ﾆｲｶﾞﾀｹﾝｼﾝｸﾐ,043,ｾｲﾛｳ
2351,ﾆｲｶﾞﾀｹﾝｼﾝｸﾐ,044,ｵｷﾞｶﾜ
2351,ﾆｲｶﾞﾀｹﾝｼﾝｸﾐ,045,ﾅｶﾉｼﾏ
2356,ｺｳｴｲｼﾝｸﾐ,001,ﾎﾝﾃﾝ
2356,ｺｳｴｲｼﾝｸﾐ,002,ｵｵﾉ
2356,ｺｳｴｲｼﾝｸﾐ,003,ｱｶﾂｶ
2356,ｺｳｴｲｼﾝｸﾐ,004,ﾃﾗｵ
2356,ｺｳｴｲｼﾝｸﾐ,005,ｻｶﾔ
2357,ﾊﾊﾞﾀｷｼﾝｸﾐ,001,ﾎﾝﾃﾝ
2357,ﾊﾊﾞﾀｷｼﾝｸﾐ,002,ｳﾏｺｼ
2357,ﾊﾊﾞﾀｷｼﾝｸﾐ,003,ｵｵｶﾞﾀ
2357,ﾊﾊﾞﾀｷｼﾝｸﾐ,007,ｲﾅﾊﾞ
2357,ﾊﾊﾞﾀｷｼﾝｸﾐ,008,ﾖｺｺﾞｼ
2357,ﾊﾊﾞﾀｷｼﾝｸﾐ,021,ｱｶﾞﾉ
2357,ﾊﾊﾞﾀｷｼﾝｸﾐ,022,ﾔｽﾀﾞ
2357,ﾊﾊﾞﾀｷｼﾝｸﾐ,024,ﾄﾖｻｶ
2357,ﾊﾊﾞﾀｷｼﾝｸﾐ,031,ｺﾞｾﾝ
2357,ﾊﾊﾞﾀｷｼﾝｸﾐ,032,ﾑﾗﾏﾂ
2357,ﾊﾊﾞﾀｷｼﾝｸﾐ,034,ﾆｲﾂ
2357,ﾊﾊﾞﾀｷｼﾝｸﾐ,051,ｻﾝｼﾞﾖｳ
2357,ﾊﾊﾞﾀｷｼﾝｸﾐ,052,ｼﾀﾀﾞ
2357,ﾊﾊﾞﾀｷｼﾝｸﾐ,054,ｻｶｴ
2357,ﾊﾊﾞﾀｷｼﾝｸﾐ,055,ｻﾝｼﾞﾖｳﾐﾅﾐ
2357,ﾊﾊﾞﾀｷｼﾝｸﾐ,057,ｲﾏﾏﾁ
2360,ｷﾖｳｴｲｼﾝｸﾐ,001,ﾅｶﾏﾁ
2360,ｷﾖｳｴｲｼﾝｸﾐ,002,ﾁﾕｳｵｳﾄﾞｵﾘ
2360,ｷﾖｳｴｲｼﾝｸﾐ,003,ﾐﾅﾐ
2360,ｷﾖｳｴｲｼﾝｸﾐ,004,ﾆｲﾀﾞ
2360,ｷﾖｳｴｲｼﾝｸﾐ,005,ｼﾛﾈ
2360,ｷﾖｳｴｲｼﾝｸﾐ,007,ｺｽﾄﾞ
2360,ｷﾖｳｴｲｼﾝｸﾐ,008,ﾖｼﾀﾞ
2360,ｷﾖｳｴｲｼﾝｸﾐ,009,ﾀｶﾞﾐ
2360,ｷﾖｳｴｲｼﾝｸﾐ,010,ｺｲｹ
2360,ｷﾖｳｴｲｼﾝｸﾐ,011,ｺﾅｶｶﾞﾜ
2360,ｷﾖｳｴｲｼﾝｸﾐ,012,ﾐﾅﾐﾖｼﾀﾞ
2360,ｷﾖｳｴｲｼﾝｸﾐ,013,ｶﾓ
2360,ｷﾖｳｴｲｼﾝｸﾐ,014,ﾎﾝﾃﾝ
2360,ｷﾖｳｴｲｼﾝｸﾐ,015,ﾅｶﾉｸﾁ
2362,ﾏｷｼﾝｸﾐ,001,ﾎﾝﾃﾝ
2362,ﾏｷｼﾝｸﾐ,002,ﾆｼｶﾞﾜ
2362,ﾏｷｼﾝｸﾐ,003,ｲﾜﾑﾛ
2362,ﾏｷｼﾝｸﾐ,004,ｳﾙｼﾔﾏ
2362,ﾏｷｼﾝｸﾐ,006,ﾏﾂﾉｵ
2362,ﾏｷｼﾝｸﾐ,007,ﾂｷｶﾞﾀ
2362,ﾏｷｼﾝｸﾐ,008,ﾎﾝﾁﾖｳ
2362,ﾏｷｼﾝｸﾐ,009,ﾆｼﾆｲｶﾞﾀ
2363,ﾆｲｶﾞﾀﾀﾞｲｴｲｼﾝｸﾐ,002,ﾎﾝﾃﾝ
2363,ﾆｲｶﾞﾀﾀﾞｲｴｲｼﾝｸﾐ,003,ﾖｲﾀ
2363,ﾆｲｶﾞﾀﾀﾞｲｴｲｼﾝｸﾐ,004,ﾜｼﾞﾏ
2363,ﾆｲｶﾞﾀﾀﾞｲｴｲｼﾝｸﾐ,005,ｲｽﾞﾓｻﾞｷ
2363,ﾆｲｶﾞﾀﾀﾞｲｴｲｼﾝｸﾐ,006,ﾔｽﾀﾞ
2363,ﾆｲｶﾞﾀﾀﾞｲｴｲｼﾝｸﾐ,007,ｵｸﾞﾆ
2363,ﾆｲｶﾞﾀﾀﾞｲｴｲｼﾝｸﾐ,008,ｶｼﾜｻﾞｷ
2363,ﾆｲｶﾞﾀﾀﾞｲｴｲｼﾝｸﾐ,009,ﾆｼﾔﾏ
2363,ﾆｲｶﾞﾀﾀﾞｲｴｲｼﾝｸﾐ,010,ﾃﾗﾄﾞﾏﾘ
2363,ﾆｲｶﾞﾀﾀﾞｲｴｲｼﾝｸﾐ,011,ｱｲｶﾜ
2365,ﾕｷｸﾞﾆｼﾝｸﾐ,101,ﾎﾝﾃﾝ
2365,ﾕｷｸﾞﾆｼﾝｸﾐ,102,ｲｼｳﾁ
2365,ﾕｷｸﾞﾆｼﾝｸﾐ,103,ｲﾂｶﾏﾁ
2365,ﾕｷｸﾞﾆｼﾝｸﾐ,104,ﾂﾅﾝ
2365,ﾕｷｸﾞﾆｼﾝｸﾐ,105,ｺｲﾃﾞｺﾞｳ
2366,ｲﾄｲｶﾞﾜｼﾝｸﾐ,001,ﾎﾝﾃﾝ
2366,ｲﾄｲｶﾞﾜｼﾝｸﾐ,002,ｵｳﾐ
2366,ｲﾄｲｶﾞﾜｼﾝｸﾐ,003,ｼﾞﾖｳｴﾂ
2366,ｲﾄｲｶﾞﾜｼﾝｸﾐ,004,ｶｼﾞﾔｼｷ
2366,ｲﾄｲｶﾞﾜｼﾝｸﾐ,005,ﾉｳ
2366,ｲﾄｲｶﾞﾜｼﾝｸﾐ,006,ﾎﾝﾁﾖｳ
2377,ﾔﾏﾅｼｹﾝﾐﾝｼﾝｸﾐ,101,ﾂﾙ
2377,ﾔﾏﾅｼｹﾝﾐﾝｼﾝｸﾐ,102,ﾌｼﾞﾖｼﾀﾞ
2377,ﾔﾏﾅｼｹﾝﾐﾝｼﾝｸﾐ,106,ｼﾓﾔ
2377,ﾔﾏﾅｼｹﾝﾐﾝｼﾝｸﾐ,123,ﾎﾝﾃﾝ
2377,ﾔﾏﾅｼｹﾝﾐﾝｼﾝｸﾐ,206,ﾀﾄﾐ
2377,ﾔﾏﾅｼｹﾝﾐﾝｼﾝｸﾐ,208,ｱｵﾇﾏ
2377,ﾔﾏﾅｼｹﾝﾐﾝｼﾝｸﾐ,210,ｼﾞﾖｳﾅﾝ
2377,ﾔﾏﾅｼｹﾝﾐﾝｼﾝｸﾐ,215,ｲｻﾜ
2377,ﾔﾏﾅｼｹﾝﾐﾝｼﾝｸﾐ,218,ﾅｶﾐﾁﾏﾁ
2377,ﾔﾏﾅｼｹﾝﾐﾝｼﾝｸﾐ,223,ｳｼﾛﾔ
2377,ﾔﾏﾅｼｹﾝﾐﾝｼﾝｸﾐ,224,ｴﾝｻﾞﾝ
2377,ﾔﾏﾅｼｹﾝﾐﾝｼﾝｸﾐ,227,ﾔﾏﾅｼ
2377,ﾔﾏﾅｼｹﾝﾐﾝｼﾝｸﾐ,301,ﾆﾗｻｷ
2377,ﾔﾏﾅｼｹﾝﾐﾝｼﾝｸﾐ,308,ﾅｶﾞｻｶ
2377,ﾔﾏﾅｼｹﾝﾐﾝｼﾝｸﾐ,311,ｶﾜｶﾐ
2377,ﾔﾏﾅｼｹﾝﾐﾝｼﾝｸﾐ,313,ﾘﾕｳﾅﾝ
2377,ﾔﾏﾅｼｹﾝﾐﾝｼﾝｸﾐ,314,ｸｼｶﾞﾀ
2377,ﾔﾏﾅｼｹﾝﾐﾝｼﾝｸﾐ,315,ｼｷｼﾏ
2377,ﾔﾏﾅｼｹﾝﾐﾝｼﾝｸﾐ,316,ﾐﾀﾞｲ
2377,ﾔﾏﾅｼｹﾝﾐﾝｼﾝｸﾐ,317,ｼﾖｳﾜ
2377,ﾔﾏﾅｼｹﾝﾐﾝｼﾝｸﾐ,501,ｶｼﾞｶｻﾞﾜ
2377,ﾔﾏﾅｼｹﾝﾐﾝｼﾝｸﾐ,504,ﾐﾉﾌﾞ
2377,ﾔﾏﾅｼｹﾝﾐﾝｼﾝｸﾐ,507,ﾅｶﾄﾐ
2378,ﾂﾙｼﾝｸﾐ,001,ﾎﾝﾃﾝ
2378,ﾂﾙｼﾝｸﾐ,002,ｺﾀﾞﾁ
2378,ﾂﾙｼﾝｸﾐ,003,ｶﾜｸﾞﾁｺ
2378,ﾂﾙｼﾝｸﾐ,004,ﾔﾏﾅｶｺ
2378,ﾂﾙｼﾝｸﾐ,005,ｱｽﾐ
2378,ﾂﾙｼﾝｸﾐ,006,ｵﾇﾏ
2378,ﾂﾙｼﾝｸﾐ,007,ｶﾂﾗ
2378,ﾂﾙｼﾝｸﾐ,008,ｵｵﾂｷ
2378,ﾂﾙｼﾝｸﾐ,009,ｶﾐﾖｼﾀﾞ
2378,ﾂﾙｼﾝｸﾐ,010,ｵｼﾉ
2378,ﾂﾙｼﾝｸﾐ,011,ﾔﾑﾗ
2378,ﾂﾙｼﾝｸﾐ,012,ﾀﾂｶﾞｵｶ
2378,ﾂﾙｼﾝｸﾐ,013,ﾌｼﾞﾖｼﾀﾞﾐﾅﾐ
2378,ﾂﾙｼﾝｸﾐ,014,ﾋﾗﾉ
2378,ﾂﾙｼﾝｸﾐ,016,ｶﾐﾔ
2378,ﾂﾙｼﾝｸﾐ,017,ｵｵｱｽﾐ
2378,ﾂﾙｼﾝｸﾐ,050,ﾌｼﾞﾐﾁﾖｳ
2378,ﾂﾙｼﾝｸﾐ,051,ｼﾝﾆｼﾊﾗ
2378,ﾂﾙｼﾝｸﾐ,052,ｻﾙﾊｼ
2378,ﾂﾙｼﾝｸﾐ,053,ｳｴﾉﾊﾗ
2378,ﾂﾙｼﾝｸﾐ,056,ｶｾｲ
2390,ﾅｶﾞﾉｹﾝｼﾝｸﾐ,031,ﾎﾝﾃﾝ
2390,ﾅｶﾞﾉｹﾝｼﾝｸﾐ,032,ﾋｶﾞｼ
2390,ﾅｶﾞﾉｹﾝｼﾝｸﾐ,033,ﾏﾂｼﾛ
2390,ﾅｶﾞﾉｹﾝｼﾝｸﾐ,034,ｺﾏｷ
2390,ﾅｶﾞﾉｹﾝｼﾝｸﾐ,035,ｲｲﾔﾏ
2390,ﾅｶﾞﾉｹﾝｼﾝｸﾐ,036,ﾔﾏﾉｳﾁ
2390,ﾅｶﾞﾉｹﾝｼﾝｸﾐ,037,ﾅｶﾉ
2390,ﾅｶﾞﾉｹﾝｼﾝｸﾐ,038,ｽｻﾞｶ
2390,ﾅｶﾞﾉｹﾝｼﾝｸﾐ,039,ｼﾉﾉｲ
2390,ﾅｶﾞﾉｹﾝｼﾝｸﾐ,040,ﾖｼﾀﾞ
2390,ﾅｶﾞﾉｹﾝｼﾝｸﾐ,041,ﾜｶｻﾄ
2390,ﾅｶﾞﾉｹﾝｼﾝｸﾐ,042,ｽｻﾞｶﾐﾅﾐ
2390,ﾅｶﾞﾉｹﾝｼﾝｸﾐ,043,ﾅｶｺﾞｴ
2390,ﾅｶﾞﾉｹﾝｼﾝｸﾐ,044,ﾅｶﾉﾆｼ
2390,ﾅｶﾞﾉｹﾝｼﾝｸﾐ,046,ｺｳﾎｸ
2390,ﾅｶﾞﾉｹﾝｼﾝｸﾐ,047,ﾀｶﾀﾞ
2390,ﾅｶﾞﾉｹﾝｼﾝｸﾐ,050,ｺｳｼﾖｸ
2390,ﾅｶﾞﾉｹﾝｼﾝｸﾐ,051,ﾄｸﾞﾗ
2390,ﾅｶﾞﾉｹﾝｼﾝｸﾐ,052,ｻｶｷ
2390,ﾅｶﾞﾉｹﾝｼﾝｸﾐ,053,ｳｴﾀﾞ
2390,ﾅｶﾞﾉｹﾝｼﾝｸﾐ,054,ｶﾐｼﾅ
2390,ﾅｶﾞﾉｹﾝｼﾝｸﾐ,055,ﾏﾙｺ
2390,ﾅｶﾞﾉｹﾝｼﾝｸﾐ,056,ﾓﾁﾂﾞｷ
2390,ﾅｶﾞﾉｹﾝｼﾝｸﾐ,057,ｺﾓﾛ
2390,ﾅｶﾞﾉｹﾝｼﾝｸﾐ,058,ﾉｻﾞﾜ
2390,ﾅｶﾞﾉｹﾝｼﾝｸﾐ,059,ｶﾙｲｻﾞﾜ
2390,ﾅｶﾞﾉｹﾝｼﾝｸﾐ,060,ｳｴﾀﾞﾊﾗ
2390,ﾅｶﾞﾉｹﾝｼﾝｸﾐ,061,ｲﾜﾑﾗﾀﾞ
2390,ﾅｶﾞﾉｹﾝｼﾝｸﾐ,062,ﾀﾃｼﾅ
2390,ﾅｶﾞﾉｹﾝｼﾝｸﾐ,068,ｼﾖｳﾅｲ
2390,ﾅｶﾞﾉｹﾝｼﾝｸﾐ,069,ﾎﾀｶ
2390,ﾅｶﾞﾉｹﾝｼﾝｸﾐ,071,ｵｵﾏﾁ
2390,ﾅｶﾞﾉｹﾝｼﾝｸﾐ,072,ｱﾂﾞﾐﾉ
2390,ﾅｶﾞﾉｹﾝｼﾝｸﾐ,073,ﾏﾂﾓﾄ
2390,ﾅｶﾞﾉｹﾝｼﾝｸﾐ,074,ｼﾞﾖｳﾄｳ
2390,ﾅｶﾞﾉｹﾝｼﾝｸﾐ,075,ﾏﾂﾓﾄﾐﾅﾐ
2390,ﾅｶﾞﾉｹﾝｼﾝｸﾐ,076,ﾏﾂﾓﾄﾆｼ
2390,ﾅｶﾞﾉｹﾝｼﾝｸﾐ,077,ｼｵｼﾞﾘ
2390,ﾅｶﾞﾉｹﾝｼﾝｸﾐ,078,ｷｿ
2390,ﾅｶﾞﾉｹﾝｼﾝｸﾐ,079,ﾑﾗｲ
2390,ﾅｶﾞﾉｹﾝｼﾝｸﾐ,081,ｵｶﾔ
2390,ﾅｶﾞﾉｹﾝｼﾝｸﾐ,082,ｽﾜ
2390,ﾅｶﾞﾉｹﾝｼﾝｸﾐ,083,ﾁﾉ
2390,ﾅｶﾞﾉｹﾝｼﾝｸﾐ,084,ｼﾓｽﾜ
2390,ﾅｶﾞﾉｹﾝｼﾝｸﾐ,085,ｽﾜﾐﾅﾐ
2390,ﾅｶﾞﾉｹﾝｼﾝｸﾐ,086,ｲﾅ
2390,ﾅｶﾞﾉｹﾝｼﾝｸﾐ,087,ｺﾏｶﾞﾈ
2390,ﾅｶﾞﾉｹﾝｼﾝｸﾐ,088,ｲｲﾀﾞ
2390,ﾅｶﾞﾉｹﾝｼﾝｸﾐ,089,ｶﾅｴ
2390,ﾅｶﾞﾉｹﾝｼﾝｸﾐ,090,ﾔﾜﾀ
2390,ﾅｶﾞﾉｹﾝｼﾝｸﾐ,091,ﾐﾔｶﾞﾜ
2390,ﾅｶﾞﾉｹﾝｼﾝｸﾐ,092,ﾐﾉﾜ
2402,ﾄﾔﾏｹﾝｲｼｼﾝｸﾐ,001,ﾎﾝﾃﾝ
2404,ﾄﾔﾏｹﾝｼﾝｸﾐ,001,ﾄﾅﾐ
2404,ﾄﾔﾏｹﾝｼﾝｸﾐ,003,ｼﾖｳｶﾞﾜｲﾅﾐ
2404,ﾄﾔﾏｹﾝｼﾝｸﾐ,004,ｼﾞﾖｳﾊﾅ
2404,ﾄﾔﾏｹﾝｼﾝｸﾐ,005,ﾄｲﾃﾞ
2404,ﾄﾔﾏｹﾝｼﾝｸﾐ,006,ﾌｸﾐﾂ
2404,ﾄﾔﾏｹﾝｼﾝｸﾐ,007,ﾎﾝﾃﾝ
2404,ﾄﾔﾏｹﾝｼﾝｸﾐ,011,ﾌｸﾉ
2404,ﾄﾔﾏｹﾝｼﾝｸﾐ,013,ｳｵﾂﾞ
2404,ﾄﾔﾏｹﾝｼﾝｸﾐ,031,ﾀｶｵｶ
2404,ﾄﾔﾏｹﾝｼﾝｸﾐ,038,ｲﾐｽﾞ
2411,ｶﾅｻﾞﾜﾁﾕｳｵｳｼﾝｸﾐ,001,ﾎﾝﾃﾝ
2411,ｶﾅｻﾞﾜﾁﾕｳｵｳｼﾝｸﾐ,002,ｲﾁﾊﾞ
2411,ｶﾅｻﾞﾜﾁﾕｳｵｳｼﾝｸﾐ,003,ｵｵﾉ
2417,ｲｼｶﾜｹﾝｲｼｼﾝｸﾐ,001,ﾎﾝﾃﾝ
2430,ﾌｸｾﾝｼﾝｸﾐ,001,ﾎﾝﾃﾝ
2435,ﾌｸｲｹﾝｲｼｼﾝｸﾐ,002,ﾎﾝﾃﾝ
2440,ﾏﾙﾊﾁｼﾝｸﾐ,001,ﾎﾝﾃﾝ
2442,ｱｲﾁｼﾖｳｷﾞﾝｼﾝｸﾐ,001,ﾎﾝﾃﾝ
2442,ｱｲﾁｼﾖｳｷﾞﾝｼﾝｸﾐ,002,ｵｶｻﾞｷ
2442,ｱｲﾁｼﾖｳｷﾞﾝｼﾝｸﾐ,003,ｲﾁﾉﾐﾔ
2442,ｱｲﾁｼﾖｳｷﾞﾝｼﾝｸﾐ,004,ｲﾏｲｹ
2442,ｱｲﾁｼﾖｳｷﾞﾝｼﾝｸﾐ,006,ﾄﾖﾊｼ
2442,ｱｲﾁｼﾖｳｷﾞﾝｼﾝｸﾐ,009,ｼﾊﾞﾀ
2442,ｱｲﾁｼﾖｳｷﾞﾝｼﾝｸﾐ,011,ｶｽｶﾞｲ
2442,ｱｲﾁｼﾖｳｷﾞﾝｼﾝｸﾐ,021,ﾂ
2443,ｱｲﾁｹﾝｹｲｻﾂｼﾝｸﾐ,001,ﾎﾝﾃﾝ
2444,ﾅｺﾞﾔｾｲｶﾌﾞﾂｼﾝｸﾐ,001,ﾎﾝﾃﾝ
2444,ﾅｺﾞﾔｾｲｶﾌﾞﾂｼﾝｸﾐ,002,ﾎﾝｼﾞﾖｳ
2446,ｱｲﾁｹﾝｲﾘﾖｳｼﾝｸﾐ,001,ﾎﾝﾃﾝ
2447,ｱｲﾁｹﾝｲｼｼﾝｸﾐ,001,ﾎﾝﾃﾝ
2448,ﾄﾖﾊｼｼﾖｳｺｳｼﾝｸﾐ,002,ﾎﾝﾃﾝ
2448,ﾄﾖﾊｼｼﾖｳｺｳｼﾝｸﾐ,003,ﾀﾊﾗ
2448,ﾄﾖﾊｼｼﾖｳｺｳｼﾝｸﾐ,004,ﾌｸｴ
2448,ﾄﾖﾊｼｼﾖｳｺｳｼﾝｸﾐ,005,ﾌﾀｶﾞﾜ
2448,ﾄﾖﾊｼｼﾖｳｺｳｼﾝｸﾐ,006,ｱｽﾞﾏﾀﾞ
2448,ﾄﾖﾊｼｼﾖｳｺｳｼﾝｸﾐ,007,ｱｶﾊﾞﾈ
2448,ﾄﾖﾊｼｼﾖｳｺｳｼﾝｸﾐ,008,ﾐﾅﾐｻｶｴ
2448,ﾄﾖﾊｼｼﾖｳｺｳｼﾝｸﾐ,010,ﾄﾖｶﾜ
2448,ﾄﾖﾊｼｼﾖｳｺｳｼﾝｸﾐ,011,ｼﾓｼﾞ
2448,ﾄﾖﾊｼｼﾖｳｺｳｼﾝｸﾐ,013,ﾏｷﾉ
2448,ﾄﾖﾊｼｼﾖｳｺｳｼﾝｸﾐ,014,ﾅｶﾔﾏ
2451,ｱｲﾁｹﾝﾁﾕｳｵｳｼﾝｸﾐ,001,ﾎﾝﾃﾝ
2451,ｱｲﾁｹﾝﾁﾕｳｵｳｼﾝｸﾐ,002,ﾂｼﾞ
2451,ｱｲﾁｹﾝﾁﾕｳｵｳｼﾝｸﾐ,003,ﾐﾅﾐ
2451,ｱｲﾁｹﾝﾁﾕｳｵｳｼﾝｸﾐ,004,ｱｻﾋ
2451,ｱｲﾁｹﾝﾁﾕｳｵｳｼﾝｸﾐ,005,ﾀｶﾊﾏ
2451,ｱｲﾁｹﾝﾁﾕｳｵｳｼﾝｸﾐ,006,ｶﾘﾔ
2451,ｱｲﾁｹﾝﾁﾕｳｵｳｼﾝｸﾐ,007,ﾆｼｵ
2451,ｱｲﾁｹﾝﾁﾕｳｵｳｼﾝｸﾐ,008,ｱﾝｼﾞﾖｳ
2451,ｱｲﾁｹﾝﾁﾕｳｵｳｼﾝｸﾐ,009,ﾁﾘﾕｳ
2451,ｱｲﾁｹﾝﾁﾕｳｵｳｼﾝｸﾐ,015,ﾆｼｵﾋｶﾞｼ
2451,ｱｲﾁｹﾝﾁﾕｳｵｳｼﾝｸﾐ,016,ｶﾞﾏｺﾞｵﾘ
2451,ｱｲﾁｹﾝﾁﾕｳｵｳｼﾝｸﾐ,018,ｷﾗ
2470,ｷﾞﾌｼﾖｳｺｳｼﾝｸﾐ,001,ﾎﾝﾃﾝ
2470,ｷﾞﾌｼﾖｳｺｳｼﾝｸﾐ,003,ｶﾉｳ
2470,ｷﾞﾌｼﾖｳｺｳｼﾝｸﾐ,004,ｵｵｶﾞｷ
2470,ｷﾞﾌｼﾖｳｺｳｼﾝｸﾐ,005,ﾊｼﾏ
2470,ｷﾞﾌｼﾖｳｺｳｼﾝｸﾐ,006,ﾅｶ
2470,ｷﾞﾌｼﾖｳｺｳｼﾝｸﾐ,007,ｻｷﾞﾔﾏ
2470,ｷﾞﾌｼﾖｳｺｳｼﾝｸﾐ,008,ｷﾀｶﾞﾀ
2470,ｷﾞﾌｼﾖｳｺｳｼﾝｸﾐ,009,ｲﾋﾞ
2470,ｷﾞﾌｼﾖｳｺｳｼﾝｸﾐ,013,ｾｷ
2470,ｷﾞﾌｼﾖｳｺｳｼﾝｸﾐ,014,ﾎﾝｼﾞﾖｳ
2470,ｷﾞﾌｼﾖｳｺｳｼﾝｸﾐ,015,ｶｻﾏﾂ
2470,ｷﾞﾌｼﾖｳｺｳｼﾝｸﾐ,016,ﾐﾉｶﾓ
2470,ｷﾞﾌｼﾖｳｺｳｼﾝｸﾐ,018,ﾀｼﾞﾐ
2470,ｷﾞﾌｼﾖｳｺｳｼﾝｸﾐ,019,ｷﾞﾅﾝ
2470,ｷﾞﾌｼﾖｳｺｳｼﾝｸﾐ,023,ｶｶﾐｶﾞﾊﾗ
2470,ｷﾞﾌｼﾖｳｺｳｼﾝｸﾐ,024,ｶﾆ
2470,ｷﾞﾌｼﾖｳｺｳｼﾝｸﾐ,026,ﾎﾂﾞﾐ
2470,ｷﾞﾌｼﾖｳｺｳｼﾝｸﾐ,028,ﾅｶﾞﾓﾘ
2470,ｷﾞﾌｼﾖｳｺｳｼﾝｸﾐ,030,ｲﾁﾉﾐﾔ
2471,ｲｵｼﾝｸﾐ,001,ﾎﾝﾃﾝ
2471,ｲｵｼﾝｸﾐ,008,ｶﾅｻﾞﾜ
2471,ｲｵｼﾝｸﾐ,009,ｼｽﾞｵｶ
2471,ｲｵｼﾝｸﾐ,013,ﾖﾂｶｲﾁ
2471,ｲｵｼﾝｸﾐ,018,ﾅｺﾞﾔ
2471,ｲｵｼﾝｸﾐ,019,ｵｵｴ
2471,ｲｵｼﾝｸﾐ,020,ｵｶｻﾞｷ
2471,ｲｵｼﾝｸﾐ,021,ｲﾁﾉﾐﾔ
2471,ｲｵｼﾝｸﾐ,022,ﾄﾖﾊｼ
2471,ｲｵｼﾝｸﾐ,023,ｲﾏｲｹ
2471,ｲｵｼﾝｸﾐ,024,ｶｽｶﾞｲ
2473,ｷﾞﾌｹﾝｲｼｼﾝｸﾐ,001,ﾎﾝﾃﾝ
2476,ﾋﾀﾞｼﾝｸﾐ,001,ﾎﾝﾃﾝ
2476,ﾋﾀﾞｼﾝｸﾐ,002,ﾌﾙｶﾜ
2476,ﾋﾀﾞｼﾝｸﾐ,003,ｶﾐｵｶ
2476,ﾋﾀﾞｼﾝｸﾐ,004,ﾅﾇｶﾏﾁ
2476,ﾋﾀﾞｼﾝｸﾐ,005,ｻﾝﾉｳ
2476,ﾋﾀﾞｼﾝｸﾐ,006,ｹﾔｷﾄﾞｵﾘ
2476,ﾋﾀﾞｼﾝｸﾐ,007,ﾅｶﾔﾏ
2476,ﾋﾀﾞｼﾝｸﾐ,008,ｼﾖｳﾀｲｼﾞ
2476,ﾋﾀﾞｼﾝｸﾐ,009,ｺｸﾌ
2476,ﾋﾀﾞｼﾝｸﾐ,010,ﾋｶﾞｼﾔﾏ
2476,ﾋﾀﾞｼﾝｸﾐ,011,ｼﾛﾔﾏ
2476,ﾋﾀﾞｼﾝｸﾐ,012,ﾆｼﾌﾙｶﾜ
2476,ﾋﾀﾞｼﾝｸﾐ,013,ｲｼｳﾗ
2476,ﾋﾀﾞｼﾝｸﾐ,014,ﾆｼｺｳｺｳﾏｴ
2476,ﾋﾀﾞｼﾝｸﾐ,015,ｻﾝﾌｸｼﾞ
2481,ﾏｼﾀｼﾝｸﾐ,001,ﾎﾝﾃﾝ
2481,ﾏｼﾀｼﾝｸﾐ,002,ﾊｷﾞﾜﾗ
2481,ﾏｼﾀｼﾝｸﾐ,003,ﾀｹﾊﾗ
2481,ﾏｼﾀｼﾝｸﾐ,004,ｶﾅﾔﾏ
2481,ﾏｼﾀｼﾝｸﾐ,005,ｵｻｶ
2481,ﾏｼﾀｼﾝｸﾐ,006,ｶｼﾓ
2485,ﾐｴｹﾝｼﾖｸｲﾝｼﾝｸﾐ,001,ﾎﾝﾃﾝ
2504,ｼｶﾞｹﾝﾐﾝｼﾝｸﾐ,001,ﾎﾝﾃﾝ
2504,ｼｶﾞｹﾝﾐﾝｼﾝｸﾐ,002,ﾐﾅｸﾁ
2504,ｼｶﾞｹﾝﾐﾝｼﾝｸﾐ,003,ｸｻﾂ
2504,ｼｶﾞｹﾝﾐﾝｼﾝｸﾐ,004,ﾖｳｶｲﾁ
2504,ｼｶﾞｹﾝﾐﾝｼﾝｸﾐ,005,ﾋｺﾈ
2504,ｼｶﾞｹﾝﾐﾝｼﾝｸﾐ,006,ﾅｶﾞﾊﾏ
2505,ｼｶﾞｹﾝｼﾝｸﾐ,001,ﾎﾝﾃﾝ
2505,ｼｶﾞｹﾝｼﾝｸﾐ,002,ｺｳﾅﾝ
2505,ｼｶﾞｹﾝｼﾝｸﾐ,003,ｺｳｶ
2505,ｼｶﾞｹﾝｼﾝｸﾐ,004,ｼｶﾞﾗｷ
2505,ｼｶﾞｹﾝｼﾝｸﾐ,007,ﾂﾁﾔﾏ
2505,ｼｶﾞｹﾝｼﾝｸﾐ,008,ｵｵﾂ
2505,ｼｶﾞｹﾝｼﾝｸﾐ,009,ｸｻﾂ
2505,ｼｶﾞｹﾝｼﾝｸﾐ,013,ﾘﾂﾄｳ
2505,ｼｶﾞｹﾝｼﾝｸﾐ,025,ｺﾅﾝ
2505,ｼｶﾞｹﾝｼﾝｸﾐ,032,ﾊﾁﾏﾝ
2505,ｼｶﾞｹﾝｼﾝｸﾐ,037,ｱﾄﾞｶﾞﾜ
2526,ｹｲｼﾞｼﾝｸﾐ,001,ﾎﾝﾃﾝ
2526,ｹｲｼﾞｼﾝｸﾐ,002,ｼｶﾞ
2526,ｹｲｼﾞｼﾝｸﾐ,003,ｻｷﾖｳ
2526,ｹｲｼﾞｼﾝｸﾐ,004,ﾌｼﾐ
2526,ｹｲｼﾞｼﾝｸﾐ,005,ﾏｲﾂﾞﾙ
2540,ﾀﾞｲﾄﾞｳｼﾝｸﾐ,001,ﾎﾝﾃﾝ
2540,ﾀﾞｲﾄﾞｳｼﾝｸﾐ,002,ｼﾞﾖｳﾄｳ
2540,ﾀﾞｲﾄﾞｳｼﾝｸﾐ,003,ｷﾖｳﾊﾞｼ
2540,ﾀﾞｲﾄﾞｳｼﾝｸﾐ,005,ｲｸﾉ
2540,ﾀﾞｲﾄﾞｳｼﾝｸﾐ,006,ﾊﾘﾅｶﾉ
2540,ﾀﾞｲﾄﾞｳｼﾝｸﾐ,007,ﾋﾗｶﾀ
2540,ﾀﾞｲﾄﾞｳｼﾝｸﾐ,008,ﾋｶﾞｼｺｳﾘ
2540,ﾀﾞｲﾄﾞｳｼﾝｸﾐ,009,ﾓﾘｸﾞﾁ
2540,ﾀﾞｲﾄﾞｳｼﾝｸﾐ,010,ﾔｵ
2540,ﾀﾞｲﾄﾞｳｼﾝｸﾐ,011,ﾏﾂﾊﾞﾗ
2540,ﾀﾞｲﾄﾞｳｼﾝｸﾐ,012,ﾊﾂｼﾊﾞ
2540,ﾀﾞｲﾄﾞｳｼﾝｸﾐ,013,ｲｼﾂﾞ
2540,ﾀﾞｲﾄﾞｳｼﾝｸﾐ,014,ﾌｸﾀﾞ
2540,ﾀﾞｲﾄﾞｳｼﾝｸﾐ,015,ﾄﾝﾀﾞﾊﾞﾔｼ
2540,ﾀﾞｲﾄﾞｳｼﾝｸﾐ,016,ﾐｸﾆ
2540,ﾀﾞｲﾄﾞｳｼﾝｸﾐ,050,ﾎﾘｴﾕﾒﾏﾁ
2541,ｾｲｷﾖｳｼﾝｸﾐ,001,ﾋﾗﾉ
2541,ｾｲｷﾖｳｼﾝｸﾐ,006,ｻｶｲ
2541,ｾｲｷﾖｳｼﾝｸﾐ,010,ﾎﾝﾃﾝ
2541,ｾｲｷﾖｳｼﾝｸﾐ,013,ｶﾄﾞﾏ
2541,ｾｲｷﾖｳｼﾝｸﾐ,015,ﾀｲｼﾖｳ
2541,ｾｲｷﾖｳｼﾝｸﾐ,016,ﾋｶﾞｼｵｵｻｶ
2541,ｾｲｷﾖｳｼﾝｸﾐ,017,ﾀﾞｲﾄｳ
2541,ｾｲｷﾖｳｼﾝｸﾐ,021,ｷｼﾜﾀﾞ
2541,ｾｲｷﾖｳｼﾝｸﾐ,023,ﾏﾂﾊﾞﾗ
2541,ｾｲｷﾖｳｼﾝｸﾐ,024,ﾌｼﾞｲﾃﾞﾗ
2541,ｾｲｷﾖｳｼﾝｸﾐ,025,ｷﾀﾉﾀﾞ
2541,ｾｲｷﾖｳｼﾝｸﾐ,026,ｶﾜﾁﾅｶﾞﾉ
2541,ｾｲｷﾖｳｼﾝｸﾐ,027,ﾄﾝﾀﾞﾊﾞﾔｼ
2541,ｾｲｷﾖｳｼﾝｸﾐ,028,ｱﾏﾐ
2541,ｾｲｷﾖｳｼﾝｸﾐ,029,ｶｹﾊｼ
2541,ｾｲｷﾖｳｼﾝｸﾐ,030,ﾐﾄﾞｳｽｼﾞ
2543,ｵｵｻｶｷﾖｳｴｲｼﾝｸﾐ,001,ｺｳﾍﾞ
2543,ｵｵｻｶｷﾖｳｴｲｼﾝｸﾐ,002,ﾆｼﾉﾐﾔ
2543,ｵｵｻｶｷﾖｳｴｲｼﾝｸﾐ,003,ｱｶｼ
2543,ｵｵｻｶｷﾖｳｴｲｼﾝｸﾐ,004,ｶｺｶﾞﾜ
2543,ｵｵｻｶｷﾖｳｴｲｼﾝｸﾐ,700,ｸﾛﾓﾝ
2543,ｵｵｻｶｷﾖｳｴｲｼﾝｸﾐ,731,ﾎﾝﾃﾝ
2543,ｵｵｻｶｷﾖｳｴｲｼﾝｸﾐ,732,ｵｵｷﾞﾊﾞｼ
2543,ｵｵｻｶｷﾖｳｴｲｼﾝｸﾐ,733,ｽﾐﾖｼ
2543,ｵｵｻｶｷﾖｳｴｲｼﾝｸﾐ,734,ｱﾍﾞﾉ
2543,ｵｵｻｶｷﾖｳｴｲｼﾝｸﾐ,735,ｼﾞﾖｳﾄｳ
2543,ｵｵｻｶｷﾖｳｴｲｼﾝｸﾐ,736,ｼﾝｵｵｻｶ
2543,ｵｵｻｶｷﾖｳｴｲｼﾝｸﾐ,737,ﾄﾖﾅｶ
2543,ｵｵｻｶｷﾖｳｴｲｼﾝｸﾐ,738,ﾋｶﾞｼｵｵｻｶ
2543,ｵｵｻｶｷﾖｳｴｲｼﾝｸﾐ,739,ﾛﾂｺｳ
2548,ｵｵｻｶﾁﾖﾁｸｼﾝｸﾐ,002,ﾎﾝﾃﾝ
2548,ｵｵｻｶﾁﾖﾁｸｼﾝｸﾐ,005,ｲｸﾉ
2548,ｵｵｻｶﾁﾖﾁｸｼﾝｸﾐ,006,ﾋｶﾞｼ
2549,ﾉｿﾞﾐｼﾝｸﾐ,011,ﾎﾝﾃﾝ
2549,ﾉｿﾞﾐｼﾝｸﾐ,015,ﾐﾅﾄ
2549,ﾉｿﾞﾐｼﾝｸﾐ,016,ﾓﾘｸﾞﾁ
2549,ﾉｿﾞﾐｼﾝｸﾐ,020,ｽｲﾀ
2549,ﾉｿﾞﾐｼﾝｸﾐ,021,ﾋﾗｶﾀ
2549,ﾉｿﾞﾐｼﾝｸﾐ,022,ﾔｵ
2549,ﾉｿﾞﾐｼﾝｸﾐ,025,ﾋﾗｵｶ
2549,ﾉｿﾞﾐｼﾝｸﾐ,031,ｼﾞﾖｳﾄｳ
2549,ﾉｿﾞﾐｼﾝｸﾐ,034,ﾊｷﾞﾊﾗﾃﾝｼﾞﾝ
2549,ﾉｿﾞﾐｼﾝｸﾐ,035,ｻｶｲﾘﾖｳﾅﾝ
2549,ﾉｿﾞﾐｼﾝｸﾐ,036,ﾄﾖﾅｶ
2549,ﾉｿﾞﾐｼﾝｸﾐ,038,ﾌｾ
2549,ﾉｿﾞﾐｼﾝｸﾐ,041,ｼｼﾞﾖｳﾅﾜﾃ
2549,ﾉｿﾞﾐｼﾝｸﾐ,042,ｱﾋﾞｺ
2556,ﾁﾕｳｵｳｼﾝｸﾐ,001,ﾎﾝﾃﾝ
2556,ﾁﾕｳｵｳｼﾝｸﾐ,002,ﾎｸﾌﾞ
2560,ｵｵｻｶﾌｲｼｼﾝｸﾐ,001,ﾎﾝﾃﾝ
2560,ｵｵｻｶﾌｲｼｼﾝｸﾐ,002,ｻｶｲ
2566,ｵｵｻｶﾌｹｲｻﾂｼﾝｸﾐ,001,ﾎﾝﾃﾝ
2567,ｷﾝｷｻﾝｷﾞﾖｳｼﾝｸﾐ,001,ｳﾒﾀﾞ
2567,ｷﾝｷｻﾝｷﾞﾖｳｼﾝｸﾐ,007,ｼﾝｵｵｻｶ
2567,ｷﾝｷｻﾝｷﾞﾖｳｼﾝｸﾐ,008,ﾋﾗﾉ
2567,ｷﾝｷｻﾝｷﾞﾖｳｼﾝｸﾐ,009,ｺｳﾘ
2567,ｷﾝｷｻﾝｷﾞﾖｳｼﾝｸﾐ,011,ﾔｵ
2567,ｷﾝｷｻﾝｷﾞﾖｳｼﾝｸﾐ,013,ｻｶｲ
2567,ｷﾝｷｻﾝｷﾞﾖｳｼﾝｸﾐ,021,ｷﾖｳﾄ
2567,ｷﾝｷｻﾝｷﾞﾖｳｼﾝｸﾐ,025,ｳｼﾞ
2567,ｷﾝｷｻﾝｷﾞﾖｳｼﾝｸﾐ,026,ﾀｶﾂｷ
2567,ｷﾝｷｻﾝｷﾞﾖｳｼﾝｸﾐ,040,ﾎﾝﾃﾝ
2567,ｷﾝｷｻﾝｷﾞﾖｳｼﾝｸﾐ,041,ｲｸﾉ
2567,ｷﾝｷｻﾝｷﾞﾖｳｼﾝｸﾐ,042,ｱﾍﾞﾉ
2567,ｷﾝｷｻﾝｷﾞﾖｳｼﾝｸﾐ,044,ｼﾞﾖｳﾄｳ
2567,ｷﾝｷｻﾝｷﾞﾖｳｼﾝｸﾐ,046,ｾﾝｼﾕｳ
2567,ｷﾝｷｻﾝｷﾞﾖｳｼﾝｸﾐ,048,ｲﾊﾞﾗｷ
2567,ｷﾝｷｻﾝｷﾞﾖｳｼﾝｸﾐ,049,ﾄﾖﾅｶ
2567,ｷﾝｷｻﾝｷﾞﾖｳｼﾝｸﾐ,050,ﾅﾝﾊﾞ
2567,ｷﾝｷｻﾝｷﾞﾖｳｼﾝｸﾐ,051,ｺｳﾍﾞ
2567,ｷﾝｷｻﾝｷﾞﾖｳｼﾝｸﾐ,052,ﾅｶﾞﾀ
2567,ｷﾝｷｻﾝｷﾞﾖｳｼﾝｸﾐ,053,ｱﾏｶﾞｻｷ
2567,ｷﾝｷｻﾝｷﾞﾖｳｼﾝｸﾐ,054,ﾋﾒｼﾞ
2567,ｷﾝｷｻﾝｷﾞﾖｳｼﾝｸﾐ,055,ｵｵﾂ
2567,ｷﾝｷｻﾝｷﾞﾖｳｼﾝｸﾐ,056,ﾜｶﾔﾏ
2567,ｷﾝｷｻﾝｷﾞﾖｳｼﾝｸﾐ,057,ｶｼﾊﾗ
2567,ｷﾝｷｻﾝｷﾞﾖｳｼﾝｸﾐ,058,ﾅﾗ
2567,ｷﾝｷｻﾝｷﾞﾖｳｼﾝｸﾐ,059,ｷﾞﾌ
2567,ｷﾝｷｻﾝｷﾞﾖｳｼﾝｸﾐ,060,ﾅｶﾞｻｷ
2567,ｷﾝｷｻﾝｷﾞﾖｳｼﾝｸﾐ,063,ﾆｼｼﾞﾝ
2567,ｷﾝｷｻﾝｷﾞﾖｳｼﾝｸﾐ,064,ｻｲｲﾝ
2580,ｱｻﾋｼﾝﾌﾞﾝｼﾝｸﾐ,002,ﾎﾝﾃﾝ
2581,ﾏｲﾆﾁｼﾝｸﾐ,001,ﾄｳｷﾖｳ
2581,ﾏｲﾆﾁｼﾝｸﾐ,002,ﾎﾝﾃﾝ
2581,ﾏｲﾆﾁｼﾝｸﾐ,003,ｾｲﾌﾞ
2582,ﾐﾚｼﾝｸﾐ,001,ﾎﾝﾃﾝ
2582,ﾐﾚｼﾝｸﾐ,002,ｲｸﾉ
2582,ﾐﾚｼﾝｸﾐ,003,ﾅﾝﾊﾞ
2582,ﾐﾚｼﾝｸﾐ,004,ﾋｶﾞｼｵｵｻｶ
2582,ﾐﾚｼﾝｸﾐ,005,ﾈﾔｶﾞﾜ
2582,ﾐﾚｼﾝｸﾐ,006,ﾐﾅﾐｵｵｻｶ
2582,ﾐﾚｼﾝｸﾐ,007,ﾜｶﾔﾏ
2582,ﾐﾚｼﾝｸﾐ,008,ﾔｵ
2582,ﾐﾚｼﾝｸﾐ,009,ﾀﾂﾐ
2602,ﾋﾖｳｺﾞｹﾝｹｲｻﾂｼﾝｸﾐ,001,ﾎﾝﾃﾝ
2605,ﾋﾖｳｺﾞｹﾝｲﾘﾖｳｼﾝｸﾐ,001,ﾎﾝﾃﾝ
2605,ﾋﾖｳｺﾞｹﾝｲﾘﾖｳｼﾝｸﾐ,002,ｱﾏｶﾞｻｷ
2605,ﾋﾖｳｺﾞｹﾝｲﾘﾖｳｼﾝｸﾐ,003,ﾋﾒｼﾞ
2605,ﾋﾖｳｺﾞｹﾝｲﾘﾖｳｼﾝｸﾐ,004,ﾆｼﾉﾐﾔ
2606,ﾋﾖｳｺﾞｹﾝｼﾝｸﾐ,010,ﾎﾝﾃﾝ
2606,ﾋﾖｳｺﾞｹﾝｼﾝｸﾐ,020,ﾋﾖｳｺﾞ
2606,ﾋﾖｳｺﾞｹﾝｼﾝｸﾐ,030,ｻﾝﾉﾐﾔ
2606,ﾋﾖｳｺﾞｹﾝｼﾝｸﾐ,040,ｵｵﾊｼ
2606,ﾋﾖｳｺﾞｹﾝｼﾝｸﾐ,050,ｱﾘﾉ
2606,ﾋﾖｳｺﾞｹﾝｼﾝｸﾐ,060,ﾛﾂｺｳﾐﾁ
2606,ﾋﾖｳｺﾞｹﾝｼﾝｸﾐ,110,ｱﾏｶﾞｻｷ
2606,ﾋﾖｳｺﾞｹﾝｼﾝｸﾐ,210,ｶｺｶﾞﾜ
2606,ﾋﾖｳｺﾞｹﾝｼﾝｸﾐ,220,ｲﾅﾐ
2606,ﾋﾖｳｺﾞｹﾝｼﾝｸﾐ,310,ｵﾉ
2606,ﾋﾖｳｺﾞｹﾝｼﾝｸﾐ,320,ﾔｼﾛ
2606,ﾋﾖｳｺﾞｹﾝｼﾝｸﾐ,330,ﾆｼﾜｷ
2606,ﾋﾖｳｺﾞｹﾝｼﾝｸﾐ,340,ﾔﾁﾖ
2606,ﾋﾖｳｺﾞｹﾝｼﾝｸﾐ,350,ﾅｶﾁﾖｳ
2606,ﾋﾖｳｺﾞｹﾝｼﾝｸﾐ,360,ﾐｷ
2606,ﾋﾖｳｺﾞｹﾝｼﾝｸﾐ,370,ｶｻｲ
2606,ﾋﾖｳｺﾞｹﾝｼﾝｸﾐ,410,ﾋﾒｼﾞ
2606,ﾋﾖｳｺﾞｹﾝｼﾝｸﾐ,420,ﾀﾂﾉ
2606,ﾋﾖｳｺﾞｹﾝｼﾝｸﾐ,430,ｼﾝｸﾞｳ
2606,ﾋﾖｳｺﾞｹﾝｼﾝｸﾐ,510,ｻﾝﾀﾞ
2606,ﾋﾖｳｺﾞｹﾝｼﾝｸﾐ,520,ｻｻﾔﾏ
2606,ﾋﾖｳｺﾞｹﾝｼﾝｸﾐ,530,ｶｲﾊﾞﾗ
2606,ﾋﾖｳｺﾞｹﾝｼﾝｸﾐ,610,ｱｻｺﾞ
2606,ﾋﾖｳｺﾞｹﾝｼﾝｸﾐ,620,ﾄﾖｵｶ
2610,ｺｳﾍﾞｼｼﾖｸｲﾝｼﾝｸﾐ,001,ﾎﾝﾃﾝ
2616,ﾀﾞﾝﾖｳｼﾝｸﾐ,011,ﾎﾝﾃﾝ
2616,ﾀﾞﾝﾖｳｼﾝｸﾐ,012,ﾕﾗ
2616,ﾀﾞﾝﾖｳｼﾝｸﾐ,014,ｼﾓｶﾞﾓ
2616,ﾀﾞﾝﾖｳｼﾝｸﾐ,021,ｼｽﾞｷ
2616,ﾀﾞﾝﾖｳｼﾝｸﾐ,023,ｲﾜﾔ
2616,ﾀﾞﾝﾖｳｼﾝｸﾐ,025,ﾎｸﾀﾞﾝ
2616,ﾀﾞﾝﾖｳｼﾝｸﾐ,026,ｸﾞﾝｹﾞ
2616,ﾀﾞﾝﾖｳｼﾝｸﾐ,027,ﾂｼ
2616,ﾀﾞﾝﾖｳｼﾝｸﾐ,028,ｶﾘﾔ
2616,ﾀﾞﾝﾖｳｼﾝｸﾐ,031,ﾐﾅﾄ
2616,ﾀﾞﾝﾖｳｼﾝｸﾐ,032,ﾌｸﾗ
2616,ﾀﾞﾝﾖｳｼﾝｸﾐ,033,ｲﾁ
2616,ﾀﾞﾝﾖｳｼﾝｸﾐ,034,ｱﾏ
2616,ﾀﾞﾝﾖｳｼﾝｸﾐ,035,ﾋﾛﾀ
2616,ﾀﾞﾝﾖｳｼﾝｸﾐ,051,ｺｳﾍﾞ
2616,ﾀﾞﾝﾖｳｼﾝｸﾐ,054,ｶｺｶﾞﾜ
2616,ﾀﾞﾝﾖｳｼﾝｸﾐ,056,ﾅﾀﾞ
2616,ﾀﾞﾝﾖｳｼﾝｸﾐ,061,ﾔﾏｻｷ
2616,ﾀﾞﾝﾖｳｼﾝｸﾐ,062,ｻﾖｳ
2616,ﾀﾞﾝﾖｳｼﾝｸﾐ,063,ｲﾁﾉﾐﾔ
2616,ﾀﾞﾝﾖｳｼﾝｸﾐ,066,ﾋﾒｼﾞ
2616,ﾀﾞﾝﾖｳｼﾝｸﾐ,067,ｱｺｳ
2620,ﾋﾖｳｺﾞﾋﾏﾜﾘｼﾝｸﾐ,001,ﾎﾝﾃﾝ
2620,ﾋﾖｳｺﾞﾋﾏﾜﾘｼﾝｸﾐ,002,ｻﾝﾉﾐﾔ
2620,ﾋﾖｳｺﾞﾋﾏﾜﾘｼﾝｸﾐ,003,ｱﾏｶﾞｻｷ
2620,ﾋﾖｳｺﾞﾋﾏﾜﾘｼﾝｸﾐ,004,ﾋﾒｼﾞ
2620,ﾋﾖｳｺﾞﾋﾏﾜﾘｼﾝｸﾐ,005,ﾆｼﾉﾐﾔ
2620,ﾋﾖｳｺﾞﾋﾏﾜﾘｼﾝｸﾐ,006,ｶｺｶﾞﾜ
2620,ﾋﾖｳｺﾞﾋﾏﾜﾘｼﾝｸﾐ,007,ｲﾀﾐ
2634,ﾜｶﾔﾏｹﾝｲｼｼﾝｸﾐ,001,ﾎﾝﾃﾝ
2661,ｼﾏﾈﾏｽﾀﾞｼﾝｸﾐ,001,ﾎﾝﾃﾝ
2661,ｼﾏﾈﾏｽﾀﾞｼﾝｸﾐ,002,ﾊﾏﾀﾞ
2661,ｼﾏﾈﾏｽﾀﾞｼﾝｸﾐ,004,ﾆｼﾏｽﾀﾞ
2661,ｼﾏﾈﾏｽﾀﾞｼﾝｸﾐ,006,ﾀｶﾂ
2661,ｼﾏﾈﾏｽﾀﾞｼﾝｸﾐ,007,ｱｹﾎﾞﾉ
2672,ﾁﾖｳｷﾞﾝﾆｼｼﾝｸﾐ,002,ﾎﾝﾃﾝ
2672,ﾁﾖｳｷﾞﾝﾆｼｼﾝｸﾐ,003,ｸﾗｼｷ
2672,ﾁﾖｳｷﾞﾝﾆｼｼﾝｸﾐ,006,ｶｶﾞﾜ
2672,ﾁﾖｳｷﾞﾝﾆｼｼﾝｸﾐ,007,ｴﾋﾒ
2672,ﾁﾖｳｷﾞﾝﾆｼｼﾝｸﾐ,008,ｻｶﾞ
2672,ﾁﾖｳｷﾞﾝﾆｼｼﾝｸﾐ,009,ｵｵｲﾀ
2672,ﾁﾖｳｷﾞﾝﾆｼｼﾝｸﾐ,011,ﾋﾛｼﾏ
2672,ﾁﾖｳｷﾞﾝﾆｼｼﾝｸﾐ,013,ﾌｸﾔﾏ
2672,ﾁﾖｳｷﾞﾝﾆｼｼﾝｸﾐ,018,ｼﾝﾔﾏｸﾞﾁ
2672,ﾁﾖｳｷﾞﾝﾆｼｼﾝｸﾐ,020,ﾌｸｵｶ
2672,ﾁﾖｳｷﾞﾝﾆｼｼﾝｸﾐ,021,ｷﾀｷﾕｳｼﾕｳ
2672,ﾁﾖｳｷﾞﾝﾆｼｼﾝｸﾐ,025,ｸﾏﾓﾄ
2672,ﾁﾖｳｷﾞﾝﾆｼｼﾝｸﾐ,035,ｽﾏｲﾙ
2674,ｶｻｵｶｼﾝｸﾐ,001,ﾎﾝﾃﾝ
2674,ｶｻｵｶｼﾝｸﾐ,002,ｶﾅｳﾗ
2674,ｶｻｵｶｼﾝｸﾐ,003,ﾋｶﾞｼ
2674,ｶｻｵｶｼﾝｸﾐ,004,ﾎﾝﾏﾁ
2674,ｶｻｵｶｼﾝｸﾐ,005,ｶﾓｶﾞﾀ
2674,ｶｻｵｶｼﾝｸﾐ,006,ｲﾊﾞﾗ
2674,ｶｻｵｶｼﾝｸﾐ,007,ｻﾄｼﾖｳ
2674,ｶｻｵｶｼﾝｸﾐ,008,ﾖﾘｼﾏ
2674,ｶｻｵｶｼﾝｸﾐ,009,ｲﾊﾞﾗﾋｶﾞｼ
2674,ｶｻｵｶｼﾝｸﾐ,010,ｵｶﾔﾏ
2674,ｶｻｵｶｼﾝｸﾐ,011,ｸﾗｼｷ
2674,ｶｻｵｶｼﾝｸﾐ,012,ﾀﾏｼﾏ
2674,ｶｻｵｶｼﾝｸﾐ,013,ﾅｶｼﾖｳ
2674,ｶｻｵｶｼﾝｸﾐ,014,ﾔｶｹﾞ
2674,ｶｻｵｶｼﾝｸﾐ,015,ｵｶﾔﾏﾐﾅﾐ
2674,ｶｻｵｶｼﾝｸﾐ,016,ﾌｸﾔﾏ
2674,ｶｻｵｶｼﾝｸﾐ,017,ﾌｸﾔﾏﾐﾅﾐ
2680,ﾋﾛｼﾏｼｼﾝｸﾐ,101,ﾎﾝﾃﾝ
2680,ﾋﾛｼﾏｼｼﾝｸﾐ,102,ｻｶｲﾏﾁ
2680,ﾋﾛｼﾏｼｼﾝｸﾐ,104,ｴｷﾏｴ
2680,ﾋﾛｼﾏｼｼﾝｸﾐ,105,ﾑｶｲﾅﾀﾞ
2680,ﾋﾛｼﾏｼｼﾝｸﾐ,106,ｵｵｺｳ
2680,ﾋﾛｼﾏｼｼﾝｸﾐ,107,ﾀｶﾉﾊﾞｼ
2680,ﾋﾛｼﾏｼｼﾝｸﾐ,109,ｶｲﾀ
2680,ﾋﾛｼﾏｼｼﾝｸﾐ,110,ﾊﾂｶｲﾁ
2680,ﾋﾛｼﾏｼｼﾝｸﾐ,113,ﾐﾅﾐ
2680,ﾋﾛｼﾏｼｼﾝｸﾐ,114,ﾔｹﾞﾝﾎﾞﾘ
2680,ﾋﾛｼﾏｼｼﾝｸﾐ,115,ｺｲ
2680,ﾋﾛｼﾏｼｼﾝｸﾐ,116,ｼﾉﾉﾒ
2680,ﾋﾛｼﾏｼｼﾝｸﾐ,117,ﾐｻｻ
2680,ﾋﾛｼﾏｼｼﾝｸﾐ,118,ﾍｻｶ
2680,ﾋﾛｼﾏｼｼﾝｸﾐ,119,ｴﾊﾞ
2680,ﾋﾛｼﾏｼｼﾝｸﾐ,120,ﾃﾞｼﾞﾏ
2680,ﾋﾛｼﾏｼｼﾝｸﾐ,121,ﾖｼﾀﾞ
2680,ﾋﾛｼﾏｼｼﾝｸﾐ,122,ﾁﾖﾀﾞ
2680,ﾋﾛｼﾏｼｼﾝｸﾐ,123,ｵｵｱｻ
2680,ﾋﾛｼﾏｼｼﾝｸﾐ,124,ﾔｽ
2680,ﾋﾛｼﾏｼｼﾝｸﾐ,125,ﾅｶﾞﾂｶ
2680,ﾋﾛｼﾏｼｼﾝｸﾐ,129,ﾌﾙｴ
2680,ﾋﾛｼﾏｼｼﾝｸﾐ,130,ｼﾖｳｺｳｾﾝﾀ-
2680,ﾋﾛｼﾏｼｼﾝｸﾐ,132,ｻﾂｷｶﾞｵｶ
2680,ﾋﾛｼﾏｼｼﾝｸﾐ,133,ｲﾂｶｲﾁ
2680,ﾋﾛｼﾏｼｼﾝｸﾐ,134,ﾌﾁﾕｳ
2680,ﾋﾛｼﾏｼｼﾝｸﾐ,135,ｻｲｼﾞﾖｳﾁﾕｳｵｳ
2680,ﾋﾛｼﾏｼｼﾝｸﾐ,136,ｶﾍﾞ
2680,ﾋﾛｼﾏｼｼﾝｸﾐ,140,ﾐﾔｳﾁ
2680,ﾋﾛｼﾏｼｼﾝｸﾐ,141,ﾀｹﾊﾗ
2680,ﾋﾛｼﾏｼｼﾝｸﾐ,142,ｼﾖｳﾉ
2680,ﾋﾛｼﾏｼｼﾝｸﾐ,143,ｷﾉｴ
2680,ﾋﾛｼﾏｼｼﾝｸﾐ,144,ﾔｽｳﾗ
2680,ﾋﾛｼﾏｼｼﾝｸﾐ,147,ｸﾛｾ
2680,ﾋﾛｼﾏｼｼﾝｸﾐ,148,ﾋﾛ
2681,ﾋﾛｼﾏｹﾝｼﾝｸﾐ,001,ﾎﾝﾃﾝ
2681,ﾋﾛｼﾏｹﾝｼﾝｸﾐ,002,ｺｳｺﾞ
2681,ﾋﾛｼﾏｹﾝｼﾝｸﾐ,005,ﾌｸﾔﾏ
2681,ﾋﾛｼﾏｹﾝｼﾝｸﾐ,006,ﾔｽﾌﾙｲﾁ
2681,ﾋﾛｼﾏｹﾝｼﾝｸﾐ,007,ｶｲﾀ
2681,ﾋﾛｼﾏｹﾝｼﾝｸﾐ,009,ﾌﾅｲﾘ
2681,ﾋﾛｼﾏｹﾝｼﾝｸﾐ,010,ﾋﾛｼﾏｴｷﾏｴ
2681,ﾋﾛｼﾏｹﾝｼﾝｸﾐ,012,ﾐｻｻ
2681,ﾋﾛｼﾏｹﾝｼﾝｸﾐ,013,ﾐﾅﾐ
2681,ﾋﾛｼﾏｹﾝｼﾝｸﾐ,014,ｲﾂｶｲﾁ
2681,ﾋﾛｼﾏｹﾝｼﾝｸﾐ,015,ﾊﾂｶｲﾁ
2681,ﾋﾛｼﾏｹﾝｼﾝｸﾐ,016,ｲﾂｶｲﾁｷﾀ
2681,ﾋﾛｼﾏｹﾝｼﾝｸﾐ,017,ｸﾏﾉ
2681,ﾋﾛｼﾏｹﾝｼﾝｸﾐ,019,ﾆｼｸﾏﾉ
2681,ﾋﾛｼﾏｹﾝｼﾝｸﾐ,020,ﾌｸﾔﾏﾋｶﾞｼ
2681,ﾋﾛｼﾏｹﾝｼﾝｸﾐ,021,ﾏﾂﾅｶﾞ
2681,ﾋﾛｼﾏｹﾝｼﾝｸﾐ,023,ｵﾉﾐﾁ
2681,ﾋﾛｼﾏｹﾝｼﾝｸﾐ,028,ﾐﾊﾗ
2681,ﾋﾛｼﾏｹﾝｼﾝｸﾐ,029,ｶﾍﾞﾆｼﾞﾔﾏ
2681,ﾋﾛｼﾏｹﾝｼﾝｸﾐ,030,ｸﾚ
2681,ﾋﾛｼﾏｹﾝｼﾝｸﾐ,036,ｲﾝﾉｼﾏ
2681,ﾋﾛｼﾏｹﾝｼﾝｸﾐ,041,ﾋｶﾞｼﾋﾛｼﾏ
2684,ﾋﾛｼﾏｼﾖｳｷﾞﾝｼﾝｸﾐ,101,ﾎﾝﾃﾝ
2684,ﾋﾛｼﾏｼﾖｳｷﾞﾝｼﾝｸﾐ,103,ﾌｸﾔﾏ
2684,ﾋﾛｼﾏｼﾖｳｷﾞﾝｼﾝｸﾐ,104,ｸﾚ
2684,ﾋﾛｼﾏｼﾖｳｷﾞﾝｼﾝｸﾐ,105,ｶｲﾀ
2684,ﾋﾛｼﾏｼﾖｳｷﾞﾝｼﾝｸﾐ,106,ﾌﾙｲﾁ
2684,ﾋﾛｼﾏｼﾖｳｷﾞﾝｼﾝｸﾐ,107,ﾆｼ
2684,ﾋﾛｼﾏｼﾖｳｷﾞﾝｼﾝｸﾐ,109,ｲﾂｶｲﾁ
2684,ﾋﾛｼﾏｼﾖｳｷﾞﾝｼﾝｸﾐ,112,ｼﾓﾉｾｷ
2684,ﾋﾛｼﾏｼﾖｳｷﾞﾝｼﾝｸﾐ,114,ﾄｸﾔﾏ
2684,ﾋﾛｼﾏｼﾖｳｷﾞﾝｼﾝｸﾐ,116,ﾔﾏｸﾞﾁ
2684,ﾋﾛｼﾏｼﾖｳｷﾞﾝｼﾝｸﾐ,118,ｺｳﾁ
2686,ｸﾚｼｼﾖｸｲﾝｼﾝｸﾐ,001,ﾎﾝﾃﾝ
2690,ﾘﾖｳﾋﾞｼﾝｸﾐ,001,ﾎﾝﾃﾝ
2690,ﾘﾖｳﾋﾞｼﾝｸﾐ,002,ｺｳｻﾞﾝ
2690,ﾘﾖｳﾋﾞｼﾝｸﾐ,003,ｼﾞﾖｳｹﾞ
2690,ﾘﾖｳﾋﾞｼﾝｸﾐ,004,ｴｷﾔ
2690,ﾘﾖｳﾋﾞｼﾝｸﾐ,006,ｸｲ
2690,ﾘﾖｳﾋﾞｼﾝｸﾐ,007,ｵｸﾞﾆ
2690,ﾘﾖｳﾋﾞｼﾝｸﾐ,008,ｷｻ
2690,ﾘﾖｳﾋﾞｼﾝｸﾐ,009,ｶﾈﾏﾙ
2690,ﾘﾖｳﾋﾞｼﾝｸﾐ,010,ｻﾝﾜ
2690,ﾘﾖｳﾋﾞｼﾝｸﾐ,011,ﾌｸﾔﾏ
2690,ﾘﾖｳﾋﾞｼﾝｸﾐ,012,ﾌｸﾔﾏﾋｶﾞｼ
2690,ﾘﾖｳﾋﾞｼﾝｸﾐ,013,ｶﾝﾅﾍﾞ
2690,ﾘﾖｳﾋﾞｼﾝｸﾐ,014,ｼﾝｲﾁ
2690,ﾘﾖｳﾋﾞｼﾝｸﾐ,015,ﾌﾁﾕｳﾋｶﾞｼ
2696,ﾋﾞﾝｺﾞｼﾝｸﾐ,001,ﾎﾝﾃﾝ
2696,ﾋﾞﾝｺﾞｼﾝｸﾐ,002,ｶﾝﾅﾍﾞ
2696,ﾋﾞﾝｺﾞｼﾝｸﾐ,003,ﾖｺｵ
2696,ﾋﾞﾝｺﾞｼﾝｸﾐ,004,ｼﾝｲﾁ
2696,ﾋﾞﾝｺﾞｼﾝｸﾐ,005,ﾐﾔｳﾁ
2696,ﾋﾞﾝｺﾞｼﾝｸﾐ,006,ｴｷﾔ
2696,ﾋﾞﾝｺﾞｼﾝｸﾐ,007,ﾁﾄｾ
2696,ﾋﾞﾝｺﾞｼﾝｸﾐ,008,ﾌｸﾔﾏﾐﾅﾐ
2696,ﾋﾞﾝｺﾞｼﾝｸﾐ,009,ｳﾂﾐ
2696,ﾋﾞﾝｺﾞｼﾝｸﾐ,010,ｵﾉﾐﾁ
2696,ﾋﾞﾝｺﾞｼﾝｸﾐ,011,ｷﾉｼﾖｳ
2696,ﾋﾞﾝｺﾞｼﾝｸﾐ,012,ｶﾓ
2696,ﾋﾞﾝｺﾞｼﾝｸﾐ,013,ｱｼﾀﾞ
2703,ﾔﾏｸﾞﾁｹﾝｼﾝｸﾐ,001,ﾎﾝﾃﾝ
2703,ﾔﾏｸﾞﾁｹﾝｼﾝｸﾐ,003,ﾀｶﾁﾎ
2703,ﾔﾏｸﾞﾁｹﾝｼﾝｸﾐ,005,ﾆｼｳﾍﾞ
2703,ﾔﾏｸﾞﾁｹﾝｼﾝｸﾐ,006,ｱｻ
2721,ｶｶﾞﾜｹﾝｼﾝｸﾐ,001,ﾎﾝﾃﾝ
2721,ｶｶﾞﾜｹﾝｼﾝｸﾐ,002,ﾘﾂﾘﾝ
2721,ｶｶﾞﾜｹﾝｼﾝｸﾐ,003,ｼﾝﾊﾞｼ
2721,ｶｶﾞﾜｹﾝｼﾝｸﾐ,006,ﾔｼﾏ
2721,ｶｶﾞﾜｹﾝｼﾝｸﾐ,007,ﾌﾞﾂｼﾖｳｻﾞﾝ
2721,ｶｶﾞﾜｹﾝｼﾝｸﾐ,008,ｴﾝｻﾞ
2721,ｶｶﾞﾜｹﾝｼﾝｸﾐ,009,ｶﾜﾋｶﾞｼ
2721,ｶｶﾞﾜｹﾝｼﾝｸﾐ,010,ﾅｶﾞｵ
2721,ｶｶﾞﾜｹﾝｼﾝｸﾐ,011,ﾁﾕｳｵｳ
2721,ｶｶﾞﾜｹﾝｼﾝｸﾐ,012,ｻﾝﾎﾞﾝﾏﾂ
2721,ｶｶﾞﾜｹﾝｼﾝｸﾐ,013,ｻｶｲﾃﾞ
2721,ｶｶﾞﾜｹﾝｼﾝｸﾐ,014,ﾏﾙｶﾞﾒ
2721,ｶｶﾞﾜｹﾝｼﾝｸﾐ,015,ｺﾄﾋﾗ
2721,ｶｶﾞﾜｹﾝｼﾝｸﾐ,016,ｶﾝｵﾝｼﾞ
2721,ｶｶﾞﾜｹﾝｼﾝｸﾐ,017,ﾀｶｾ
2721,ｶｶﾞﾜｹﾝｼﾝｸﾐ,018,ﾄﾉｼﾖｳ
2721,ｶｶﾞﾜｹﾝｼﾝｸﾐ,020,ｼﾄﾞ
2740,ﾄｻｼﾝｸﾐ,001,ﾎﾝﾃﾝ
2740,ﾄｻｼﾝｸﾐ,002,ｳｻ
2741,ｽｸﾓｼﾖｳｷﾞﾝｼﾝｸﾐ,001,ﾎﾝﾃﾝ
2741,ｽｸﾓｼﾖｳｷﾞﾝｼﾝｸﾐ,002,ｽｸﾓ
2751,ﾌｸｵｶｹﾝﾁﾖｳｼﾝｸﾐ,001,ﾎﾝﾃﾝ
2753,ﾌｸｵｶｹﾝｲｼｼﾝｸﾐ,001,ﾎﾝﾃﾝ
2773,ﾌｸｵｶｹﾝｼﾝｸﾐ,001,ﾎﾝﾃﾝ
2773,ﾌｸｵｶｹﾝｼﾝｸﾐ,002,ﾑﾅｶﾀ
2773,ﾌｸｵｶｹﾝｼﾝｸﾐ,003,ｱｶﾏ
2773,ﾌｸｵｶｹﾝｼﾝｸﾐ,007,ﾌｸﾏ
2773,ﾌｸｵｶｹﾝｼﾝｸﾐ,011,ｷﾖｶﾜ
2773,ﾌｸｵｶｹﾝｼﾝｸﾐ,015,ｼﾒ
2773,ﾌｸｵｶｹﾝｼﾝｸﾐ,017,ｳﾐ
2773,ﾌｸｵｶｹﾝｼﾝｸﾐ,018,ｲｲﾂﾞｶ
2773,ﾌｸｵｶｹﾝｼﾝｸﾐ,020,ｳｽｲ
2773,ﾌｸｵｶｹﾝｼﾝｸﾐ,021,ｵｵﾊｼ
2773,ﾌｸｵｶｹﾝｼﾝｸﾐ,022,ﾀｶﾐﾔ
2773,ﾌｸｵｶｹﾝｼﾝｸﾐ,027,ｾｲｶｲﾁﾊﾞ
2773,ﾌｸｵｶｹﾝｼﾝｸﾐ,032,ﾏｴﾊﾞﾙ
2773,ﾌｸｵｶｹﾝｼﾝｸﾐ,033,ｽｾﾝｼﾞ
2773,ﾌｸｵｶｹﾝｼﾝｸﾐ,034,ｶﾌﾘ
2773,ﾌｸｵｶｹﾝｼﾝｸﾐ,036,ｲﾏｼﾞﾕｸ
2773,ﾌｸｵｶｹﾝｼﾝｸﾐ,037,ﾊｶﾀｴｷﾋｶﾞｼ
2773,ﾌｸｵｶｹﾝｼﾝｸﾐ,102,ﾀﾇｼﾏﾙ
2773,ﾌｸｵｶｹﾝｼﾝｸﾐ,106,ﾋﾗﾏﾂ
2773,ﾌｸｵｶｹﾝｼﾝｸﾐ,109,ｵｺﾞｵﾘ
2773,ﾌｸｵｶｹﾝｼﾝｸﾐ,112,ｷｸﾁ
2773,ﾌｸｵｶｹﾝｼﾝｸﾐ,113,ﾊｺｻﾞｷ
2773,ﾌｸｵｶｹﾝｼﾝｸﾐ,114,ｶｽﾔ
2773,ﾌｸｵｶｹﾝｼﾝｸﾐ,117,ｶｼｲ
2773,ﾌｸｵｶｹﾝｼﾝｸﾐ,118,ﾄﾞｲ
2773,ﾌｸｵｶｹﾝｼﾝｸﾐ,120,ｼﾝｸﾞｳ
2773,ﾌｸｵｶｹﾝｼﾝｸﾐ,122,ｻﾞﾂｼﾖﾉｸﾏ
2773,ﾌｸｵｶｹﾝｼﾝｸﾐ,124,ﾌﾂｶｲﾁ
2773,ﾌｸｵｶｹﾝｼﾝｸﾐ,201,ｸﾙﾒ
2773,ﾌｸｵｶｹﾝｼﾝｸﾐ,202,ｸﾙﾒﾄｳﾌﾞ
2773,ﾌｸｵｶｹﾝｼﾝｸﾐ,206,ｾﾀｶ
2773,ﾌｸｵｶｹﾝｼﾝｸﾐ,207,ｱﾘｱｹ
2773,ﾌｸｵｶｹﾝｼﾝｸﾐ,210,ﾐﾂﾊｼ
2773,ﾌｸｵｶｹﾝｼﾝｸﾐ,211,ﾔﾏﾄ
2773,ﾌｸｵｶｹﾝｼﾝｸﾐ,212,ｱﾗｷ
2773,ﾌｸｵｶｹﾝｼﾝｸﾐ,213,ﾁｸﾎｳﾆｼ
2773,ﾌｸｵｶｹﾝｼﾝｸﾐ,214,ﾐｽﾞﾏ
2802,ｻｶﾞｹﾝｲｼｼﾝｸﾐ,001,ﾎﾝﾃﾝ
2803,ｻｶﾞﾋｶﾞｼｼﾝｸﾐ,001,ﾎﾝﾃﾝ
2803,ｻｶﾞﾋｶﾞｼｼﾝｸﾐ,002,ｶﾝｻﾞｷ
2803,ｻｶﾞﾋｶﾞｼｼﾝｸﾐ,003,ｵｷﾞ
2803,ｻｶﾞﾋｶﾞｼｼﾝｸﾐ,004,ｳｼﾂﾞ
2803,ｻｶﾞﾋｶﾞｼｼﾝｸﾐ,005,ﾓﾛﾄﾞﾐ
2803,ｻｶﾞﾋｶﾞｼｼﾝｸﾐ,006,ﾄｽ
2803,ｻｶﾞﾋｶﾞｼｼﾝｸﾐ,007,ﾅｶﾊﾞﾙ
2803,ｻｶﾞﾋｶﾞｼｼﾝｸﾐ,008,ｹﾝﾁﾖｳ
2808,ｻｶﾞﾆｼｼﾝｸﾐ,001,ﾎﾝﾃﾝ
2808,ｻｶﾞﾆｼｼﾝｸﾐ,002,ﾀﾗ
2808,ｻｶﾞﾆｼｼﾝｸﾐ,003,ｼｵﾀ
2808,ｻｶﾞﾆｼｼﾝｸﾐ,004,ｳﾚｼﾉ
2808,ｻｶﾞﾆｼｼﾝｸﾐ,006,ｵｵｳﾗ
2808,ｻｶﾞﾆｼｼﾝｸﾐ,007,ﾀｹｵ
2808,ｻｶﾞﾆｼｼﾝｸﾐ,008,ｲﾏﾘ
2808,ｻｶﾞﾆｼｼﾝｸﾐ,009,ｱﾘｱｹ
2808,ｻｶﾞﾆｼｼﾝｸﾐ,010,ｼﾛｲｼ
2808,ｻｶﾞﾆｼｼﾝｸﾐ,012,ｱﾘﾀ
2820,ﾅｶﾞｻｷﾐﾂﾋﾞｼｼﾝｸﾐ,001,ﾎﾝﾃﾝ
2820,ﾅｶﾞｻｷﾐﾂﾋﾞｼｼﾝｸﾐ,002,ｷﾊﾞﾁ
2820,ﾅｶﾞｻｷﾐﾂﾋﾞｼｼﾝｸﾐ,007,ﾌｶﾎﾘ
2820,ﾅｶﾞｻｷﾐﾂﾋﾞｼｼﾝｸﾐ,008,ﾊﾏﾉﾏﾁ
2820,ﾅｶﾞｻｷﾐﾂﾋﾞｼｼﾝｸﾐ,009,ｷﾀ
2820,ﾅｶﾞｻｷﾐﾂﾋﾞｼｼﾝｸﾐ,014,ﾎﾝｶﾝ
2820,ﾅｶﾞｻｷﾐﾂﾋﾞｼｼﾝｸﾐ,016,ﾋｶﾞｼﾅｶﾞｻｷ
2821,ﾅｶﾞｻｷｹﾝｲｼｼﾝｸﾐ,001,ﾎﾝﾃﾝ
2825,ｻｲｶｲﾐｽﾞｷｼﾝｸﾐ,001,ﾎﾝﾃﾝ
2825,ｻｲｶｲﾐｽﾞｷｼﾝｸﾐ,002,ﾐﾅﾐ
2825,ｻｲｶｲﾐｽﾞｷｼﾝｸﾐ,008,ｻｻﾞ
2825,ｻｲｶｲﾐｽﾞｷｼﾝｸﾐ,013,ﾊｲｷ
2825,ｻｲｶｲﾐｽﾞｷｼﾝｸﾐ,016,ｵｵﾑﾗ
2833,ﾌｸｴｼﾝｸﾐ,001,ﾎﾝﾃﾝ
2833,ﾌｸｴｼﾝｸﾐ,002,ﾅﾙ
2842,ｸﾏﾓﾄｹﾝｲｼｼﾝｸﾐ,001,ﾎﾝﾃﾝ
2845,ｸﾏﾓﾄｹﾝｼﾝｸﾐ,001,ﾎﾝﾃﾝ
2845,ｸﾏﾓﾄｹﾝｼﾝｸﾐ,002,ﾀｻｷ
2845,ｸﾏﾓﾄｹﾝｼﾝｸﾐ,005,ｳﾄ
2845,ｸﾏﾓﾄｹﾝｼﾝｸﾐ,008,ﾔﾂｼﾛ
2845,ｸﾏﾓﾄｹﾝｼﾝｸﾐ,012,ﾋﾄﾖｼ
2845,ｸﾏﾓﾄｹﾝｼﾝｸﾐ,013,ﾒﾝﾀﾞ
2845,ｸﾏﾓﾄｹﾝｼﾝｸﾐ,014,ﾀﾗｷﾞ
2845,ｸﾏﾓﾄｹﾝｼﾝｸﾐ,016,ｳｼﾌﾞｶ
2845,ｸﾏﾓﾄｹﾝｼﾝｸﾐ,021,ｱｿ
2845,ｸﾏﾓﾄｹﾝｼﾝｸﾐ,024,ﾀｶﾓﾘ
2845,ｸﾏﾓﾄｹﾝｼﾝｸﾐ,025,ｵｵﾂﾞ
2845,ｸﾏﾓﾄｹﾝｼﾝｸﾐ,030,ｵｵﾔﾉ
2845,ｸﾏﾓﾄｹﾝｼﾝｸﾐ,032,ｶｶﾞﾐ
2845,ｸﾏﾓﾄｹﾝｼﾝｸﾐ,033,ｵｶﾞﾜ
2845,ｸﾏﾓﾄｹﾝｼﾝｸﾐ,038,ｺﾞﾘﾖｳ
2845,ｸﾏﾓﾄｹﾝｼﾝｸﾐ,040,ﾎﾝﾄﾞ
2845,ｸﾏﾓﾄｹﾝｼﾝｸﾐ,041,ﾀｶﾁﾎ
2845,ｸﾏﾓﾄｹﾝｼﾝｸﾐ,043,ｺｳｼ
2870,ｵｵｲﾀｹﾝｼﾝｸﾐ,002,ﾎﾝﾃﾝ
2870,ｵｵｲﾀｹﾝｼﾝｸﾐ,003,ｵｵｲﾀｴｷﾏｴ
2870,ｵｵｲﾀｹﾝｼﾝｸﾐ,004,ﾐﾅﾐｵｵｲﾀ
2870,ｵｵｲﾀｹﾝｼﾝｸﾐ,006,ｱｹﾉ
2870,ｵｵｲﾀｹﾝｼﾝｸﾐ,007,ﾂﾙｻｷ
2870,ｵｵｲﾀｹﾝｼﾝｸﾐ,008,ﾍﾞﾂﾌﾟ
2870,ｵｵｲﾀｹﾝｼﾝｸﾐ,009,ｼﾖｳﾆﾝ
2870,ｵｵｲﾀｹﾝｼﾝｸﾐ,010,ﾅｶﾂ
2870,ｵｵｲﾀｹﾝｼﾝｸﾐ,011,ﾔﾊﾞｹｲ
2870,ｵｵｲﾀｹﾝｼﾝｸﾐ,013,ﾌｸｻﾞﾜﾄﾞｵﾘ
2870,ｵｵｲﾀｹﾝｼﾝｸﾐ,014,ﾀｶﾀﾞ
2870,ｵｵｲﾀｹﾝｼﾝｸﾐ,015,ﾅｶﾞｽ
2870,ｵｵｲﾀｹﾝｼﾝｸﾐ,016,ｳｻ
2870,ｵｵｲﾀｹﾝｼﾝｸﾐ,017,ｶｶﾁﾞ
2870,ｵｵｲﾀｹﾝｼﾝｸﾐ,020,ﾋﾀ
2870,ｵｵｲﾀｹﾝｼﾝｸﾐ,021,ｸｽ
2870,ｵｵｲﾀｹﾝｼﾝｸﾐ,022,ﾕﾌｲﾝ
2870,ｵｵｲﾀｹﾝｼﾝｸﾐ,030,ﾐｴ
2870,ｵｵｲﾀｹﾝｼﾝｸﾐ,031,ｵｵﾉ
2870,ｵｵｲﾀｹﾝｼﾝｸﾐ,032,ｵｶﾞﾀ
2870,ｵｵｲﾀｹﾝｼﾝｸﾐ,033,ﾉﾂ
2870,ｵｵｲﾀｹﾝｼﾝｸﾐ,034,ﾀｹﾀ
2870,ｵｵｲﾀｹﾝｼﾝｸﾐ,036,ｸｼﾞﾕｳ
2870,ｵｵｲﾀｹﾝｼﾝｸﾐ,040,ｻｲｷ
2870,ｵｵｲﾀｹﾝｼﾝｸﾐ,051,ｶﾅｲｹ
2870,ｵｵｲﾀｹﾝｼﾝｸﾐ,052,ﾎｳﾌ
2870,ｵｵｲﾀｹﾝｼﾝｸﾐ,053,ﾂﾙ
2870,ｵｵｲﾀｹﾝｼﾝｸﾐ,054,ｶｸ
2870,ｵｵｲﾀｹﾝｼﾝｸﾐ,055,ﾐﾂﾖｼ
2870,ｵｵｲﾀｹﾝｼﾝｸﾐ,056,ｼﾓｺﾞｵﾘ
2870,ｵｵｲﾀｹﾝｼﾝｸﾐ,057,ﾋｶﾞｼｵｵｲﾀ
2870,ｵｵｲﾀｹﾝｼﾝｸﾐ,058,ｹﾝﾁﾖｳﾅｲ
2870,ｵｵｲﾀｹﾝｼﾝｸﾐ,059,ｵｵｻﾞｲ
2870,ｵｵｲﾀｹﾝｼﾝｸﾐ,064,ｸﾆｻｷ
2870,ｵｵｲﾀｹﾝｼﾝｸﾐ,066,ｱｷ
2870,ｵｵｲﾀｹﾝｼﾝｸﾐ,068,ｷﾂｷ
2870,ｵｵｲﾀｹﾝｼﾝｸﾐ,069,ﾔﾏｶﾞ
2870,ｵｵｲﾀｹﾝｼﾝｸﾐ,070,ﾋｼﾞ
2884,ﾐﾔｻﾞｷｹﾝﾅﾝﾌﾞｼﾝｸﾐ,001,ﾎﾝﾃﾝ
2890,ｶｺﾞｼﾏｺｳｷﾞﾖｳｼﾝｸﾐ,002,ﾎﾝﾃﾝ
2890,ｶｺﾞｼﾏｺｳｷﾞﾖｳｼﾝｸﾐ,003,ﾀﾃﾊﾞﾊﾞ
2890,ｶｺﾞｼﾏｺｳｷﾞﾖｳｼﾝｸﾐ,007,ｼﾞﾖｳﾅﾝ
2890,ｶｺﾞｼﾏｺｳｷﾞﾖｳｼﾝｸﾐ,008,ｱﾗﾀ
2890,ｶｺﾞｼﾏｺｳｷﾞﾖｳｼﾝｸﾐ,010,ﾁﾕｳｵｳｴｷﾏｴ
2890,ｶｺﾞｼﾏｺｳｷﾞﾖｳｼﾝｸﾐ,011,ｶﾐﾀｹ
2890,ｶｺﾞｼﾏｺｳｷﾞﾖｳｼﾝｸﾐ,013,ｲｼｷ
2890,ｶｺﾞｼﾏｺｳｷﾞﾖｳｼﾝｸﾐ,014,ﾜｷﾀ
2890,ｶｺﾞｼﾏｺｳｷﾞﾖｳｼﾝｸﾐ,015,ﾀﾆﾔﾏ
2890,ｶｺﾞｼﾏｺｳｷﾞﾖｳｼﾝｸﾐ,017,ﾏｻｺﾞ
2890,ｶｺﾞｼﾏｺｳｷﾞﾖｳｼﾝｸﾐ,018,ﾋｶﾞｼﾀﾆﾔﾏ
2890,ｶｺﾞｼﾏｺｳｷﾞﾖｳｼﾝｸﾐ,019,ﾏｸﾗｻﾞｷ
2890,ｶｺﾞｼﾏｺｳｷﾞﾖｳｼﾝｸﾐ,022,ｷﾓﾂｷｱｲﾗ
2890,ｶｺﾞｼﾏｺｳｷﾞﾖｳｼﾝｸﾐ,023,ｸｼﾗ
2890,ｶｺﾞｼﾏｺｳｷﾞﾖｳｼﾝｸﾐ,027,ｵｵｻｷ
2890,ｶｺﾞｼﾏｺｳｷﾞﾖｳｼﾝｸﾐ,028,ｼﾌﾞｼ
2890,ｶｺﾞｼﾏｺｳｷﾞﾖｳｼﾝｸﾐ,029,ｲﾜｶﾞﾜ
2890,ｶｺﾞｼﾏｺｳｷﾞﾖｳｼﾝｸﾐ,030,ﾀﾙﾐｽﾞ
2890,ｶｺﾞｼﾏｺｳｷﾞﾖｳｼﾝｸﾐ,031,ｶﾉﾔ
2890,ｶｺﾞｼﾏｺｳｷﾞﾖｳｼﾝｸﾐ,032,ﾆｼﾊﾗ
2890,ｶｺﾞｼﾏｺｳｷﾞﾖｳｼﾝｸﾐ,033,ｱｲﾗ
2890,ｶｺﾞｼﾏｺｳｷﾞﾖｳｼﾝｸﾐ,035,ｺｸﾌﾞ
2890,ｶｺﾞｼﾏｺｳｷﾞﾖｳｼﾝｸﾐ,036,ｵｵﾈｼﾞﾒ
2890,ｶｺﾞｼﾏｺｳｷﾞﾖｳｼﾝｸﾐ,038,ｵｵｸﾁ
2890,ｶｺﾞｼﾏｺｳｷﾞﾖｳｼﾝｸﾐ,040,ｲｽﾞﾐ
2891,ｶｺﾞｼﾏｹﾝｲｼｼﾝｸﾐ,001,ﾎﾝﾃﾝ
2895,ｱﾏﾐｼﾝｸﾐ,001,ﾎﾝﾃﾝ
2895,ｱﾏﾐｼﾝｸﾐ,002,ｺﾊﾏ
2895,ｱﾏﾐｼﾝｸﾐ,003,ﾅｶﾞﾀﾊﾞｼ
2895,ｱﾏﾐｼﾝｸﾐ,004,ｾﾄｳﾁ
2895,ｱﾏﾐｼﾝｸﾐ,005,ｶｻﾘ
2895,ｱﾏﾐｼﾝｸﾐ,006,ﾀﾂｺﾞｳ
2895,ｱﾏﾐｼﾝｸﾐ,007,ｳｹﾝ
2895,ｱﾏﾐｼﾝｸﾐ,008,ﾄｸﾉｼﾏ
2895,ｱﾏﾐｼﾝｸﾐ,009,ｱﾏｷﾞ
2895,ｱﾏﾐｼﾝｸﾐ,010,ｷｶｲ
2895,ｱﾏﾐｼﾝｸﾐ,011,ｲｾﾝ
2895,ｱﾏﾐｼﾝｸﾐ,012,ﾅｶﾞﾊﾏ
2895,ｱﾏﾐｼﾝｸﾐ,014,ｵｷｴﾗﾌﾞ
2895,ｱﾏﾐｼﾝｸﾐ,015,ﾁﾅ
2950,ﾛｳｷﾝﾚﾝ,002,ﾎﾝﾃﾝ
2951,ﾎﾂｶｲﾄﾞｳﾛｳｷﾝ,012,ﾎﾝﾃﾝ
2951,ﾎﾂｶｲﾄﾞｳﾛｳｷﾝ,013,ﾄﾞｳﾁﾖｳ
2951,ﾎﾂｶｲﾄﾞｳﾛｳｷﾝ,014,ｻﾂﾎﾟﾛﾆｼ
2951,ﾎﾂｶｲﾄﾞｳﾛｳｷﾝ,015,ｻﾂﾎﾟﾛﾋｶﾞｼ
2951,ﾎﾂｶｲﾄﾞｳﾛｳｷﾝ,016,ｻﾂﾎﾟﾛｷﾀ
2951,ﾎﾂｶｲﾄﾞｳﾛｳｷﾝ,017,ｻﾂﾎﾟﾛｱｻﾌﾞ
2951,ﾎﾂｶｲﾄﾞｳﾛｳｷﾝ,018,ﾁﾄｾ
2951,ﾎﾂｶｲﾄﾞｳﾛｳｷﾝ,019,ﾌﾗﾉ
2951,ﾎﾂｶｲﾄﾞｳﾛｳｷﾝ,020,ｴﾍﾞﾂ
2951,ﾎﾂｶｲﾄﾞｳﾛｳｷﾝ,021,ｱｻﾋｶﾜ
2951,ﾎﾂｶｲﾄﾞｳﾛｳｷﾝ,022,ﾙﾓｲ
2951,ﾎﾂｶｲﾄﾞｳﾛｳｷﾝ,023,ｸｼﾛ
2951,ﾎﾂｶｲﾄﾞｳﾛｳｷﾝ,025,ﾑﾛﾗﾝ
2951,ﾎﾂｶｲﾄﾞｳﾛｳｷﾝ,026,ﾑﾛﾗﾝﾋｶﾞｼ
2951,ﾎﾂｶｲﾄﾞｳﾛｳｷﾝ,027,ﾊｺﾀﾞﾃ
2951,ﾎﾂｶｲﾄﾞｳﾛｳｷﾝ,028,ﾔｸﾓ
2951,ﾎﾂｶｲﾄﾞｳﾛｳｷﾝ,029,ﾅｶｼﾍﾞﾂ
2951,ﾎﾂｶｲﾄﾞｳﾛｳｷﾝ,031,ﾕｳﾊﾞﾘ
2951,ﾎﾂｶｲﾄﾞｳﾛｳｷﾝ,032,ｷﾀﾐ
2951,ﾎﾂｶｲﾄﾞｳﾛｳｷﾝ,033,ｲﾜﾐｻﾞﾜ
2951,ﾎﾂｶｲﾄﾞｳﾛｳｷﾝ,034,ｵﾀﾙ
2951,ﾎﾂｶｲﾄﾞｳﾛｳｷﾝ,035,ﾄﾏｺﾏｲ
2951,ﾎﾂｶｲﾄﾞｳﾛｳｷﾝ,036,ｵﾋﾞﾋﾛ
2951,ﾎﾂｶｲﾄﾞｳﾛｳｷﾝ,037,ﾀｷｶﾜ
2951,ﾎﾂｶｲﾄﾞｳﾛｳｷﾝ,038,ﾓﾝﾍﾞﾂ
2951,ﾎﾂｶｲﾄﾞｳﾛｳｷﾝ,039,ｼｽﾞﾅｲ
2951,ﾎﾂｶｲﾄﾞｳﾛｳｷﾝ,040,ｻﾂﾎﾟﾛﾋﾗｵｶ
2951,ﾎﾂｶｲﾄﾞｳﾛｳｷﾝ,041,ｸﾂﾁﾔﾝ
2951,ﾎﾂｶｲﾄﾞｳﾛｳｷﾝ,042,ｴﾝｶﾞﾙ
2951,ﾎﾂｶｲﾄﾞｳﾛｳｷﾝ,043,ﾅﾖﾛ
2951,ﾎﾂｶｲﾄﾞｳﾛｳｷﾝ,044,ﾜﾂｶﾅｲ
2951,ﾎﾂｶｲﾄﾞｳﾛｳｷﾝ,045,ｽﾅｶﾞﾜ
2951,ﾎﾂｶｲﾄﾞｳﾛｳｷﾝ,046,ｱｼﾍﾞﾂ
2951,ﾎﾂｶｲﾄﾞｳﾛｳｷﾝ,047,ｱｶﾋﾞﾗ
2951,ﾎﾂｶｲﾄﾞｳﾛｳｷﾝ,049,ｱﾊﾞｼﾘ
2951,ﾎﾂｶｲﾄﾞｳﾛｳｷﾝ,163,ｻﾂﾎﾟﾛﾃｲﾈ
2954,ﾄｳﾎｸﾛｳｷﾝ,052,ｱｵﾓﾘ
2954,ﾄｳﾎｸﾛｳｷﾝ,053,ﾊﾁﾉﾍ
2954,ﾄｳﾎｸﾛｳｷﾝ,054,ﾋﾛｻｷ
2954,ﾄｳﾎｸﾛｳｷﾝ,055,ﾑﾂ
2954,ﾄｳﾎｸﾛｳｷﾝ,056,ﾄﾜﾀﾞ
2954,ﾄｳﾎｸﾛｳｷﾝ,057,ｺﾞｼﾖｶﾞﾜﾗ
2954,ﾄｳﾎｸﾛｳｷﾝ,059,ｸﾛｲｼ
2954,ﾄｳﾎｸﾛｳｷﾝ,062,ﾓﾘｵｶ
2954,ﾄｳﾎｸﾛｳｷﾝ,063,ｶﾏｲｼ
2954,ﾄｳﾎｸﾛｳｷﾝ,064,ｵｵﾌﾅﾄ
2954,ﾄｳﾎｸﾛｳｷﾝ,065,ｲﾁﾉｾｷ
2954,ﾄｳﾎｸﾛｳｷﾝ,066,ﾊﾅﾏｷ
2954,ﾄｳﾎｸﾛｳｷﾝ,067,ﾐﾔｺ
2954,ﾄｳﾎｸﾛｳｷﾝ,068,ｷﾀｶﾐ
2954,ﾄｳﾎｸﾛｳｷﾝ,069,ｵｳｼﾕｳ
2954,ﾄｳﾎｸﾛｳｷﾝ,071,ﾆﾉﾍ
2954,ﾄｳﾎｸﾛｳｷﾝ,073,ﾄｵﾉ
2954,ﾄｳﾎｸﾛｳｷﾝ,075,ｸｼﾞ
2954,ﾄｳﾎｸﾛｳｷﾝ,076,ﾓﾘｵｶｷﾀ
2954,ﾄｳﾎｸﾛｳｷﾝ,082,ﾎﾝﾃﾝ
2954,ﾄｳﾎｸﾛｳｷﾝ,083,ｼﾝｼｵｶﾞﾏ
2954,ﾄｳﾎｸﾛｳｷﾝ,084,ｲｼﾉﾏｷ
2954,ﾄｳﾎｸﾛｳｷﾝ,085,ﾌﾙｶﾜ
2954,ﾄｳﾎｸﾛｳｷﾝ,086,ｹｾﾝﾇﾏ
2954,ﾄｳﾎｸﾛｳｷﾝ,087,ｵｵｶﾞﾜﾗ
2954,ﾄｳﾎｸﾛｳｷﾝ,088,ﾅｶﾞﾏﾁ
2954,ﾄｳﾎｸﾛｳｷﾝ,089,ﾂｷﾀﾞﾃ
2954,ﾄｳﾎｸﾛｳｷﾝ,091,ｾﾝﾀﾞｲﾋｶﾞｼ
2954,ﾄｳﾎｸﾛｳｷﾝ,092,ｾﾝﾀﾞｲｷﾀ
2954,ﾄｳﾎｸﾛｳｷﾝ,093,ｼﾛｲｼ
2954,ﾄｳﾎｸﾛｳｷﾝ,094,ﾊｻﾏ
2954,ﾄｳﾎｸﾛｳｷﾝ,096,ｲﾜﾇﾏ
2954,ﾄｳﾎｸﾛｳｷﾝ,103,ｱｷﾀ
2954,ﾄｳﾎｸﾛｳｷﾝ,104,ｵｵﾀﾞﾃ
2954,ﾄｳﾎｸﾛｳｷﾝ,105,ﾉｼﾛ
2954,ﾄｳﾎｸﾛｳｷﾝ,106,ｵｵﾏｶﾞﾘ
2954,ﾄｳﾎｸﾛｳｷﾝ,107,ﾖｺﾃ
2954,ﾄｳﾎｸﾛｳｷﾝ,108,ﾕｻﾞﾜ
2954,ﾄｳﾎｸﾛｳｷﾝ,109,ﾎﾝｼﾞﾖｳ
2954,ﾄｳﾎｸﾛｳｷﾝ,113,ﾂﾁｻﾞｷ
2954,ﾄｳﾎｸﾛｳｷﾝ,122,ﾔﾏｶﾞﾀ
2954,ﾄｳﾎｸﾛｳｷﾝ,123,ｻｶﾀ
2954,ﾄｳﾎｸﾛｳｷﾝ,124,ﾖﾈｻﾞﾜ
2954,ﾄｳﾎｸﾛｳｷﾝ,125,ﾂﾙｵｶ
2954,ﾄｳﾎｸﾛｳｷﾝ,126,ｼﾝｼﾞﾖｳ
2954,ﾄｳﾎｸﾛｳｷﾝ,127,ﾅｶﾞｲ
2954,ﾄｳﾎｸﾛｳｷﾝ,128,ｻｶﾞｴ
2954,ﾄｳﾎｸﾛｳｷﾝ,129,ｶﾐﾉﾔﾏ
2954,ﾄｳﾎｸﾛｳｷﾝ,131,ﾑﾗﾔﾏ
2954,ﾄｳﾎｸﾛｳｷﾝ,132,ﾔﾏｶﾞﾀｷﾀ
2954,ﾄｳﾎｸﾛｳｷﾝ,133,ﾅﾝﾖｳ
2954,ﾄｳﾎｸﾛｳｷﾝ,134,ﾃﾝﾄﾞｳ
2954,ﾄｳﾎｸﾛｳｷﾝ,142,ﾌｸｼﾏ
2954,ﾄｳﾎｸﾛｳｷﾝ,143,ﾀｲﾗ
2954,ﾄｳﾎｸﾛｳｷﾝ,144,ｺｵﾘﾔﾏ
2954,ﾄｳﾎｸﾛｳｷﾝ,145,ﾜｶﾏﾂ
2954,ﾄｳﾎｸﾛｳｷﾝ,146,ﾊﾗﾏﾁ
2954,ﾄｳﾎｸﾛｳｷﾝ,147,ｼﾗｶﾜ
2954,ﾄｳﾎｸﾛｳｷﾝ,148,ｽｶｶﾞﾜ
2954,ﾄｳﾎｸﾛｳｷﾝ,149,ｵﾅﾊﾏ
2954,ﾄｳﾎｸﾛｳｷﾝ,151,ｷﾀｶﾀ
2954,ﾄｳﾎｸﾛｳｷﾝ,152,ﾅｺｿ
2954,ﾄｳﾎｸﾛｳｷﾝ,153,ｿｳﾏ
2954,ﾄｳﾎｸﾛｳｷﾝ,155,ﾆﾎﾝﾏﾂ
2954,ﾄｳﾎｸﾛｳｷﾝ,157,ｲｼｶﾜ
2954,ﾄｳﾎｸﾛｳｷﾝ,158,ﾎﾊﾞﾗ
2963,ﾁﾕｳｵｳﾛｳｷﾝ,165,ﾂｸﾊﾞ
2963,ﾁﾕｳｵｳﾛｳｷﾝ,169,ﾄﾘﾃﾞ
2963,ﾁﾕｳｵｳﾛｳｷﾝ,170,ﾐﾄﾐﾅﾐ
2963,ﾁﾕｳｵｳﾛｳｷﾝ,171,ﾐﾄ
2963,ﾁﾕｳｵｳﾛｳｷﾝ,172,ｲﾊﾞﾗｷｹﾝﾁﾖｳ
2963,ﾁﾕｳｵｳﾛｳｷﾝ,173,ｼﾓﾀﾞﾃ
2963,ﾁﾕｳｵｳﾛｳｷﾝ,174,ﾂﾁｳﾗ
2963,ﾁﾕｳｵｳﾛｳｷﾝ,175,ｺｶﾞ
2963,ﾁﾕｳｵｳﾛｳｷﾝ,176,ﾋﾀﾁ
2963,ﾁﾕｳｵｳﾛｳｷﾝ,178,ｲｿﾊﾗ
2963,ﾁﾕｳｵｳﾛｳｷﾝ,180,ｵｷﾞﾂ
2963,ﾁﾕｳｵｳﾛｳｷﾝ,181,ﾋﾀﾁﾅｶ
2963,ﾁﾕｳｵｳﾛｳｷﾝ,182,ﾐﾂｶｲﾄﾞｳ
2963,ﾁﾕｳｵｳﾛｳｷﾝ,183,ｵｵﾐｶ
2963,ﾁﾕｳｵｳﾛｳｷﾝ,184,ﾋﾀﾁｵｵﾀ
2963,ﾁﾕｳｵｳﾛｳｷﾝ,185,ｲｼｵｶ
2963,ﾁﾕｳｵｳﾛｳｷﾝ,186,ｼﾓﾂﾏ
2963,ﾁﾕｳｵｳﾛｳｷﾝ,187,ﾄﾓﾍﾞ
2963,ﾁﾕｳｵｳﾛｳｷﾝ,192,ｳﾂﾉﾐﾔ
2963,ﾁﾕｳｵｳﾛｳｷﾝ,194,ｱｼｶｶﾞ
2963,ﾁﾕｳｵｳﾛｳｷﾝ,195,ｵﾔﾏ
2963,ﾁﾕｳｵｳﾛｳｷﾝ,196,ﾄﾁｷﾞ
2963,ﾁﾕｳｵｳﾛｳｷﾝ,198,ｳﾂﾉﾐﾔﾋｶﾞｼ
2963,ﾁﾕｳｵｳﾛｳｷﾝ,202,ｶﾇﾏ
2963,ﾁﾕｳｵｳﾛｳｷﾝ,203,ﾔｲﾀ
2963,ﾁﾕｳｵｳﾛｳｷﾝ,204,ｻﾉ
2963,ﾁﾕｳｵｳﾛｳｷﾝ,205,ﾓｵｶ
2963,ﾁﾕｳｵｳﾛｳｷﾝ,211,ﾏｴﾊﾞｼ
2963,ﾁﾕｳｵｳﾛｳｷﾝ,212,ﾀｶｻｷ
2963,ﾁﾕｳｵｳﾛｳｷﾝ,213,ｷﾘﾕｳ
2963,ﾁﾕｳｵｳﾛｳｷﾝ,214,ｵｵﾀ
2963,ﾁﾕｳｵｳﾛｳｷﾝ,215,ｼﾌﾞｶﾜ
2963,ﾁﾕｳｵｳﾛｳｷﾝ,216,ﾅｶﾉｼﾞﾖｳ
2963,ﾁﾕｳｵｳﾛｳｷﾝ,217,ﾀﾃﾊﾞﾔｼ
2963,ﾁﾕｳｵｳﾛｳｷﾝ,218,ｲｾｻｷ
2963,ﾁﾕｳｵｳﾛｳｷﾝ,219,ﾄﾐｵｶ
2963,ﾁﾕｳｵｳﾛｳｷﾝ,221,ﾌｼﾞｵｶ
2963,ﾁﾕｳｵｳﾛｳｷﾝ,222,ｱﾝﾅｶ
2963,ﾁﾕｳｵｳﾛｳｷﾝ,223,ﾇﾏﾀ
2963,ﾁﾕｳｵｳﾛｳｷﾝ,224,ｸﾞﾝﾏｹﾝﾁﾖｳ
2963,ﾁﾕｳｵｳﾛｳｷﾝ,227,ﾀｶｻｷﾋｶﾞｼ
2963,ﾁﾕｳｵｳﾛｳｷﾝ,230,ｼﾕｳﾁﾕｳｾﾝﾀ-ﾀﾞｲｻﾝ
2963,ﾁﾕｳｵｳﾛｳｷﾝ,231,ｼﾕｳﾁﾕｳｾﾝﾀ-ﾀﾞｲｲﾁ
2963,ﾁﾕｳｵｳﾛｳｷﾝ,232,ｼﾕｳﾁﾕｳｾﾝﾀ-ﾀﾞｲﾆ
2963,ﾁﾕｳｵｳﾛｳｷﾝ,242,ｵｵﾐﾔ
2963,ﾁﾕｳｵｳﾛｳｷﾝ,243,ｶﾜｺﾞｴ
2963,ﾁﾕｳｵｳﾛｳｷﾝ,244,ﾁﾁﾌﾞ
2963,ﾁﾕｳｵｳﾛｳｷﾝ,246,ｸﾏｶﾞﾔ
2963,ﾁﾕｳｵｳﾛｳｷﾝ,248,ﾋｶﾞｼﾏﾂﾔﾏ
2963,ﾁﾕｳｵｳﾛｳｷﾝ,249,ｱｹﾞｵ
2963,ﾁﾕｳｵｳﾛｳｷﾝ,250,ｻｲﾀﾏ
2963,ﾁﾕｳｵｳﾛｳｷﾝ,251,ｸｷ
2963,ﾁﾕｳｵｳﾛｳｷﾝ,252,ﾎﾝｼﾞﾖｳ
2963,ﾁﾕｳｵｳﾛｳｷﾝ,253,ｱｻｶ
2963,ﾁﾕｳｵｳﾛｳｷﾝ,254,ｺｼｶﾞﾔ
2963,ﾁﾕｳｵｳﾛｳｷﾝ,256,ｻﾔﾏ
2963,ﾁﾕｳｵｳﾛｳｷﾝ,261,ﾁﾊﾞ
2963,ﾁﾕｳｵｳﾛｳｷﾝ,262,ﾉﾀﾞ
2963,ﾁﾕｳｵｳﾛｳｷﾝ,263,ｲﾁｶﾜ
2963,ﾁﾕｳｵｳﾛｳｷﾝ,264,ﾁﾖｳｼ
2963,ﾁﾕｳｵｳﾛｳｷﾝ,265,ﾀﾃﾔﾏ
2963,ﾁﾕｳｵｳﾛｳｷﾝ,266,ﾓﾊﾞﾗ
2963,ﾁﾕｳｵｳﾛｳｷﾝ,267,ﾌﾅﾊﾞｼ
2963,ﾁﾕｳｵｳﾛｳｷﾝ,268,ﾏﾂﾄﾞ
2963,ﾁﾕｳｵｳﾛｳｷﾝ,269,ｲﾁﾊﾗ
2963,ﾁﾕｳｵｳﾛｳｷﾝ,271,ｷｻﾗﾂﾞ
2963,ﾁﾕｳｵｳﾛｳｷﾝ,272,ﾅﾘﾀ
2963,ﾁﾕｳｵｳﾛｳｷﾝ,275,ｶｼﾜ
2963,ﾁﾕｳｵｳﾛｳｷﾝ,276,ﾅﾙﾄｳ
2963,ﾁﾕｳｵｳﾛｳｷﾝ,280,ﾂﾀﾞﾇﾏ
2963,ﾁﾕｳｵｳﾛｳｷﾝ,281,ﾎﾝﾃﾝ
2963,ﾁﾕｳｵｳﾛｳｷﾝ,282,ﾀﾁｶﾜ
2963,ﾁﾕｳｵｳﾛｳｷﾝ,283,ｵｵｲ
2963,ﾁﾕｳｵｳﾛｳｷﾝ,284,ｶﾒｲﾄﾞ
2963,ﾁﾕｳｵｳﾛｳｷﾝ,285,ｵｵﾃﾏﾁ
2963,ﾁﾕｳｵｳﾛｳｷﾝ,286,ﾀﾏﾁ
2963,ﾁﾕｳｵｳﾛｳｷﾝ,287,ｵｳｼﾞ
2963,ﾁﾕｳｵｳﾛｳｷﾝ,288,ｼﾝｼﾞﾕｸ
2963,ﾁﾕｳｵｳﾛｳｷﾝ,289,ｼﾝﾊﾞｼ
2963,ﾁﾕｳｵｳﾛｳｷﾝ,291,ｲﾀﾊﾞｼ
2963,ﾁﾕｳｵｳﾛｳｷﾝ,292,ｾﾝｼﾞﾕ
2963,ﾁﾕｳｵｳﾛｳｷﾝ,293,ｶﾏﾀ
2963,ﾁﾕｳｵｳﾛｳｷﾝ,294,ﾐﾀｶ
2963,ﾁﾕｳｵｳﾛｳｷﾝ,295,ﾋﾄﾂﾊﾞｼ
2963,ﾁﾕｳｵｳﾛｳｷﾝ,296,ｼﾌﾞﾔ
2963,ﾁﾕｳｵｳﾛｳｷﾝ,297,ｷﾞﾝｻﾞ
2963,ﾁﾕｳｵｳﾛｳｷﾝ,298,ﾊﾁｵｳｼﾞ
2963,ﾁﾕｳｵｳﾛｳｷﾝ,299,ｲﾁｶﾞﾔ
2963,ﾁﾕｳｵｳﾛｳｷﾝ,300,ﾁﾕｳｵｳﾌﾚｱｲﾀﾞｲｲﾁ
2963,ﾁﾕｳｵｳﾛｳｷﾝ,301,ﾆﾎﾝﾊﾞｼ
2963,ﾁﾕｳｵｳﾛｳｷﾝ,302,ｲｹﾌﾞｸﾛ
2963,ﾁﾕｳｵｳﾛｳｷﾝ,303,ｾﾀｶﾞﾔ
2963,ﾁﾕｳｵｳﾛｳｷﾝ,304,ﾆｼﾀﾏ
2963,ﾁﾕｳｵｳﾛｳｷﾝ,305,ﾅｶﾉ
2963,ﾁﾕｳｵｳﾛｳｷﾝ,306,ｺﾞﾀﾝﾀﾞ
2963,ﾁﾕｳｵｳﾛｳｷﾝ,308,ﾀﾅｼ
2963,ﾁﾕｳｵｳﾛｳｷﾝ,309,ﾏﾁﾀﾞ
2963,ﾁﾕｳｵｳﾛｳｷﾝ,311,ｱﾗｶﾜ
2963,ﾁﾕｳｵｳﾛｳｷﾝ,312,ﾎﾝｺﾞｳ
2963,ﾁﾕｳｵｳﾛｳｷﾝ,313,ﾌﾁﾕｳ
2963,ﾁﾕｳｵｳﾛｳｷﾝ,314,ｴﾄﾞｶﾞﾜ
2963,ﾁﾕｳｵｳﾛｳｷﾝ,315,ｶｽﾐｶﾞｾｷ
2963,ﾁﾕｳｵｳﾛｳｷﾝ,321,ﾖｺﾊﾏ
2963,ﾁﾕｳｵｳﾛｳｷﾝ,322,ｶﾜｻｷ
2963,ﾁﾕｳｵｳﾛｳｷﾝ,323,ﾖｺｽｶ
2963,ﾁﾕｳｵｳﾛｳｷﾝ,324,ｵﾀﾞﾜﾗ
2963,ﾁﾕｳｵｳﾛｳｷﾝ,325,ﾂﾙﾐ
2963,ﾁﾕｳｵｳﾛｳｷﾝ,326,ﾌｼﾞｻﾜ
2963,ﾁﾕｳｵｳﾛｳｷﾝ,327,ﾅｶﾊﾗ
2963,ﾁﾕｳｵｳﾛｳｷﾝ,328,ｻｶﾞﾐﾊﾗ
2963,ﾁﾕｳｵｳﾛｳｷﾝ,329,ｵｵﾌﾅ
2963,ﾁﾕｳｵｳﾛｳｷﾝ,331,ﾋﾗﾂｶ
2963,ﾁﾕｳｵｳﾛｳｷﾝ,333,ｻﾞﾏ
2963,ﾁﾕｳｵｳﾛｳｷﾝ,334,ｼﾝﾖｺﾊﾏ
2963,ﾁﾕｳｵｳﾛｳｷﾝ,335,ﾊﾀﾉ
2963,ﾁﾕｳｵｳﾛｳｷﾝ,337,ｽｷﾞﾀ
2963,ﾁﾕｳｵｳﾛｳｷﾝ,338,ﾎｼｶﾜ
2963,ﾁﾕｳｵｳﾛｳｷﾝ,392,ｺｳﾌ
2963,ﾁﾕｳｵｳﾛｳｷﾝ,393,ﾌｼﾞﾖｼﾀﾞ
2963,ﾁﾕｳｵｳﾛｳｷﾝ,394,ﾐﾅﾐｱﾙﾌﾟｽ
2963,ﾁﾕｳｵｳﾛｳｷﾝ,667,ﾄﾂｶ
2963,ﾁﾕｳｵｳﾛｳｷﾝ,668,ｱﾂｷﾞ
2963,ﾁﾕｳｵｳﾛｳｷﾝ,669,ﾁｶﾞｻｷ
2963,ﾁﾕｳｵｳﾛｳｷﾝ,973,ｱｲｶﾜ
2963,ﾁﾕｳｵｳﾛｳｷﾝ,975,ｶｼﾏ
2965,ﾆｲｶﾞﾀｹﾝﾛｳｷﾝ,342,ﾎﾝﾃﾝ
2965,ﾆｲｶﾞﾀｹﾝﾛｳｷﾝ,343,ﾂｶﾞﾜ
2965,ﾆｲｶﾞﾀｹﾝﾛｳｷﾝ,344,ﾋｶﾞｼﾆｲｶﾞﾀ
2965,ﾆｲｶﾞﾀｹﾝﾛｳｷﾝ,345,ｻﾝｼﾞﾖｳ
2965,ﾆｲｶﾞﾀｹﾝﾛｳｷﾝ,346,ﾀｶﾀﾞ
2965,ﾆｲｶﾞﾀｹﾝﾛｳｷﾝ,347,ﾅｵｴﾂ
2965,ﾆｲｶﾞﾀｹﾝﾛｳｷﾝ,348,ｶｼﾜｻﾞｷ
2965,ﾆｲｶﾞﾀｹﾝﾛｳｷﾝ,349,ﾅｶﾞｵｶ
2965,ﾆｲｶﾞﾀｹﾝﾛｳｷﾝ,351,ﾄｵｶﾏﾁ
2965,ﾆｲｶﾞﾀｹﾝﾛｳｷﾝ,352,ｼﾊﾞﾀ
2965,ﾆｲｶﾞﾀｹﾝﾛｳｷﾝ,353,ﾏｷ
2965,ﾆｲｶﾞﾀｹﾝﾛｳｷﾝ,354,ﾆｲﾂ
2965,ﾆｲｶﾞﾀｹﾝﾛｳｷﾝ,355,ﾔﾏﾉｼﾀ
2965,ﾆｲｶﾞﾀｹﾝﾛｳｷﾝ,356,ﾅｶﾞｵｶｷﾀ
2965,ﾆｲｶﾞﾀｹﾝﾛｳｷﾝ,357,ｻﾄﾞ
2965,ﾆｲｶﾞﾀｹﾝﾛｳｷﾝ,358,ﾑﾗｶﾐ
2965,ﾆｲｶﾞﾀｹﾝﾛｳｷﾝ,359,ｲﾄｲｶﾞﾜ
2965,ﾆｲｶﾞﾀｹﾝﾛｳｷﾝ,360,ﾆｲｶﾞﾀﾆｼ
2965,ﾆｲｶﾞﾀｹﾝﾛｳｷﾝ,361,ｵﾁﾞﾔ
2965,ﾆｲｶﾞﾀｹﾝﾛｳｷﾝ,362,ｶﾓ
2965,ﾆｲｶﾞﾀｹﾝﾛｳｷﾝ,363,ﾆｲｶﾞﾀﾐﾅﾐ
2965,ﾆｲｶﾞﾀｹﾝﾛｳｷﾝ,364,ｱﾗｲ
2965,ﾆｲｶﾞﾀｹﾝﾛｳｷﾝ,365,ｺﾞｾﾝ
2965,ﾆｲｶﾞﾀｹﾝﾛｳｷﾝ,366,ﾂﾊﾞﾒ
2965,ﾆｲｶﾞﾀｹﾝﾛｳｷﾝ,367,ﾑｲｶﾏﾁ
2965,ﾆｲｶﾞﾀｹﾝﾛｳｷﾝ,368,ﾅｶｼﾞﾖｳ
2966,ﾅｶﾞﾉｹﾝﾛｳｷﾝ,371,ﾎﾝﾃﾝ
2966,ﾅｶﾞﾉｹﾝﾛｳｷﾝ,373,ｵｵﾏﾁ
2966,ﾅｶﾞﾉｹﾝﾛｳｷﾝ,374,ｳｴﾀﾞ
2966,ﾅｶﾞﾉｹﾝﾛｳｷﾝ,375,ｲﾅ
2966,ﾅｶﾞﾉｹﾝﾛｳｷﾝ,376,ｲｲﾀﾞ
2966,ﾅｶﾞﾉｹﾝﾛｳｷﾝ,377,ｽﾜｺ
2966,ﾅｶﾞﾉｹﾝﾛｳｷﾝ,378,ｽｻﾞｶ
2966,ﾅｶﾞﾉｹﾝﾛｳｷﾝ,379,ｻｸ
2966,ﾅｶﾞﾉｹﾝﾛｳｷﾝ,380,ﾏﾙｺ
2966,ﾅｶﾞﾉｹﾝﾛｳｷﾝ,381,ﾌｸｼﾏ
2966,ﾅｶﾞﾉｹﾝﾛｳｷﾝ,383,ﾅｶﾞﾉﾋｶﾞｼ
2966,ﾅｶﾞﾉｹﾝﾛｳｷﾝ,384,ﾏﾂﾓﾄ
2966,ﾅｶﾞﾉｹﾝﾛｳｷﾝ,385,ｺﾓﾛ
2966,ﾅｶﾞﾉｹﾝﾛｳｷﾝ,386,ｺﾏｶﾞﾈ
2966,ﾅｶﾞﾉｹﾝﾛｳｷﾝ,387,ﾅｶﾉ
2966,ﾅｶﾞﾉｹﾝﾛｳｷﾝ,388,ｺｳｼﾖｸ
2966,ﾅｶﾞﾉｹﾝﾛｳｷﾝ,976,ﾁﾉ
2966,ﾅｶﾞﾉｹﾝﾛｳｷﾝ,977,ｼｵｼﾞﾘ
2966,ﾅｶﾞﾉｹﾝﾛｳｷﾝ,982,ｱﾂﾞﾐﾉ
2966,ﾅｶﾞﾉｹﾝﾛｳｷﾝ,983,ｲﾅｻﾄ
2966,ﾅｶﾞﾉｹﾝﾛｳｷﾝ,984,ｲﾎｸ
2968,ｼｽﾞｵｶｹﾝﾛｳｷﾝ,401,ﾎﾝﾃﾝ
2968,ｼｽﾞｵｶｹﾝﾛｳｷﾝ,402,ｲﾄｳ
2968,ｼｽﾞｵｶｹﾝﾛｳｷﾝ,403,ﾇﾏﾂﾞ
2968,ｼｽﾞｵｶｹﾝﾛｳｷﾝ,404,ﾌｼﾞ
2968,ｼｽﾞｵｶｹﾝﾛｳｷﾝ,405,ｼﾐｽﾞ
2968,ｼｽﾞｵｶｹﾝﾛｳｷﾝ,406,ﾌｼﾞｴﾀﾞ
2968,ｼｽﾞｵｶｹﾝﾛｳｷﾝ,407,ｶｹｶﾞﾜ
2968,ｼｽﾞｵｶｹﾝﾛｳｷﾝ,408,ｲﾜﾀ
2968,ｼｽﾞｵｶｹﾝﾛｳｷﾝ,409,ﾊﾏﾏﾂﾁﾕｳｵｳ
2968,ｼｽﾞｵｶｹﾝﾛｳｷﾝ,410,ﾊﾏｷﾀ
2968,ｼｽﾞｵｶｹﾝﾛｳｷﾝ,412,ﾐｼﾏ
2968,ｼｽﾞｵｶｹﾝﾛｳｷﾝ,413,ｺｻｲ
2968,ｼｽﾞｵｶｹﾝﾛｳｷﾝ,414,ｼﾏﾀﾞ
2968,ｼｽﾞｵｶｹﾝﾛｳｷﾝ,415,ｼｽﾞｵｶﾁﾕｳｵｳ
2968,ｼｽﾞｵｶｹﾝﾛｳｷﾝ,416,ﾌｼﾞﾉﾐﾔ
2968,ｼｽﾞｵｶｹﾝﾛｳｷﾝ,417,ｺﾞﾃﾝﾊﾞ
2968,ｼｽﾞｵｶｹﾝﾛｳｷﾝ,418,ﾌｸﾛｲ
2968,ｼｽﾞｵｶｹﾝﾛｳｷﾝ,420,ﾔｲﾂﾞ
2968,ｼｽﾞｵｶｹﾝﾛｳｷﾝ,421,ｼﾓﾀﾞ
2968,ｼｽﾞｵｶｹﾝﾛｳｷﾝ,422,ﾀｶﾞﾀ
2968,ｼｽﾞｵｶｹﾝﾛｳｷﾝ,423,ﾊﾏﾏﾂﾋｶﾞｼ
2968,ｼｽﾞｵｶｹﾝﾛｳｷﾝ,424,ﾊﾏﾏﾂﾀｶﾀﾞｲ
2968,ｼｽﾞｵｶｹﾝﾛｳｷﾝ,425,ｽｿﾉ
2968,ｼｽﾞｵｶｹﾝﾛｳｷﾝ,426,ﾊｲﾅﾝ
2968,ｼｽﾞｵｶｹﾝﾛｳｷﾝ,427,ｵｶﾞｻ
2970,ﾎｸﾘｸﾛｳｷﾝ,432,ﾄﾔﾏ
2970,ﾎｸﾘｸﾛｳｷﾝ,434,ﾄﾔﾏﾋｶﾞｼ
2970,ﾎｸﾘｸﾛｳｷﾝ,435,ｳｵﾂﾞ
2970,ﾎｸﾘｸﾛｳｷﾝ,437,ﾀｶｵｶ
2970,ﾎｸﾘｸﾛｳｷﾝ,438,ｼﾝﾐﾅﾄ
2970,ﾎｸﾘｸﾛｳｷﾝ,439,ﾄﾅﾐ
2970,ﾎｸﾘｸﾛｳｷﾝ,442,ﾄﾔﾏﾐﾅﾐ
2970,ﾎｸﾘｸﾛｳｷﾝ,443,ｸﾛﾍﾞ
2970,ﾎｸﾘｸﾛｳｷﾝ,452,ﾎﾝﾃﾝ
2970,ﾎｸﾘｸﾛｳｷﾝ,453,ﾀﾞｲｼﾖｳｼﾞ
2970,ﾎｸﾘｸﾛｳｷﾝ,454,ｺﾏﾂ
2970,ﾎｸﾘｸﾛｳｷﾝ,455,ﾅﾅｵ
2970,ﾎｸﾘｸﾛｳｷﾝ,457,ﾏﾂﾄｳ
2970,ﾎｸﾘｸﾛｳｷﾝ,458,ｶﾅｻﾞﾜﾐﾅﾐ
2970,ﾎｸﾘｸﾛｳｷﾝ,459,ﾜｼﾞﾏ
2970,ﾎｸﾘｸﾛｳｷﾝ,462,ﾉﾐ
2970,ﾎｸﾘｸﾛｳｷﾝ,463,ｲｼｶﾜｹﾝﾁﾖｳ
2970,ﾎｸﾘｸﾛｳｷﾝ,471,ﾌｸｲ
2970,ﾎｸﾘｸﾛｳｷﾝ,472,ﾂﾙｶﾞ
2970,ﾎｸﾘｸﾛｳｷﾝ,473,ﾀﾝﾅﾝ
2970,ﾎｸﾘｸﾛｳｷﾝ,475,ｵﾊﾞﾏ
2970,ﾎｸﾘｸﾛｳｷﾝ,476,ｶﾅﾂﾞ
2970,ﾎｸﾘｸﾛｳｷﾝ,477,ｵｸｴﾂ
2970,ﾎｸﾘｸﾛｳｷﾝ,480,ﾌｸｲｷﾀ
2972,ﾄｳｶｲﾛｳｷﾝ,492,ﾎﾝﾃﾝ
2972,ﾄｳｶｲﾛｳｷﾝ,493,ﾅｺﾞﾔｴｷﾏｴ
2972,ﾄｳｶｲﾛｳｷﾝ,495,ﾅｺﾞﾔﾋｶﾞｼ
2972,ﾄｳｶｲﾛｳｷﾝ,496,ﾅｺﾞﾔｷﾀ
2972,ﾄｳｶｲﾛｳｷﾝ,497,ｲﾁﾉﾐﾔ
2972,ﾄｳｶｲﾛｳｷﾝ,498,ｶﾘﾔ
2972,ﾄｳｶｲﾛｳｷﾝ,499,ﾄﾖﾊｼ
2972,ﾄｳｶｲﾛｳｷﾝ,500,ｶﾜｾｼﾕｳﾁﾕｳ
2972,ﾄｳｶｲﾛｳｷﾝ,501,ｵｶｻﾞｷ
2972,ﾄｳｶｲﾛｳｷﾝ,502,ｾﾄ
2972,ﾄｳｶｲﾛｳｷﾝ,503,ﾊﾝﾀﾞ
2972,ﾄｳｶｲﾛｳｷﾝ,504,ﾂｼﾏ
2972,ﾄｳｶｲﾛｳｷﾝ,505,ﾅｺﾞﾔﾐﾅﾐ
2972,ﾄｳｶｲﾛｳｷﾝ,506,ﾄﾖﾀ
2972,ﾄｳｶｲﾛｳｷﾝ,507,ﾄｳｶｲ
2972,ﾄｳｶｲﾛｳｷﾝ,508,ｺﾏｷ
2972,ﾄｳｶｲﾛｳｷﾝ,509,ﾄﾖｶﾜ
2972,ﾄｳｶｲﾛｳｷﾝ,511,ｱﾝｼﾞﾖｳ
2972,ﾄｳｶｲﾛｳｷﾝ,512,ｶﾅﾔﾏ
2972,ﾄｳｶｲﾛｳｷﾝ,513,ﾄﾖﾀｷﾀ
2972,ﾄｳｶｲﾛｳｷﾝ,514,ｶｽｶﾞｲ
2972,ﾄｳｶｲﾛｳｷﾝ,515,ﾅｺﾞﾔﾐﾄﾞﾘ
2972,ﾄｳｶｲﾛｳｷﾝ,521,ｷﾞﾌ
2972,ﾄｳｶｲﾛｳｷﾝ,522,ｵｵｶﾞｷ
2972,ﾄｳｶｲﾛｳｷﾝ,523,ｶﾆ
2972,ﾄｳｶｲﾛｳｷﾝ,524,ﾀｼﾞﾐ
2972,ﾄｳｶｲﾛｳｷﾝ,525,ﾅｶﾂｶﾞﾜ
2972,ﾄｳｶｲﾛｳｷﾝ,526,ﾀｶﾔﾏ
2972,ﾄｳｶｲﾛｳｷﾝ,527,ﾀﾙｲ
2972,ﾄｳｶｲﾛｳｷﾝ,528,ｶｶﾐｶﾞﾊﾗ
2972,ﾄｳｶｲﾛｳｷﾝ,530,ｲ-ﾈﾂﾄ
2972,ﾄｳｶｲﾛｳｷﾝ,532,ﾂ
2972,ﾄｳｶｲﾛｳｷﾝ,533,ﾖﾂｶｲﾁ
2972,ﾄｳｶｲﾛｳｷﾝ,534,ｲｾ
2972,ﾄｳｶｲﾛｳｷﾝ,535,ｸﾜﾅ
2972,ﾄｳｶｲﾛｳｷﾝ,537,ﾏﾂｻｶ
2972,ﾄｳｶｲﾛｳｷﾝ,538,ｳｴﾉ
2972,ﾄｳｶｲﾛｳｷﾝ,539,ｽｽﾞｶ
2972,ﾄｳｶｲﾛｳｷﾝ,665,ｶﾒﾔﾏ
2972,ﾄｳｶｲﾛｳｷﾝ,974,ﾅﾊﾞﾘ
2972,ﾄｳｶｲﾛｳｷﾝ,981,ｸﾏﾉ
2978,ｷﾝｷﾛｳｷﾝ,542,ｵｵﾂ
2978,ｷﾝｷﾛｳｷﾝ,543,ﾋｺﾈ
2978,ｷﾝｷﾛｳｷﾝ,544,ｸｻﾂ
2978,ｷﾝｷﾛｳｷﾝ,545,ﾖｳｶｲﾁ
2978,ｷﾝｷﾛｳｷﾝ,546,ﾅｶﾞﾊﾏ
2978,ｷﾝｷﾛｳｷﾝ,547,ﾐﾅｸﾁ
2978,ｷﾝｷﾛｳｷﾝ,552,ﾅﾗ
2978,ｷﾝｷﾛｳｷﾝ,553,ﾀｶﾀﾞ
2978,ｷﾝｷﾛｳｷﾝ,556,ｻｸﾗｲ
2978,ｷﾝｷﾛｳｷﾝ,557,ﾔﾏﾄｺｵﾘﾔﾏ
2978,ｷﾝｷﾛｳｷﾝ,561,ｷﾖｳﾄ
2978,ｷﾝｷﾛｳｷﾝ,563,ﾅｶﾞｵｶ
2978,ｷﾝｷﾛｳｷﾝ,564,ﾌｼﾐ
2978,ｷﾝｷﾛｳｷﾝ,565,ｳｼﾞ
2978,ｷﾝｷﾛｳｷﾝ,566,ﾌｸﾁﾔﾏ
2978,ｷﾝｷﾛｳｷﾝ,567,ﾏｲﾂﾞﾙ
2978,ｷﾝｷﾛｳｷﾝ,568,ﾐﾔﾂﾞ
2978,ｷﾝｷﾛｳｷﾝ,572,ｶﾒｵｶ
2978,ｷﾝｷﾛｳｷﾝ,580,ﾄﾝﾀﾞﾊﾞﾔｼ
2978,ｷﾝｷﾛｳｷﾝ,581,ﾎﾝﾃﾝ
2978,ｷﾝｷﾛｳｷﾝ,582,ｳﾒﾀﾞ
2978,ｷﾝｷﾛｳｷﾝ,584,ｻｶｲ
2978,ｷﾝｷﾛｳｷﾝ,585,ﾀｶﾂｷ
2978,ｷﾝｷﾛｳｷﾝ,586,ﾀｲｼﾖｳ
2978,ｷﾝｷﾛｳｷﾝ,587,ﾓﾘｸﾞﾁ
2978,ｷﾝｷﾛｳｷﾝ,588,ﾃﾝﾉｳｼﾞ
2978,ｷﾝｷﾛｳｷﾝ,591,ﾋｶﾞｼｵｵｻｶ
2978,ｷﾝｷﾛｳｷﾝ,592,ｷｼﾜﾀﾞ
2978,ｷﾝｷﾛｳｷﾝ,593,ﾋﾗｶﾀ
2978,ｷﾝｷﾛｳｷﾝ,595,ﾄﾖﾅｶ
2978,ｷﾝｷﾛｳｷﾝ,596,ｽｲﾀ
2978,ｷﾝｷﾛｳｷﾝ,597,ﾔｵ
2978,ｷﾝｷﾛｳｷﾝ,607,ﾃﾝｶﾞﾁﾔﾔ
2978,ｷﾝｷﾛｳｷﾝ,618,ｵｵｻｶﾁﾕｳｵｳ
2978,ｷﾝｷﾛｳｷﾝ,622,ﾜｶﾔﾏ
2978,ｷﾝｷﾛｳｷﾝ,623,ｺﾞﾎﾞｳ
2978,ｷﾝｷﾛｳｷﾝ,624,ｼﾝｸﾞｳ
2978,ｷﾝｷﾛｳｷﾝ,625,ﾀﾅﾍﾞ
2978,ｷﾝｷﾛｳｷﾝ,627,ﾊｼﾓﾄ
2978,ｷﾝｷﾛｳｷﾝ,628,ｱﾘﾀﾞ
2978,ｷﾝｷﾛｳｷﾝ,632,ﾅｶﾞ
2978,ｷﾝｷﾛｳｷﾝ,642,ｺｳﾍﾞ
2978,ｷﾝｷﾛｳｷﾝ,643,ｽﾓﾄ
2978,ｷﾝｷﾛｳｷﾝ,644,ｱﾏｶﾞｻｷ
2978,ｷﾝｷﾛｳｷﾝ,645,ｲﾀﾐ
2978,ｷﾝｷﾛｳｷﾝ,646,ﾆｼﾉﾐﾔ
2978,ｷﾝｷﾛｳｷﾝ,649,ｷﾀｽﾏ
2978,ｷﾝｷﾛｳｷﾝ,651,ﾄｳﾊﾞﾝｶｺｶﾞﾜ
2978,ｷﾝｷﾛｳｷﾝ,652,ﾋﾒｼﾞ
2978,ｷﾝｷﾛｳｷﾝ,653,ｱｲｵｲ
2978,ｷﾝｷﾛｳｷﾝ,654,ﾀｼﾞﾏ
2978,ｷﾝｷﾛｳｷﾝ,655,ｱｶｼ
2978,ｷﾝｷﾛｳｷﾝ,656,ﾎｸﾊﾞﾝ
2984,ﾁﾕｳｺﾞｸﾛｳｷﾝ,672,ﾏﾂｴ
2984,ﾁﾕｳｺﾞｸﾛｳｷﾝ,673,ﾔｽｷﾞ
2984,ﾁﾕｳｺﾞｸﾛｳｷﾝ,674,ｲｽﾞﾓ
2984,ﾁﾕｳｺﾞｸﾛｳｷﾝ,675,ﾊﾏﾀﾞ
2984,ﾁﾕｳｺﾞｸﾛｳｷﾝ,677,ﾏｽﾀﾞ
2984,ﾁﾕｳｺﾞｸﾛｳｷﾝ,682,ﾄﾂﾄﾘ
2984,ﾁﾕｳｺﾞｸﾛｳｷﾝ,683,ｸﾗﾖｼ
2984,ﾁﾕｳｺﾞｸﾛｳｷﾝ,684,ﾖﾅｺﾞ
2984,ﾁﾕｳｺﾞｸﾛｳｷﾝ,685,ｳﾝﾅﾝ
2984,ﾁﾕｳｺﾞｸﾛｳｷﾝ,693,ｵｶﾔﾏ
2984,ﾁﾕｳｺﾞｸﾛｳｷﾝ,694,ｵｶﾔﾏﾋｶﾞｼ
2984,ﾁﾕｳｺﾞｸﾛｳｷﾝ,695,ﾀﾏﾉ
2984,ﾁﾕｳｺﾞｸﾛｳｷﾝ,696,ｵｶﾔﾏﾆｼ
2984,ﾁﾕｳｺﾞｸﾛｳｷﾝ,697,ｸﾗｼｷ
2984,ﾁﾕｳｺﾞｸﾛｳｷﾝ,701,ﾂﾔﾏ
2984,ﾁﾕｳｺﾞｸﾛｳｷﾝ,705,ﾋﾞﾂﾁﾕｳ
2984,ﾁﾕｳｺﾞｸﾛｳｷﾝ,709,ﾐｽﾞｼﾏ
2984,ﾁﾕｳｺﾞｸﾛｳｷﾝ,712,ﾎﾝﾃﾝ
2984,ﾁﾕｳｺﾞｸﾛｳｷﾝ,713,ﾐﾖｼ
2984,ﾁﾕｳｺﾞｸﾛｳｷﾝ,714,ﾋﾛｼﾏﾋｶﾞｼ
2984,ﾁﾕｳｺﾞｸﾛｳｷﾝ,715,ｵｵﾀｹ
2984,ﾁﾕｳｺﾞｸﾛｳｷﾝ,716,ｸﾚ
2984,ﾁﾕｳｺﾞｸﾛｳｷﾝ,717,ﾐﾊﾗ
2984,ﾁﾕｳｺﾞｸﾛｳｷﾝ,719,ｵﾉﾐﾁ
2984,ﾁﾕｳｺﾞｸﾛｳｷﾝ,722,ﾌｸﾔﾏ
2984,ﾁﾕｳｺﾞｸﾛｳｷﾝ,723,ﾌﾁﾕｳ
2984,ﾁﾕｳｺﾞｸﾛｳｷﾝ,724,ﾋﾛｼﾏﾆｼ
2984,ﾁﾕｳｺﾞｸﾛｳｷﾝ,725,ｻｲｼﾞﾖｳ
2984,ﾁﾕｳｺﾞｸﾛｳｷﾝ,729,ｺｳｶﾝﾁﾖｳ
2984,ﾁﾕｳｺﾞｸﾛｳｷﾝ,742,ﾔﾏｸﾞﾁ
2984,ﾁﾕｳｺﾞｸﾛｳｷﾝ,743,ｲﾜｸﾆ
2984,ﾁﾕｳｺﾞｸﾛｳｷﾝ,744,ｸﾀﾞﾏﾂ
2984,ﾁﾕｳｺﾞｸﾛｳｷﾝ,745,ﾄｸﾔﾏ
2984,ﾁﾕｳｺﾞｸﾛｳｷﾝ,746,ﾎｳﾌ
2984,ﾁﾕｳｺﾞｸﾛｳｷﾝ,747,ｳﾍﾞ
2984,ﾁﾕｳｺﾞｸﾛｳｷﾝ,749,ｵﾉﾀﾞ
2984,ﾁﾕｳｺﾞｸﾛｳｷﾝ,751,ｼﾓﾉｾｷ
2984,ﾁﾕｳｺﾞｸﾛｳｷﾝ,752,ﾊｷﾞ
2987,ｼｺｸﾛｳｷﾝ,762,ﾄｸｼﾏ
2987,ｼｺｸﾛｳｷﾝ,763,ｲｹﾀﾞ
2987,ｼｺｸﾛｳｷﾝ,764,ﾄｸｼﾏｷﾀ
2987,ｼｺｸﾛｳｷﾝ,766,ｱﾅﾝ
2987,ｼｺｸﾛｳｷﾝ,768,ｶﾓｼﾞﾏ
2987,ｼｺｸﾛｳｷﾝ,772,ﾎﾝﾃﾝ
2987,ｼｺｸﾛｳｷﾝ,774,ｶﾝｵﾝｼﾞ
2987,ｼｺｸﾛｳｷﾝ,775,ｳﾁﾉﾐ
2987,ｼｺｸﾛｳｷﾝ,776,ｾﾄｵｵﾊｼ
2987,ｼｺｸﾛｳｷﾝ,777,ｼﾄﾞ
2987,ｼｺｸﾛｳｷﾝ,783,ｴﾋﾒ
2987,ｼｺｸﾛｳｷﾝ,784,ﾏﾂﾔﾏ
2987,ｼｺｸﾛｳｷﾝ,785,ﾆｲﾊﾏ
2987,ｼｺｸﾛｳｷﾝ,786,ｼｺｸﾁﾕｳｵｳ
2987,ｼｺｸﾛｳｷﾝ,787,ｲﾏﾊﾞﾘ
2987,ｼｺｸﾛｳｷﾝ,788,ﾔﾜﾀﾊﾏ
2987,ｼｺｸﾛｳｷﾝ,789,ｳﾜｼﾞﾏ
2987,ｼｺｸﾛｳｷﾝ,793,ｻｲｼﾞﾖｳ
2987,ｼｺｸﾛｳｷﾝ,802,ｺｳﾁ
2987,ｼｺｸﾛｳｷﾝ,803,ﾅｶﾑﾗ
2987,ｼｺｸﾛｳｷﾝ,804,ｽｻｷ
2987,ｼｺｸﾛｳｷﾝ,805,ｱｷ
2987,ｼｺｸﾛｳｷﾝ,806,ﾅﾝｺﾞｸ
2987,ｼｺｸﾛｳｷﾝ,807,ｺｳﾁﾋｶﾞｼ
2990,ｷﾕｳｼﾕｳﾛｳｷﾝ,812,ﾎﾝﾃﾝ
2990,ｷﾕｳｼﾕｳﾛｳｷﾝ,813,ﾊｶﾀ
2990,ｷﾕｳｼﾕｳﾛｳｷﾝ,815,ﾕｸﾊｼ
2990,ｷﾕｳｼﾕｳﾛｳｷﾝ,816,ｷﾀｷﾕｳｼﾕｳﾋｶﾞｼ
2990,ｷﾕｳｼﾕｳﾛｳｷﾝ,819,ｷﾀｷﾕｳｼﾕｳﾆｼ
2990,ｷﾕｳｼﾕｳﾛｳｷﾝ,821,ﾉｵｶﾞﾀ
2990,ｷﾕｳｼﾕｳﾛｳｷﾝ,822,ｲｲﾂﾞｶ
2990,ｷﾕｳｼﾕｳﾛｳｷﾝ,823,ﾀｶﾞﾜ
2990,ｷﾕｳｼﾕｳﾛｳｷﾝ,824,ｸﾙﾒ
2990,ｷﾕｳｼﾕｳﾛｳｷﾝ,825,ｵｵﾑﾀ
2990,ｷﾕｳｼﾕｳﾛｳｷﾝ,826,ﾃﾝｼﾞﾝ
2990,ｷﾕｳｼﾕｳﾛｳｷﾝ,828,ﾔﾒ
2990,ｷﾕｳｼﾕｳﾛｳｷﾝ,829,ﾁｸｼ
2990,ｷﾕｳｼﾕｳﾛｳｷﾝ,830,ﾌｸｵｶｹﾝﾁﾖｳﾏｴ
2990,ｷﾕｳｼﾕｳﾛｳｷﾝ,831,ﾔﾅｶﾞﾜ
2990,ｷﾕｳｼﾕｳﾛｳｷﾝ,833,ｺｶﾞ
2990,ｷﾕｳｼﾕｳﾛｳｷﾝ,837,ｵｷﾞﾀｸ
2990,ｷﾕｳｼﾕｳﾛｳｷﾝ,842,ｻｶﾞ
2990,ｷﾕｳｼﾕｳﾛｳｷﾝ,843,ﾄｽ
2990,ｷﾕｳｼﾕｳﾛｳｷﾝ,844,ｶﾗﾂ
2990,ｷﾕｳｼﾕｳﾛｳｷﾝ,845,ｲﾏﾘ
2990,ｷﾕｳｼﾕｳﾛｳｷﾝ,846,ｶｼﾏ
2990,ｷﾕｳｼﾕｳﾛｳｷﾝ,848,ﾀｹｵ
2990,ｷﾕｳｼﾕｳﾛｳｷﾝ,852,ﾅｶﾞｻｷ
2990,ｷﾕｳｼﾕｳﾛｳｷﾝ,853,ｻｾﾎ
2990,ｷﾕｳｼﾕｳﾛｳｷﾝ,854,ﾎｸｼﾖｳ
2990,ｷﾕｳｼﾕｳﾛｳｷﾝ,855,ｼﾏﾊﾞﾗ
2990,ｷﾕｳｼﾕｳﾛｳｷﾝ,856,ｲｻﾊﾔ
2990,ｷﾕｳｼﾕｳﾛｳｷﾝ,858,ｵｵﾑﾗ
2990,ｷﾕｳｼﾕｳﾛｳｷﾝ,859,ﾅｶﾞｻｷｹﾝﾁﾖｳ
2990,ｷﾕｳｼﾕｳﾛｳｷﾝ,862,ｺﾞﾄｳ
2990,ｷﾕｳｼﾕｳﾛｳｷﾝ,871,ｸﾏﾓﾄ
2990,ｷﾕｳｼﾕｳﾛｳｷﾝ,872,ﾔﾂｼﾛ
2990,ｷﾕｳｼﾕｳﾛｳｷﾝ,873,ﾐﾅﾏﾀ
2990,ｷﾕｳｼﾕｳﾛｳｷﾝ,875,ﾋﾄﾖｼ
2990,ｷﾕｳｼﾕｳﾛｳｷﾝ,876,ｱﾏｸｻ
2990,ｷﾕｳｼﾕｳﾛｳｷﾝ,877,ｳﾄ
2990,ｷﾕｳｼﾕｳﾛｳｷﾝ,879,ｷｸﾁ
2990,ｷﾕｳｼﾕｳﾛｳｷﾝ,880,ﾀﾏﾅ
2990,ｷﾕｳｼﾕｳﾛｳｷﾝ,882,ﾔﾏｶﾞ
2990,ｷﾕｳｼﾕｳﾛｳｷﾝ,884,ｸﾏﾓﾄｴｷﾏｴ
2990,ｷﾕｳｼﾕｳﾛｳｷﾝ,885,ｸﾏﾓﾄｹﾝﾁﾖｳ
2990,ｷﾕｳｼﾕｳﾛｳｷﾝ,892,ﾅｶﾂ
2990,ｷﾕｳｼﾕｳﾛｳｷﾝ,893,ｻｲｷ
2990,ｷﾕｳｼﾕｳﾛｳｷﾝ,894,ﾍﾞﾂﾌﾟ
2990,ｷﾕｳｼﾕｳﾛｳｷﾝ,895,ｷﾕｳｼﾝ
2990,ｷﾕｳｼﾕｳﾛｳｷﾝ,897,ﾋﾀ
2990,ｷﾕｳｼﾕｳﾛｳｷﾝ,899,ﾐｴ
2990,ｷﾕｳｼﾕｳﾛｳｷﾝ,901,ﾂﾙｻｷ
2990,ｷﾕｳｼﾕｳﾛｳｷﾝ,903,ｵｵｲﾀｹﾝﾁﾖｳ
2990,ｷﾕｳｼﾕｳﾛｳｷﾝ,905,ｵｵｲﾀ
2990,ｷﾕｳｼﾕｳﾛｳｷﾝ,906,ｳｺｳ
2990,ｷﾕｳｼﾕｳﾛｳｷﾝ,907,ﾀｹﾀ
2990,ｷﾕｳｼﾕｳﾛｳｷﾝ,908,ｸﾆｻｷ
2990,ｷﾕｳｼﾕｳﾛｳｷﾝ,909,ｸｽ
2990,ｷﾕｳｼﾕｳﾛｳｷﾝ,911,ﾐﾔｻﾞｷ
2990,ｷﾕｳｼﾕｳﾛｳｷﾝ,912,ﾉﾍﾞｵｶ
2990,ｷﾕｳｼﾕｳﾛｳｷﾝ,913,ﾆﾁﾅﾝ
2990,ｷﾕｳｼﾕｳﾛｳｷﾝ,914,ﾐﾔｻﾞｷｹﾝﾁﾖｳ
2990,ｷﾕｳｼﾕｳﾛｳｷﾝ,915,ﾐﾔｺﾉｼﾞﾖｳ
2990,ｷﾕｳｼﾕｳﾛｳｷﾝ,916,ｺﾊﾞﾔｼ
2990,ｷﾕｳｼﾕｳﾛｳｷﾝ,917,ﾀｶﾅﾍﾞ
2990,ｷﾕｳｼﾕｳﾛｳｷﾝ,918,ﾋﾕｳｶﾞ
2990,ｷﾕｳｼﾕｳﾛｳｷﾝ,919,ｻｲﾄ
2990,ｷﾕｳｼﾕｳﾛｳｷﾝ,921,ﾀｶﾁﾎ
2990,ｷﾕｳｼﾕｳﾛｳｷﾝ,924,ﾐﾔｻﾞｷｼﾔｸｼﾖ
2990,ｷﾕｳｼﾕｳﾛｳｷﾝ,932,ｶｺﾞｼﾏ
2990,ｷﾕｳｼﾕｳﾛｳｷﾝ,933,ｵｵｼﾏ
2990,ｷﾕｳｼﾕｳﾛｳｷﾝ,934,ｶﾉﾔ
2990,ｷﾕｳｼﾕｳﾛｳｷﾝ,935,ｾﾝﾀﾞｲ
2990,ｷﾕｳｼﾕｳﾛｳｷﾝ,936,ｶｾﾀﾞ
2990,ｷﾕｳｼﾕｳﾛｳｷﾝ,937,ｲｽﾞﾐ
2990,ｷﾕｳｼﾕｳﾛｳｷﾝ,938,ｶｺﾞｼﾏﾐﾅﾐ
2990,ｷﾕｳｼﾕｳﾛｳｷﾝ,939,ｷﾘｼﾏ
2990,ｷﾕｳｼﾕｳﾛｳｷﾝ,941,ﾀﾈｶﾞｼﾏ
2990,ｷﾕｳｼﾕｳﾛｳｷﾝ,942,ｼﾌﾞｼ
2990,ｷﾕｳｼﾕｳﾛｳｷﾝ,943,ｵｵｸﾁ
2990,ｷﾕｳｼﾕｳﾛｳｷﾝ,944,ﾄｸﾉｼﾏ
2990,ｷﾕｳｼﾕｳﾛｳｷﾝ,946,ｶｺﾞｼﾏｹﾝﾁﾖｳ
2997,ｵｷﾅﾜｹﾝﾛｳｷﾝ,952,ﾎﾝﾃﾝ
2997,ｵｷﾅﾜｹﾝﾛｳｷﾝ,953,ｹﾝﾁﾖｳ
2997,ｵｷﾅﾜｹﾝﾛｳｷﾝ,956,ｳﾗｿｴ
2997,ｵｷﾅﾜｹﾝﾛｳｷﾝ,957,ﾌﾃﾝﾏ
2997,ｵｷﾅﾜｹﾝﾛｳｷﾝ,958,ｺｻﾞ
2997,ｵｷﾅﾜｹﾝﾛｳｷﾝ,959,ﾅｺﾞ
2997,ｵｷﾅﾜｹﾝﾛｳｷﾝ,961,ﾐﾔｺ
2997,ｵｷﾅﾜｹﾝﾛｳｷﾝ,962,ﾔｴﾔﾏ
2997,ｵｷﾅﾜｹﾝﾛｳｷﾝ,964,ｸﾞｼｶﾜ
2997,ｵｷﾅﾜｹﾝﾛｳｷﾝ,965,ﾖﾅﾊﾞﾙ
2997,ｵｷﾅﾜｹﾝﾛｳｷﾝ,966,ｵﾓﾛﾏﾁ
3000,ﾉｳﾘﾝﾁﾕｳｷﾝ,100,ｻﾂﾎﾟﾛ
3000,ﾉｳﾘﾝﾁﾕｳｷﾝ,200,ｱｵﾓﾘ
3000,ﾉｳﾘﾝﾁﾕｳｷﾝ,220,ｾﾝﾀﾞｲ
3000,ﾉｳﾘﾝﾁﾕｳｷﾝ,230,ｱｷﾀ
3000,ﾉｳﾘﾝﾁﾕｳｷﾝ,240,ﾔﾏｶﾞﾀ
3000,ﾉｳﾘﾝﾁﾕｳｷﾝ,250,ﾌｸｼﾏ
3000,ﾉｳﾘﾝﾁﾕｳｷﾝ,310,ｳﾂﾉﾐﾔ
3000,ﾉｳﾘﾝﾁﾕｳｷﾝ,320,ﾏｴﾊﾞｼ
3000,ﾉｳﾘﾝﾁﾕｳｷﾝ,340,ﾁﾊﾞ
3000,ﾉｳﾘﾝﾁﾕｳｷﾝ,410,ﾄﾔﾏ
3000,ﾉｳﾘﾝﾁﾕｳｷﾝ,440,ﾅｺﾞﾔ
3000,ﾉｳﾘﾝﾁﾕｳｷﾝ,530,ｵｵｻｶ
3000,ﾉｳﾘﾝﾁﾕｳｷﾝ,620,ｵｶﾔﾏ
3000,ﾉｳﾘﾝﾁﾕｳｷﾝ,710,ﾀｶﾏﾂ
3000,ﾉｳﾘﾝﾁﾕｳｷﾝ,800,ﾌｸｵｶ
3000,ﾉｳﾘﾝﾁﾕｳｷﾝ,820,ﾅｶﾞｻｷ
3000,ﾉｳﾘﾝﾁﾕｳｷﾝ,830,ｸﾏﾓﾄ
3000,ﾉｳﾘﾝﾁﾕｳｷﾝ,870,ﾅﾊ
3000,ﾉｳﾘﾝﾁﾕｳｷﾝ,958,ﾎﾝﾃﾝ
3001,ﾎﾂｶｲﾄﾞｳｼﾝﾚﾝ,148,ﾆｲｶﾂﾌﾟ
3001,ﾎﾂｶｲﾄﾞｳｼﾝﾚﾝ,149,ｼｽﾞﾅｲ
3001,ﾎﾂｶｲﾄﾞｳｼﾝﾚﾝ,151,ﾋﾀﾞｶﾋｶﾞｼ
3001,ﾎﾂｶｲﾄﾞｳｼﾝﾚﾝ,820,ﾎﾝｼﾖ
3003,ｲﾜﾃｹﾝｼﾝﾚﾝ,001,ﾎﾝｼﾖ
3008,ｲﾊﾞﾗｷｹﾝｼﾝﾚﾝ,001,ﾎﾝﾃﾝ
3011,ｻｲﾀﾏｹﾝｼﾝﾚﾝ,001,ﾎﾝﾃﾝ
3013,ﾄｳｷﾖｳﾄｼﾝﾚﾝ,001,ﾎﾝﾃﾝ
3013,ﾄｳｷﾖｳﾄｼﾝﾚﾝ,601,ﾊﾁｼﾞﾖｳｼﾞﾏ
3014,ｶﾅｶﾞﾜｹﾝｼﾝﾚﾝ,001,ﾎﾝｼﾖ
3015,ﾔﾏﾅｼｹﾝｼﾝﾚﾝ,001,ﾎﾝｼﾖ
3016,ﾅｶﾞﾉｹﾝｼﾝﾚﾝ,006,ﾏﾂﾓﾄ
3016,ﾅｶﾞﾉｹﾝｼﾝﾚﾝ,008,ｲｲﾔﾏ
3016,ﾅｶﾞﾉｹﾝｼﾝﾚﾝ,010,ﾎﾝﾃﾝ
3017,ﾆｲｶﾞﾀｹﾝｼﾝﾚﾝ,110,ﾎﾝﾃﾝ
3019,ｲｼｶﾜｹﾝｼﾝﾚﾝ,001,ﾎﾝｼﾖ
3020,ｷﾞﾌｹﾝｼﾝﾚﾝ,001,ﾎﾝｼﾖ
3021,ｼｽﾞｵｶｹﾝｼﾝﾚﾝ,001,ﾎﾝﾃﾝ
3022,ｱｲﾁｹﾝｼﾝﾚﾝ,030,ﾎﾝﾃﾝ
3023,ﾐｴｹﾝｼﾝﾚﾝ,008,ﾎﾝﾃﾝ
3024,ﾌｸｲｹﾝｼﾝﾚﾝ,001,ﾎﾝｼﾖ
3025,ｼｶﾞｹﾝｼﾝﾚﾝ,061,ﾎﾝｼﾖ
3026,ｷﾖｳﾄﾌｼﾝﾚﾝ,001,ﾎﾝﾃﾝ
3027,ｵｵｻｶﾌｼﾝﾚﾝ,001,ﾎﾝｼﾖ
3027,ｵｵｻｶﾌｼﾝﾚﾝ,024,ｵｵｻｶｼ
3028,ﾋﾖｳｺﾞｹﾝｼﾝﾚﾝ,001,ﾎﾝﾃﾝ
3028,ﾋﾖｳｺﾞｹﾝｼﾝﾚﾝ,003,ﾋﾒｼﾞ
3028,ﾋﾖｳｺﾞｹﾝｼﾝﾚﾝ,110,ATMﾄｳｶﾂｲﾁｲﾁ
3028,ﾋﾖｳｺﾞｹﾝｼﾝﾚﾝ,120,ATMﾄｳｶﾂｲﾁﾆ
3028,ﾋﾖｳｺﾞｹﾝｼﾝﾚﾝ,130,ATMﾄｳｶﾂｲﾁｻﾝ
3028,ﾋﾖｳｺﾞｹﾝｼﾝﾚﾝ,140,ATMﾄｳｶﾂｲﾁﾖﾝ
3028,ﾋﾖｳｺﾞｹﾝｼﾝﾚﾝ,150,ATMﾄｳｶﾂｲﾁｺﾞ
3028,ﾋﾖｳｺﾞｹﾝｼﾝﾚﾝ,160,ATMﾄｳｶﾂｲﾁﾛｸ
3028,ﾋﾖｳｺﾞｹﾝｼﾝﾚﾝ,170,ATMﾄｳｶﾂｲﾁﾅﾅ
3028,ﾋﾖｳｺﾞｹﾝｼﾝﾚﾝ,180,ATMﾄｳｶﾂｲﾁﾊﾁ
3028,ﾋﾖｳｺﾞｹﾝｼﾝﾚﾝ,190,ATMﾄｳｶﾂｲﾁｸ
3028,ﾋﾖｳｺﾞｹﾝｼﾝﾚﾝ,200,ATMﾄｳｶﾂﾆｾﾞﾛ
3028,ﾋﾖｳｺﾞｹﾝｼﾝﾚﾝ,210,ATMﾄｳｶﾂﾆｲﾁ
3028,ﾋﾖｳｺﾞｹﾝｼﾝﾚﾝ,220,ATMﾄｳｶﾂﾆﾆ
3028,ﾋﾖｳｺﾞｹﾝｼﾝﾚﾝ,230,ATMﾄｳｶﾂﾆｻﾝ
3028,ﾋﾖｳｺﾞｹﾝｼﾝﾚﾝ,240,ATMﾄｳｶﾂﾆﾖﾝ
3028,ﾋﾖｳｺﾞｹﾝｼﾝﾚﾝ,250,ATMﾄｳｶﾂﾆｺﾞ
3028,ﾋﾖｳｺﾞｹﾝｼﾝﾚﾝ,260,ATMﾄｳｶﾂﾆﾛｸ
3028,ﾋﾖｳｺﾞｹﾝｼﾝﾚﾝ,270,ATMﾄｳｶﾂﾆﾅﾅ
3028,ﾋﾖｳｺﾞｹﾝｼﾝﾚﾝ,280,ATMﾄｳｶﾂﾆﾊﾁ
3028,ﾋﾖｳｺﾞｹﾝｼﾝﾚﾝ,290,ATMﾄｳｶﾂﾆｸ
3028,ﾋﾖｳｺﾞｹﾝｼﾝﾚﾝ,300,ATMﾄｳｶﾂｻﾝｾﾞﾛ
3028,ﾋﾖｳｺﾞｹﾝｼﾝﾚﾝ,310,ATMﾄｳｶﾂｻﾝｲﾁ
3028,ﾋﾖｳｺﾞｹﾝｼﾝﾚﾝ,320,ATMﾄｳｶﾂｻﾝﾆ
3028,ﾋﾖｳｺﾞｹﾝｼﾝﾚﾝ,330,ATMﾄｳｶﾂｻﾝｻﾝ
3028,ﾋﾖｳｺﾞｹﾝｼﾝﾚﾝ,340,ATMﾄｳｶﾂｻﾝﾖﾝ
3028,ﾋﾖｳｺﾞｹﾝｼﾝﾚﾝ,350,ATMﾄｳｶﾂｻﾝｺﾞ
3030,ﾜｶﾔﾏｹﾝｼﾝﾚﾝ,001,ﾎﾝｼﾖ
3031,ﾄﾂﾄﾘｹﾝｼﾝﾚﾝ,813,ﾎﾝｼﾖ
3034,ﾋﾛｼﾏｹﾝｼﾝﾚﾝ,010,ﾎﾝｼﾖ
3035,ﾔﾏｸﾞﾁｹﾝｼﾝﾚﾝ,010,ﾎﾝｼﾖ
3035,ﾔﾏｸﾞﾁｹﾝｼﾝﾚﾝ,011,ﾐﾈｼﾔｸｼﾖﾅｲ
3035,ﾔﾏｸﾞﾁｹﾝｼﾝﾚﾝ,050,ｹﾝﾁﾖｳﾅｲ
3036,ﾄｸｼﾏｹﾝｼﾝﾚﾝ,001,ﾎﾝｼﾖ
3037,ｶｶﾞﾜｹﾝｼﾝﾚﾝ,100,ﾎﾝｼﾖ
3038,ｴﾋﾒｹﾝｼﾝﾚﾝ,001,ﾎﾝｼﾖ
3038,ｴﾋﾒｹﾝｼﾝﾚﾝ,040,ｴﾋﾒｹﾝﾁﾖｳ
3039,ｺｳﾁｹﾝｼﾝﾚﾝ,001,ﾎﾝｼﾖ
3039,ｺｳﾁｹﾝｼﾝﾚﾝ,011,ｳﾏｼﾞﾑﾗ
3040,ﾌｸｵｶｹﾝｼﾝﾚﾝ,001,ﾎﾝｼﾖ
3041,ｻｶﾞｹﾝｼﾝﾚﾝ,001,ﾎﾝｼﾖ
3044,ｵｵｲﾀｹﾝｼﾝﾚﾝ,001,ﾎﾝｼﾖ
3046,ｶｺﾞｼﾏｹﾝｼﾝﾚﾝ,001,ﾎﾝｼﾖ
3058,ｲﾏｶﾞﾈﾁﾖｳﾉｳｷﾖｳ,001,ﾎﾝｼﾖ
3066,ﾊｺﾀﾞﾃｼｶﾒﾀﾞﾉｳｷﾖｳ,001,ﾎﾝﾃﾝ
3066,ﾊｺﾀﾞﾃｼｶﾒﾀﾞﾉｳｷﾖｳ,002,ﾐﾊﾗ
3066,ﾊｺﾀﾞﾃｼｶﾒﾀﾞﾉｳｷﾖｳ,003,ﾎﾝﾄﾞｵﾘ
3066,ﾊｺﾀﾞﾃｼｶﾒﾀﾞﾉｳｷﾖｳ,004,ｷｷﾖｳ
3068,ｼﾝﾊｺﾀﾞﾃﾉｳｷﾖｳ,001,ﾅﾅｴ
3068,ｼﾝﾊｺﾀﾞﾃﾉｳｷﾖｳ,003,ｵｵﾅｶﾔﾏ
3068,ｼﾝﾊｺﾀﾞﾃﾉｳｷﾖｳ,004,ｴｻｼ
3068,ｼﾝﾊｺﾀﾞﾃﾉｳｷﾖｳ,008,ｱﾂｻﾌﾞ
3068,ｼﾝﾊｺﾀﾞﾃﾉｳｷﾖｳ,014,ｼﾘｳﾁ
3068,ｼﾝﾊｺﾀﾞﾃﾉｳｷﾖｳ,016,ｶﾐｲｿ
3068,ｼﾝﾊｺﾀﾞﾃﾉｳｷﾖｳ,017,ﾅﾅｴﾊﾏ
3068,ｼﾝﾊｺﾀﾞﾃﾉｳｷﾖｳ,018,ﾊｺﾀﾞﾃ
3068,ｼﾝﾊｺﾀﾞﾃﾉｳｷﾖｳ,019,ｵｵﾉ
3068,ｼﾝﾊｺﾀﾞﾃﾉｳｷﾖｳ,020,ﾓﾘ
3068,ｼﾝﾊｺﾀﾞﾃﾉｳｷﾖｳ,021,ﾔｸﾓ
3068,ｼﾝﾊｺﾀﾞﾃﾉｳｷﾖｳ,024,ｾﾀﾅﾁﾕｳｵｳ
3068,ｼﾝﾊｺﾀﾞﾃﾉｳｷﾖｳ,100,ﾎﾝﾃﾝ
3086,ﾖｳﾃｲﾉｳｷﾖｳ,002,ｷﾖｳｺﾞｸ
3086,ﾖｳﾃｲﾉｳｷﾖｳ,005,ﾏﾂｶﾘ
3086,ﾖｳﾃｲﾉｳｷﾖｳ,007,ﾗﾝｺｼ
3086,ﾖｳﾃｲﾉｳｷﾖｳ,100,ﾎﾝｼﾖ
3087,ｷﾖｳﾜﾉｳｷﾖｳ,001,ﾎﾝｼﾖ
3087,ｷﾖｳﾜﾉｳｷﾖｳ,002,ｲﾜﾅｲ
3094,ｼﾝｵﾀﾙﾉｳｷﾖｳ,001,ﾎﾝｼﾖ
3095,ﾖｲﾁﾁﾖｳﾉｳｷﾖｳ,001,ﾎﾝｼﾖ
3103,ﾄｳﾔｺﾉｳｷﾖｳ,001,ﾎﾝｼﾖ
3107,ﾀﾞﾃｼﾉｳｷﾖｳ,001,ﾎﾝｼﾖ
3112,ﾄﾏｺﾏｲｺｳｲｷﾉｳｷﾖｳ,001,ｱﾂﾏ
3112,ﾄﾏｺﾏｲｺｳｲｷﾉｳｷﾖｳ,003,ﾄﾏｺﾏｲ
3112,ﾄﾏｺﾏｲｺｳｲｷﾉｳｷﾖｳ,004,ﾊﾔｷﾀ
3112,ﾄﾏｺﾏｲｺｳｲｷﾉｳｷﾖｳ,005,ﾎﾍﾞﾂ
3112,ﾄﾏｺﾏｲｺｳｲｷﾉｳｷﾖｳ,006,ｵｲﾜｹ
3112,ﾄﾏｺﾏｲｺｳｲｷﾉｳｷﾖｳ,007,ｼﾗｵｲ
3112,ﾄﾏｺﾏｲｺｳｲｷﾉｳｷﾖｳ,100,ﾎﾝｼﾖ
3114,ﾑｶﾜﾉｳｷﾖｳ,001,ﾎﾝｼﾖ
3120,ﾋﾞﾗﾄﾘﾉｳｷﾖｳ,001,ﾎﾝｼﾖ
3120,ﾋﾞﾗﾄﾘﾉｳｷﾖｳ,003,ﾌﾚﾅｲ
3120,ﾋﾞﾗﾄﾘﾉｳｷﾖｳ,004,ﾇｷﾍﾞﾂ
3120,ﾋﾞﾗﾄﾘﾉｳｷﾖｳ,006,ﾄﾐｶﾜ
3122,ﾓﾝﾍﾞﾂﾁﾖｳﾉｳｷﾖｳ,001,ﾎﾝｼﾖ
3122,ﾓﾝﾍﾞﾂﾁﾖｳﾉｳｷﾖｳ,002,ｱﾂｶﾞ
3126,ﾐﾂｲｼﾉｳｷﾖｳ,001,ﾎﾝｼﾖ
3133,ｻﾂﾎﾟﾛｼﾉｳｷﾖｳ,001,ﾎﾝﾃﾝ
3133,ｻﾂﾎﾟﾛｼﾉｳｷﾖｳ,004,ﾐﾅﾐ
3133,ｻﾂﾎﾟﾛｼﾉｳｷﾖｳ,005,ﾋﾗｷﾞｼ
3133,ｻﾂﾎﾟﾛｼﾉｳｷﾖｳ,006,ｼﾛｲｼ
3133,ｻﾂﾎﾟﾛｼﾉｳｷﾖｳ,007,ｺﾄﾆ
3133,ｻﾂﾎﾟﾛｼﾉｳｷﾖｳ,011,ﾃｲﾈ
3133,ｻﾂﾎﾟﾛｼﾉｳｷﾖｳ,012,ﾆｼﾏﾁ
3133,ｻﾂﾎﾟﾛｼﾉｳｷﾖｳ,018,ﾁﾕｳｵｳ
3133,ｻﾂﾎﾟﾛｼﾉｳｷﾖｳ,021,ｷﾖﾀ
3133,ｻﾂﾎﾟﾛｼﾉｳｷﾖｳ,024,ｱﾂﾍﾞﾂ
3133,ｻﾂﾎﾟﾛｼﾉｳｷﾖｳ,027,ｷﾀｻﾂﾎﾟﾛ
3133,ｻﾂﾎﾟﾛｼﾉｳｷﾖｳ,029,ｼﾉﾛ
3133,ｻﾂﾎﾟﾛｼﾉｳｷﾖｳ,030,ｼﾝｺﾄﾆ
3133,ｻﾂﾎﾟﾛｼﾉｳｷﾖｳ,033,ｲｼｶﾘﾊﾁﾏﾝ
3133,ｻﾂﾎﾟﾛｼﾉｳｷﾖｳ,034,ｲｼｶﾘﾊﾞﾝﾅｸﾞﾛ
3139,ﾄﾞｳｵｳﾉｳｷﾖｳ,001,ｷﾀﾋﾛｼﾏ
3139,ﾄﾞｳｵｳﾉｳｷﾖｳ,003,ｵｵﾏｶﾞﾘ
3139,ﾄﾞｳｵｳﾉｳｷﾖｳ,005,ｴﾍﾞﾂ
3139,ﾄﾞｳｵｳﾉｳｷﾖｳ,007,ﾉﾂﾎﾟﾛ
3139,ﾄﾞｳｵｳﾉｳｷﾖｳ,010,ｱｲｵｲ
3139,ﾄﾞｳｵｳﾉｳｷﾖｳ,011,ﾁﾄｾ
3139,ﾄﾞｳｵｳﾉｳｷﾖｳ,013,ﾋｶﾞｼﾁﾄｾ
3139,ﾄﾞｳｵｳﾉｳｷﾖｳ,100,ﾎﾝﾃﾝ
3145,ｷﾀｲｼｶﾘﾉｳｷﾖｳ,001,ﾎﾝﾃﾝ
3147,ｼﾝｼﾉﾂﾑﾗﾉｳｷﾖｳ,001,ﾎﾝｼﾖ
3154,ｻﾂﾗｸﾉｳｷﾖｳ,001,ﾎﾝｼﾖ
3156,ｲﾜﾐｻﾞﾜﾉｳｷﾖｳ,001,ﾎﾝｼﾖ
3156,ｲﾜﾐｻﾞﾜﾉｳｷﾖｳ,008,ﾎﾛﾑｲ
3156,ｲﾜﾐｻﾞﾜﾉｳｷﾖｳ,009,ｷﾀﾑﾗ
3156,ｲﾜﾐｻﾞﾜﾉｳｷﾖｳ,011,ﾐｶｻ
3156,ｲﾜﾐｻﾞﾜﾉｳｷﾖｳ,013,ｸﾘｻﾜ
3161,ﾅﾝﾎﾟﾛﾁﾖｳﾉｳｷﾖｳ,001,ﾎﾝｼﾖ
3164,ﾋﾞﾊﾞｲｼﾉｳｷﾖｳ,001,ﾎﾝｼﾖ
3165,ﾐﾈﾉﾌﾞﾉｳｷﾖｳ,001,ﾎﾝｼﾖ
3168,ﾂｷｶﾞﾀﾁﾖｳﾉｳｷﾖｳ,001,ﾎﾝｼﾖ
3170,ﾅｶﾞﾇﾏﾉｳｷﾖｳ,001,ﾎﾝｼﾖ
3172,ｿﾗﾁﾐﾅﾐﾉｳｷﾖｳ,001,ﾎﾝｼﾖ
3172,ｿﾗﾁﾐﾅﾐﾉｳｷﾖｳ,002,ﾂｷﾞﾀﾃ
3172,ｿﾗﾁﾐﾅﾐﾉｳｷﾖｳ,003,ﾕﾆ
3172,ｿﾗﾁﾐﾅﾐﾉｳｷﾖｳ,004,ﾐｶﾜ
3173,ﾕｳﾊﾞﾘｼﾉｳｷﾖｳ,001,ﾎﾝｼﾖ
3175,ｼﾝｽﾅｶﾞﾜﾉｳｷﾖｳ,001,ﾎﾝｼﾖ
3175,ｼﾝｽﾅｶﾞﾜﾉｳｷﾖｳ,002,ﾅｲｴ
3177,ﾀｷｶﾜﾉｳｷﾖｳ,001,ﾎﾝﾃﾝ
3177,ﾀｷｶﾜﾉｳｷﾖｳ,002,ﾀｷﾉｶﾜ
3177,ﾀｷｶﾜﾉｳｷﾖｳ,003,ｱｶﾋﾞﾗ
3177,ﾀｷｶﾜﾉｳｷﾖｳ,005,ｴﾍﾞｵﾂ
3177,ﾀｷｶﾜﾉｳｷﾖｳ,006,ｱｼﾍﾞﾂ
3181,ﾋﾟﾝﾈﾉｳｷﾖｳ,001,ﾎﾝｼﾖ
3181,ﾋﾟﾝﾈﾉｳｷﾖｳ,002,ｶｹﾞﾂ
3181,ﾋﾟﾝﾈﾉｳｷﾖｳ,003,ｳﾗｳｽ
3188,ｷﾀｲﾌﾞｷﾉｳｷﾖｳ,001,ﾎﾝｼﾖ
3188,ｷﾀｲﾌﾞｷﾉｳｷﾖｳ,002,ﾓｾｳｼ
3188,ｷﾀｲﾌﾞｷﾉｳｷﾖｳ,003,ﾇﾏﾀ
3189,ｷﾀｿﾗﾁﾉｳｷﾖｳ,001,ﾎﾝｼﾖ
3189,ｷﾀｿﾗﾁﾉｳｷﾖｳ,003,ｵﾄｴ
3189,ｷﾀｿﾗﾁﾉｳｷﾖｳ,004,ﾌｶｶﾞﾜ
3189,ｷﾀｿﾗﾁﾉｳｷﾖｳ,005,ｵｻﾑﾅｲ
3189,ｷﾀｿﾗﾁﾉｳｷﾖｳ,007,ﾀﾄﾞｼ
3189,ｷﾀｿﾗﾁﾉｳｷﾖｳ,008,ｳﾘﾕｳ
3189,ｷﾀｿﾗﾁﾉｳｷﾖｳ,010,ﾎｸﾘﾕｳ
3189,ｷﾀｿﾗﾁﾉｳｷﾖｳ,011,ﾎﾛｶﾅｲ
3202,ﾙﾓｲﾉｳｷﾖｳ,001,ﾎﾝｼﾖ
3202,ﾙﾓｲﾉｳｷﾖｳ,002,ｼﾖｻﾝﾍﾞﾂ
3202,ﾙﾓｲﾉｳｷﾖｳ,003,ｴﾝﾍﾞﾂ
3202,ﾙﾓｲﾉｳｷﾖｳ,004,ﾙﾓｲ
3202,ﾙﾓｲﾉｳｷﾖｳ,005,ﾏｼｹ
3202,ﾙﾓｲﾉｳｷﾖｳ,006,ｵﾋﾞﾗ
3202,ﾙﾓｲﾉｳｷﾖｳ,007,ﾄﾏﾏｴ
3202,ﾙﾓｲﾉｳｷﾖｳ,008,ﾃｼｵ
3208,ﾎﾛﾉﾍﾞﾁﾖｳﾉｳｷﾖｳ,001,ﾎﾝｼﾖ
3210,ｱｻﾋｶﾜﾉｳｷﾖｳ,002,ﾎｸﾌﾞ
3210,ｱｻﾋｶﾜﾉｳｷﾖｳ,003,ｶｸﾞﾗ
3210,ｱｻﾋｶﾜﾉｳｷﾖｳ,011,ﾅｶﾞﾔﾏ
3210,ｱｻﾋｶﾜﾉｳｷﾖｳ,013,ｷﾖｸｾｲ
3210,ｱｻﾋｶﾜﾉｳｷﾖｳ,014,ﾄﾖｵｶ
3210,ｱｻﾋｶﾜﾉｳｷﾖｳ,017,ｶﾑｲ
3210,ｱｻﾋｶﾜﾉｳｷﾖｳ,021,ｴﾀﾝﾍﾞﾂ
3210,ｱｻﾋｶﾜﾉｳｷﾖｳ,022,ｷﾀﾉ
3210,ｱｻﾋｶﾜﾉｳｷﾖｳ,100,ﾎﾝｼﾖ
3214,ﾀｲｾﾂﾉｳｷﾖｳ,001,ﾎﾝｼﾖ
3214,ﾀｲｾﾂﾉｳｷﾖｳ,002,ﾀｶｽ
3219,ﾋｶﾞｼｶｸﾞﾗﾉｳｷﾖｳ,001,ﾎﾝﾃﾝ
3219,ﾋｶﾞｼｶｸﾞﾗﾉｳｷﾖｳ,002,ｱｻﾋｶﾜ
3219,ﾋｶﾞｼｶｸﾞﾗﾉｳｷﾖｳ,004,ﾆｼｶｸﾞﾗ
3220,ﾋｶﾞｼｱｻﾋｶﾜﾉｳｷﾖｳ,001,ﾎﾝｼﾖ
3223,ﾄｳﾏﾉｳｷﾖｳ,001,ﾎﾝｼﾖ
3224,ﾋﾟﾂﾌﾟﾁﾖｳﾉｳｷﾖｳ,001,ﾎﾝｼﾖ
3225,ｶﾐｶﾜﾁﾕｳｵｳﾉｳｷﾖｳ,001,ﾎﾝｼﾖ
3225,ｶﾐｶﾜﾁﾕｳｵｳﾉｳｷﾖｳ,002,ｶﾐｶﾜ
3227,ﾋｶﾞｼｶﾜﾁﾖｳﾉｳｷﾖｳ,001,ﾎﾝｼﾖ
3228,ﾋﾞｴｲﾁﾖｳﾉｳｷﾖｳ,001,ﾎﾝｼﾖ
3231,ﾌﾗﾉﾉｳｷﾖｳ,001,ﾎﾝﾃﾝ
3231,ﾌﾗﾉﾉｳｷﾖｳ,006,ｶﾐﾌﾗﾉ
3231,ﾌﾗﾉﾉｳｷﾖｳ,008,ﾅｶﾌﾗﾉ
3231,ﾌﾗﾉﾉｳｷﾖｳ,009,ﾔﾏﾍﾞ
3231,ﾌﾗﾉﾉｳｷﾖｳ,011,ﾐﾅﾐﾌﾗﾉ
3238,ｷﾀﾋﾋﾞｷﾉｳｷﾖｳ,001,ﾎﾝｼﾖ
3238,ｷﾀﾋﾋﾞｷﾉｳｷﾖｳ,003,ｶﾐｼﾍﾞﾂ
3238,ｷﾀﾋﾋﾞｷﾉｳｷﾖｳ,005,ﾜﾂｻﾑ
3238,ｷﾀﾋﾋﾞｷﾉｳｷﾖｳ,006,ｹﾝﾌﾞﾁ
3238,ｷﾀﾋﾋﾞｷﾉｳｷﾖｳ,007,ﾀﾖﾛ
3244,ﾄﾞｳﾎｸﾅﾖﾛﾉｳｷﾖｳ,001,ﾎﾝｼﾖ
3244,ﾄﾞｳﾎｸﾅﾖﾛﾉｳｷﾖｳ,002,ﾅﾖﾛ
3244,ﾄﾞｳﾎｸﾅﾖﾛﾉｳｷﾖｳ,003,ﾁｴﾌﾞﾝ
3248,ｷﾀﾊﾙｶﾉｳｷﾖｳ,001,ﾎﾝｼﾖ
3248,ｷﾀﾊﾙｶﾉｳｷﾖｳ,003,ｼﾓｶﾜ
3248,ｷﾀﾊﾙｶﾉｳｷﾖｳ,004,ﾅｶｶﾞﾜ
3257,ｷﾀｿｳﾔﾉｳｷﾖｳ,001,ﾎﾝｼﾖ
3257,ｷﾀｿｳﾔﾉｳｷﾖｳ,002,ﾇﾏｶﾜ
3257,ｷﾀｿｳﾔﾉｳｷﾖｳ,003,ﾜﾂｶﾅｲ
3259,ﾋｶﾞｼｿｳﾔﾉｳｷﾖｳ,001,ﾎﾝｼﾖ
3259,ﾋｶﾞｼｿｳﾔﾉｳｷﾖｳ,002,ｻﾙﾌﾂ
3259,ﾋｶﾞｼｿｳﾔﾉｳｷﾖｳ,003,ﾅｶﾄﾝﾍﾞﾂ
3261,ｿｳﾔﾐﾅﾐﾉｳｷﾖｳ,001,ﾎﾝｼﾖ
3264,ｵﾋﾞﾋﾛｼｶﾜﾆｼﾉｳｷﾖｳ,001,ﾎﾝﾃﾝ
3264,ｵﾋﾞﾋﾛｼｶﾜﾆｼﾉｳｷﾖｳ,002,ｲﾅﾀﾞ
3264,ｵﾋﾞﾋﾛｼｶﾜﾆｼﾉｳｷﾖｳ,010,ｵﾋﾞﾋﾛﾁﾕｳｵｳ
3264,ｵﾋﾞﾋﾛｼｶﾜﾆｼﾉｳｷﾖｳ,011,ﾆｼｵﾋﾞﾋﾛ
3265,ｵﾋﾞﾋﾛﾀｲｼﾖｳﾉｳｷﾖｳ,001,ﾎﾝｼﾖ
3266,ﾅｶｻﾂﾅｲﾑﾗﾉｳｷﾖｳ,001,ﾎﾝｼﾖ
3267,ｻﾗﾍﾞﾂﾑﾗﾉｳｷﾖｳ,001,ﾎﾝｼﾖ
3268,ﾁﾕｳﾙｲﾉｳｷﾖｳ,001,ﾎﾝｼﾖ
3269,ﾀｲｷﾁﾖｳﾉｳｷﾖｳ,001,ﾎﾝｼﾖ
3270,ﾋﾛｵﾁﾖｳﾉｳｷﾖｳ,001,ﾎﾝｼﾖ
3271,ﾒﾑﾛﾁﾖｳﾉｳｷﾖｳ,001,ﾎﾝｼﾖ
3273,ﾄｶﾁｼﾐｽﾞﾁﾖｳﾉｳｷﾖｳ,001,ﾎﾝｼﾖ
3273,ﾄｶﾁｼﾐｽﾞﾁﾖｳﾉｳｷﾖｳ,002,ﾐｶｹﾞ
3275,ｼﾝﾄｸﾁﾖｳﾉｳｷﾖｳ,001,ﾎﾝｼﾖ
3276,ｼｶｵｲﾁﾖｳﾉｳｷﾖｳ,001,ﾎﾝｼﾖ
3277,ｷﾉﾉｳｷﾖｳ,001,ﾎﾝｼﾖ
3278,ｵﾄﾌｹﾁﾖｳﾉｳｷﾖｳ,001,ﾎﾝｼﾖ
3279,ｼﾎﾛﾁﾖｳﾉｳｷﾖｳ,001,ﾎﾝｼﾖ
3280,ｶﾐｼﾎﾛﾁﾖｳﾉｳｷﾖｳ,001,ﾎﾝｼﾖ
3281,ｻﾂﾅｲﾉｳｷﾖｳ,001,ﾎﾝｼﾖ
3282,ﾏｸﾍﾞﾂﾁﾖｳﾉｳｷﾖｳ,001,ﾎﾝｼﾖ
3283,ﾄｶﾁｲｹﾀﾞﾁﾖｳﾉｳｷﾖｳ,001,ﾎﾝｼﾖ
3283,ﾄｶﾁｲｹﾀﾞﾁﾖｳﾉｳｷﾖｳ,002,ｲｹﾀﾞ
3283,ﾄｶﾁｲｹﾀﾞﾁﾖｳﾉｳｷﾖｳ,003,ﾀｶｼﾏ
3286,ﾄﾖｺﾛﾁﾖｳﾉｳｷﾖｳ,001,ﾎﾝｼﾖ
3287,ｳﾗﾎﾛﾁﾖｳﾉｳｷﾖｳ,001,ﾎﾝｼﾖ
3288,ﾎﾝﾍﾞﾂﾁﾖｳﾉｳｷﾖｳ,001,ﾎﾝｼﾖ
3289,ｱｼﾖﾛﾁﾖｳﾉｳｷﾖｳ,001,ﾎﾝｼﾖ
3290,ﾘｸﾍﾞﾂﾁﾖｳﾉｳｷﾖｳ,001,ﾎﾝｼﾖ
3297,ｷﾀｵﾎ-ﾂｸﾉｳｷﾖｳ,001,ﾎﾝｼﾖ
3297,ｷﾀｵﾎ-ﾂｸﾉｳｷﾖｳ,002,ｵｳﾑ
3301,ｵﾎ-ﾂｸﾊﾏﾅｽﾉｳｷﾖｳ,001,ﾎﾝｼﾖ
3301,ｵﾎ-ﾂｸﾊﾏﾅｽﾉｳｷﾖｳ,002,ｶﾐｼﾖｺﾂ
3301,ｵﾎ-ﾂｸﾊﾏﾅｽﾉｳｷﾖｳ,003,ﾀｷﾉｳｴ
3301,ｵﾎ-ﾂｸﾊﾏﾅｽﾉｳｷﾖｳ,004,ﾆｼｵｺﾂﾍﾟ
3303,ｻﾛﾏﾁﾖｳﾉｳｷﾖｳ,001,ﾎﾝｼﾖ
3305,ﾕｳﾍﾞﾂﾁﾖｳﾉｳｷﾖｳ,001,ﾎﾝｼﾖ
3305,ﾕｳﾍﾞﾂﾁﾖｳﾉｳｷﾖｳ,002,ﾊﾞﾛｳ
3306,ｴﾝﾕｳﾉｳｷﾖｳ,001,ﾎﾝｼﾖ
3306,ｴﾝﾕｳﾉｳｷﾖｳ,003,ｴﾝｶﾞﾙ
3306,ｴﾝﾕｳﾉｳｷﾖｳ,006,ｲｸﾀﾊﾗ
3317,ｷﾀﾐﾗｲﾉｳｷﾖｳ,002,ｵﾝﾈﾕ
3317,ｷﾀﾐﾗｲﾉｳｷﾖｳ,003,ﾙﾍﾞｼﾍﾞ
3317,ｷﾀﾐﾗｲﾉｳｷﾖｳ,004,ｵｹﾄ
3317,ｷﾀﾐﾗｲﾉｳｷﾖｳ,005,ｸﾝﾈﾂﾌﾟ
3317,ｷﾀﾐﾗｲﾉｳｷﾖｳ,006,ｱｲﾉﾅｲ
3317,ｷﾀﾐﾗｲﾉｳｷﾖｳ,007,ｶﾐﾄｺﾛ
3317,ｷﾀﾐﾗｲﾉｳｷﾖｳ,008,ﾀﾝﾉ
3317,ｷﾀﾐﾗｲﾉｳｷﾖｳ,100,ﾎﾝﾃﾝ
3319,ﾂﾍﾞﾂﾁﾖｳﾉｳｷﾖｳ,001,ﾎﾝｼﾖ
3320,ﾋﾞﾎﾛﾁﾖｳﾉｳｷﾖｳ,001,ﾎﾝｼﾖ
3321,ﾒﾏﾝﾍﾞﾂﾁﾖｳﾉｳｷﾖｳ,001,ﾎﾝｼﾖ
3322,ﾄｺﾛﾁﾖｳﾉｳｷﾖｳ,001,ﾎﾝｼﾖ
3326,ｵﾎ-ﾂｸｱﾊﾞｼﾘﾉｳｷﾖｳ,001,ﾎﾝﾃﾝ
3326,ｵﾎ-ﾂｸｱﾊﾞｼﾘﾉｳｷﾖｳ,002,ｷﾀﾊﾏ
3326,ｵﾎ-ﾂｸｱﾊﾞｼﾘﾉｳｷﾖｳ,003,ｳﾊﾞﾗﾅｲ
3326,ｵﾎ-ﾂｸｱﾊﾞｼﾘﾉｳｷﾖｳ,005,ﾋｶﾞｼﾓｺﾄ
3328,ｺｼﾐｽﾞﾁﾖｳﾉｳｷﾖｳ,001,ﾎﾝｼﾖ
3329,ｼﾚﾄｺｼﾔﾘﾉｳｷﾖｳ,001,ﾎﾝｼﾖ
3330,ｷﾖｻﾄﾁﾖｳﾉｳｷﾖｳ,001,ﾎﾝｼﾖ
3334,ｸｼﾛｵｵﾀﾉｳｷﾖｳ,001,ﾎﾝｼﾖ
3335,ﾊﾏﾅｶﾁﾖｳﾉｳｷﾖｳ,001,ﾎﾝｼﾖ
3336,ｼﾍﾞﾁﾔﾁﾖｳﾉｳｷﾖｳ,001,ﾎﾝｼﾖ
3337,ﾏｼﾕｳｺﾉｳｷﾖｳ,001,ﾎﾝｼﾖ
3338,ｱｶﾝﾉｳｷﾖｳ,001,ﾎﾝﾃﾝ
3338,ｱｶﾝﾉｳｷﾖｳ,002,ｸｼﾛ
3339,ｸｼﾛﾀﾝﾁﾖｳﾉｳｷﾖｳ,001,ﾎﾝﾃﾝ
3339,ｸｼﾛﾀﾝﾁﾖｳﾉｳｷﾖｳ,003,ｼﾗﾇｶ
3348,ｼﾍﾞﾂﾁﾖｳﾉｳｷﾖｳ,001,ﾎﾝｼﾖ
3349,ﾅｶｼﾍﾞﾂﾁﾖｳﾉｳｷﾖｳ,001,ﾎﾝｼﾖ
3350,ｹﾈﾍﾞﾂﾉｳｷﾖｳ,001,ﾎﾝｼﾖ
3354,ﾄﾞｳﾄｳｱｻﾋﾉｳｷﾖｳ,001,ﾎﾝｼﾖ
3354,ﾄﾞｳﾄｳｱｻﾋﾉｳｷﾖｳ,002,ﾆｼｼﾕﾝﾍﾞﾂ
3354,ﾄﾞｳﾄｳｱｻﾋﾉｳｷﾖｳ,003,ｶﾐｼﾕﾝﾍﾞﾂ
3354,ﾄﾞｳﾄｳｱｻﾋﾉｳｷﾖｳ,004,ﾈﾑﾛ
3358,ﾅｶｼﾕﾝﾍﾞﾂﾉｳｷﾖｳ,001,ﾎﾝｼﾖ
3373,ｱｵﾓﾘﾉｳｷﾖｳ,004,ｵｵﾉ
3373,ｱｵﾓﾘﾉｳｷﾖｳ,006,ﾋｶﾞｼ
3373,ｱｵﾓﾘﾉｳｷﾖｳ,012,ｶﾆﾀ
3373,ｱｵﾓﾘﾉｳｷﾖｳ,016,ﾅﾐｵｶ
3373,ｱｵﾓﾘﾉｳｷﾖｳ,100,ﾎﾝﾃﾝ
3387,ﾂｶﾞﾙﾋﾛｻｷﾉｳｷﾖｳ,010,ﾎﾝﾃﾝ
3387,ﾂｶﾞﾙﾋﾛｻｷﾉｳｷﾖｳ,080,ﾋﾛｻｷｷﾀ
3387,ﾂｶﾞﾙﾋﾛｻｷﾉｳｷﾖｳ,190,ﾋﾛｻｷﾋｶﾞｼ
3387,ﾂｶﾞﾙﾋﾛｻｷﾉｳｷﾖｳ,220,ﾋﾛｻｷﾐﾅﾐ
3387,ﾂｶﾞﾙﾋﾛｻｷﾉｳｷﾖｳ,240,ﾋﾛｻｷﾁﾕｳｵｳ
3387,ﾂｶﾞﾙﾋﾛｻｷﾉｳｷﾖｳ,250,ﾋﾛｻｷﾆｼ
3387,ﾂｶﾞﾙﾋﾛｻｷﾉｳｷﾖｳ,260,ｲﾜｷ
3387,ﾂｶﾞﾙﾋﾛｻｷﾉｳｷﾖｳ,300,ﾒﾔ
3387,ﾂｶﾞﾙﾋﾛｻｷﾉｳｷﾖｳ,310,ﾌｼﾞｻｷ
3387,ﾂｶﾞﾙﾋﾛｻｷﾉｳｷﾖｳ,320,ｵｵﾜﾆ
3390,ｿｳﾏﾑﾗﾉｳｷﾖｳ,001,ﾎﾝｼﾖ
3390,ｿｳﾏﾑﾗﾉｳｷﾖｳ,002,ﾕｸﾞﾁ
3390,ｿｳﾏﾑﾗﾉｳｷﾖｳ,004,ｿｳﾏ
3407,ﾂｶﾞﾙﾐﾗｲﾉｳｷﾖｳ,001,ﾎﾝﾃﾝ
3407,ﾂｶﾞﾙﾐﾗｲﾉｳｷﾖｳ,002,ﾋﾗｶﾋｶﾞｼ
3407,ﾂｶﾞﾙﾐﾗｲﾉｳｷﾖｳ,003,ﾋﾗｶ
3407,ﾂｶﾞﾙﾐﾗｲﾉｳｷﾖｳ,016,ｲﾅｶﾀﾞﾃ
3407,ﾂｶﾞﾙﾐﾗｲﾉｳｷﾖｳ,019,ｲｼｶﾜ
3407,ﾂｶﾞﾙﾐﾗｲﾉｳｷﾖｳ,020,ｸﾛｲｼ
3407,ﾂｶﾞﾙﾐﾗｲﾉｳｷﾖｳ,026,ﾄｷﾜ
3407,ﾂｶﾞﾙﾐﾗｲﾉｳｷﾖｳ,027,ｵﾉｴ
3407,ﾂｶﾞﾙﾐﾗｲﾉｳｷﾖｳ,030,ｲﾀﾔﾅｷﾞ
3421,ﾂｶﾞﾙﾆｼｷﾀﾉｳｷﾖｳ,001,ﾂｶﾞﾙ
3421,ﾂｶﾞﾙﾆｼｷﾀﾉｳｷﾖｳ,007,ﾂｶﾞﾙｼﾗｶﾐ
3421,ﾂｶﾞﾙﾆｼｷﾀﾉｳｷﾖｳ,014,ﾂｶﾞﾙﾎｸﾌﾞ
3421,ﾂｶﾞﾙﾆｼｷﾀﾉｳｷﾖｳ,026,ｶｸｼﾖｳ
3421,ﾂｶﾞﾙﾆｼｷﾀﾉｳｷﾖｳ,100,ﾎﾝﾃﾝ
3442,ｺﾞｼﾖﾂｶﾞﾙﾉｳｷﾖｳ,001,ﾎﾝﾃﾝ
3442,ｺﾞｼﾖﾂｶﾞﾙﾉｳｷﾖｳ,006,ｷﾀ
3442,ｺﾞｼﾖﾂｶﾞﾙﾉｳｷﾖｳ,012,ｷﾂﾞｸﾘ
3455,ﾄﾜﾀﾞｵｲﾗｾﾉｳｷﾖｳ,001,ﾎﾝﾃﾝ
3455,ﾄﾜﾀﾞｵｲﾗｾﾉｳｷﾖｳ,006,ｵｵﾌｶﾅｲ
3455,ﾄﾜﾀﾞｵｲﾗｾﾉｳｷﾖｳ,008,ﾌｼﾞｻｶ
3455,ﾄﾜﾀﾞｵｲﾗｾﾉｳｷﾖｳ,020,ﾓﾓｲｼ
3455,ﾄﾜﾀﾞｵｲﾗｾﾉｳｷﾖｳ,021,ｼﾓﾀﾞ
3455,ﾄﾜﾀﾞｵｲﾗｾﾉｳｷﾖｳ,022,ﾖｺﾊﾏﾏﾁ
3455,ﾄﾜﾀﾞｵｲﾗｾﾉｳｷﾖｳ,023,ｶﾐｷﾀ
3455,ﾄﾜﾀﾞｵｲﾗｾﾉｳｷﾖｳ,024,ﾄﾜﾀﾞｺ
3455,ﾄﾜﾀﾞｵｲﾗｾﾉｳｷﾖｳ,025,ｼﾁﾉﾍ
3455,ﾄﾜﾀﾞｵｲﾗｾﾉｳｷﾖｳ,026,ﾑﾂ
3469,ﾕｳｷｱｵﾓﾘﾉｳｷﾖｳ,001,ﾎﾝﾃﾝ
3469,ﾕｳｷｱｵﾓﾘﾉｳｷﾖｳ,002,ﾛﾂｶｼﾖ
3469,ﾕｳｷｱｵﾓﾘﾉｳｷﾖｳ,005,ﾃﾝﾏﾊﾞﾔｼ
3469,ﾕｳｷｱｵﾓﾘﾉｳｷﾖｳ,010,ﾉﾍｼﾞ
3474,ｵｲﾗｾﾉｳｷﾖｳ,001,ﾎﾝﾃﾝ
3474,ｵｲﾗｾﾉｳｷﾖｳ,002,ﾛｸﾉﾍ
3488,ﾊﾁﾉﾍﾉｳｷﾖｳ,001,ﾎﾝﾃﾝ
3488,ﾊﾁﾉﾍﾉｳｷﾖｳ,002,ｶﾐﾅｶﾞ
3488,ﾊﾁﾉﾍﾉｳｷﾖｳ,007,ｼﾓﾅｶﾞ
3488,ﾊﾁﾉﾍﾉｳｷﾖｳ,010,ﾊｼｶﾐ
3488,ﾊﾁﾉﾍﾉｳｷﾖｳ,015,ｺﾞﾉﾍ
3488,ﾊﾁﾉﾍﾉｳｷﾖｳ,017,ｸﾗｲｼ
3488,ﾊﾁﾉﾍﾉｳｷﾖｳ,019,ｻﾝﾉﾍ
3488,ﾊﾁﾉﾍﾉｳｷﾖｳ,021,ﾅﾝﾌﾞ
3517,ｼﾝｲﾜﾃﾉｳｷﾖｳ,101,ﾎﾝｼﾖ
3517,ｼﾝｲﾜﾃﾉｳｷﾖｳ,102,ﾀｷｻﾞﾜ
3517,ｼﾝｲﾜﾃﾉｳｷﾖｳ,109,ｼｽﾞｸｲｼ
3517,ｼﾝｲﾜﾃﾉｳｷﾖｳ,116,ﾊﾁﾏﾝﾀｲ
3517,ｼﾝｲﾜﾃﾉｳｷﾖｳ,123,ｱｼﾛ
3517,ｼﾝｲﾜﾃﾉｳｷﾖｳ,125,ﾀﾏﾔﾏ
3517,ｼﾝｲﾜﾃﾉｳｷﾖｳ,128,ｲﾜﾃ
3517,ｼﾝｲﾜﾃﾉｳｷﾖｳ,131,ｸｽﾞﾏｷ
3517,ｼﾝｲﾜﾃﾉｳｷﾖｳ,135,ｸｼﾞ
3517,ｼﾝｲﾜﾃﾉｳｷﾖｳ,137,ｵｵﾉ
3517,ｼﾝｲﾜﾃﾉｳｷﾖｳ,139,ﾉﾀﾞ
3517,ｼﾝｲﾜﾃﾉｳｷﾖｳ,141,ﾆﾉﾍ
3517,ｼﾝｲﾜﾃﾉｳｷﾖｳ,142,ｸﾉﾍ
3517,ｼﾝｲﾜﾃﾉｳｷﾖｳ,143,ｶﾙﾏｲ
3517,ｼﾝｲﾜﾃﾉｳｷﾖｳ,148,ｲﾁﾉﾍ
3517,ｼﾝｲﾜﾃﾉｳｷﾖｳ,149,ﾐﾔｺ
3517,ｼﾝｲﾜﾃﾉｳｷﾖｳ,150,ﾔﾏﾀﾞ
3517,ｼﾝｲﾜﾃﾉｳｷﾖｳ,152,ｲﾜｲｽﾞﾐ
3541,ｲﾜﾃﾁﾕｳｵｳﾉｳｷﾖｳ,001,ﾎﾝｼﾖ
3541,ｲﾜﾃﾁﾕｳｵｳﾉｳｷﾖｳ,006,ｼﾜ
3541,ｲﾜﾃﾁﾕｳｵｳﾉｳｷﾖｳ,020,ﾔﾊﾊﾞ
3541,ｲﾜﾃﾁﾕｳｵｳﾉｳｷﾖｳ,024,ﾄﾅﾝ
3541,ｲﾜﾃﾁﾕｳｵｳﾉｳｷﾖｳ,032,ﾓﾘｵｶ
3553,ﾊﾅﾏｷﾉｳｷﾖｳ,001,ﾎﾝﾃﾝ
3553,ﾊﾅﾏｷﾉｳｷﾖｳ,002,ﾊﾅﾏｷ
3553,ﾊﾅﾏｷﾉｳｷﾖｳ,006,ﾔｻﾜ
3553,ﾊﾅﾏｷﾉｳｷﾖｳ,009,ﾐﾔﾉﾒ
3553,ﾊﾅﾏｷﾉｳｷﾖｳ,010,ﾕﾓﾄ
3553,ﾊﾅﾏｷﾉｳｷﾖｳ,015,ﾕｸﾞﾁ
3553,ﾊﾅﾏｷﾉｳｷﾖｳ,019,ｵｵﾀ
3553,ﾊﾅﾏｷﾉｳｷﾖｳ,020,ｻｻﾏ
3553,ﾊﾅﾏｷﾉｳｷﾖｳ,022,ｲｼﾄﾞﾘﾔ
3553,ﾊﾅﾏｷﾉｳｷﾖｳ,024,ｲｼﾄﾞﾘﾔﾋｶﾞｼ
3553,ﾊﾅﾏｷﾉｳｷﾖｳ,027,ｵｵﾊｻﾏﾏﾁ
3553,ﾊﾅﾏｷﾉｳｷﾖｳ,028,ﾄｳﾜﾁﾖｳ
3553,ﾊﾅﾏｷﾉｳｷﾖｳ,032,ｷﾀｶﾐ
3553,ﾊﾅﾏｷﾉｳｷﾖｳ,033,ﾐﾅﾐ
3553,ﾊﾅﾏｷﾉｳｷﾖｳ,034,ｻｸﾗ
3553,ﾊﾅﾏｷﾉｳｷﾖｳ,035,ﾌﾀｺﾞ
3553,ﾊﾅﾏｷﾉｳｷﾖｳ,036,ﾜｶﾞﾏﾁ
3553,ﾊﾅﾏｷﾉｳｷﾖｳ,037,ｴﾂﾞﾘｺ
3553,ﾊﾅﾏｷﾉｳｷﾖｳ,038,ｲﾜｻｷ
3553,ﾊﾅﾏｷﾉｳｷﾖｳ,039,ﾖｺｶﾜﾒ
3553,ﾊﾅﾏｷﾉｳｷﾖｳ,040,ﾕﾀﾞ
3553,ﾊﾅﾏｷﾉｳｷﾖｳ,041,ｻﾜｳﾁ
3553,ﾊﾅﾏｷﾉｳｷﾖｳ,042,ﾄｵﾉ
3553,ﾊﾅﾏｷﾉｳｷﾖｳ,044,ｶﾐｺﾞｳ
3553,ﾊﾅﾏｷﾉｳｷﾖｳ,045,ﾐﾔﾓﾘ
3553,ﾊﾅﾏｷﾉｳｷﾖｳ,046,ｵｵﾂﾞﾁ
3553,ﾊﾅﾏｷﾉｳｷﾖｳ,047,ｳﾉｽﾏｲ
3553,ﾊﾅﾏｷﾉｳｷﾖｳ,048,ｶﾏｲｼ
3572,ｲﾜﾃﾌﾙｻﾄﾉｳｷﾖｳ,101,ﾎﾝﾃﾝ
3572,ｲﾜﾃﾌﾙｻﾄﾉｳｷﾖｳ,102,ｵｳｼﾕｳｼﾔｸｼﾖﾎﾝﾁﾖｳ
3572,ｲﾜﾃﾌﾙｻﾄﾉｳｷﾖｳ,205,ﾐｽﾞｻﾜ
3572,ｲﾜﾃﾌﾙｻﾄﾉｳｷﾖｳ,302,ﾏｴｻﾜ
3572,ｲﾜﾃﾌﾙｻﾄﾉｳｷﾖｳ,402,ｶﾈｶﾞｻｷ
3572,ｲﾜﾃﾌﾙｻﾄﾉｳｷﾖｳ,502,ｲｻﾜ
3572,ｲﾜﾃﾌﾙｻﾄﾉｳｷﾖｳ,602,ｺﾛﾓｶﾜ
3579,ｲﾜﾃｴｻｼﾉｳｷﾖｳ,001,ﾎﾝﾃﾝ
3590,ｲﾜﾃﾋﾗｲｽﾞﾐﾉｳｷﾖｳ,001,ﾎﾝﾃﾝ
3590,ｲﾜﾃﾋﾗｲｽﾞﾐﾉｳｷﾖｳ,002,ｾﾝﾏﾔ
3590,ｲﾜﾃﾋﾗｲｽﾞﾐﾉｳｷﾖｳ,008,ﾌｼﾞｻﾜ
3590,ｲﾜﾃﾋﾗｲｽﾞﾐﾉｳｷﾖｳ,016,ﾀﾞｲﾄｳ
3590,ｲﾜﾃﾋﾗｲｽﾞﾐﾉｳｷﾖｳ,021,ﾋｶﾞｼﾔﾏ
3590,ｲﾜﾃﾋﾗｲｽﾞﾐﾉｳｷﾖｳ,114,ｲﾁﾉｾｷﾁﾕｳｵｳ
3590,ｲﾜﾃﾋﾗｲｽﾞﾐﾉｳｷﾖｳ,118,ﾊﾅｲｽﾞﾐ
3590,ｲﾜﾃﾋﾗｲｽﾞﾐﾉｳｷﾖｳ,124,ﾋﾗｲｽﾞﾐ
3598,ｵｵﾌﾅﾄｼﾉｳｷﾖｳ,012,ｵｵﾌﾅﾄ
3598,ｵｵﾌﾅﾄｼﾉｳｷﾖｳ,015,ｲｶﾜ
3598,ｵｵﾌﾅﾄｼﾉｳｷﾖｳ,018,ﾎﾝﾃﾝ
3598,ｵｵﾌﾅﾄｼﾉｳｷﾖｳ,028,ｻﾝﾘｸ
3598,ｵｵﾌﾅﾄｼﾉｳｷﾖｳ,101,ﾀｶﾀ
3598,ｵｵﾌﾅﾄｼﾉｳｷﾖｳ,104,ｾﾀﾏｲ
3636,ｾﾝﾀﾞｲﾉｳｷﾖｳ,001,ﾎﾝﾃﾝ
3636,ｾﾝﾀﾞｲﾉｳｷﾖｳ,002,ﾅｶﾞﾏﾁ
3636,ｾﾝﾀﾞｲﾉｳｷﾖｳ,003,ﾆｼﾀｶﾞ
3636,ｾﾝﾀﾞｲﾉｳｷﾖｳ,005,ﾛｸｺﾞｳ
3636,ｾﾝﾀﾞｲﾉｳｷﾖｳ,006,ｼﾁｺﾞｳ
3636,ｾﾝﾀﾞｲﾉｳｷﾖｳ,007,ﾀｶｻｺﾞ
3636,ｾﾝﾀﾞｲﾉｳｷﾖｳ,009,ｲﾜｷﾘ
3636,ｾﾝﾀﾞｲﾉｳｷﾖｳ,020,ﾅｶﾀﾞ
3636,ｾﾝﾀﾞｲﾉｳｷﾖｳ,021,ｶﾐｽｷﾞ
3636,ｾﾝﾀﾞｲﾉｳｷﾖｳ,101,ﾊﾗﾉﾏﾁ
3636,ｾﾝﾀﾞｲﾉｳｷﾖｳ,102,ｼﾝﾃﾞﾝﾋｶﾞｼ
3636,ｾﾝﾀﾞｲﾉｳｷﾖｳ,201,ﾐﾔｷﾞ
3636,ｾﾝﾀﾞｲﾉｳｷﾖｳ,301,ﾈﾉｼﾛｲｼ
3636,ｾﾝﾀﾞｲﾉｳｷﾖｳ,331,ｲｽﾞﾐ
3636,ｾﾝﾀﾞｲﾉｳｷﾖｳ,332,ｺｳﾖｳﾀﾞｲ
3636,ｾﾝﾀﾞｲﾉｳｷﾖｳ,501,ﾘﾌ
3636,ｾﾝﾀﾞｲﾉｳｷﾖｳ,531,ﾀｶﾞｼﾞﾖｳ
3636,ｾﾝﾀﾞｲﾉｳｷﾖｳ,532,ﾅﾝｸﾞｳ
3636,ｾﾝﾀﾞｲﾉｳｷﾖｳ,551,ｼﾁｶﾞﾊﾏ
3636,ｾﾝﾀﾞｲﾉｳｷﾖｳ,601,ﾏﾂｼﾏ
3636,ｾﾝﾀﾞｲﾉｳｷﾖｳ,701,ｲﾜﾇﾏ
3636,ｾﾝﾀﾞｲﾉｳｷﾖｳ,702,ｲﾜﾇﾏﾆｼ
3636,ｾﾝﾀﾞｲﾉｳｷﾖｳ,801,ﾅﾄﾘﾁﾕｳｵｳ
3636,ｾﾝﾀﾞｲﾉｳｷﾖｳ,803,ﾐﾀｿﾞﾉ
3636,ｾﾝﾀﾞｲﾉｳｷﾖｳ,804,ﾀﾃｺｼ
3636,ｾﾝﾀﾞｲﾉｳｷﾖｳ,805,ﾅﾄﾘﾆｼ
3636,ｾﾝﾀﾞｲﾉｳｷﾖｳ,806,ﾏｽﾀﾞ
3636,ｾﾝﾀﾞｲﾉｳｷﾖｳ,807,ｾﾝｶﾞﾝ
3636,ｾﾝﾀﾞｲﾉｳｷﾖｳ,808,ﾀﾏｳﾗ
3636,ｾﾝﾀﾞｲﾉｳｷﾖｳ,901,ｵｵｸﾏ
3636,ｾﾝﾀﾞｲﾉｳｷﾖｳ,904,ﾜﾀﾘﾏﾁ
3636,ｾﾝﾀﾞｲﾉｳｷﾖｳ,905,ｱﾗﾊﾏ
3636,ｾﾝﾀﾞｲﾉｳｷﾖｳ,906,ﾖｼﾀﾞ
3636,ｾﾝﾀﾞｲﾉｳｷﾖｳ,909,ﾔﾏｼﾀ
3636,ｾﾝﾀﾞｲﾉｳｷﾖｳ,910,ｻｶﾓﾄ
3647,ｲﾜﾇﾏｼﾉｳｷﾖｳ,001,ﾎﾝﾃﾝ
3647,ｲﾜﾇﾏｼﾉｳｷﾖｳ,002,ﾆｼ
3652,ﾅﾄﾘｲﾜﾇﾏﾉｳｷﾖｳ,001,ﾎﾝﾃﾝ
3652,ﾅﾄﾘｲﾜﾇﾏﾉｳｷﾖｳ,003,ﾐﾀｿﾞﾉ
3652,ﾅﾄﾘｲﾜﾇﾏﾉｳｷﾖｳ,004,ﾀﾃｺｼ
3652,ﾅﾄﾘｲﾜﾇﾏﾉｳｷﾖｳ,005,ﾅﾄﾘﾆｼ
3652,ﾅﾄﾘｲﾜﾇﾏﾉｳｷﾖｳ,100,ﾏｽﾀﾞ
3652,ﾅﾄﾘｲﾜﾇﾏﾉｳｷﾖｳ,200,ｾﾝｶﾞﾝ
3652,ﾅﾄﾘｲﾜﾇﾏﾉｳｷﾖｳ,300,ﾀﾏｳﾗ
3653,ﾐﾔｷﾞﾜﾀﾘﾉｳｷﾖｳ,001,ｵｵｸﾏ
3653,ﾐﾔｷﾞﾜﾀﾘﾉｳｷﾖｳ,004,ﾜﾀﾘﾏﾁ
3653,ﾐﾔｷﾞﾜﾀﾘﾉｳｷﾖｳ,005,ｱﾗﾊﾏ
3653,ﾐﾔｷﾞﾜﾀﾘﾉｳｷﾖｳ,006,ﾖｼﾀﾞ
3653,ﾐﾔｷﾞﾜﾀﾘﾉｳｷﾖｳ,009,ﾔﾏｼﾀ
3653,ﾐﾔｷﾞﾜﾀﾘﾉｳｷﾖｳ,010,ｻｶﾓﾄ
3653,ﾐﾔｷﾞﾜﾀﾘﾉｳｷﾖｳ,101,ﾎﾝｼﾖ
3665,ﾐﾔｷﾞﾄﾒﾉｳｷﾖｳ,001,ﾎﾝﾃﾝ
3665,ﾐﾔｷﾞﾄﾒﾉｳｷﾖｳ,100,ﾊｻﾏ
3665,ﾐﾔｷﾞﾄﾒﾉｳｷﾖｳ,103,ﾆﾂﾀ
3665,ﾐﾔｷﾞﾄﾒﾉｳｷﾖｳ,200,ﾄﾖﾏ
3665,ﾐﾔｷﾞﾄﾒﾉｳｷﾖｳ,300,ﾄﾖｻﾄ
3665,ﾐﾔｷﾞﾄﾒﾉｳｷﾖｳ,400,ｲｼｺｼ
3665,ﾐﾔｷﾞﾄﾒﾉｳｷﾖｳ,500,ﾐﾅﾐｶﾀ
3665,ﾐﾔｷﾞﾄﾒﾉｳｷﾖｳ,603,ﾖﾈﾔﾏ
3665,ﾐﾔｷﾞﾄﾒﾉｳｷﾖｳ,700,ﾅｶﾀﾞ
3665,ﾐﾔｷﾞﾄﾒﾉｳｷﾖｳ,800,ﾄｳﾜ
3704,ﾌﾙｶﾜﾉｳｷﾖｳ,001,ﾎﾝﾃﾝ
3704,ﾌﾙｶﾜﾉｳｷﾖｳ,003,ﾄｳﾌﾞ
3704,ﾌﾙｶﾜﾉｳｷﾖｳ,006,ｾｲﾌﾞ
3704,ﾌﾙｶﾜﾉｳｷﾖｳ,007,ﾎｸﾌﾞ
3704,ﾌﾙｶﾜﾉｳｷﾖｳ,014,ﾅﾝﾌﾞ
3710,ｶﾐﾖﾂﾊﾞﾉｳｷﾖｳ,001,ﾎﾝﾃﾝ
3710,ｶﾐﾖﾂﾊﾞﾉｳｷﾖｳ,103,ｶﾐ
3721,ｼﾝﾐﾔｷﾞﾉｳｷﾖｳ,001,ﾎﾝﾃﾝ
3721,ｼﾝﾐﾔｷﾞﾉｳｷﾖｳ,102,ｺｺﾞﾀ
3721,ｼﾝﾐﾔｷﾞﾉｳｷﾖｳ,105,ｶｼﾏﾀﾞｲ
3721,ｼﾝﾐﾔｷﾞﾉｳｷﾖｳ,107,ﾜｸﾔ
3721,ｼﾝﾐﾔｷﾞﾉｳｷﾖｳ,111,ﾀｼﾞﾘ
3721,ｼﾝﾐﾔｷﾞﾉｳｷﾖｳ,201,ﾂｷﾀﾞﾃ
3721,ｼﾝﾐﾔｷﾞﾉｳｷﾖｳ,205,ﾜｶﾔﾅｷﾞ
3721,ｼﾝﾐﾔｷﾞﾉｳｷﾖｳ,211,ｸﾘｺﾏﾁﾕｳｵｳ
3721,ｼﾝﾐﾔｷﾞﾉｳｷﾖｳ,301,ｼﾂﾞｶﾞﾜ
3721,ｼﾝﾐﾔｷﾞﾉｳｷﾖｳ,304,ﾓﾄﾖｼ
3721,ｼﾝﾐﾔｷﾞﾉｳｷﾖｳ,306,ｹｾﾝﾇﾏ
3721,ｼﾝﾐﾔｷﾞﾉｳｷﾖｳ,401,ﾀｲﾜ
3721,ｼﾝﾐﾔｷﾞﾉｳｷﾖｳ,403,ｵｵｻﾄ
3721,ｼﾝﾐﾔｷﾞﾉｳｷﾖｳ,501,ｲﾜﾃﾞﾔﾏ
3731,ｲｼﾉﾏｷﾉｳｷﾖｳ,001,ｲｼﾉﾏｷ
3731,ｲｼﾉﾏｷﾉｳｷﾖｳ,002,ﾍﾋﾞﾀ
3731,ｲｼﾉﾏｷﾉｳｷﾖｳ,003,ｶﾂﾞﾏ
3731,ｲｼﾉﾏｷﾉｳｷﾖｳ,014,ｵｵﾔﾁ
3731,ｲｼﾉﾏｷﾉｳｷﾖｳ,021,ﾓﾉｳﾁﾕｳｵｳ
3731,ｲｼﾉﾏｷﾉｳｷﾖｳ,031,ｶﾅﾝ
3731,ｲｼﾉﾏｷﾉｳｷﾖｳ,041,ﾔﾓﾄ
3731,ｲｼﾉﾏｷﾉｳｷﾖｳ,051,ﾅﾙｾ
3731,ｲｼﾉﾏｷﾉｳｷﾖｳ,100,ﾎﾝﾃﾝ
3751,ﾐﾔｷﾞｾﾝﾅﾝﾉｳｷﾖｳ,100,ﾎﾝﾃﾝ
3751,ﾐﾔｷﾞｾﾝﾅﾝﾉｳｷﾖｳ,102,ﾂｷﾉｷ
3751,ﾐﾔｷﾞｾﾝﾅﾝﾉｳｷﾖｳ,104,ｵｵｶﾞﾜﾗ
3751,ﾐﾔｷﾞｾﾝﾅﾝﾉｳｷﾖｳ,106,ﾑﾗﾀ
3751,ﾐﾔｷﾞｾﾝﾅﾝﾉｳｷﾖｳ,109,ｶﾜｻｷ
3751,ﾐﾔｷﾞｾﾝﾅﾝﾉｳｷﾖｳ,111,ｻﾞｵｳ
3751,ﾐﾔｷﾞｾﾝﾅﾝﾉｳｷﾖｳ,116,ｼﾛｲｼ
3751,ﾐﾔｷﾞｾﾝﾅﾝﾉｳｷﾖｳ,126,ｼﾁｶｼﾕｸ
3751,ﾐﾔｷﾞｾﾝﾅﾝﾉｳｷﾖｳ,127,ｶｸﾀﾞ
3751,ﾐﾔｷﾞｾﾝﾅﾝﾉｳｷﾖｳ,134,ﾏﾙﾓﾘ
3762,ｶﾂﾞﾉﾉｳｷﾖｳ,001,ﾎﾝﾃﾝ
3762,ｶﾂﾞﾉﾉｳｷﾖｳ,008,ﾄﾜﾀﾞ
3764,ｱｷﾀｷﾀﾉｳｷﾖｳ,001,ﾎﾝﾃﾝ
3764,ｱｷﾀｷﾀﾉｳｷﾖｳ,002,ｵｵﾀﾞﾃﾋｶﾞｼ
3764,ｱｷﾀｷﾀﾉｳｷﾖｳ,008,ﾁﾕｳｵｳ
3764,ｱｷﾀｷﾀﾉｳｷﾖｳ,009,ｼﾞﾕｳﾆｼﾖ
3764,ｱｷﾀｷﾀﾉｳｷﾖｳ,021,ﾋﾅｲ
3764,ｱｷﾀｷﾀﾉｳｷﾖｳ,031,ﾀｼﾛ
3771,ｱｷﾀﾀｶﾉｽﾉｳｷﾖｳ,001,ﾎﾝﾃﾝ
3771,ｱｷﾀﾀｶﾉｽﾉｳｷﾖｳ,010,ｱｲｶﾜ
3771,ｱｷﾀﾀｶﾉｽﾉｳｷﾖｳ,011,ｶﾐｺｱﾆ
3784,ｱｷﾀｼﾗｶﾐﾉｳｷﾖｳ,001,ﾎﾝﾃﾝ
3784,ｱｷﾀｼﾗｶﾐﾉｳｷﾖｳ,003,ﾉｼﾛｷﾀ
3784,ｱｷﾀｼﾗｶﾐﾉｳｷﾖｳ,012,ﾌﾀﾂｲ
3784,ｱｷﾀｼﾗｶﾐﾉｳｷﾖｳ,016,ﾌｼﾞｻﾄ
3795,ｱｷﾀﾔﾏﾓﾄﾉｳｷﾖｳ,001,ﾎﾝﾃﾝ
3795,ｱｷﾀﾔﾏﾓﾄﾉｳｷﾖｳ,004,ﾊﾂﾎﾟｳ
3798,ｱｷﾀｺﾄｳﾉｳｷﾖｳ,001,ﾎﾝｼﾖ
3798,ｱｷﾀｺﾄｳﾉｳｷﾖｳ,002,ｺﾞｼﾞﾖｳﾒ
3798,ｱｷﾀｺﾄｳﾉｳｷﾖｳ,007,ｲｶﾜ
3798,ｱｷﾀｺﾄｳﾉｳｷﾖｳ,010,ｶﾀｶﾞﾐ
3798,ｱｷﾀｺﾄｳﾉｳｷﾖｳ,011,ﾊﾁﾛｳｶﾞﾀ
3810,ｱｷﾀﾅﾏﾊｹﾞﾉｳｷﾖｳ,001,ﾎﾝﾃﾝ
3810,ｱｷﾀﾅﾏﾊｹﾞﾉｳｷﾖｳ,002,ｲｲｼﾞﾏ
3810,ｱｷﾀﾅﾏﾊｹﾞﾉｳｷﾖｳ,011,ｱｷﾀｴｷﾋｶﾞｼ
3810,ｱｷﾀﾅﾏﾊｹﾞﾉｳｷﾖｳ,017,ｱｷﾀｹﾝﾉｳｷﾖｳﾋﾞﾙ
3810,ｱｷﾀﾅﾏﾊｹﾞﾉｳｷﾖｳ,018,ｱｷﾀｺｳｾｲｲﾘﾖｳｾﾝﾀ-
3810,ｱｷﾀﾅﾏﾊｹﾞﾉｳｷﾖｳ,021,ｱﾗﾔｴｷﾏｴ
3810,ｱｷﾀﾅﾏﾊｹﾞﾉｳｷﾖｳ,023,ｵｲﾜｹ
3810,ｱｷﾀﾅﾏﾊｹﾞﾉｳｷﾖｳ,024,ｵﾉﾊﾞ
3810,ｱｷﾀﾅﾏﾊｹﾞﾉｳｷﾖｳ,025,ﾕｳﾜ
3810,ｱｷﾀﾅﾏﾊｹﾞﾉｳｷﾖｳ,027,ｶﾜﾍﾞ
3810,ｱｷﾀﾅﾏﾊｹﾞﾉｳｷﾖｳ,030,ﾔﾄﾞﾒ
3810,ｱｷﾀﾅﾏﾊｹﾞﾉｳｷﾖｳ,102,ｵｶﾞ
3810,ｱｷﾀﾅﾏﾊｹﾞﾉｳｷﾖｳ,108,ｷﾀｳﾗ
3810,ｱｷﾀﾅﾏﾊｹﾞﾉｳｷﾖｳ,109,ﾃﾝﾉｳ
3810,ｱｷﾀﾅﾏﾊｹﾞﾉｳｷﾖｳ,110,ﾜｶﾐ
3825,ｱｷﾀｼﾝｾｲﾉｳｷﾖｳ,001,ﾎﾝﾃﾝ
3825,ｱｷﾀｼﾝｾｲﾉｳｷﾖｳ,008,ﾎﾝｼﾞﾖｳﾁﾕｳｵｳ
3825,ｱｷﾀｼﾝｾｲﾉｳｷﾖｳ,009,ﾎﾝｼﾞﾖｳ
3825,ｱｷﾀｼﾝｾｲﾉｳｷﾖｳ,021,ｲﾜｷ
3825,ｱｷﾀｼﾝｾｲﾉｳｷﾖｳ,023,ｵｵｳﾁ
3825,ｱｷﾀｼﾝｾｲﾉｳｷﾖｳ,025,ｶﾐｶﾜｵｵｳﾁ
3825,ｱｷﾀｼﾝｾｲﾉｳｷﾖｳ,028,ﾋｶﾞｼﾕﾘ
3825,ｱｷﾀｼﾝｾｲﾉｳｷﾖｳ,041,ﾕﾘ
3825,ｱｷﾀｼﾝｾｲﾉｳｷﾖｳ,046,ﾔｼﾏ
3825,ｱｷﾀｼﾝｾｲﾉｳｷﾖｳ,047,ﾁﾖｳｶｲ
3825,ｱｷﾀｼﾝｾｲﾉｳｷﾖｳ,049,ｼﾞﾈｺﾞ
3825,ｱｷﾀｼﾝｾｲﾉｳｷﾖｳ,051,ﾆｼﾒ
3825,ｱｷﾀｼﾝｾｲﾉｳｷﾖｳ,052,ﾆｶﾎ
3825,ｱｷﾀｼﾝｾｲﾉｳｷﾖｳ,055,ｺﾉｳﾗ
3825,ｱｷﾀｼﾝｾｲﾉｳｷﾖｳ,056,ｷｻｶﾀ
3825,ｱｷﾀｼﾝｾｲﾉｳｷﾖｳ,066,ﾕﾘﾎﾝｼﾞﾖｳｼﾔｸｼﾖ
3855,ｱｷﾀｵﾊﾞｺﾉｳｷﾖｳ,001,ﾎﾝﾃﾝ
3855,ｱｷﾀｵﾊﾞｺﾉｳｷﾖｳ,002,ｵｵﾏｶﾞﾘ
3855,ｱｷﾀｵﾊﾞｺﾉｳｷﾖｳ,005,ｵｵﾏｶﾞﾘｷﾀ
3855,ｱｷﾀｵﾊﾞｺﾉｳｷﾖｳ,010,ｷﾖｳﾜ
3855,ｱｷﾀｵﾊﾞｺﾉｳｷﾖｳ,014,ﾆｼｾﾝﾎﾞｸ
3855,ｱｷﾀｵﾊﾞｺﾉｳｷﾖｳ,018,ｶﾐｵｶ
3855,ｱｷﾀｵﾊﾞｺﾉｳｷﾖｳ,020,ﾅﾝｶﾞｲ
3855,ｱｷﾀｵﾊﾞｺﾉｳｷﾖｳ,022,ｾﾝﾎﾞｸ
3855,ｱｷﾀｵﾊﾞｺﾉｳｷﾖｳ,024,ｾﾝﾊﾀ
3855,ｱｷﾀｵﾊﾞｺﾉｳｷﾖｳ,026,ﾅｶｾﾝ
3855,ｱｷﾀｵﾊﾞｺﾉｳｷﾖｳ,030,ｵｵﾀ
3855,ｱｷﾀｵﾊﾞｺﾉｳｷﾖｳ,031,ｶｸﾀﾞﾃ
3855,ｱｷﾀｵﾊﾞｺﾉｳｷﾖｳ,034,ﾆｼｷ
3855,ｱｷﾀｵﾊﾞｺﾉｳｷﾖｳ,036,ﾀｻﾞﾜｺ
3855,ｱｷﾀｵﾊﾞｺﾉｳｷﾖｳ,037,ﾀｻﾞﾜｺｴｷﾏｴ
3855,ｱｷﾀｵﾊﾞｺﾉｳｷﾖｳ,039,ｾﾝﾅﾝ
3855,ｱｷﾀｵﾊﾞｺﾉｳｷﾖｳ,042,ﾛｸｺﾞｳ
3878,ｱｷﾀﾌﾙｻﾄﾉｳｷﾖｳ,001,ﾎﾝﾃﾝ
3878,ｱｷﾀﾌﾙｻﾄﾉｳｷﾖｳ,002,ﾖｺﾃ
3878,ｱｷﾀﾌﾙｻﾄﾉｳｷﾖｳ,008,ｻﾝﾅｲ
3878,ｱｷﾀﾌﾙｻﾄﾉｳｷﾖｳ,021,ｶﾈｻﾞﾜ
3878,ｱｷﾀﾌﾙｻﾄﾉｳｷﾖｳ,042,ﾋﾗｶ
3878,ｱｷﾀﾌﾙｻﾄﾉｳｷﾖｳ,061,ｵﾓﾉｶﾞﾜ
3878,ｱｷﾀﾌﾙｻﾄﾉｳｷﾖｳ,071,ﾀｲﾕｳ
3878,ｱｷﾀﾌﾙｻﾄﾉｳｷﾖｳ,081,ｵｵﾓﾘ
3878,ｱｷﾀﾌﾙｻﾄﾉｳｷﾖｳ,092,ｼﾞﾕｳﾓﾝｼﾞ
3878,ｱｷﾀﾌﾙｻﾄﾉｳｷﾖｳ,101,ﾏｽﾀﾞ
3913,ｺﾏﾁﾉｳｷﾖｳ,001,ﾎﾝﾃﾝ
3913,ｺﾏﾁﾉｳｷﾖｳ,004,ﾕｻﾞﾜｷﾀ
3913,ｺﾏﾁﾉｳｷﾖｳ,013,ﾕｻﾞﾜ
3913,ｺﾏﾁﾉｳｷﾖｳ,014,ﾋｶﾞｼﾅﾙｾ
3913,ｺﾏﾁﾉｳｷﾖｳ,018,ｲﾅｶﾜ
3913,ｺﾏﾁﾉｳｷﾖｳ,023,ｵｶﾞﾁ
3913,ｺﾏﾁﾉｳｷﾖｳ,028,ｳｺﾞ
3929,ｵｵｶﾞﾀﾑﾗﾉｳｷﾖｳ,001,ﾎﾝｼﾖ
3931,ﾔﾏｶﾞﾀｼﾉｳｷﾖｳ,001,ﾎﾝﾃﾝ
3931,ﾔﾏｶﾞﾀｼﾉｳｷﾖｳ,002,ｷﾀﾔﾏｶﾞﾀ
3931,ﾔﾏｶﾞﾀｼﾉｳｷﾖｳ,003,ｺｼﾞﾗｶﾜ
3931,ﾔﾏｶﾞﾀｼﾉｳｷﾖｳ,004,ｼﾓｼﾞﾖｳ
3931,ﾔﾏｶﾞﾀｼﾉｳｷﾖｳ,005,ｳﾜﾏﾁ
3931,ﾔﾏｶﾞﾀｼﾉｳｷﾖｳ,006,ﾐﾊﾀ
3932,ﾔﾏｶﾞﾀﾉｳｷﾖｳ,001,ﾎﾝﾃﾝ
3932,ﾔﾏｶﾞﾀﾉｳｷﾖｳ,002,ﾀｷﾔﾏ
3932,ﾔﾏｶﾞﾀﾉｳｷﾖｳ,005,ﾐﾔｳﾗ
3932,ﾔﾏｶﾞﾀﾉｳｷﾖｳ,007,ｾｲﾌﾞ
3932,ﾔﾏｶﾞﾀﾉｳｷﾖｳ,010,ｽｽﾞｶﾜ
3932,ﾔﾏｶﾞﾀﾉｳｷﾖｳ,011,ﾀｶﾀﾞﾃ
3932,ﾔﾏｶﾞﾀﾉｳｷﾖｳ,013,ﾁﾄｾ
3932,ﾔﾏｶﾞﾀﾉｳｷﾖｳ,016,ﾋｶﾞｼｶﾅｲ
3932,ﾔﾏｶﾞﾀﾉｳｷﾖｳ,017,ﾃﾝｼﾞﾝ
3932,ﾔﾏｶﾞﾀﾉｳｷﾖｳ,020,ﾐﾅﾐﾀﾞﾃ
3932,ﾔﾏｶﾞﾀﾉｳｷﾖｳ,023,ｻｸﾗ
3932,ﾔﾏｶﾞﾀﾉｳｷﾖｳ,027,ﾔﾏｶﾞﾀﾐﾅﾐ
3932,ﾔﾏｶﾞﾀﾉｳｷﾖｳ,032,ｻﾞｵｳ
3932,ﾔﾏｶﾞﾀﾉｳｷﾖｳ,036,ｶﾐﾉﾔﾏｷﾀ
3932,ﾔﾏｶﾞﾀﾉｳｷﾖｳ,037,ｶﾐﾉﾔﾏﾐﾅﾐ
3932,ﾔﾏｶﾞﾀﾉｳｷﾖｳ,047,ﾋﾏﾜﾘ
3932,ﾔﾏｶﾞﾀﾉｳｷﾖｳ,052,ﾔﾏﾉﾍﾞ
3938,ﾃﾝﾄﾞｳｼﾉｳｷﾖｳ,001,ﾎﾝｼﾖ
3943,ｻｶﾞｴﾆｼﾑﾗﾔﾏﾉｳｷﾖｳ,001,ﾎﾝｼﾖ
3943,ｻｶﾞｴﾆｼﾑﾗﾔﾏﾉｳｷﾖｳ,002,ｻｶﾞｴﾋｶﾞｼ
3943,ｻｶﾞｴﾆｼﾑﾗﾔﾏﾉｳｷﾖｳ,004,ﾆｼﾈ
3943,ｻｶﾞｴﾆｼﾑﾗﾔﾏﾉｳｷﾖｳ,006,ｼﾊﾞﾊｼ
3943,ｻｶﾞｴﾆｼﾑﾗﾔﾏﾉｳｷﾖｳ,008,ｻｶﾞｴﾆｼ
3943,ｻｶﾞｴﾆｼﾑﾗﾔﾏﾉｳｷﾖｳ,021,ｵｵｴ
3943,ｻｶﾞｴﾆｼﾑﾗﾔﾏﾉｳｷﾖｳ,031,ｱｻﾋ
3943,ｻｶﾞｴﾆｼﾑﾗﾔﾏﾉｳｷﾖｳ,041,ﾆｼｶﾜ
3943,ｻｶﾞｴﾆｼﾑﾗﾔﾏﾉｳｷﾖｳ,051,ｶﾎｸ
3960,ﾐﾁﾉｸﾑﾗﾔﾏﾉｳｷﾖｳ,001,ﾎﾝﾃﾝ
3960,ﾐﾁﾉｸﾑﾗﾔﾏﾉｳｷﾖｳ,002,ﾀﾃｵｶ
3960,ﾐﾁﾉｸﾑﾗﾔﾏﾉｳｷﾖｳ,006,ﾊﾔﾏ
3960,ﾐﾁﾉｸﾑﾗﾔﾏﾉｳｷﾖｳ,012,ｵﾊﾞﾅｻﾞﾜ
3960,ﾐﾁﾉｸﾑﾗﾔﾏﾉｳｷﾖｳ,019,ｵｵｲｼﾀﾞ
3962,ﾋｶﾞｼﾈｼﾉｳｷﾖｳ,001,ﾎﾝﾃﾝ
3962,ﾋｶﾞｼﾈｼﾉｳｷﾖｳ,002,ﾄｳﾌﾞ
3962,ﾋｶﾞｼﾈｼﾉｳｷﾖｳ,004,ｾｲﾌﾞ
3962,ﾋｶﾞｼﾈｼﾉｳｷﾖｳ,007,ﾋｶﾞｼﾈｼﾔｸｼﾖ
3971,ｼﾝｼﾞﾖｳｼﾉｳｷﾖｳ,001,ﾎﾝｼﾖ
3973,ﾓｶﾞﾐﾁﾕｳｵｳﾉｳｷﾖｳ,001,ﾊｷﾞﾉ
3973,ﾓｶﾞﾐﾁﾕｳｵｳﾉｳｷﾖｳ,003,ﾌﾅｶﾞﾀ
3973,ﾓｶﾞﾐﾁﾕｳｵｳﾉｳｷﾖｳ,006,ﾓｶﾞﾐ
3973,ﾓｶﾞﾐﾁﾕｳｵｳﾉｳｷﾖｳ,010,ﾎﾝﾃﾝ
3973,ﾓｶﾞﾐﾁﾕｳｵｳﾉｳｷﾖｳ,020,ｵｵｸﾗ
3973,ﾓｶﾞﾐﾁﾕｳｵｳﾉｳｷﾖｳ,021,ﾄｻﾞﾜ
3973,ﾓｶﾞﾐﾁﾕｳｵｳﾉｳｷﾖｳ,023,ｻｹｶﾜ
3973,ﾓｶﾞﾐﾁﾕｳｵｳﾉｳｷﾖｳ,030,ﾏﾑﾛｶﾞﾜ
3987,ｶﾈﾔﾏﾉｳｷﾖｳ,001,ﾎﾝｼﾖ
3989,ﾔﾏｶﾞﾀｵｷﾀﾏﾉｳｷﾖｳ,001,ﾎﾝﾃﾝ
3989,ﾔﾏｶﾞﾀｵｷﾀﾏﾉｳｷﾖｳ,002,ﾖﾈｻﾞﾜ
3989,ﾔﾏｶﾞﾀｵｷﾀﾏﾉｳｷﾖｳ,009,ﾖﾈｻﾞﾜﾁﾕｳｵｳ
3989,ﾔﾏｶﾞﾀｵｷﾀﾏﾉｳｷﾖｳ,018,ﾀｶﾊﾀ
3989,ﾔﾏｶﾞﾀｵｷﾀﾏﾉｳｷﾖｳ,033,ﾅﾝﾖｳ
3989,ﾔﾏｶﾞﾀｵｷﾀﾏﾉｳｷﾖｳ,041,ｶﾜﾆｼ
3989,ﾔﾏｶﾞﾀｵｷﾀﾏﾉｳｷﾖｳ,052,ｱﾔﾒ
3989,ﾔﾏｶﾞﾀｵｷﾀﾏﾉｳｷﾖｳ,064,ｼﾗﾀｶ
3989,ﾔﾏｶﾞﾀｵｷﾀﾏﾉｳｷﾖｳ,069,ｲｲﾃﾞ
4000,ﾂﾙｵｶｼﾉｳｷﾖｳ,001,ﾎﾝｼﾖ
4000,ﾂﾙｵｶｼﾉｳｷﾖｳ,007,ﾁﾕｳｵｳ
4000,ﾂﾙｵｶｼﾉｳｷﾖｳ,013,ﾆｼｺﾞｳ
4013,ｼﾖｳﾅｲﾀｶﾞﾜﾉｳｷﾖｳ,001,ﾎﾝｼﾖ
4013,ｼﾖｳﾅｲﾀｶﾞﾜﾉｳｷﾖｳ,006,ﾌｼﾞｼﾏ
4013,ｼﾖｳﾅｲﾀｶﾞﾜﾉｳｷﾖｳ,011,ｱﾂﾐ
4013,ｼﾖｳﾅｲﾀｶﾞﾜﾉｳｷﾖｳ,025,ﾎｸﾌﾞ
4013,ｼﾖｳﾅｲﾀｶﾞﾜﾉｳｷﾖｳ,041,ﾐｶﾜ
4013,ｼﾖｳﾅｲﾀｶﾞﾜﾉｳｷﾖｳ,051,ﾊｸﾞﾛ
4013,ｼﾖｳﾅｲﾀｶﾞﾜﾉｳｷﾖｳ,061,ﾅﾝﾌﾞ
4013,ｼﾖｳﾅｲﾀｶﾞﾜﾉｳｷﾖｳ,071,ｱｻﾋ
4022,ｱﾏﾙﾒﾏﾁﾉｳｷﾖｳ,001,ﾎﾝｼﾖ
4027,ｼﾖｳﾅｲﾐﾄﾞﾘﾉｳｷﾖｳ,001,ﾎﾝｼﾖ
4027,ｼﾖｳﾅｲﾐﾄﾞﾘﾉｳｷﾖｳ,002,ｻｶﾀﾁﾕｳｵｳ
4027,ｼﾖｳﾅｲﾐﾄﾞﾘﾉｳｷﾖｳ,004,ｻｶﾀｷﾀ
4027,ｼﾖｳﾅｲﾐﾄﾞﾘﾉｳｷﾖｳ,011,ｻｶﾀﾐﾅﾐ
4027,ｼﾖｳﾅｲﾐﾄﾞﾘﾉｳｷﾖｳ,016,ﾕｻﾞ
4027,ｼﾖｳﾅｲﾐﾄﾞﾘﾉｳｷﾖｳ,022,ﾔﾜﾀ
4027,ｼﾖｳﾅｲﾐﾄﾞﾘﾉｳｷﾖｳ,026,ﾋﾗﾀﾁﾕｳｵｳ
4027,ｼﾖｳﾅｲﾐﾄﾞﾘﾉｳｷﾖｳ,028,ﾏﾂﾔﾏ
4027,ｼﾖｳﾅｲﾐﾄﾞﾘﾉｳｷﾖｳ,031,ｻｶﾀﾋｶﾞｼ
4036,ｻｶﾀｼｿﾃﾞｳﾗﾉｳｷﾖｳ,001,ﾎﾝｼﾖ
4047,ﾌｸｼﾏﾐﾗｲﾉｳｷﾖｳ,001,ﾎﾝﾃﾝ
4047,ﾌｸｼﾏﾐﾗｲﾉｳｷﾖｳ,004,ｼﾐｽﾞ
4047,ﾌｸｼﾏﾐﾗｲﾉｳｷﾖｳ,005,ﾎｸｼﾝ
4047,ﾌｸｼﾏﾐﾗｲﾉｳｷﾖｳ,010,ﾜﾀﾘ
4047,ﾌｸｼﾏﾐﾗｲﾉｳｷﾖｳ,012,ﾌｸｼﾏﾄｳﾌﾞ
4047,ﾌｸｼﾏﾐﾗｲﾉｳｷﾖｳ,016,ｽｷﾞﾉﾒ
4047,ﾌｸｼﾏﾐﾗｲﾉｳｷﾖｳ,020,ﾌｸｼﾏﾐﾅﾐ
4047,ﾌｸｼﾏﾐﾗｲﾉｳｷﾖｳ,025,ｲｲｻﾞｶ
4047,ﾌｸｼﾏﾐﾗｲﾉｳｷﾖｳ,032,ﾉﾀﾞ
4047,ﾌｸｼﾏﾐﾗｲﾉｳｷﾖｳ,034,ﾏﾂｶﾜ
4047,ﾌｸｼﾏﾐﾗｲﾉｳｷﾖｳ,037,ｼﾞｴｲｴｲﾋﾞﾙ
4047,ﾌｸｼﾏﾐﾗｲﾉｳｷﾖｳ,038,ｶﾜﾏﾀ
4047,ﾌｸｼﾏﾐﾗｲﾉｳｷﾖｳ,042,ﾎﾊﾞﾗ
4047,ﾌｸｼﾏﾐﾗｲﾉｳｷﾖｳ,047,ｺｵﾘ
4047,ﾌｸｼﾏﾐﾗｲﾉｳｷﾖｳ,051,ｸﾆﾐ
4047,ﾌｸｼﾏﾐﾗｲﾉｳｷﾖｳ,056,ﾀﾞﾃ
4047,ﾌｸｼﾏﾐﾗｲﾉｳｷﾖｳ,058,ﾘﾖｳｾﾞﾝｶｹﾀﾞ
4047,ﾌｸｼﾏﾐﾗｲﾉｳｷﾖｳ,062,ﾂｷﾀﾞﾃ
4047,ﾌｸｼﾏﾐﾗｲﾉｳｷﾖｳ,073,ﾆﾎﾝﾏﾂ
4047,ﾌｸｼﾏﾐﾗｲﾉｳｷﾖｳ,074,ﾆﾎﾝﾏﾂﾐﾅﾐ
4047,ﾌｸｼﾏﾐﾗｲﾉｳｷﾖｳ,075,ｱﾀﾞﾁ
4047,ﾌｸｼﾏﾐﾗｲﾉｳｷﾖｳ,076,ｲﾜｼﾛ
4047,ﾌｸｼﾏﾐﾗｲﾉｳｷﾖｳ,077,ﾄｳﾜ
4047,ﾌｸｼﾏﾐﾗｲﾉｳｷﾖｳ,078,ﾓﾄﾐﾔ
4047,ﾌｸｼﾏﾐﾗｲﾉｳｷﾖｳ,079,ｼﾗｻﾜ
4047,ﾌｸｼﾏﾐﾗｲﾉｳｷﾖｳ,080,ｵｵﾀﾏ
4047,ﾌｸｼﾏﾐﾗｲﾉｳｷﾖｳ,082,ｶｼﾏ
4047,ﾌｸｼﾏﾐﾗｲﾉｳｷﾖｳ,084,ｼﾝﾁ
4047,ﾌｸｼﾏﾐﾗｲﾉｳｷﾖｳ,085,ｿｳﾏﾅｶﾑﾗ
4047,ﾌｸｼﾏﾐﾗｲﾉｳｷﾖｳ,086,ﾅｶﾑﾗﾐﾅﾐ
4047,ﾌｸｼﾏﾐﾗｲﾉｳｷﾖｳ,087,ﾊﾗﾏﾁ
4047,ﾌｸｼﾏﾐﾗｲﾉｳｷﾖｳ,088,ﾊﾗﾏﾁﾆｼ
4047,ﾌｸｼﾏﾐﾗｲﾉｳｷﾖｳ,089,ｵﾀﾞｶ
4047,ﾌｸｼﾏﾐﾗｲﾉｳｷﾖｳ,091,ｲｲﾀﾃ
4047,ﾌｸｼﾏﾐﾗｲﾉｳｷﾖｳ,093,ﾔﾅｶﾞﾜ
4091,ﾕﾒﾐﾅﾐﾉｳｷﾖｳ,001,ｽｶｶﾞﾜﾋｶﾞｼ
4091,ﾕﾒﾐﾅﾐﾉｳｷﾖｳ,005,ｽｶｶﾞﾜ
4091,ﾕﾒﾐﾅﾐﾉｳｷﾖｳ,010,ﾎﾝﾃﾝ
4091,ﾕﾒﾐﾅﾐﾉｳｷﾖｳ,011,ﾅｶﾞﾇﾏ
4091,ﾕﾒﾐﾅﾐﾉｳｷﾖｳ,014,ｶｶﾞﾐｲｼ
4091,ﾕﾒﾐﾅﾐﾉｳｷﾖｳ,015,ｲﾜｾ
4091,ﾕﾒﾐﾅﾐﾉｳｷﾖｳ,017,ﾃﾝｴｲ
4091,ﾕﾒﾐﾅﾐﾉｳｷﾖｳ,023,ｼﾗｶﾜ
4091,ﾕﾒﾐﾅﾐﾉｳｷﾖｳ,024,ﾆｼｺﾞｳ
4091,ﾕﾒﾐﾅﾐﾉｳｷﾖｳ,025,ﾋｶﾞｼ
4091,ﾕﾒﾐﾅﾐﾉｳｷﾖｳ,026,ｲｽﾞﾐｻﾞｷ
4091,ﾕﾒﾐﾅﾐﾉｳｷﾖｳ,027,ﾅｶｼﾞﾏ
4091,ﾕﾒﾐﾅﾐﾉｳｷﾖｳ,028,ﾐｶﾐ
4091,ﾕﾒﾐﾅﾐﾉｳｷﾖｳ,029,ﾀｲｼﾝ
4091,ﾕﾒﾐﾅﾐﾉｳｷﾖｳ,030,ｲｼｶﾜ
4091,ﾕﾒﾐﾅﾐﾉｳｷﾖｳ,031,ﾀﾏｶﾜ
4091,ﾕﾒﾐﾅﾐﾉｳｷﾖｳ,032,ﾋﾗﾀ
4091,ﾕﾒﾐﾅﾐﾉｳｷﾖｳ,033,ｱｻｶﾜ
4091,ﾕﾒﾐﾅﾐﾉｳｷﾖｳ,034,ﾌﾙﾄﾞﾉ
4132,ﾄｳｻﾞｲｼﾗｶﾜﾉｳｷﾖｳ,001,ｵﾓﾃｺﾞｳ
4132,ﾄｳｻﾞｲｼﾗｶﾜﾉｳｷﾖｳ,003,ﾔﾌﾞｷﾁﾕｳｵｳ
4132,ﾄｳｻﾞｲｼﾗｶﾜﾉｳｷﾖｳ,004,ﾀﾅｸﾞﾗ
4132,ﾄｳｻﾞｲｼﾗｶﾜﾉｳｷﾖｳ,008,ﾔﾏﾂﾘ
4132,ﾄｳｻﾞｲｼﾗｶﾜﾉｳｷﾖｳ,011,ﾊﾅﾜ
4132,ﾄｳｻﾞｲｼﾗｶﾜﾉｳｷﾖｳ,013,ｻﾒｶﾞﾜ
4132,ﾄｳｻﾞｲｼﾗｶﾜﾉｳｷﾖｳ,100,ﾎﾝﾃﾝ
4160,ｱｲﾂﾞﾖﾂﾊﾞﾉｳｷﾖｳ,001,ﾎﾝﾃﾝ
4160,ｱｲﾂﾞﾖﾂﾊﾞﾉｳｷﾖｳ,002,ｷﾀｶﾀﾁﾕｳｵｳ
4160,ｱｲﾂﾞﾖﾂﾊﾞﾉｳｷﾖｳ,003,ｷﾀｶﾀ
4160,ｱｲﾂﾞﾖﾂﾊﾞﾉｳｷﾖｳ,010,ｱﾂｼｵｶﾉｳ
4160,ｱｲﾂﾞﾖﾂﾊﾞﾉｳｷﾖｳ,011,ｷﾀｼｵﾊﾞﾗ
4160,ｱｲﾂﾞﾖﾂﾊﾞﾉｳｷﾖｳ,013,ｼｵｶﾜ
4160,ｱｲﾂﾞﾖﾂﾊﾞﾉｳｷﾖｳ,017,ﾔﾏﾄ
4160,ｱｲﾂﾞﾖﾂﾊﾞﾉｳｷﾖｳ,018,ﾆｼｱｲﾂﾞ
4160,ｱｲﾂﾞﾖﾂﾊﾞﾉｳｷﾖｳ,021,ｵｸｶﾞﾜ
4160,ｱｲﾂﾞﾖﾂﾊﾞﾉｳｷﾖｳ,023,ﾀｶｻﾄ
4160,ｱｲﾂﾞﾖﾂﾊﾞﾉｳｷﾖｳ,044,ﾐﾅﾄ
4160,ｱｲﾂﾞﾖﾂﾊﾞﾉｳｷﾖｳ,045,ﾓﾝﾃﾞﾝ
4160,ｱｲﾂﾞﾖﾂﾊﾞﾉｳｷﾖｳ,046,ｱｲﾂﾞﾜｶﾏﾂ
4160,ｱｲﾂﾞﾖﾂﾊﾞﾉｳｷﾖｳ,047,ｷﾀｱｲﾂﾞ
4160,ｱｲﾂﾞﾖﾂﾊﾞﾉｳｷﾖｳ,048,ﾊﾞﾝﾀﾞｲ
4160,ｱｲﾂﾞﾖﾂﾊﾞﾉｳｷﾖｳ,049,ｲﾅﾜｼﾛﾁﾕｳｵｳ
4160,ｱｲﾂﾞﾖﾂﾊﾞﾉｳｷﾖｳ,050,ｲﾅﾜｼﾛﾋｶﾞｼ
4160,ｱｲﾂﾞﾖﾂﾊﾞﾉｳｷﾖｳ,051,ｶﾜﾋｶﾞｼ
4160,ｱｲﾂﾞﾖﾂﾊﾞﾉｳｷﾖｳ,052,ﾀｼﾞﾏ
4160,ｱｲﾂﾞﾖﾂﾊﾞﾉｳｷﾖｳ,053,ｼﾓｺﾞｳ
4160,ｱｲﾂﾞﾖﾂﾊﾞﾉｳｷﾖｳ,054,ﾀﾃｲﾜ
4160,ｱｲﾂﾞﾖﾂﾊﾞﾉｳｷﾖｳ,055,ｲﾅ
4160,ｱｲﾂﾞﾖﾂﾊﾞﾉｳｷﾖｳ,056,ﾅﾝｺﾞｳ
4160,ｱｲﾂﾞﾖﾂﾊﾞﾉｳｷﾖｳ,057,ﾀﾀﾞﾐ
4160,ｱｲﾂﾞﾖﾂﾊﾞﾉｳｷﾖｳ,058,ﾋﾉｴﾏﾀ
4160,ｱｲﾂﾞﾖﾂﾊﾞﾉｳｷﾖｳ,059,ﾊﾞﾝｹﾞ
4160,ｱｲﾂﾞﾖﾂﾊﾞﾉｳｷﾖｳ,060,ﾜｶﾐﾔ
4160,ｱｲﾂﾞﾖﾂﾊﾞﾉｳｷﾖｳ,061,ｶﾅｶﾞﾐ
4160,ｱｲﾂﾞﾖﾂﾊﾞﾉｳｷﾖｳ,062,ﾋﾛｾ
4160,ｱｲﾂﾞﾖﾂﾊﾞﾉｳｷﾖｳ,063,ﾔﾅｲﾂﾞ
4160,ｱｲﾂﾞﾖﾂﾊﾞﾉｳｷﾖｳ,064,ﾐｼﾏ
4160,ｱｲﾂﾞﾖﾂﾊﾞﾉｳｷﾖｳ,065,ｼﾖｳﾜ
4160,ｱｲﾂﾞﾖﾂﾊﾞﾉｳｷﾖｳ,066,ｶﾈﾔﾏ
4160,ｱｲﾂﾞﾖﾂﾊﾞﾉｳｷﾖｳ,067,ﾀｶﾀﾞ
4160,ｱｲﾂﾞﾖﾂﾊﾞﾉｳｷﾖｳ,068,ﾅｶﾞｲﾉ
4160,ｱｲﾂﾞﾖﾂﾊﾞﾉｳｷﾖｳ,069,ﾎﾝｺﾞｳ
4160,ｱｲﾂﾞﾖﾂﾊﾞﾉｳｷﾖｳ,070,ﾆｲﾂﾙ
4160,ｱｲﾂﾞﾖﾂﾊﾞﾉｳｷﾖｳ,071,ﾕｶﾞﾜ
4196,ﾌｸｼﾏｻｸﾗﾉｳｷﾖｳ,001,ﾎﾝﾃﾝ
4196,ﾌｸｼﾏｻｸﾗﾉｳｷﾖｳ,002,ｶﾍﾞﾔ
4196,ﾌｸｼﾏｻｸﾗﾉｳｷﾖｳ,003,ｲｲﾉ
4196,ﾌｸｼﾏｻｸﾗﾉｳｷﾖｳ,007,ｸｻﾉ
4196,ﾌｸｼﾏｻｸﾗﾉｳｷﾖｳ,008,ﾋﾗｸﾎﾞ
4196,ﾌｸｼﾏｻｸﾗﾉｳｷﾖｳ,017,ﾖｼﾏ
4196,ﾌｸｼﾏｻｸﾗﾉｳｷﾖｳ,018,ｵｶﾞﾜ
4196,ﾌｸｼﾏｻｸﾗﾉｳｷﾖｳ,019,ﾐﾜ
4196,ﾌｸｼﾏｻｸﾗﾉｳｷﾖｳ,022,ﾋｻﾉﾊﾏ
4196,ﾌｸｼﾏｻｸﾗﾉｳｷﾖｳ,023,ﾖﾂｸﾗ
4196,ﾌｸｼﾏｻｸﾗﾉｳｷﾖｳ,024,ｲﾜｷｷｸﾀ
4196,ﾌｸｼﾏｻｸﾗﾉｳｷﾖｳ,027,ﾅｺｿ
4196,ﾌｸｼﾏｻｸﾗﾉｳｷﾖｳ,032,ｵﾅﾊﾏ
4196,ﾌｸｼﾏｻｸﾗﾉｳｷﾖｳ,036,ｲｽﾞﾐ
4196,ﾌｸｼﾏｻｸﾗﾉｳｷﾖｳ,038,ｼﾞﾖｳﾊﾞﾝ
4196,ﾌｸｼﾏｻｸﾗﾉｳｷﾖｳ,041,ﾀﾑﾗ
4196,ﾌｸｼﾏｻｸﾗﾉｳｷﾖｳ,044,ﾅｶﾀ
4196,ﾌｸｼﾏｻｸﾗﾉｳｷﾖｳ,045,ﾆｼﾀﾞ
4196,ﾌｸｼﾏｻｸﾗﾉｳｷﾖｳ,046,ﾌｸﾔﾏ
4196,ﾌｸｼﾏｻｸﾗﾉｳｷﾖｳ,047,ｱｻｶ
4196,ﾌｸｼﾏｻｸﾗﾉｳｷﾖｳ,048,ｺｵﾘﾔﾏ
4196,ﾌｸｼﾏｻｸﾗﾉｳｷﾖｳ,051,ｵｵﾂｷ
4196,ﾌｸｼﾏｻｸﾗﾉｳｷﾖｳ,052,ﾋﾜﾀﾞ
4196,ﾌｸｼﾏｻｸﾗﾉｳｷﾖｳ,053,ｵｳｾｶﾀﾋﾗ
4196,ﾌｸｼﾏｻｸﾗﾉｳｷﾖｳ,054,ｺﾅﾝﾋｶﾞｼ
4196,ﾌｸｼﾏｻｸﾗﾉｳｷﾖｳ,056,ﾐﾎﾀ
4196,ﾌｸｼﾏｻｸﾗﾉｳｷﾖｳ,057,ｺｵﾘﾔﾏｷｸﾀ
4196,ﾌｸｼﾏｻｸﾗﾉｳｷﾖｳ,058,ｱﾀﾐ
4196,ﾌｸｼﾏｻｸﾗﾉｳｷﾖｳ,061,ﾌﾈﾋｷ
4196,ﾌｸｼﾏｻｸﾗﾉｳｷﾖｳ,064,ﾐﾊﾙ
4196,ﾌｸｼﾏｻｸﾗﾉｳｷﾖｳ,065,ｻｸﾗ
4196,ﾌｸｼﾏｻｸﾗﾉｳｷﾖｳ,066,ﾀｷﾈ
4196,ﾌｸｼﾏｻｸﾗﾉｳｷﾖｳ,067,ｵｵｺﾞｴ
4196,ﾌｸｼﾏｻｸﾗﾉｳｷﾖｳ,068,ｵﾉ
4196,ﾌｸｼﾏｻｸﾗﾉｳｷﾖｳ,069,ﾐﾔｺｼﾞ
4196,ﾌｸｼﾏｻｸﾗﾉｳｷﾖｳ,070,ﾄｷﾜ
4196,ﾌｸｼﾏｻｸﾗﾉｳｷﾖｳ,071,ﾋﾛﾉ
4196,ﾌｸｼﾏｻｸﾗﾉｳｷﾖｳ,072,ﾅﾗﾊ
4196,ﾌｸｼﾏｻｸﾗﾉｳｷﾖｳ,073,ﾄﾐｵｶ
4196,ﾌｸｼﾏｻｸﾗﾉｳｷﾖｳ,074,ｶﾜｳﾁ
4196,ﾌｸｼﾏｻｸﾗﾉｳｷﾖｳ,075,ｵｵｸﾏ
4196,ﾌｸｼﾏｻｸﾗﾉｳｷﾖｳ,076,ﾌﾀﾊﾞ
4196,ﾌｸｼﾏｻｸﾗﾉｳｷﾖｳ,077,ﾅﾐｴ
4196,ﾌｸｼﾏｻｸﾗﾉｳｷﾖｳ,078,ﾂｼﾏ
4196,ﾌｸｼﾏｻｸﾗﾉｳｷﾖｳ,079,ｶﾂﾗｵ
4196,ﾌｸｼﾏｻｸﾗﾉｳｷﾖｳ,081,ﾄｵﾉ
4238,ﾐﾄﾉｳｷﾖｳ,001,ﾎﾝﾃﾝ
4238,ﾐﾄﾉｳｷﾖｳ,002,ｾﾝﾊﾞ
4238,ﾐﾄﾉｳｷﾖｳ,007,ｱｶﾂｶ
4238,ﾐﾄﾉｳｷﾖｳ,018,ｲﾊﾞﾗｷ
4238,ﾐﾄﾉｳｷﾖｳ,023,ｳﾁﾊﾗ
4238,ﾐﾄﾉｳｷﾖｳ,025,ｼﾛｻﾄ
4238,ﾐﾄﾉｳｷﾖｳ,033,ﾂﾈｽﾞﾐｵｵｱﾗｲ
4263,ﾋﾀﾁﾉｳｷﾖｳ,001,ｶﾂﾀ
4263,ﾋﾀﾁﾉｳｷﾖｳ,003,ｶｲﾋﾝ
4263,ﾋﾀﾁﾉｳｷﾖｳ,004,ﾀｶﾊﾞ
4263,ﾋﾀﾁﾉｳｷﾖｳ,010,ﾄｳｶｲ
4263,ﾋﾀﾁﾉｳｷﾖｳ,012,ﾅｶ
4263,ﾋﾀﾁﾉｳｷﾖｳ,014,ﾄﾓﾍﾞ
4263,ﾋﾀﾁﾉｳｷﾖｳ,015,ｶｻﾏ
4263,ﾋﾀﾁﾉｳｷﾖｳ,016,ｲﾜﾏ
4263,ﾋﾀﾁﾉｳｷﾖｳ,017,ﾅﾅｶｲ
4263,ﾋﾀﾁﾉｳｷﾖｳ,018,ｵｵﾐﾔ
4263,ﾋﾀﾁﾉｳｷﾖｳ,019,ｺﾞｾﾞﾝﾔﾏ
4263,ﾋﾀﾁﾉｳｷﾖｳ,020,ﾐｶﾞﾜ
4263,ﾋﾀﾁﾉｳｷﾖｳ,021,ﾀﾞｲｺﾞ
4263,ﾋﾀﾁﾉｳｷﾖｳ,024,ｵｵﾀ
4263,ﾋﾀﾁﾉｳｷﾖｳ,028,ｻﾄﾐ
4263,ﾋﾀﾁﾉｳｷﾖｳ,032,ｶﾅｻｺﾞｳ
4263,ﾋﾀﾁﾉｳｷﾖｳ,035,ｷﾀｲﾊﾞﾗｷ
4263,ﾋﾀﾁﾉｳｷﾖｳ,036,ﾀｶﾊｷﾞ
4263,ﾋﾀﾁﾉｳｷﾖｳ,037,ｼﾞﾕｳｵｳ
4263,ﾋﾀﾁﾉｳｷﾖｳ,039,ﾋﾀﾁ
4263,ﾋﾀﾁﾉｳｷﾖｳ,040,ﾐﾅﾐ
4263,ﾋﾀﾁﾉｳｷﾖｳ,100,ﾎﾝﾃﾝ
4294,ﾋﾀﾁｼﾀｶﾞﾉｳｷﾖｳ,001,ﾎﾝﾃﾝ
4295,ｲﾊﾞﾗｷｱｻﾋﾑﾗﾉｳｷﾖｳ,001,ﾎﾝﾃﾝ
4296,ﾎｺﾀﾉｳｷﾖｳ,001,ﾎﾝﾃﾝ
4301,ﾅﾒｶﾞﾀｼｵｻｲﾉｳｷﾖｳ,001,ｵｵﾉ
4301,ﾅﾒｶﾞﾀｼｵｻｲﾉｳｷﾖｳ,004,ｶｼﾏ
4301,ﾅﾒｶﾞﾀｼｵｻｲﾉｳｷﾖｳ,008,ｶﾐｽ
4301,ﾅﾒｶﾞﾀｼｵｻｲﾉｳｷﾖｳ,009,ﾊｻｷ
4301,ﾅﾒｶﾞﾀｼｵｻｲﾉｳｷﾖｳ,010,ｱｿｳ
4301,ﾅﾒｶﾞﾀｼｵｻｲﾉｳｷﾖｳ,011,ｲﾀｺ
4301,ﾅﾒｶﾞﾀｼｵｻｲﾉｳｷﾖｳ,013,ｷﾀｳﾗ
4301,ﾅﾒｶﾞﾀｼｵｻｲﾉｳｷﾖｳ,019,ﾀﾏﾂｸﾘ
4301,ﾅﾒｶﾞﾀｼｵｻｲﾉｳｷﾖｳ,100,ﾎﾝﾃﾝ
4322,ｲﾅｼｷﾉｳｷﾖｳ,001,ﾎﾝﾃﾝ
4322,ｲﾅｼｷﾉｳｷﾖｳ,002,ﾁﾕｳﾌﾞ
4322,ｲﾅｼｷﾉｳｷﾖｳ,012,ﾄｳﾌﾞ
4322,ｲﾅｼｷﾉｳｷﾖｳ,021,ｾｲﾌﾞ
4344,ｽｲｺﾞｳﾂｸﾊﾞﾉｳｷﾖｳ,001,ﾎﾝﾃﾝ
4344,ｽｲｺﾞｳﾂｸﾊﾞﾉｳｷﾖｳ,006,ﾘﾕｳｶﾞｻｷﾁﾕｳｵｳ
4344,ｽｲｺﾞｳﾂｸﾊﾞﾉｳｷﾖｳ,008,ﾘﾕｳｶﾞｻｷﾆｼ
4344,ｽｲｺﾞｳﾂｸﾊﾞﾉｳｷﾖｳ,011,ｳｼｸ
4344,ｽｲｺﾞｳﾂｸﾊﾞﾉｳｷﾖｳ,014,ﾜｶｸｻ
4344,ｽｲｺﾞｳﾂｸﾊﾞﾉｳｷﾖｳ,015,ﾐﾎ
4344,ｽｲｺﾞｳﾂｸﾊﾞﾉｳｷﾖｳ,016,ｱﾐ
4344,ｽｲｺﾞｳﾂｸﾊﾞﾉｳｷﾖｳ,017,ﾂﾁｳﾗﾁﾕｳｵｳ
4344,ｽｲｺﾞｳﾂｸﾊﾞﾉｳｷﾖｳ,018,ｷﾖｳﾄﾞｳﾋﾞﾖｳｲﾝ
4344,ｽｲｺﾞｳﾂｸﾊﾞﾉｳｷﾖｳ,019,ﾂﾁｳﾗﾐﾅﾐ
4344,ｽｲｺﾞｳﾂｸﾊﾞﾉｳｷﾖｳ,020,ﾂﾁｳﾗﾆｼ
4344,ｽｲｺﾞｳﾂｸﾊﾞﾉｳｷﾖｳ,021,ｶｽﾐｶﾞｳﾗ
4344,ｽｲｺﾞｳﾂｸﾊﾞﾉｳｷﾖｳ,022,ﾂﾁｳﾗｷﾀ
4344,ｽｲｺﾞｳﾂｸﾊﾞﾉｳｷﾖｳ,023,ﾁﾖﾀﾞ
4363,ﾂｸﾊﾞｼﾉｳｷﾖｳ,001,ﾎﾝﾃﾝ
4363,ﾂｸﾊﾞｼﾉｳｷﾖｳ,003,ｻｸﾗ
4363,ﾂｸﾊﾞｼﾉｳｷﾖｳ,005,ｸｷｻﾞｷ
4363,ﾂｸﾊﾞｼﾉｳｷﾖｳ,011,ﾂｸﾊﾞﾆｼ
4363,ﾂｸﾊﾞｼﾉｳｷﾖｳ,013,ﾂｸﾊﾞﾋｶﾞｼ
4363,ﾂｸﾊﾞｼﾉｳｷﾖｳ,014,ｵｵﾎ
4363,ﾂｸﾊﾞｼﾉｳｷﾖｳ,016,ﾄﾖｻﾄ
4371,ﾂｸﾊﾞｼﾔﾀﾍﾞﾉｳｷﾖｳ,001,ﾎﾝﾃﾝ
4371,ﾂｸﾊﾞｼﾔﾀﾍﾞﾉｳｷﾖｳ,005,ｶﾞｸｴﾝﾐﾅﾐ
4378,ｲﾊﾞﾗｷﾐﾅﾐﾉｳｷﾖｳ,001,ﾎﾝﾃﾝ
4378,ｲﾊﾞﾗｷﾐﾅﾐﾉｳｷﾖｳ,004,ｲﾅ
4378,ｲﾊﾞﾗｷﾐﾅﾐﾉｳｷﾖｳ,008,ﾌｼﾞｼﾛ
4378,ｲﾊﾞﾗｷﾐﾅﾐﾉｳｷﾖｳ,014,ﾄﾘﾃﾞ
4378,ｲﾊﾞﾗｷﾐﾅﾐﾉｳｷﾖｳ,016,ﾓﾘﾔ
4378,ｲﾊﾞﾗｷﾐﾅﾐﾉｳｷﾖｳ,021,ﾔﾜﾗ
4387,ﾔｻﾄﾉｳｷﾖｳ,001,ﾎﾝｼﾖ
4387,ﾔｻﾄﾉｳｷﾖｳ,002,ｶｷｵｶ
4387,ﾔｻﾄﾉｳｷﾖｳ,007,ｿﾉﾍﾞ
4394,ｼﾝﾋﾀﾁﾉﾉｳｷﾖｳ,001,ﾎﾝﾃﾝ
4394,ｼﾝﾋﾀﾁﾉﾉｳｷﾖｳ,003,ｵｶﾞﾜ
4394,ｼﾝﾋﾀﾁﾉﾉｳｷﾖｳ,004,ﾐﾅﾐﾀﾞｲ
4394,ｼﾝﾋﾀﾁﾉﾉｳｷﾖｳ,005,ｲｼｵｶ
4394,ｼﾝﾋﾀﾁﾉﾉｳｷﾖｳ,008,ﾐﾉﾘ
4397,ｷﾀﾂｸﾊﾞﾉｳｷﾖｳ,001,ﾎﾝﾃﾝ
4397,ｷﾀﾂｸﾊﾞﾉｳｷﾖｳ,002,ｼﾓﾀﾞﾃ
4397,ｷﾀﾂｸﾊﾞﾉｳｷﾖｳ,010,ｼﾓﾀﾞﾃﾐﾅﾐ
4397,ｷﾀﾂｸﾊﾞﾉｳｷﾖｳ,012,ｷﾖｳﾜ
4397,ｷﾀﾂｸﾊﾞﾉｳｷﾖｳ,015,ﾔﾏﾄ
4397,ｷﾀﾂｸﾊﾞﾉｳｷﾖｳ,018,ﾏｶﾍﾞ
4397,ｷﾀﾂｸﾊﾞﾉｳｷﾖｳ,022,ｱｹﾉ
4397,ｷﾀﾂｸﾊﾞﾉｳｷﾖｳ,029,ｾｷｼﾞﾖｳ
4397,ｷﾀﾂｸﾊﾞﾉｳｷﾖｳ,032,ﾕｳｷ
4397,ｷﾀﾂｸﾊﾞﾉｳｷﾖｳ,034,ﾕｳｷﾐﾅﾐ
4397,ｷﾀﾂｸﾊﾞﾉｳｷﾖｳ,041,ｲﾜｾ
4413,ｼﾞﾖｳｿｳﾋｶﾘﾉｳｷﾖｳ,008,ｼﾓﾂﾏ
4413,ｼﾞﾖｳｿｳﾋｶﾘﾉｳｷﾖｳ,010,ﾔﾁﾖ
4413,ｼﾞﾖｳｿｳﾋｶﾘﾉｳｷﾖｳ,016,ｼﾓﾂﾏﾁﾖｶﾜ
4413,ｼﾞﾖｳｿｳﾋｶﾘﾉｳｷﾖｳ,020,ｲｼｹﾞ
4413,ｼﾞﾖｳｿｳﾋｶﾘﾉｳｷﾖｳ,025,ﾐﾂｶｲﾄﾞｳﾋｶﾞｼ
4413,ｼﾞﾖｳｿｳﾋｶﾘﾉｳｷﾖｳ,031,ﾐﾂｶｲﾄﾞｳﾆｼ
4413,ｼﾞﾖｳｿｳﾋｶﾘﾉｳｷﾖｳ,100,ﾎﾝﾃﾝ
4422,ｲﾊﾞﾗｷﾑﾂﾐﾉｳｷﾖｳ,001,ﾎﾝﾃﾝ
4422,ｲﾊﾞﾗｷﾑﾂﾐﾉｳｷﾖｳ,005,ｻｶｲ
4422,ｲﾊﾞﾗｷﾑﾂﾐﾉｳｷﾖｳ,006,ｺﾞｶ
4422,ｲﾊﾞﾗｷﾑﾂﾐﾉｳｷﾖｳ,007,ｺｶﾞ
4422,ｲﾊﾞﾗｷﾑﾂﾐﾉｳｷﾖｳ,013,ｿｳﾜ
4422,ｲﾊﾞﾗｷﾑﾂﾐﾉｳｷﾖｳ,015,ｻﾝﾜ
4422,ｲﾊﾞﾗｷﾑﾂﾐﾉｳｷﾖｳ,019,ｻｼﾏﾁﾕｳｵｳ
4425,ｲﾜｲﾉｳｷﾖｳ,001,ﾎﾝﾃﾝ
4425,ｲﾜｲﾉｳｷﾖｳ,002,ｲﾜｲﾋｶﾞｼ
4425,ｲﾜｲﾉｳｷﾖｳ,005,ｲﾜｲﾐﾅﾐ
4425,ｲﾜｲﾉｳｷﾖｳ,007,ｲﾜｲﾆｼ
4425,ｲﾜｲﾉｳｷﾖｳ,008,ｲﾜｲｷﾀ
4445,ｳﾂﾉﾐﾔﾉｳｷﾖｳ,001,ﾁﾕｳｵｳ
4445,ｳﾂﾉﾐﾔﾉｳｷﾖｳ,002,ﾋﾗｲｼ
4445,ｳﾂﾉﾐﾔﾉｳｷﾖｳ,003,ﾅﾝﾌﾞ
4445,ｳﾂﾉﾐﾔﾉｳｷﾖｳ,005,ｼﾛﾔﾏ
4445,ｳﾂﾉﾐﾔﾉｳｷﾖｳ,006,ﾎｸﾌﾞ
4445,ｳﾂﾉﾐﾔﾉｳｷﾖｳ,009,ﾄﾖｻﾄ
4445,ｳﾂﾉﾐﾔﾉｳｷﾖｳ,010,ｷﾖﾊﾗ
4445,ｳﾂﾉﾐﾔﾉｳｷﾖｳ,012,ｽｶﾞﾀｶﾞﾜ
4445,ｳﾂﾉﾐﾔﾉｳｷﾖｳ,013,ﾀｶﾗｷﾞ
4445,ｳﾂﾉﾐﾔﾉｳｷﾖｳ,017,ｶﾐｶﾜﾁ
4445,ｳﾂﾉﾐﾔﾉｳｷﾖｳ,021,ｶﾜﾁ
4445,ｳﾂﾉﾐﾔﾉｳｷﾖｳ,023,ﾐﾅﾐｶﾜﾁ
4445,ｳﾂﾉﾐﾔﾉｳｷﾖｳ,024,ｶﾐﾉｶﾜ
4445,ｳﾂﾉﾐﾔﾉｳｷﾖｳ,100,ﾎﾝｼﾖ
4456,ｶﾐﾂｶﾞﾉｳｷﾖｳ,001,ｶﾇﾏ
4456,ｶﾐﾂｶﾞﾉｳｷﾖｳ,004,ﾅﾝﾌﾞﾁﾕｳｵｳ
4456,ｶﾐﾂｶﾞﾉｳｷﾖｳ,013,ﾆｼｶﾀ
4456,ｶﾐﾂｶﾞﾉｳｷﾖｳ,015,ｱﾜﾉ
4456,ｶﾐﾂｶﾞﾉｳｷﾖｳ,019,ﾆﾂｺｳﾁﾕｳｵｳ
4456,ｶﾐﾂｶﾞﾉｳｷﾖｳ,100,ﾎﾝﾃﾝ
4463,ﾊｶﾞﾉﾉｳｷﾖｳ,001,ﾓｵｶ
4463,ﾊｶﾞﾉﾉｳｷﾖｳ,005,ﾆﾉﾐﾔ
4463,ﾊｶﾞﾉﾉｳｷﾖｳ,008,ﾏｼｺ
4463,ﾊｶﾞﾉﾉｳｷﾖｳ,011,ﾓﾃｷﾞ
4463,ﾊｶﾞﾉﾉｳｷﾖｳ,015,ｲﾁｶｲ
4463,ﾊｶﾞﾉﾉｳｷﾖｳ,018,ﾊｶﾞ
4463,ﾊｶﾞﾉﾉｳｷﾖｳ,100,ﾎﾝﾃﾝ
4478,ｼﾓﾂｹﾉｳｷﾖｳ,001,ﾄﾁｷﾞﾋｶﾞｼ
4478,ｼﾓﾂｹﾉｳｷﾖｳ,006,ﾄﾁｷﾞﾆｼ
4478,ｼﾓﾂｹﾉｳｷﾖｳ,009,ﾂｶﾞ
4478,ｼﾓﾂｹﾉｳｷﾖｳ,011,ﾐﾌﾞ
4478,ｼﾓﾂｹﾉｳｷﾖｳ,016,ｵｵﾋﾗ
4478,ｼﾓﾂｹﾉｳｷﾖｳ,019,ﾌｼﾞｵｶ
4478,ｼﾓﾂｹﾉｳｷﾖｳ,023,ｲﾜﾌﾈ
4478,ｼﾓﾂｹﾉｳｷﾖｳ,025,ﾄﾁｷﾞｴｷﾏｴ
4478,ｼﾓﾂｹﾉｳｷﾖｳ,100,ﾎﾝﾃﾝ
4490,ｵﾔﾏﾉｳｷﾖｳ,001,ｵｵﾔ
4490,ｵﾔﾏﾉｳｷﾖｳ,003,ﾏﾏﾀﾞ
4490,ｵﾔﾏﾉｳｷﾖｳ,008,ﾐﾀ
4490,ｵﾔﾏﾉｳｷﾖｳ,011,ｸﾜｷﾇ
4490,ｵﾔﾏﾉｳｷﾖｳ,012,ｵﾔﾏ
4490,ｵﾔﾏﾉｳｷﾖｳ,014,ｼﾓﾂｹ
4490,ｵﾔﾏﾉｳｷﾖｳ,015,ﾉｷﾞ
4490,ｵﾔﾏﾉｳｷﾖｳ,100,ﾎﾝﾃﾝ
4497,ｼｵﾉﾔﾉｳｷﾖｳ,001,ﾔｲﾀ
4497,ｼｵﾉﾔﾉｳｷﾖｳ,004,ｶﾀｵｶ
4497,ｼｵﾉﾔﾉｳｷﾖｳ,005,ｼｵﾔ
4497,ｼｵﾉﾔﾉｳｷﾖｳ,008,ｳｼﾞｲｴ
4497,ｼｵﾉﾔﾉｳｷﾖｳ,012,ﾀｶﾈｻﾞﾜ
4497,ｼｵﾉﾔﾉｳｷﾖｳ,014,ｱｸﾂ
4497,ｼｵﾉﾔﾉｳｷﾖｳ,016,ｷﾂﾚｶﾞﾜ
4497,ｼｵﾉﾔﾉｳｷﾖｳ,100,ﾎﾝﾃﾝ
4507,ﾅｽﾉﾉｳｷﾖｳ,004,ｵｵﾀﾜﾗﾐﾅﾐ
4507,ﾅｽﾉﾉｳｷﾖｳ,005,ｵｵﾀﾜﾗｷﾀ
4507,ﾅｽﾉﾉｳｷﾖｳ,007,ﾆｼﾅｽﾉ
4507,ﾅｽﾉﾉｳｷﾖｳ,009,ｼｵﾊﾞﾗ
4507,ﾅｽﾉﾉｳｷﾖｳ,012,ｸﾛﾊﾞﾈ
4507,ﾅｽﾉﾉｳｷﾖｳ,017,ﾕﾂﾞｶﾐ
4507,ﾅｽﾉﾉｳｷﾖｳ,020,ﾅｽ
4507,ﾅｽﾉﾉｳｷﾖｳ,024,ｸﾛｲｿ
4507,ﾅｽﾉﾉｳｷﾖｳ,100,ﾎﾝﾃﾝ
4518,ﾅｽﾐﾅﾐﾉｳｷﾖｳ,110,ﾎﾝﾃﾝ
4518,ﾅｽﾐﾅﾐﾉｳｷﾖｳ,112,ﾐﾅﾐﾅｽ
4518,ﾅｽﾐﾅﾐﾉｳｷﾖｳ,115,ｶﾗｽﾔﾏ
4518,ﾅｽﾐﾅﾐﾉｳｷﾖｳ,121,ﾊﾞﾄｳ
4518,ﾅｽﾐﾅﾐﾉｳｷﾖｳ,126,ｵｶﾞﾜ
4523,ｻﾉﾉｳｷﾖｳ,002,ｻﾉﾐﾅﾐ
4523,ｻﾉﾉｳｷﾖｳ,004,ｲﾇﾌﾞｼ
4523,ｻﾉﾉｳｷﾖｳ,005,ｻﾉﾁﾕｳｵｳ
4523,ｻﾉﾉｳｷﾖｳ,006,ﾊﾀｶﾞﾜ
4523,ｻﾉﾉｳｷﾖｳ,007,ｱｶﾐ
4523,ｻﾉﾉｳｷﾖｳ,011,ﾀﾇﾏ
4523,ｻﾉﾉｳｷﾖｳ,016,ｸｽﾞｳ
4523,ｻﾉﾉｳｷﾖｳ,100,ﾎﾝﾃﾝ
4533,ｱｼｶｶﾞｼﾉｳｷﾖｳ,001,ｱｼｶｶﾞ
4533,ｱｼｶｶﾞｼﾉｳｷﾖｳ,002,ﾋｶﾞｼ
4533,ｱｼｶｶﾞｼﾉｳｷﾖｳ,003,ｷﾀ
4533,ｱｼｶｶﾞｼﾉｳｷﾖｳ,008,ﾔﾏﾍﾞ
4533,ｱｼｶｶﾞｼﾉｳｷﾖｳ,009,ﾐﾅﾐ
4533,ｱｼｶｶﾞｼﾉｳｷﾖｳ,012,ﾆｼ
4533,ｱｼｶｶﾞｼﾉｳｷﾖｳ,013,ｻｶﾆｼ
4533,ｱｼｶｶﾞｼﾉｳｷﾖｳ,100,ﾎﾝﾃﾝ
4540,ｱｶｷﾞﾀﾁﾊﾞﾅﾉｳｷﾖｳ,001,ﾎﾝｼﾖ
4540,ｱｶｷﾞﾀﾁﾊﾞﾅﾉｳｷﾖｳ,002,ﾎﾂｷﾂ
4540,ｱｶｷﾞﾀﾁﾊﾞﾅﾉｳｷﾖｳ,005,ｱｶｷﾞ
4544,ﾏｴﾊﾞｼｼﾉｳｷﾖｳ,001,ﾎﾝｼﾖ
4544,ﾏｴﾊﾞｼｼﾉｳｷﾖｳ,004,ﾁﾕｳｵｳ
4544,ﾏｴﾊﾞｼｼﾉｳｷﾖｳ,005,ﾏｴﾊﾞｼ
4544,ﾏｴﾊﾞｼｼﾉｳｷﾖｳ,007,ﾅﾝﾌﾞ
4544,ﾏｴﾊﾞｼｼﾉｳｷﾖｳ,010,ﾅﾝｷﾂ
4544,ﾏｴﾊﾞｼｼﾉｳｷﾖｳ,012,ｶｲｶﾞﾔ
4544,ﾏｴﾊﾞｼｼﾉｳｷﾖｳ,014,ｾｲﾌﾞ
4544,ﾏｴﾊﾞｼｼﾉｳｷﾖｳ,017,ﾎｸﾌﾞ
4544,ﾏｴﾊﾞｼｼﾉｳｷﾖｳ,021,ｵｵｺﾞ
4544,ﾏｴﾊﾞｼｼﾉｳｷﾖｳ,022,ﾐﾔｷﾞ
4544,ﾏｴﾊﾞｼｼﾉｳｷﾖｳ,023,ｶｽｶﾜ
4544,ﾏｴﾊﾞｼｼﾉｳｷﾖｳ,025,ｼﾞｴｲｴｲﾋﾞﾙ
4563,ﾀｶｻｷｼﾉｳｷﾖｳ,001,ﾎﾝﾃﾝ
4563,ﾀｶｻｷｼﾉｳｷﾖｳ,002,ｶﾀｵｶ
4563,ﾀｶｻｷｼﾉｳｷﾖｳ,003,ﾀｶｻｷﾐﾅﾐ
4563,ﾀｶｻｷｼﾉｳｷﾖｳ,004,ﾀｶｻｷｷﾀ
4563,ﾀｶｻｷｼﾉｳｷﾖｳ,005,ﾀｶｻｷﾁﾕｳｵｳ
4563,ﾀｶｻｷｼﾉｳｷﾖｳ,006,ｾｲﾌﾞ
4563,ﾀｶｻｷｼﾉｳｷﾖｳ,008,ｵｵﾙｲ
4563,ﾀｶｻｷｼﾉｳｷﾖｳ,013,ﾀｶｻｷﾋｶﾞｼ
4563,ﾀｶｻｷｼﾉｳｷﾖｳ,017,ﾅｶｶﾞﾜ
4567,ﾊｸﾞｸﾐﾉｳｷﾖｳ,001,ﾎﾝﾃﾝ
4567,ﾊｸﾞｸﾐﾉｳｷﾖｳ,002,ﾊﾙﾅ
4567,ﾊｸﾞｸﾐﾉｳｷﾖｳ,006,ｸﾗﾌﾞﾁ
4567,ﾊｸﾞｸﾐﾉｳｷﾖｳ,011,ｸﾞﾝﾏ
4593,ｷﾀｸﾞﾝｼﾌﾞｶﾜﾉｳｷﾖｳ,001,ﾎﾝﾃﾝ
4593,ｷﾀｸﾞﾝｼﾌﾞｶﾜﾉｳｷﾖｳ,002,ｷﾀ
4593,ｷﾀｸﾞﾝｼﾌﾞｶﾜﾉｳｷﾖｳ,007,ｼﾝﾄｳ
4593,ｷﾀｸﾞﾝｼﾌﾞｶﾜﾉｳｷﾖｳ,010,ﾐﾅﾐ
4593,ｷﾀｸﾞﾝｼﾌﾞｶﾜﾉｳｷﾖｳ,014,ﾁﾕｳｵｳ
4594,ﾀﾉﾌｼﾞｵｶﾉｳｷﾖｳ,001,ﾎﾝﾃﾝ
4594,ﾀﾉﾌｼﾞｵｶﾉｳｷﾖｳ,003,ｶﾝﾅ
4594,ﾀﾉﾌｼﾞｵｶﾉｳｷﾖｳ,006,ﾌｼﾞｵｶﾐﾅﾐ
4594,ﾀﾉﾌｼﾞｵｶﾉｳｷﾖｳ,013,ﾌｼﾞｵｶﾁﾕｳｵｳ
4594,ﾀﾉﾌｼﾞｵｶﾉｳｷﾖｳ,014,ﾖｼｲ
4594,ﾀﾉﾌｼﾞｵｶﾉｳｷﾖｳ,019,ﾏﾝﾊﾞ
4608,ｶﾝﾗﾄﾐｵｶﾉｳｷﾖｳ,001,ﾄﾐｵｶﾁﾕｳｵｳ
4608,ｶﾝﾗﾄﾐｵｶﾉｳｷﾖｳ,003,ﾄﾐｵｶﾆｼ
4608,ｶﾝﾗﾄﾐｵｶﾉｳｷﾖｳ,007,ﾄﾐｵｶﾐﾅﾐ
4608,ｶﾝﾗﾄﾐｵｶﾉｳｷﾖｳ,010,ﾎﾝｼﾖ
4608,ｶﾝﾗﾄﾐｵｶﾉｳｷﾖｳ,012,ﾐﾖｳｷﾞ
4608,ｶﾝﾗﾄﾐｵｶﾉｳｷﾖｳ,017,ｼﾓﾆﾀ
4608,ｶﾝﾗﾄﾐｵｶﾉｳｷﾖｳ,022,ｶﾝﾗ
4613,ｳｽｲｱﾝﾅｶﾉｳｷﾖｳ,001,ﾎﾝｼﾖ
4613,ｳｽｲｱﾝﾅｶﾉｳｷﾖｳ,003,ﾄｳﾌﾞ
4613,ｳｽｲｱﾝﾅｶﾉｳｷﾖｳ,009,ｾｲﾌﾞ
4626,ｱｶﾞﾂﾏﾉｳｷﾖｳ,001,ﾎﾝﾃﾝ
4626,ｱｶﾞﾂﾏﾉｳｷﾖｳ,003,ﾋｶﾞｼｱｶﾞﾂﾏ
4626,ｱｶﾞﾂﾏﾉｳｷﾖｳ,007,ﾅｶﾉｼﾞﾖｳ
4626,ｱｶﾞﾂﾏﾉｳｷﾖｳ,010,ﾀｶﾔﾏ
4626,ｱｶﾞﾂﾏﾉｳｷﾖｳ,012,ﾅｶﾞﾉﾊﾗ
4628,ﾂﾏｺﾞｲﾑﾗﾉｳｷﾖｳ,001,ﾎﾝｼﾖ
4628,ﾂﾏｺﾞｲﾑﾗﾉｳｷﾖｳ,002,ﾀｼﾛ
4628,ﾂﾏｺﾞｲﾑﾗﾉｳｷﾖｳ,005,ﾐﾊﾗ
4632,ﾄﾈﾇﾏﾀﾉｳｷﾖｳ,001,ﾎﾝﾃﾝ
4632,ﾄﾈﾇﾏﾀﾉｳｷﾖｳ,002,ﾇﾏﾀ
4632,ﾄﾈﾇﾏﾀﾉｳｷﾖｳ,008,ﾄﾈｱｽﾞﾏ
4632,ﾄﾈﾇﾏﾀﾉｳｷﾖｳ,010,ﾄｳﾌﾞ
4632,ﾄﾈﾇﾏﾀﾉｳｷﾖｳ,013,ﾐﾅｶﾐ
4632,ﾄﾈﾇﾏﾀﾉｳｷﾖｳ,014,ﾆｲﾊﾙ
4632,ﾄﾈﾇﾏﾀﾉｳｷﾖｳ,016,ﾅﾝﾌﾞ
4632,ﾄﾈﾇﾏﾀﾉｳｷﾖｳ,017,ｶﾀｼﾅ
4652,ｻﾜｲｾｻｷﾉｳｷﾖｳ,001,ﾎﾝﾃﾝ
4652,ｻﾜｲｾｻｷﾉｳｷﾖｳ,002,ｷﾀ
4652,ｻﾜｲｾｻｷﾉｳｷﾖｳ,005,ﾁﾕｳｵｳ
4652,ｻﾜｲｾｻｷﾉｳｷﾖｳ,006,ﾐﾅﾐ
4652,ｻﾜｲｾｻｷﾉｳｷﾖｳ,009,ﾐﾔｺﾞｳ
4652,ｻﾜｲｾｻｷﾉｳｷﾖｳ,010,ｱｽﾞﾏ
4652,ｻﾜｲｾｻｷﾉｳｷﾖｳ,013,ｻｶｲ
4652,ｻﾜｲｾｻｷﾉｳｷﾖｳ,016,ﾀﾏﾑﾗ
4652,ｻﾜｲｾｻｷﾉｳｷﾖｳ,018,ｱｶﾎﾞﾘ
4664,ﾆﾂﾀﾐﾄﾞﾘﾉｳｷﾖｳ,001,ﾎﾝﾃﾝ
4664,ﾆﾂﾀﾐﾄﾞﾘﾉｳｷﾖｳ,002,ｶｻｶｹ
4664,ﾆﾂﾀﾐﾄﾞﾘﾉｳｷﾖｳ,003,ﾆｲｻﾄ
4664,ﾆﾂﾀﾐﾄﾞﾘﾉｳｷﾖｳ,006,ｷﾘﾕｳ
4664,ﾆﾂﾀﾐﾄﾞﾘﾉｳｷﾖｳ,007,ｵｵﾏﾏ
4664,ﾆﾂﾀﾐﾄﾞﾘﾉｳｷﾖｳ,008,ｸﾛﾎﾈｱｽﾞﾏ
4664,ﾆﾂﾀﾐﾄﾞﾘﾉｳｷﾖｳ,012,ｲｸｼﾅ
4664,ﾆﾂﾀﾐﾄﾞﾘﾉｳｷﾖｳ,013,ﾜﾀｳﾁ
4664,ﾆﾂﾀﾐﾄﾞﾘﾉｳｷﾖｳ,014,ﾐﾅﾐ
4665,ｵｵﾀｼﾉｳｷﾖｳ,001,ﾎﾝｼﾖ
4665,ｵｵﾀｼﾉｳｷﾖｳ,002,ｸｱｲ
4665,ｵｵﾀｼﾉｳｷﾖｳ,003,ﾆﾗｶﾞﾜ
4665,ｵｵﾀｼﾉｳｷﾖｳ,004,ｻﾜﾉ
4665,ｵｵﾀｼﾉｳｷﾖｳ,005,ﾄﾘﾉｺﾞｳ
4665,ｵｵﾀｼﾉｳｷﾖｳ,008,ｺﾞｳﾄﾞ
4665,ｵｵﾀｼﾉｳｷﾖｳ,009,ﾎｳｾﾝ
4665,ｵｵﾀｼﾉｳｷﾖｳ,010,ﾓﾘﾀ
4665,ｵｵﾀｼﾉｳｷﾖｳ,011,ｷﾕｳﾊｸ
4665,ｵｵﾀｼﾉｳｷﾖｳ,012,ﾔﾌﾞﾂﾞｶﾎﾝﾏﾁ
4677,ｵｳﾗﾀﾃﾊﾞﾔｼﾉｳｷﾖｳ,001,ﾎﾝｼﾖ
4677,ｵｳﾗﾀﾃﾊﾞﾔｼﾉｳｷﾖｳ,002,ｵｵﾃﾏﾁ
4677,ｵｳﾗﾀﾃﾊﾞﾔｼﾉｳｷﾖｳ,005,ｱｶﾊﾞﾈ
4677,ｵｳﾗﾀﾃﾊﾞﾔｼﾉｳｷﾖｳ,006,ﾛｸｺﾞｳ
4677,ｵｳﾗﾀﾃﾊﾞﾔｼﾉｳｷﾖｳ,007,ﾐﾉﾔ
4677,ｵｳﾗﾀﾃﾊﾞﾔｼﾉｳｷﾖｳ,008,ﾀﾃﾊﾞﾔｼｷﾀ
4677,ｵｳﾗﾀﾃﾊﾞﾔｼﾉｳｷﾖｳ,009,ﾀﾀﾗ
4677,ｵｳﾗﾀﾃﾊﾞﾔｼﾉｳｷﾖｳ,013,ﾌﾞﾝﾌﾞｸﾁﾖｳ
4677,ｵｳﾗﾀﾃﾊﾞﾔｼﾉｳｷﾖｳ,016,ﾒｲﾜ
4677,ｵｳﾗﾀﾃﾊﾞﾔｼﾉｳｷﾖｳ,018,ｲﾀｸﾗｷﾀ
4677,ｵｳﾗﾀﾃﾊﾞﾔｼﾉｳｷﾖｳ,019,ｲﾀｸﾗﾋｶﾞｼ
4677,ｵｳﾗﾀﾃﾊﾞﾔｼﾉｳｷﾖｳ,020,ｲﾀｸﾗﾐﾅﾐ
4677,ｵｳﾗﾀﾃﾊﾞﾔｼﾉｳｷﾖｳ,021,ｲﾀｸﾗﾆｼ
4677,ｵｳﾗﾀﾃﾊﾞﾔｼﾉｳｷﾖｳ,023,ﾁﾖﾀﾞ
4677,ｵｳﾗﾀﾃﾊﾞﾔｼﾉｳｷﾖｳ,024,ｵｵｲｽﾞﾐ
4677,ｵｳﾗﾀﾃﾊﾞﾔｼﾉｳｷﾖｳ,026,ｵｳﾗ
4682,ｻｲﾀﾏﾉｳｷﾖｳ,001,ﾎﾝﾃﾝ
4682,ｻｲﾀﾏﾉｳｷﾖｳ,002,ﾐﾑﾛ
4682,ｻｲﾀﾏﾉｳｷﾖｳ,003,ﾔﾀﾞ
4682,ｻｲﾀﾏﾉｳｷﾖｳ,004,ﾑﾂｼﾞ
4682,ｻｲﾀﾏﾉｳｷﾖｳ,005,ｷｻﾞｷ
4682,ｻｲﾀﾏﾉｳｷﾖｳ,006,ｵｵｸﾎﾞ
4682,ｻｲﾀﾏﾉｳｷﾖｳ,007,ﾂﾁｱｲ
4682,ｻｲﾀﾏﾉｳｷﾖｳ,008,ﾆｼｳﾗﾜ
4682,ｻｲﾀﾏﾉｳｷﾖｳ,009,ｵﾏｷﾞ
4682,ｻｲﾀﾏﾉｳｷﾖｳ,011,ﾐｿﾉ
4682,ｻｲﾀﾏﾉｳｷﾖｳ,014,ﾐﾊｼ
4682,ｻｲﾀﾏﾉｳｷﾖｳ,015,ﾆﾂｼﾝ
4682,ｻｲﾀﾏﾉｳｷﾖｳ,017,ｵｵｻﾄ
4682,ｻｲﾀﾏﾉｳｷﾖｳ,019,ﾐﾔﾊﾗ
4682,ｻｲﾀﾏﾉｳｷﾖｳ,020,ｻｼｵｳｷﾞ
4682,ｻｲﾀﾏﾉｳｷﾖｳ,021,ｻｲﾀﾏﾆｼ
4682,ｻｲﾀﾏﾉｳｷﾖｳ,023,ｵｵﾐﾔﾋｶﾞｼ
4682,ｻｲﾀﾏﾉｳｷﾖｳ,024,ﾅﾅｻﾄ
4682,ｻｲﾀﾏﾉｳｷﾖｳ,025,ﾊﾙｵｶ
4682,ｻｲﾀﾏﾉｳｷﾖｳ,026,ﾖﾉ
4682,ｻｲﾀﾏﾉｳｷﾖｳ,027,ﾄﾀﾞ
4682,ｻｲﾀﾏﾉｳｷﾖｳ,028,ﾄﾀﾞｺｳｴﾝ
4682,ｻｲﾀﾏﾉｳｷﾖｳ,030,ﾜﾗﾋﾞ
4682,ｻｲﾀﾏﾉｳｷﾖｳ,032,ｱｵｷ
4682,ｻｲﾀﾏﾉｳｷﾖｳ,033,ｼﾊﾞ
4682,ｻｲﾀﾏﾉｳｷﾖｳ,034,ﾊﾄｶﾞﾔ
4682,ｻｲﾀﾏﾉｳｷﾖｳ,037,ｶﾐﾈ
4682,ｻｲﾀﾏﾉｳｷﾖｳ,038,ｼﾝｺﾞｳ
4682,ｻｲﾀﾏﾉｳｷﾖｳ,039,ｱﾝｷﾞﾖｳ
4682,ｻｲﾀﾏﾉｳｷﾖｳ,041,ﾄﾂﾞｶ
4682,ｻｲﾀﾏﾉｳｷﾖｳ,043,ｿｳｶ
4682,ｻｲﾀﾏﾉｳｷﾖｳ,044,ｼﾝﾃﾞﾝ
4682,ｻｲﾀﾏﾉｳｷﾖｳ,045,ﾔﾂｶ
4682,ｻｲﾀﾏﾉｳｷﾖｳ,046,ｺｳﾉｽ
4682,ｻｲﾀﾏﾉｳｷﾖｳ,047,ﾐﾀﾞ
4682,ｻｲﾀﾏﾉｳｷﾖｳ,048,ｼﾞﾖｳｺｳ
4682,ｻｲﾀﾏﾉｳｷﾖｳ,049,ﾌｷｱｹﾞ
4682,ｻｲﾀﾏﾉｳｷﾖｳ,050,ｱｹﾞｵ
4682,ｻｲﾀﾏﾉｳｷﾖｳ,051,ｶﾐﾋﾗ
4682,ｻｲﾀﾏﾉｳｷﾖｳ,052,ﾊﾗｲﾁ
4682,ｻｲﾀﾏﾉｳｷﾖｳ,054,ﾆｼｱｹﾞｵ
4682,ｻｲﾀﾏﾉｳｷﾖｳ,056,ｲﾅ
4682,ｻｲﾀﾏﾉｳｷﾖｳ,057,ｵｹｶﾞﾜ
4682,ｻｲﾀﾏﾉｳｷﾖｳ,060,ｷﾀﾓﾄ
4730,ｱｻｶﾉﾉｳｷﾖｳ,001,ﾎﾝﾃﾝ
4730,ｱｻｶﾉﾉｳｷﾖｳ,002,ﾉﾋﾞﾄﾒ
4730,ｱｻｶﾉﾉｳｷﾖｳ,004,ﾆｲｻﾞ
4730,ｱｻｶﾉﾉｳｷﾖｳ,007,ｱｻｶ
4730,ｱｻｶﾉﾉｳｷﾖｳ,009,ｼｷ
4730,ｱｻｶﾉﾉｳｷﾖｳ,011,ﾜｺｳ
4735,ｲﾙﾏﾉﾉｳｷﾖｳ,001,ﾎﾝﾃﾝ
4735,ｲﾙﾏﾉﾉｳｷﾖｳ,002,ﾊﾂｶﾘ
4735,ｲﾙﾏﾉﾉｳｷﾖｳ,004,ｶﾜｺﾞｴﾋｶﾞｼ
4735,ｲﾙﾏﾉﾉｳｷﾖｳ,005,ﾀｶｼﾅ
4735,ｲﾙﾏﾉﾉｳｷﾖｳ,006,ﾌｸﾊﾗ
4735,ｲﾙﾏﾉﾉｳｷﾖｳ,009,ﾀﾞｲﾄｳ
4735,ｲﾙﾏﾉﾉｳｷﾖｳ,010,ﾅｸﾞﾜｼ
4735,ｲﾙﾏﾉﾉｳｷﾖｳ,013,ｺｴﾄﾞ
4735,ｲﾙﾏﾉﾉｳｷﾖｳ,015,ｶｽﾐｶﾞｾｷ
4735,ｲﾙﾏﾉﾉｳｷﾖｳ,021,ﾌｼﾞﾐﾉ
4735,ｲﾙﾏﾉﾉｳｷﾖｳ,023,ﾐﾖｼ
4735,ｲﾙﾏﾉﾉｳｷﾖｳ,024,ﾄｳﾌﾞﾌｼﾞﾐ
4735,ｲﾙﾏﾉﾉｳｷﾖｳ,031,ﾔﾅｾ
4735,ｲﾙﾏﾉﾉｳｷﾖｳ,032,ﾏﾂｲ
4735,ｲﾙﾏﾉﾉｳｷﾖｳ,033,ﾄﾐｵｶ
4735,ｲﾙﾏﾉﾉｳｷﾖｳ,036,ﾄｺﾛｻﾞﾜﾆｼ
4735,ｲﾙﾏﾉﾉｳｷﾖｳ,037,ﾐｶｼﾞﾏ
4735,ｲﾙﾏﾉﾉｳｷﾖｳ,040,ﾋｶﾞｼｶﾈｺ
4735,ｲﾙﾏﾉﾉｳｷﾖｳ,041,ﾐﾔﾃﾞﾗ
4735,ｲﾙﾏﾉﾉｳｷﾖｳ,042,ｲﾙﾏﾐﾅﾐ
4735,ｲﾙﾏﾉﾉｳｷﾖｳ,048,ｶﾈｺ
4735,ｲﾙﾏﾉﾉｳｷﾖｳ,049,ｾｲﾌﾞ
4735,ｲﾙﾏﾉﾉｳｷﾖｳ,050,ｻﾔﾏ
4735,ｲﾙﾏﾉﾉｳｷﾖｳ,052,ｻﾔﾏﾆｼ
4735,ｲﾙﾏﾉﾉｳｷﾖｳ,054,ｲﾘｿ
4735,ｲﾙﾏﾉﾉｳｷﾖｳ,055,ﾎﾘｶﾈ
4735,ｲﾙﾏﾉﾉｳｷﾖｳ,063,ｻｶﾄﾞ
4735,ｲﾙﾏﾉﾉｳｷﾖｳ,067,ﾂﾙｶﾞｼﾏ
4735,ｲﾙﾏﾉﾉｳｷﾖｳ,068,ﾓﾛﾔﾏ
4735,ｲﾙﾏﾉﾉｳｷﾖｳ,071,ｵｺﾞｾ
4735,ｲﾙﾏﾉﾉｳｷﾖｳ,080,ﾊﾝﾉｳ
4735,ｲﾙﾏﾉﾉｳｷﾖｳ,082,ｱｶﾞﾉ
4735,ｲﾙﾏﾉﾉｳｷﾖｳ,086,ﾅｸﾞﾘﾊﾗｲﾁﾊﾞ
4735,ｲﾙﾏﾉﾉｳｷﾖｳ,088,ｶｼﾞ
4735,ｲﾙﾏﾉﾉｳｷﾖｳ,092,ﾋﾀﾞｶ
4735,ｲﾙﾏﾉﾉｳｷﾖｳ,093,ﾀｶﾊｷﾞ
4780,ｻｲﾀﾏﾁﾕｳｵｳﾉｳｷﾖｳ,001,ﾎﾝﾃﾝ
4780,ｻｲﾀﾏﾁﾕｳｵｳﾉｳｷﾖｳ,002,ﾋｶﾞｼﾏﾂﾔﾏｷﾀ
4780,ｻｲﾀﾏﾁﾕｳｵｳﾉｳｷﾖｳ,005,ﾋｶﾞｼﾏﾂﾔﾏﾐﾅﾐ
4780,ｻｲﾀﾏﾁﾕｳｵｳﾉｳｷﾖｳ,008,ﾅﾒｶﾞﾜ
4780,ｻｲﾀﾏﾁﾕｳｵｳﾉｳｷﾖｳ,010,ﾗﾝｻﾞﾝ
4780,ｻｲﾀﾏﾁﾕｳｵｳﾉｳｷﾖｳ,013,ｵｶﾞﾜ
4780,ｻｲﾀﾏﾁﾕｳｵｳﾉｳｷﾖｳ,018,ﾄｷｶﾞﾜ
4780,ｻｲﾀﾏﾁﾕｳｵｳﾉｳｷﾖｳ,021,ﾊﾄﾔﾏ
4780,ｻｲﾀﾏﾁﾕｳｵｳﾉｳｷﾖｳ,022,ｶﾜｼﾞﾏ
4780,ｻｲﾀﾏﾁﾕｳｵｳﾉｳｷﾖｳ,033,ｼﾝﾖｼﾐ
4780,ｻｲﾀﾏﾁﾕｳｵｳﾉｳｷﾖｳ,035,ﾋｶﾞｼﾁﾁﾌﾞ
4792,ﾁﾁﾌﾞﾉｳｷﾖｳ,001,ﾎﾝﾃﾝ
4792,ﾁﾁﾌﾞﾉｳｷﾖｳ,041,ｱﾗｶﾜ
4792,ﾁﾁﾌﾞﾉｳｷﾖｳ,051,ﾐﾅﾉ
4792,ﾁﾁﾌﾞﾉｳｷﾖｳ,081,ｵｶﾞﾉ
4802,ｻｲﾀﾏﾋﾋﾞｷﾉﾉｳｷﾖｳ,001,ﾎﾝﾃﾝ
4802,ｻｲﾀﾏﾋﾋﾞｷﾉﾉｳｷﾖｳ,013,ﾎﾝｼﾞﾖｳｷﾀ
4802,ｻｲﾀﾏﾋﾋﾞｷﾉﾉｳｷﾖｳ,016,ﾎﾝｼﾞﾖｳﾐﾅﾐ
4802,ｻｲﾀﾏﾋﾋﾞｷﾉﾉｳｷﾖｳ,022,ｶﾐｻﾄ
4802,ｻｲﾀﾏﾋﾋﾞｷﾉﾉｳｷﾖｳ,032,ﾐｻﾄ
4802,ｻｲﾀﾏﾋﾋﾞｷﾉﾉｳｷﾖｳ,041,ｺﾀﾞﾏ
4802,ｻｲﾀﾏﾋﾋﾞｷﾉﾉｳｷﾖｳ,051,ｶﾐｶﾜ
4808,ｸﾏｶﾞﾔﾉｳｷﾖｳ,001,ﾎﾝﾃﾝ
4808,ｸﾏｶﾞﾔﾉｳｷﾖｳ,003,ﾅﾘﾐﾔ
4808,ｸﾏｶﾞﾔﾉｳｷﾖｳ,006,ｻｸﾗ
4808,ｸﾏｶﾞﾔﾉｳｷﾖｳ,007,ｻﾝﾉｳﾐｼﾘ
4808,ｸﾏｶﾞﾔﾉｳｷﾖｳ,013,ﾅﾗﾁﾕｳｼﾞﾖｳ
4808,ｸﾏｶﾞﾔﾉｳｷﾖｳ,014,ﾍﾞﾂﾌﾟﾀﾏｲ
4808,ｸﾏｶﾞﾔﾉｳｷﾖｳ,016,ﾒﾇﾏﾆｼ
4808,ｸﾏｶﾞﾔﾉｳｷﾖｳ,019,ﾒﾇﾏﾋｶﾞｼ
4808,ｸﾏｶﾞﾔﾉｳｷﾖｳ,021,ｺｳﾅﾝ
4808,ｸﾏｶﾞﾔﾉｳｷﾖｳ,023,ｵｵｻﾄ
4820,ｻｲﾀﾏｵｶﾍﾞﾉｳｷﾖｳ,001,ﾎﾝｼﾖ
4823,ﾊﾅｿﾞﾉﾉｳｷﾖｳ,001,ﾎﾝｼﾖ
4828,ﾎｸｻｲﾉｳｷﾖｳ,001,ﾎﾝﾃﾝ
4828,ﾎｸｻｲﾉｳｷﾖｳ,010,ｷﾞﾖｳﾀﾞﾁﾕｳﾌﾞ
4828,ﾎｸｻｲﾉｳｷﾖｳ,015,ｷﾞﾖｳﾀﾞﾁﾕｳｵｳ
4828,ﾎｸｻｲﾉｳｷﾖｳ,017,ｶﾜｻﾄﾁﾕｳｵｳ
4828,ﾎｸｻｲﾉｳｷﾖｳ,021,ﾊﾆﾕｳﾁﾕｳｵｳ
4828,ﾎｸｻｲﾉｳｷﾖｳ,031,ｶｿﾞﾁﾕｳｵｳ
4828,ﾎｸｻｲﾉｳｷﾖｳ,041,ｷｻｲﾁﾕｳｵｳ
4828,ﾎｸｻｲﾉｳｷﾖｳ,047,ｷﾀｶﾜﾍﾞ
4828,ﾎｸｻｲﾉｳｷﾖｳ,048,ｵｵﾄﾈﾁﾕｳｵｳ
4847,ｺｼｶﾞﾔｼﾉｳｷﾖｳ,001,ﾎﾝﾃﾝ
4847,ｺｼｶﾞﾔｼﾉｳｷﾖｳ,002,ﾆｼ
4847,ｺｼｶﾞﾔｼﾉｳｷﾖｳ,004,ﾁﾕｳｵｳ
4847,ｺｼｶﾞﾔｼﾉｳｷﾖｳ,005,ﾐﾅﾐ
4847,ｺｼｶﾞﾔｼﾉｳｷﾖｳ,007,ﾋｶﾞｼ
4847,ｺｼｶﾞﾔｼﾉｳｷﾖｳ,009,ｷﾀ
4848,ﾅﾝｻｲﾉｳｷﾖｳ,001,ﾎﾝﾃﾝ
4848,ﾅﾝｻｲﾉｳｷﾖｳ,006,ｲﾜﾂｷｼﾞﾖｳﾎｸ
4848,ﾅﾝｻｲﾉｳｷﾖｳ,009,ｲﾜﾂｷｼﾞﾖｳﾅﾝ
4848,ﾅﾝｻｲﾉｳｷﾖｳ,011,ｶｽｶﾍﾞ
4848,ﾅﾝｻｲﾉｳｷﾖｳ,022,ﾊｽﾀﾞ
4848,ﾅﾝｻｲﾉｳｷﾖｳ,030,ﾐﾔｼﾛ
4848,ﾅﾝｻｲﾉｳｷﾖｳ,040,ｼﾗｵｶｵｵﾔﾏ
4848,ﾅﾝｻｲﾉｳｷﾖｳ,050,ｸｷｴﾂﾞﾗ
4848,ﾅﾝｻｲﾉｳｷﾖｳ,064,ｼﾖｳﾌﾞﾐﾅﾐ
4859,ｻｲﾀﾏﾐｽﾞﾎﾉｳｷﾖｳ,001,ﾎﾝﾃﾝ
4859,ｻｲﾀﾏﾐｽﾞﾎﾉｳｷﾖｳ,004,ｽｷﾞﾄﾋｶﾞｼ
4859,ｻｲﾀﾏﾐｽﾞﾎﾉｳｷﾖｳ,007,ｽｷﾞﾄﾁﾕｳｵｳ
4859,ｻｲﾀﾏﾐｽﾞﾎﾉｳｷﾖｳ,008,ｸﾘﾊｼ
4859,ｻｲﾀﾏﾐｽﾞﾎﾉｳｷﾖｳ,011,ｻｸﾗﾀﾞ
4859,ｻｲﾀﾏﾐｽﾞﾎﾉｳｷﾖｳ,013,ｻﾂﾃ
4859,ｻｲﾀﾏﾐｽﾞﾎﾉｳｷﾖｳ,018,ｻﾂﾃﾋｶﾞｼ
4859,ｻｲﾀﾏﾐｽﾞﾎﾉｳｷﾖｳ,019,ｼﾖｳﾜﾋｶﾞｼ
4859,ｻｲﾀﾏﾐｽﾞﾎﾉｳｷﾖｳ,021,ｼﾖｳﾜﾁﾕｳｵｳ
4864,ｻｲｶﾂﾉｳｷﾖｳ,001,ﾎﾝﾃﾝ
4864,ｻｲｶﾂﾉｳｷﾖｳ,003,ﾋｺﾅﾘ
4864,ｻｲｶﾂﾉｳｷﾖｳ,004,ﾐｻﾄ
4864,ｻｲｶﾂﾉｳｷﾖｳ,006,ﾄｳﾜ
4864,ｻｲｶﾂﾉｳｷﾖｳ,008,ﾔｼｵﾊﾁｼﾞﾖｳ
4864,ｻｲｶﾂﾉｳｷﾖｳ,009,ｼｵﾄﾞﾒ
4864,ｻｲｶﾂﾉｳｷﾖｳ,011,ﾏﾂﾌﾞｼ
4864,ｻｲｶﾂﾉｳｷﾖｳ,013,ﾖｼｶﾜ
4864,ｻｲｶﾂﾉｳｷﾖｳ,015,ﾐﾜﾉｴ
4874,ﾌｶﾔﾉｳｷﾖｳ,001,ﾎﾝﾃﾝ
4874,ﾌｶﾔﾉｳｷﾖｳ,003,ﾌｶﾔｷﾀ
4874,ﾌｶﾔﾉｳｷﾖｳ,005,ﾌｶﾔﾐﾅﾐ
4874,ﾌｶﾔﾉｳｷﾖｳ,014,ﾖﾘｲﾁﾕｳｵｳ
4876,ｱﾜﾉｳｷﾖｳ,001,ﾎﾝﾃﾝ
4876,ｱﾜﾉｳｷﾖｳ,002,ﾎｳｼﾞﾖｳ
4876,ｱﾜﾉｳｷﾖｳ,005,ｶﾝﾍﾞ
4876,ｱﾜﾉｳｷﾖｳ,011,ﾄﾐﾔﾏ
4876,ｱﾜﾉｳｷﾖｳ,013,ﾐﾖｼ
4876,ｱﾜﾉｳｷﾖｳ,016,ﾄﾐｳﾗ
4876,ｱﾜﾉｳｷﾖｳ,023,ﾏﾙﾔﾏ
4876,ｱﾜﾉｳｷﾖｳ,027,ﾁｸﾗ
4876,ｱﾜﾉｳｷﾖｳ,031,ﾜﾀﾞ
4876,ｱﾜﾉｳｷﾖｳ,034,ﾅｶﾞｻ
4876,ｱﾜﾉｳｷﾖｳ,035,ｶﾓｶﾞﾜ
4893,ｲｽﾐﾉｳｷﾖｳ,001,ﾎﾝｼﾖ
4893,ｲｽﾐﾉｳｷﾖｳ,003,ｶﾂｳﾗ
4893,ｲｽﾐﾉｳｷﾖｳ,006,ｵｵﾀｷ
4893,ｲｽﾐﾉｳｷﾖｳ,012,ｵｵﾊﾗ
4893,ｲｽﾐﾉｳｷﾖｳ,017,ｵﾝｼﾞﾕｸ
4893,ｲｽﾐﾉｳｷﾖｳ,020,ｲｽﾐ
4893,ｲｽﾐﾉｳｷﾖｳ,022,ﾐｻｷ
4902,ｷｻﾗﾂﾞｼﾉｳｷﾖｳ,001,ﾎﾝﾃﾝ
4902,ｷｻﾗﾂﾞｼﾉｳｷﾖｳ,003,ﾁﾕｳｵｳ
4902,ｷｻﾗﾂﾞｼﾉｳｷﾖｳ,004,ｷﾖｶﾜ
4902,ｷｻﾗﾂﾞｼﾉｳｷﾖｳ,005,ﾏﾌﾈ
4902,ｷｻﾗﾂﾞｼﾉｳｷﾖｳ,012,ﾌｸﾀ
4909,ｷﾐﾂｼﾉｳｷﾖｳ,001,ﾎﾝﾃﾝ
4909,ｷﾐﾂｼﾉｳｷﾖｳ,003,ｽﾅﾐ
4909,ｷﾐﾂｼﾉｳｷﾖｳ,008,ｽｻｲ
4909,ｷﾐﾂｼﾉｳｷﾖｳ,009,ｶｽﾞｻｵﾋﾞﾂ
4909,ｷﾐﾂｼﾉｳｷﾖｳ,014,ｺｲﾄ
4909,ｷﾐﾂｼﾉｳｷﾖｳ,020,ﾋﾗｶﾜ
4909,ｷﾐﾂｼﾉｳｷﾖｳ,021,ｿﾃﾞｶﾞｳﾗ
4909,ｷﾐﾂｼﾉｳｷﾖｳ,026,ｵｵｻﾜ
4909,ｷﾐﾂｼﾉｳｷﾖｳ,027,ﾌﾂﾂ
4909,ｷﾐﾂｼﾉｳｷﾖｳ,029,ｱﾏﾊ
4916,ﾁﾖｳｾｲﾉｳｷﾖｳ,001,ﾎﾝｼﾖ
4916,ﾁﾖｳｾｲﾉｳｷﾖｳ,002,ｲﾁﾉﾐﾔ
4916,ﾁﾖｳｾｲﾉｳｷﾖｳ,004,ﾑﾂｻﾜ
4916,ﾁﾖｳｾｲﾉｳｷﾖｳ,006,ﾀｶﾈ
4916,ﾁﾖｳｾｲﾉｳｷﾖｳ,009,ｼﾗｺ
4916,ﾁﾖｳｾｲﾉｳｷﾖｳ,012,ﾋﾖｼ
4916,ﾁﾖｳｾｲﾉｳｷﾖｳ,015,ﾁﾖｳﾅﾝ
4916,ﾁﾖｳｾｲﾉｳｷﾖｳ,019,ﾎﾝﾉｳ
4916,ﾁﾖｳｾｲﾉｳｷﾖｳ,024,ﾄｳｺﾞｳ
4916,ﾁﾖｳｾｲﾉｳｷﾖｳ,025,ﾓﾊﾞﾗ
4929,ｻﾝﾌﾞｸﾞﾝｼﾉｳｷﾖｳ,001,ﾎﾝｼﾖ
4929,ｻﾝﾌﾞｸﾞﾝｼﾉｳｷﾖｳ,002,ﾄﾖﾅﾘ
4929,ｻﾝﾌﾞｸﾞﾝｼﾉｳｷﾖｳ,005,ｸｼﾞﾕｳｸﾘ
4929,ｻﾝﾌﾞｸﾞﾝｼﾉｳｷﾖｳ,007,ﾅﾙﾄｳ
4929,ｻﾝﾌﾞｸﾞﾝｼﾉｳｷﾖｳ,010,ﾁﾕｳｵｳ
4929,ｻﾝﾌﾞｸﾞﾝｼﾉｳｷﾖｳ,012,ｻﾝﾌﾞ
4929,ｻﾝﾌﾞｸﾞﾝｼﾉｳｷﾖｳ,013,ﾔｻｲﾉｻﾄ
4929,ｻﾝﾌﾞｸﾞﾝｼﾉｳｷﾖｳ,014,ﾏﾂｵ
4929,ｻﾝﾌﾞｸﾞﾝｼﾉｳｷﾖｳ,017,ﾖｺｼﾊﾞ
4929,ｻﾝﾌﾞｸﾞﾝｼﾉｳｷﾖｳ,020,ｼﾊﾞﾔﾏ
4929,ｻﾝﾌﾞｸﾞﾝｼﾉｳｷﾖｳ,022,ﾄｳｶﾞﾈ
4929,ｻﾝﾌﾞｸﾞﾝｼﾉｳｷﾖｳ,026,ｵｵｱﾐ
4929,ｻﾝﾌﾞｸﾞﾝｼﾉｳｷﾖｳ,030,ｼﾗｻﾄ
4949,ｲﾁﾊﾗｼﾉｳｷﾖｳ,001,ﾎﾝﾃﾝ
4949,ｲﾁﾊﾗｼﾉｳｷﾖｳ,004,ｻﾝﾜ
4949,ｲﾁﾊﾗｼﾉｳｷﾖｳ,006,ﾔﾜﾀ
4949,ｲﾁﾊﾗｼﾉｳｷﾖｳ,009,ｺﾞｲ
4949,ｲﾁﾊﾗｼﾉｳｷﾖｳ,012,ｼﾂﾞ
4949,ｲﾁﾊﾗｼﾉｳｷﾖｳ,014,ﾅﾝｿｳ
4949,ｲﾁﾊﾗｼﾉｳｷﾖｳ,021,ﾂｷｻﾞｷ
4949,ｲﾁﾊﾗｼﾉｳｷﾖｳ,024,ｱﾈｻｷ
4954,ﾁﾊﾞﾐﾗｲﾉｳｷﾖｳ,001,ﾎﾝﾃﾝ
4954,ﾁﾊﾞﾐﾗｲﾉｳｷﾖｳ,002,ｺﾃﾊｼ
4954,ﾁﾊﾞﾐﾗｲﾉｳｷﾖｳ,003,ﾏｸﾊﾘ
4954,ﾁﾊﾞﾐﾗｲﾉｳｷﾖｳ,005,ﾐﾄﾞﾘﾉ
4954,ﾁﾊﾞﾐﾗｲﾉｳｷﾖｳ,006,ﾎﾝﾀﾞ
4954,ﾁﾊﾞﾐﾗｲﾉｳｷﾖｳ,007,ｻﾗｼﾅ
4954,ﾁﾊﾞﾐﾗｲﾉｳｷﾖｳ,008,ｼﾗｲ
4954,ﾁﾊﾞﾐﾗｲﾉｳｷﾖｳ,009,ﾁﾕｳｵｳ
4954,ﾁﾊﾞﾐﾗｲﾉｳｷﾖｳ,010,ﾁｼﾛ
4954,ﾁﾊﾞﾐﾗｲﾉｳｷﾖｳ,012,ﾄｹ
4954,ﾁﾊﾞﾐﾗｲﾉｳｷﾖｳ,013,ﾅﾗｼﾉ
4954,ﾁﾊﾞﾐﾗｲﾉｳｷﾖｳ,014,ｻｸﾗﾁﾕｳｵｳ
4954,ﾁﾊﾞﾐﾗｲﾉｳｷﾖｳ,015,ｻｸﾗﾆｼ
4954,ﾁﾊﾞﾐﾗｲﾉｳｷﾖｳ,016,ﾔﾁﾏﾀ
4954,ﾁﾊﾞﾐﾗｲﾉｳｷﾖｳ,017,ﾖﾂｶｲﾄﾞｳ
4955,ﾔﾁﾖｼﾉｳｷﾖｳ,001,ﾎﾝﾃﾝ
4955,ﾔﾁﾖｼﾉｳｷﾖｳ,002,ﾑﾂ
4955,ﾔﾁﾖｼﾉｳｷﾖｳ,005,ｶﾂﾀﾀﾞｲ
4959,ｲﾁｶﾜｼﾉｳｷﾖｳ,001,ﾎﾝﾃﾝ
4959,ｲﾁｶﾜｼﾉｳｷﾖｳ,002,ｷﾞﾖｳﾄｸ
4959,ｲﾁｶﾜｼﾉｳｷﾖｳ,004,ｵｵｶｼﾜ
4959,ｲﾁｶﾜｼﾉｳｷﾖｳ,005,ｺｸﾌﾞﾝ
4959,ｲﾁｶﾜｼﾉｳｷﾖｳ,006,ｽｶﾞﾉ
4959,ｲﾁｶﾜｼﾉｳｷﾖｳ,007,ﾁﾕｳｵｳ
4959,ｲﾁｶﾜｼﾉｳｷﾖｳ,008,ﾐﾖｳﾃﾞﾝ
4959,ｲﾁｶﾜｼﾉｳｷﾖｳ,011,ﾊﾞﾗｷﾅｶﾔﾏ
4959,ｲﾁｶﾜｼﾉｳｷﾖｳ,013,ｳﾗﾔｽ
4959,ｲﾁｶﾜｼﾉｳｷﾖｳ,016,ﾄﾖﾄﾐ
4959,ｲﾁｶﾜｼﾉｳｷﾖｳ,018,ﾌﾅﾊﾞｼ
4959,ｲﾁｶﾜｼﾉｳｷﾖｳ,019,ﾆﾉﾐﾔ
4959,ｲﾁｶﾜｼﾉｳｷﾖｳ,022,ﾀﾅｶ
4965,ﾄｳｶﾂﾁﾕｳｵｳﾉｳｷﾖｳ,001,ﾎﾝﾃﾝ
4965,ﾄｳｶﾂﾁﾕｳｵｳﾉｳｷﾖｳ,002,ﾄｷﾜﾀﾞｲﾗ
4965,ﾄｳｶﾂﾁﾕｳｵｳﾉｳｷﾖｳ,003,ﾏﾂﾄﾞﾐﾅﾐ
4965,ﾄｳｶﾂﾁﾕｳｵｳﾉｳｷﾖｳ,005,ｺﾞｺｳﾑﾂﾐ
4965,ﾄｳｶﾂﾁﾕｳｵｳﾉｳｷﾖｳ,009,ﾏﾂﾄﾞﾆｼ
4965,ﾄｳｶﾂﾁﾕｳｵｳﾉｳｷﾖｳ,010,ﾁﾕｳｵｳ
4965,ﾄｳｶﾂﾁﾕｳｵｳﾉｳｷﾖｳ,011,ﾏﾊﾞｼ
4965,ﾄｳｶﾂﾁﾕｳｵｳﾉｳｷﾖｳ,013,ｶﾏｶﾞﾔ
4965,ﾄｳｶﾂﾁﾕｳｵｳﾉｳｷﾖｳ,014,ｺｶﾞﾈ
4965,ﾄｳｶﾂﾁﾕｳｵｳﾉｳｷﾖｳ,015,ﾐﾅﾐﾅｶﾞﾚﾔﾏ
4965,ﾄｳｶﾂﾁﾕｳｵｳﾉｳｷﾖｳ,016,ﾅｶﾞﾚﾔﾏ
4965,ﾄｳｶﾂﾁﾕｳｵｳﾉｳｷﾖｳ,017,ﾔｷﾞ
4965,ﾄｳｶﾂﾁﾕｳｵｳﾉｳｷﾖｳ,018,ｼﾞﾕｳﾀﾞﾕｳ
4965,ﾄｳｶﾂﾁﾕｳｵｳﾉｳｷﾖｳ,019,ｼﾝｶﾜ
4975,ﾁﾊﾞﾄｳｶﾂﾉｳｷﾖｳ,001,ﾎﾝﾃﾝ
4975,ﾁﾊﾞﾄｳｶﾂﾉｳｷﾖｳ,003,ﾌｸﾀﾞ
4975,ﾁﾊﾞﾄｳｶﾂﾉｳｷﾖｳ,005,ﾅﾅﾌｸ
4975,ﾁﾊﾞﾄｳｶﾂﾉｳｷﾖｳ,006,ｶﾜﾏ
4975,ﾁﾊﾞﾄｳｶﾂﾉｳｷﾖｳ,007,ｷﾏｶﾞｾ
4975,ﾁﾊﾞﾄｳｶﾂﾉｳｷﾖｳ,008,ﾌﾀｶﾜ
4975,ﾁﾊﾞﾄｳｶﾂﾉｳｷﾖｳ,011,ｶﾜﾏｴｷﾏｴ
4975,ﾁﾊﾞﾄｳｶﾂﾉｳｷﾖｳ,012,ｶｼﾜ
4975,ﾁﾊﾞﾄｳｶﾂﾉｳｷﾖｳ,013,ﾆｼﾌﾅ
4975,ﾁﾊﾞﾄｳｶﾂﾉｳｷﾖｳ,014,ｷﾞﾖｳﾀﾞ
4975,ﾁﾊﾞﾄｳｶﾂﾉｳｷﾖｳ,016,ﾂﾁ
4975,ﾁﾊﾞﾄｳｶﾂﾉｳｷﾖｳ,019,ﾄｳﾌﾞ
4975,ﾁﾊﾞﾄｳｶﾂﾉｳｷﾖｳ,020,ﾉﾀﾞﾐｽﾞｷ
4992,ﾅﾘﾀｼﾉｳｷﾖｳ,001,ﾎﾝｼﾖ
4992,ﾅﾘﾀｼﾉｳｷﾖｳ,002,ｺｳﾂﾞ
4992,ﾅﾘﾀｼﾉｳｷﾖｳ,006,ｸｽﾞﾐ
4992,ﾅﾘﾀｼﾉｳｷﾖｳ,007,ﾄｵﾔﾏ
4992,ﾅﾘﾀｼﾉｳｷﾖｳ,008,ﾁﾕｳｵｳ
4992,ﾅﾘﾀｼﾉｳｷﾖｳ,009,ｼｽｲ
4993,ﾄﾐｻﾄｼﾉｳｷﾖｳ,001,ﾎﾝﾃﾝ
4996,ﾆｼｲﾝﾊﾞﾉｳｷﾖｳ,001,ﾎﾝﾃﾝ
4996,ﾆｼｲﾝﾊﾞﾉｳｷﾖｳ,006,ﾁﾕｳｵｳ
4996,ﾆｼｲﾝﾊﾞﾉｳｷﾖｳ,009,ﾄｳﾌﾞ
5000,ｶﾄﾘﾉｳｷﾖｳ,001,ﾎﾝﾃﾝ
5000,ｶﾄﾘﾉｳｷﾖｳ,002,ｼﾓﾌｻ
5000,ｶﾄﾘﾉｳｷﾖｳ,005,ｺｳｻﾞｷ
5000,ｶﾄﾘﾉｳｷﾖｳ,006,ﾀｲｴｲ
5000,ｶﾄﾘﾉｳｷﾖｳ,010,ｵﾐｶﾞﾜ
5000,ｶﾄﾘﾉｳｷﾖｳ,015,ﾔﾏﾀﾞ
5000,ｶﾄﾘﾉｳｷﾖｳ,021,ﾄｳﾉｼﾖｳ
5000,ｶﾄﾘﾉｳｷﾖｳ,025,ｸﾘﾓﾄ
5000,ｶﾄﾘﾉｳｷﾖｳ,026,ｻﾜﾗ
5000,ｶﾄﾘﾉｳｷﾖｳ,027,ﾀｺ
5016,ﾁﾊﾞﾐﾄﾞﾘﾉｳｷﾖｳ,001,ﾎﾝﾃﾝ
5016,ﾁﾊﾞﾐﾄﾞﾘﾉｳｷﾖｳ,009,ﾖｳｶｲﾁﾊﾞ
5016,ﾁﾊﾞﾐﾄﾞﾘﾉｳｷﾖｳ,015,ﾋｶﾘ
5016,ﾁﾊﾞﾐﾄﾞﾘﾉｳｷﾖｳ,017,ﾉｻｶ
5016,ﾁﾊﾞﾐﾄﾞﾘﾉｳｷﾖｳ,019,ﾁﾖｳｼ
5016,ﾁﾊﾞﾐﾄﾞﾘﾉｳｷﾖｳ,021,ﾌﾅｷ
5016,ﾁﾊﾞﾐﾄﾞﾘﾉｳｷﾖｳ,022,ｼｲｼﾊﾞ
5016,ﾁﾊﾞﾐﾄﾞﾘﾉｳｷﾖｳ,023,ﾄﾖｻﾄ
5016,ﾁﾊﾞﾐﾄﾞﾘﾉｳｷﾖｳ,026,ｳﾅｶﾐﾁﾕｳｵｳ
5016,ﾁﾊﾞﾐﾄﾞﾘﾉｳｷﾖｳ,029,ｲｲｵｶ
5016,ﾁﾊﾞﾐﾄﾞﾘﾉｳｷﾖｳ,031,ｱｻﾋ
5016,ﾁﾊﾞﾐﾄﾞﾘﾉｳｷﾖｳ,038,ﾋｶﾀ
5030,ﾆｼﾄｳｷﾖｳﾉｳｷﾖｳ,001,ﾎﾝﾃﾝ
5030,ﾆｼﾄｳｷﾖｳﾉｳｷﾖｳ,002,ﾋｶﾞｼｵｳﾒ
5030,ﾆｼﾄｳｷﾖｳﾉｳｷﾖｳ,003,ｼﾝﾏﾁ
5030,ﾆｼﾄｳｷﾖｳﾉｳｷﾖｳ,006,ｺﾘ
5030,ﾆｼﾄｳｷﾖｳﾉｳｷﾖｳ,008,ﾁﾖｳﾌ
5030,ﾆｼﾄｳｷﾖｳﾉｳｷﾖｳ,009,ｵｿｷ
5030,ﾆｼﾄｳｷﾖｳﾉｳｷﾖｳ,011,ﾖｼﾉ
5030,ﾆｼﾄｳｷﾖｳﾉｳｷﾖｳ,013,ﾌﾀﾏﾀｵ
5037,ﾆｼﾀﾏﾉｳｷﾖｳ,001,ﾎﾝﾃﾝ
5037,ﾆｼﾀﾏﾉｳｷﾖｳ,002,ｵｻﾞｸ
5037,ﾆｼﾀﾏﾉｳｷﾖｳ,005,ﾌﾂｻ
5037,ﾆｼﾀﾏﾉｳｷﾖｳ,007,ﾐｽﾞﾎ
5037,ﾆｼﾀﾏﾉｳｷﾖｳ,009,ﾓﾄｻﾔﾏ
5039,ｱｷｶﾞﾜﾉｳｷﾖｳ,001,ﾎﾝﾃﾝ
5039,ｱｷｶﾞﾜﾉｳｷﾖｳ,002,ﾀｻｲ
5039,ｱｷｶﾞﾜﾉｳｷﾖｳ,003,ﾋｶﾞｼｱｷﾙ
5039,ｱｷｶﾞﾜﾉｳｷﾖｳ,006,ﾋﾉﾃﾞ
5039,ｱｷｶﾞﾜﾉｳｷﾖｳ,008,ﾏｽｺ
5039,ｱｷｶﾞﾜﾉｳｷﾖｳ,013,ｲﾂｶｲﾁ
5039,ｱｷｶﾞﾜﾉｳｷﾖｳ,014,ﾋﾉﾊﾗ
5050,ﾊﾁｵｳｼﾞｼﾉｳｷﾖｳ,001,ﾎﾝﾃﾝ
5050,ﾊﾁｵｳｼﾞｼﾉｳｷﾖｳ,002,ｵｵﾜﾀﾞ
5050,ﾊﾁｵｳｼﾞｼﾉｳｷﾖｳ,004,ﾓﾄﾊﾁｵｳｼﾞ
5050,ﾊﾁｵｳｼﾞｼﾉｳｷﾖｳ,005,ｶﾀｸﾗ
5050,ﾊﾁｵｳｼﾞｼﾉｳｷﾖｳ,006,ﾖｺﾔﾏ
5050,ﾊﾁｵｳｼﾞｼﾉｳｷﾖｳ,008,ｶﾜｸﾞﾁ
5050,ﾊﾁｵｳｼﾞｼﾉｳｷﾖｳ,014,ﾕｷﾞ
5055,ﾄｳｷﾖｳﾐﾅﾐﾉｳｷﾖｳ,001,ﾎﾝﾃﾝ
5055,ﾄｳｷﾖｳﾐﾅﾐﾉｳｷﾖｳ,002,ﾋﾉ
5055,ﾄｳｷﾖｳﾐﾅﾐﾉｳｷﾖｳ,003,ﾅﾅｵ
5055,ﾄｳｷﾖｳﾐﾅﾐﾉｳｷﾖｳ,006,ﾀﾏ
5055,ﾄｳｷﾖｳﾐﾅﾐﾉｳｷﾖｳ,008,ｲﾅｷﾞ
5060,ﾏﾁﾀﾞｼﾉｳｷﾖｳ,001,ﾎﾝﾃﾝ
5060,ﾏﾁﾀﾞｼﾉｳｷﾖｳ,002,ﾂﾙｶﾜ
5060,ﾏﾁﾀﾞｼﾉｳｷﾖｳ,003,ﾂﾙｶﾜｴｷﾏｴ
5060,ﾏﾁﾀﾞｼﾉｳｷﾖｳ,004,ﾏﾁﾀﾞ
5060,ﾏﾁﾀﾞｼﾉｳｷﾖｳ,005,ﾀﾀﾞｵ
5060,ﾏﾁﾀﾞｼﾉｳｷﾖｳ,006,ｻｶｲ
5060,ﾏﾁﾀﾞｼﾉｳｷﾖｳ,007,ﾐﾅﾐ
5060,ﾏﾁﾀﾞｼﾉｳｷﾖｳ,009,ﾎﾟﾌﾟﾗｶﾞｵｶ
5060,ﾏﾁﾀﾞｼﾉｳｷﾖｳ,010,ﾅﾙｾｴｷﾏｴ
5070,ﾏｲﾝｽﾞﾉｳｷﾖｳ,001,ﾎﾝﾃﾝ
5070,ﾏｲﾝｽﾞﾉｳｷﾖｳ,002,ﾆｼﾌ
5070,ﾏｲﾝｽﾞﾉｳｷﾖｳ,003,ﾅｶｶﾞﾜﾗ
5070,ﾏｲﾝｽﾞﾉｳｷﾖｳ,005,ﾀﾏ
5070,ﾏｲﾝｽﾞﾉｳｷﾖｳ,006,ｺﾚﾏｻ
5070,ﾏｲﾝｽﾞﾉｳｷﾖｳ,007,ｼﾗｲﾄﾀﾞｲ
5070,ﾏｲﾝｽﾞﾉｳｷﾖｳ,009,ﾁﾖｳﾌ
5070,ﾏｲﾝｽﾞﾉｳｷﾖｳ,010,ﾆｼﾁﾖｳﾌ
5070,ﾏｲﾝｽﾞﾉｳｷﾖｳ,011,ｺｸﾘﾖｳ
5070,ﾏｲﾝｽﾞﾉｳｷﾖｳ,012,ｼﾞﾝﾀﾞｲ
5070,ﾏｲﾝｽﾞﾉｳｷﾖｳ,013,ｼﾖｸﾌﾞﾂｺｳｴﾝﾏｴ
5070,ﾏｲﾝｽﾞﾉｳｷﾖｳ,014,ｺﾏｴ
5070,ﾏｲﾝｽﾞﾉｳｷﾖｳ,015,ｶﾐｲｽﾞﾐ
5072,ﾄｳｷﾖｳﾐﾄﾞﾘﾉｳｷﾖｳ,001,ﾎﾝﾃﾝ
5072,ﾄｳｷﾖｳﾐﾄﾞﾘﾉｳｷﾖｳ,002,ｸﾆﾀﾁ
5072,ﾄｳｷﾖｳﾐﾄﾞﾘﾉｳｷﾖｳ,005,ｱｷｼﾏ
5072,ﾄｳｷﾖｳﾐﾄﾞﾘﾉｳｷﾖｳ,009,ｻｲﾜｲﾁﾖｳ
5072,ﾄｳｷﾖｳﾐﾄﾞﾘﾉｳｷﾖｳ,010,ﾆｼｽﾅ
5072,ﾄｳｷﾖｳﾐﾄﾞﾘﾉｳｷﾖｳ,011,ﾑﾗﾔﾏ
5072,ﾄｳｷﾖｳﾐﾄﾞﾘﾉｳｷﾖｳ,013,ﾋｶﾞｼﾔﾏﾄ
5072,ﾄｳｷﾖｳﾐﾄﾞﾘﾉｳｷﾖｳ,014,ﾅｶﾊﾗ
5077,ﾄｳｷﾖｳﾐﾗｲﾉｳｷﾖｳ,001,ﾋｶﾞｼﾑﾗﾔﾏ
5077,ﾄｳｷﾖｳﾐﾗｲﾉｳｷﾖｳ,005,ﾋｶﾞｼﾑﾗﾔﾏﾆｼ
5077,ﾄｳｷﾖｳﾐﾗｲﾉｳｷﾖｳ,008,ｷﾖｾ
5077,ﾄｳｷﾖｳﾐﾗｲﾉｳｷﾖｳ,010,ﾋｶﾞｼｸﾙﾒ
5077,ﾄｳｷﾖｳﾐﾗｲﾉｳｷﾖｳ,011,ﾋｶﾞｼｸﾙﾒｴｷﾏｴ
5077,ﾄｳｷﾖｳﾐﾗｲﾉｳｷﾖｳ,014,ｼﾓﾎｳﾔ
5077,ﾄｳｷﾖｳﾐﾗｲﾉｳｷﾖｳ,020,ﾆｼﾄｳｷﾖｳ
5077,ﾄｳｷﾖｳﾐﾗｲﾉｳｷﾖｳ,030,ﾎﾝﾃﾝ
5087,ﾄｳｷﾖｳﾑｻｼﾉｳｷﾖｳ,001,ﾐﾀｶ
5087,ﾄｳｷﾖｳﾑｻｼﾉｳｷﾖｳ,003,ﾋｶﾞｼﾐﾀｶ
5087,ﾄｳｷﾖｳﾑｻｼﾉｳｷﾖｳ,005,ﾆｼﾐﾀｶ
5087,ﾄｳｷﾖｳﾑｻｼﾉｳｷﾖｳ,007,ｺﾀﾞｲﾗ
5087,ﾄｳｷﾖｳﾑｻｼﾉｳｷﾖｳ,008,ｽｽﾞｷﾁﾖｳ
5087,ﾄｳｷﾖｳﾑｻｼﾉｳｷﾖｳ,011,ｺｸﾌﾞﾝｼﾞ
5087,ﾄｳｷﾖｳﾑｻｼﾉｳｷﾖｳ,012,ｼﾝﾏﾁ
5087,ﾄｳｷﾖｳﾑｻｼﾉｳｷﾖｳ,013,ｺｶﾞﾈｲ
5087,ﾄｳｷﾖｳﾑｻｼﾉｳｷﾖｳ,016,ﾑｻｼﾉ
5087,ﾄｳｷﾖｳﾑｻｼﾉｳｷﾖｳ,030,ﾎﾝﾃﾝ
5094,ﾄｳｷﾖｳﾁﾕｳｵｳﾉｳｷﾖｳ,001,ﾁﾄｾ
5094,ﾄｳｷﾖｳﾁﾕｳｵｳﾉｳｷﾖｳ,002,ｶﾗｽﾔﾏ
5094,ﾄｳｷﾖｳﾁﾕｳｵｳﾉｳｷﾖｳ,003,ﾛｶ
5094,ﾄｳｷﾖｳﾁﾕｳｵｳﾉｳｷﾖｳ,005,ﾃﾞﾝｴﾝﾁﾖｳﾌ
5094,ﾄｳｷﾖｳﾁﾕｳｵｳﾉｳｷﾖｳ,006,ﾔｸﾞﾁ
5094,ﾄｳｷﾖｳﾁﾕｳｵｳﾉｳｷﾖｳ,009,ﾏｺﾞﾒ
5094,ﾄｳｷﾖｳﾁﾕｳｵｳﾉｳｷﾖｳ,013,ｷﾇﾀ
5094,ﾄｳｷﾖｳﾁﾕｳｵｳﾉｳｷﾖｳ,015,ｶﾏﾀ
5094,ﾄｳｷﾖｳﾁﾕｳｵｳﾉｳｷﾖｳ,016,ｼﾞﾖｳｻｲ
5094,ﾄｳｷﾖｳﾁﾕｳｵｳﾉｳｷﾖｳ,017,ﾀｶｲﾄﾞ
5094,ﾄｳｷﾖｳﾁﾕｳｵｳﾉｳｷﾖｳ,018,ｲｵｷﾞ
5094,ﾄｳｷﾖｳﾁﾕｳｵｳﾉｳｷﾖｳ,019,ｽｷﾞﾅﾐﾅｶﾉ
5094,ﾄｳｷﾖｳﾁﾕｳｵｳﾉｳｷﾖｳ,030,ﾎﾝﾃﾝ
5095,ｾﾀｶﾞﾔﾒｸﾞﾛﾉｳｷﾖｳ,001,ﾎﾝﾃﾝ
5097,ﾄｳｷﾖｳｱｵﾊﾞﾉｳｷﾖｳ,001,ﾈﾘﾏｶｽｶﾞﾁﾖｳ
5097,ﾄｳｷﾖｳｱｵﾊﾞﾉｳｷﾖｳ,002,ﾅｶﾑﾗﾊﾞｼ
5097,ﾄｳｷﾖｳｱｵﾊﾞﾉｳｷﾖｳ,006,ﾀｶﾞﾗ
5097,ﾄｳｷﾖｳｱｵﾊﾞﾉｳｷﾖｳ,008,ﾍｲﾜﾀﾞｲ
5097,ﾄｳｷﾖｳｱｵﾊﾞﾉｳｷﾖｳ,010,ｲﾀﾊﾞｼ
5097,ﾄｳｷﾖｳｱｵﾊﾞﾉｳｷﾖｳ,011,ｱｶﾂｶ
5097,ﾄｳｷﾖｳｱｵﾊﾞﾉｳｷﾖｳ,013,ｼﾔｸｼﾞｲ
5097,ﾄｳｷﾖｳｱｵﾊﾞﾉｳｷﾖｳ,015,ｾｷﾏﾁ
5097,ﾄｳｷﾖｳｱｵﾊﾞﾉｳｷﾖｳ,017,ｵｵｲｽﾞﾐ
5097,ﾄｳｷﾖｳｱｵﾊﾞﾉｳｷﾖｳ,030,ﾎﾝﾃﾝ
5100,ﾄｳｷﾖｳｽﾏｲﾙﾉｳｷﾖｳ,001,ｱﾀﾞﾁ
5100,ﾄｳｷﾖｳｽﾏｲﾙﾉｳｷﾖｳ,002,ｺｳﾔ
5100,ﾄｳｷﾖｳｽﾏｲﾙﾉｳｷﾖｳ,003,ｲｺｳ
5100,ﾄｳｷﾖｳｽﾏｲﾙﾉｳｷﾖｳ,006,ﾊﾅﾊﾀ
5100,ﾄｳｷﾖｳｽﾏｲﾙﾉｳｷﾖｳ,007,ｻﾗﾇﾏ
5100,ﾄｳｷﾖｳｽﾏｲﾙﾉｳｷﾖｳ,008,ｷﾀｱﾔｾ
5100,ﾄｳｷﾖｳｽﾏｲﾙﾉｳｷﾖｳ,010,ｶﾂｼｶ
5100,ﾄｳｷﾖｳｽﾏｲﾙﾉｳｷﾖｳ,011,ｼﾊﾞﾏﾀ
5100,ﾄｳｷﾖｳｽﾏｲﾙﾉｳｷﾖｳ,012,ﾐｽﾞﾓﾄ
5100,ﾄｳｷﾖｳｽﾏｲﾙﾉｳｷﾖｳ,013,ｵｸﾄﾞ
5100,ﾄｳｷﾖｳｽﾏｲﾙﾉｳｷﾖｳ,014,ｴﾄﾞｶﾞﾜ
5100,ﾄｳｷﾖｳｽﾏｲﾙﾉｳｷﾖｳ,015,ｼﾝｶｻｲ
5100,ﾄｳｷﾖｳｽﾏｲﾙﾉｳｷﾖｳ,017,ｼｼﾎﾞﾈ
5100,ﾄｳｷﾖｳｽﾏｲﾙﾉｳｷﾖｳ,030,ﾎﾝﾃﾝ
5114,ﾖｺﾊﾏﾉｳｷﾖｳ,001,ﾎﾝﾃﾝ
5114,ﾖｺﾊﾏﾉｳｷﾖｳ,002,ﾎﾝｺﾞｳ
5114,ﾖｺﾊﾏﾉｳｷﾖｳ,003,ﾄﾖﾀﾞ
5114,ﾖｺﾊﾏﾉｳｷﾖｳ,004,ｶﾜｶﾐ
5114,ﾖｺﾊﾏﾉｳｷﾖｳ,005,ﾏｲｵｶ
5114,ﾖｺﾊﾏﾉｳｷﾖｳ,006,ﾀｲｼﾖｳ
5114,ﾖｺﾊﾏﾉｳｷﾖｳ,007,ﾅｶﾀﾞ
5114,ﾖｺﾊﾏﾉｳｷﾖｳ,008,ｲｽﾞﾐ
5114,ﾖｺﾊﾏﾉｳｷﾖｳ,009,ｲｲﾀﾞ
5114,ﾖｺﾊﾏﾉｳｷﾖｳ,010,ﾅｶｶﾞﾜ
5114,ﾖｺﾊﾏﾉｳｷﾖｳ,011,ﾊﾗ
5114,ﾖｺﾊﾏﾉｳｷﾖｳ,012,ｾﾔ
5114,ﾖｺﾊﾏﾉｳｷﾖｳ,013,ｺｳﾅﾝ
5114,ﾖｺﾊﾏﾉｳｷﾖｳ,014,ﾋﾉ
5114,ﾖｺﾊﾏﾉｳｷﾖｳ,015,ｶﾐｵｵｵｶ
5114,ﾖｺﾊﾏﾉｳｷﾖｳ,016,ｲｿｺﾞ
5114,ﾖｺﾊﾏﾉｳｷﾖｳ,017,ｶﾅｻﾞﾜ
5114,ﾖｺﾊﾏﾉｳｷﾖｳ,019,ﾄﾂｶ
5114,ﾖｺﾊﾏﾉｳｷﾖｳ,020,ｾﾔｴｷﾏｴ
5114,ﾖｺﾊﾏﾉｳｷﾖｳ,021,ｶﾅｻﾞﾜﾌﾞﾝｺ
5114,ﾖｺﾊﾏﾉｳｷﾖｳ,022,ｲｽﾞﾐﾉｴｷﾏｴ
5114,ﾖｺﾊﾏﾉｳｷﾖｳ,023,ﾘﾖｸｴﾝﾄｼ
5114,ﾖｺﾊﾏﾉｳｷﾖｳ,024,ﾎﾝｺﾞｳﾋｶﾞｼ
5114,ﾖｺﾊﾏﾉｳｷﾖｳ,025,ｽｷﾞﾀ
5114,ﾖｺﾊﾏﾉｳｷﾖｳ,026,ｺｳﾅﾝﾀﾞｲ
5114,ﾖｺﾊﾏﾉｳｷﾖｳ,028,ﾋｶﾞｼｶﾀ
5114,ﾖｺﾊﾏﾉｳｷﾖｳ,029,ｺｳﾎｸ
5114,ﾖｺﾊﾏﾉｳｷﾖｳ,030,ｺﾂﾞｸｴ
5114,ﾖｺﾊﾏﾉｳｷﾖｳ,032,ﾂﾀﾞ
5114,ﾖｺﾊﾏﾉｳｷﾖｳ,033,ﾆﾂﾀ
5114,ﾖｺﾊﾏﾉｳｷﾖｳ,034,ﾂﾂﾞｷﾅｶｶﾞﾜ
5114,ﾖｺﾊﾏﾉｳｷﾖｳ,035,ﾔﾏｳﾁ
5114,ﾖｺﾊﾏﾉｳｷﾖｳ,036,ﾅｶｻﾞﾄ
5114,ﾖｺﾊﾏﾉｳｷﾖｳ,037,ﾆｲﾊﾙ
5114,ﾖｺﾊﾏﾉｳｷﾖｳ,038,ｴﾀﾞ
5114,ﾖｺﾊﾏﾉｳｷﾖｳ,039,ﾀﾏﾌﾟﾗ-ｻﾞ
5114,ﾖｺﾊﾏﾉｳｷﾖｳ,040,ﾋﾖｼ
5114,ﾖｺﾊﾏﾉｳｷﾖｳ,041,ﾀﾁﾊﾞﾅﾀﾞｲ
5114,ﾖｺﾊﾏﾉｳｷﾖｳ,042,ﾆﾂﾊﾟ
5114,ﾖｺﾊﾏﾉｳｷﾖｳ,043,ｷﾀﾔﾏﾀ
5114,ﾖｺﾊﾏﾉｳｷﾖｳ,044,ﾌﾀﾏﾀｶﾞﾜ
5114,ﾖｺﾊﾏﾉｳｷﾖｳ,045,ｼﾝｻｸﾗｶﾞｵｶ
5114,ﾖｺﾊﾏﾉｳｷﾖｳ,047,ﾂｵｶ
5114,ﾖｺﾊﾏﾉｳｷﾖｳ,048,ｼﾗﾈ
5114,ﾖｺﾊﾏﾉｳｷﾖｳ,049,ｶﾅｶﾞﾜ
5114,ﾖｺﾊﾏﾉｳｷﾖｳ,050,ｽｹﾞﾀ
5114,ﾖｺﾊﾏﾉｳｷﾖｳ,051,ﾂﾙﾐ
5114,ﾖｺﾊﾏﾉｳｷﾖｳ,052,ﾎﾄﾞｶﾞﾔ
5114,ﾖｺﾊﾏﾉｳｷﾖｳ,053,ﾜﾀﾞﾏﾁｴｷﾏｴ
5114,ﾖｺﾊﾏﾉｳｷﾖｳ,054,ﾀﾅ
5114,ﾖｺﾊﾏﾉｳｷﾖｳ,055,ﾅｶﾞﾂﾀ
5123,ｾﾚｻｶﾜｻｷﾉｳｷﾖｳ,001,ﾎﾝﾃﾝ
5123,ｾﾚｻｶﾜｻｷﾉｳｷﾖｳ,002,ﾀﾁﾊﾞﾅ
5123,ｾﾚｻｶﾜｻｷﾉｳｷﾖｳ,003,ｼﾎﾞｸﾁ
5123,ｾﾚｻｶﾜｻｷﾉｳｷﾖｳ,005,ﾐﾔﾏｴ
5123,ｾﾚｻｶﾜｻｷﾉｳｷﾖｳ,006,ﾉｶﾞﾜ
5123,ｾﾚｻｶﾜｻｷﾉｳｷﾖｳ,007,ｻｷﾞﾇﾏ
5123,ｾﾚｻｶﾜｻｷﾉｳｷﾖｳ,008,ﾐﾔｻﾞｷ
5123,ｾﾚｻｶﾜｻｷﾉｳｷﾖｳ,009,ﾀｶﾂ
5123,ｾﾚｻｶﾜｻｷﾉｳｷﾖｳ,010,ﾑｶｵｶ
5123,ｾﾚｻｶﾜｻｷﾉｳｷﾖｳ,011,ｽｶﾞｵ
5123,ｾﾚｻｶﾜｻｷﾉｳｷﾖｳ,012,ｶﾐｻｸﾉﾍﾞ
5123,ｾﾚｻｶﾜｻｷﾉｳｷﾖｳ,013,ｷﾀﾐｶﾞﾀ
5123,ｾﾚｻｶﾜｻｷﾉｳｷﾖｳ,014,ｶｼﾞｶﾞﾔ
5123,ｾﾚｻｶﾜｻｷﾉｳｷﾖｳ,015,ﾐﾔﾏｴﾀﾞｲﾗ
5123,ｾﾚｻｶﾜｻｷﾉｳｷﾖｳ,016,ﾐﾅﾐ
5123,ｾﾚｻｶﾜｻｷﾉｳｷﾖｳ,017,ﾐﾕｷ
5123,ｾﾚｻｶﾜｻｷﾉｳｷﾖｳ,018,ﾀﾞｲｼ
5123,ｾﾚｻｶﾜｻｷﾉｳｷﾖｳ,019,ｵｵｼﾏ
5123,ｾﾚｻｶﾜｻｷﾉｳｷﾖｳ,020,ｵﾀﾞ
5123,ｾﾚｻｶﾜｻｷﾉｳｷﾖｳ,021,ﾅｶﾊﾗ
5123,ｾﾚｻｶﾜｻｷﾉｳｷﾖｳ,022,ﾋﾖｼ
5123,ｾﾚｻｶﾜｻｷﾉｳｷﾖｳ,023,ｽﾐﾖｼ
5123,ｾﾚｻｶﾜｻｷﾉｳｷﾖｳ,024,ｼﾝｼﾞﾖｳ
5123,ｾﾚｻｶﾜｻｷﾉｳｷﾖｳ,025,ｺｽｷﾞ
5123,ｾﾚｻｶﾜｻｷﾉｳｷﾖｳ,026,ﾓﾄｽﾐﾖｼ
5123,ｾﾚｻｶﾜｻｷﾉｳｷﾖｳ,027,ｶｼﾏﾀﾞ
5123,ｾﾚｻｶﾜｻｷﾉｳｷﾖｳ,028,ｲﾅﾀﾞ
5123,ｾﾚｻｶﾜｻｷﾉｳｷﾖｳ,029,ｼﾕｸｶﾞﾜﾗ
5123,ｾﾚｻｶﾜｻｷﾉｳｷﾖｳ,030,ｽｹﾞ
5123,ｾﾚｻｶﾜｻｷﾉｳｷﾖｳ,031,ｲｸﾀ
5123,ｾﾚｻｶﾜｻｷﾉｳｷﾖｳ,033,ｶｷｵ
5123,ｾﾚｻｶﾜｻｷﾉｳｷﾖｳ,034,ﾋｶﾞｼｶｷｵ
5123,ｾﾚｻｶﾜｻｷﾉｳｷﾖｳ,035,ﾅｶﾞｻﾜ
5123,ｾﾚｻｶﾜｻｷﾉｳｷﾖｳ,036,ｸﾘﾋﾗ
5123,ｾﾚｻｶﾜｻｷﾉｳｷﾖｳ,037,ｼﾝﾕﾘｶﾞｵｶ
5123,ｾﾚｻｶﾜｻｷﾉｳｷﾖｳ,038,ｸｼﾞｴｷﾏｴ
5123,ｾﾚｻｶﾜｻｷﾉｳｷﾖｳ,039,ﾁﾖｶﾞｵｶ
5123,ｾﾚｻｶﾜｻｷﾉｳｷﾖｳ,040,ｺﾑｶｲ
5128,ﾖｺｽｶﾊﾔﾏﾉｳｷﾖｳ,001,ﾎﾝﾃﾝ
5128,ﾖｺｽｶﾊﾔﾏﾉｳｷﾖｳ,002,ﾀｹﾔﾏ
5128,ﾖｺｽｶﾊﾔﾏﾉｳｷﾖｳ,003,ﾅｶﾞｲ
5128,ﾖｺｽｶﾊﾔﾏﾉｳｷﾖｳ,004,ｷﾀｼﾀｳﾗ
5128,ﾖｺｽｶﾊﾔﾏﾉｳｷﾖｳ,005,ｸﾘﾊﾏ
5128,ﾖｺｽｶﾊﾔﾏﾉｳｷﾖｳ,007,ｷﾇｶﾞｻ
5128,ﾖｺｽｶﾊﾔﾏﾉｳｷﾖｳ,009,ｵｵｸﾞｽ
5128,ﾖｺｽｶﾊﾔﾏﾉｳｷﾖｳ,017,ﾊﾔﾏ
5130,ﾐｳﾗｼﾉｳｷﾖｳ,001,ﾎﾝﾃﾝ
5131,ｻｶﾞﾐﾉｳｷﾖｳ,001,ﾎﾝﾃﾝ
5131,ｻｶﾞﾐﾉｳｷﾖｳ,002,ﾑﾗｵｶ
5131,ｻｶﾞﾐﾉｳｷﾖｳ,003,ｸｹﾞﾇﾏ
5131,ｻｶﾞﾐﾉｳｷﾖｳ,004,ﾌｼﾞｻﾜ
5131,ｻｶﾞﾐﾉｳｷﾖｳ,005,ｾﾞﾝｷﾞﾖｳ
5131,ｻｶﾞﾐﾉｳｷﾖｳ,006,ﾂｼﾞﾄﾞｳ
5131,ｻｶﾞﾐﾉｳｷﾖｳ,007,ﾊﾄﾘ
5131,ｻｶﾞﾐﾉｳｷﾖｳ,008,ﾑﾂｱｲ
5131,ｻｶﾞﾐﾉｳｷﾖｳ,009,ﾁﾖｳｺﾞ
5131,ｻｶﾞﾐﾉｳｷﾖｳ,010,ｺﾞｼﾖﾐ
5131,ｻｶﾞﾐﾉｳｷﾖｳ,011,ｴﾝﾄﾞｳ
5131,ｻｶﾞﾐﾉｳｷﾖｳ,012,ｵｵﾊﾞ
5131,ｻｶﾞﾐﾉｳｷﾖｳ,013,ﾁｶﾞｻｷ
5131,ｻｶﾞﾐﾉｳｷﾖｳ,014,ﾆｼｸﾎﾞ
5131,ｻｶﾞﾐﾉｳｷﾖｳ,015,ﾂﾙﾐﾈ
5131,ｻｶﾞﾐﾉｳｷﾖｳ,016,ｺｲﾃﾞ
5131,ｻｶﾞﾐﾉｳｷﾖｳ,017,ｺﾜﾀﾞ
5131,ｻｶﾞﾐﾉｳｷﾖｳ,018,ﾂﾙｶﾞﾀﾞｲ
5131,ｻｶﾞﾐﾉｳｷﾖｳ,019,ﾅﾝｺﾞ
5131,ｻｶﾞﾐﾉｳｷﾖｳ,020,ｻﾑｶﾜ
5131,ｻｶﾞﾐﾉｳｷﾖｳ,021,ｸﾗﾐ
5131,ｻｶﾞﾐﾉｳｷﾖｳ,022,ｱﾔｾ
5131,ｻｶﾞﾐﾉｳｷﾖｳ,023,ﾘﾖｳﾎｸ
5131,ｻｶﾞﾐﾉｳｷﾖｳ,024,ﾘﾖｳｾｲ
5131,ｻｶﾞﾐﾉｳｷﾖｳ,025,ﾘﾖｳﾅﾝ
5131,ｻｶﾞﾐﾉｳｷﾖｳ,026,ｿｳｴﾝ
5131,ｻｶﾞﾐﾉｳｷﾖｳ,027,ﾔﾏﾄ
5131,ｻｶﾞﾐﾉｳｷﾖｳ,028,ﾂﾙﾏ
5131,ｻｶﾞﾐﾉｳｷﾖｳ,029,ｼﾌﾞﾔ
5131,ｻｶﾞﾐﾉｳｷﾖｳ,030,ﾌｶﾐ
5131,ｻｶﾞﾐﾉｳｷﾖｳ,031,ﾂｷﾐﾉ
5131,ｻｶﾞﾐﾉｳｷﾖｳ,032,ﾀﾏﾅﾜ
5131,ｻｶﾞﾐﾉｳｷﾖｳ,033,ｵｵﾌﾅ
5131,ｻｶﾞﾐﾉｳｷﾖｳ,034,ﾌｶｻﾜ
5131,ｻｶﾞﾐﾉｳｷﾖｳ,035,ｶﾏｸﾗ
5131,ｻｶﾞﾐﾉｳｷﾖｳ,036,ﾆｼｶﾏｸﾗ
5131,ｻｶﾞﾐﾉｳｷﾖｳ,037,ｻﾞﾏ
5131,ｻｶﾞﾐﾉｳｷﾖｳ,038,ｸﾘﾊﾗ
5131,ｻｶﾞﾐﾉｳｷﾖｳ,040,ﾌｼﾞｶﾞｵｶ
5131,ｻｶﾞﾐﾉｳｷﾖｳ,043,ｴﾋﾞﾅ
5131,ｻｶﾞﾐﾉｳｷﾖｳ,044,ｱﾘﾏ
5131,ｻｶﾞﾐﾉｳｷﾖｳ,045,ｶｼﾜｶﾞﾔ
5131,ｻｶﾞﾐﾉｳｷﾖｳ,046,ｶｲｾｲ
5137,ｼﾖｳﾅﾝﾉｳｷﾖｳ,001,ﾎﾝﾃﾝ
5137,ｼﾖｳﾅﾝﾉｳｷﾖｳ,002,ﾄﾖﾀﾞ
5137,ｼﾖｳﾅﾝﾉｳｷﾖｳ,003,ｶﾈﾀﾞ
5137,ｼﾖｳﾅﾝﾉｳｷﾖｳ,004,ｷｼﾞﾏ
5137,ｼﾖｳﾅﾝﾉｳｷﾖｳ,005,ｵｶｻﾞｷ
5137,ｼﾖｳﾅﾝﾉｳｷﾖｳ,006,ﾂﾁｻﾜ
5137,ｼﾖｳﾅﾝﾉｳｷﾖｳ,007,ｶﾅﾒ
5137,ｼﾖｳﾅﾝﾉｳｷﾖｳ,008,ｱｻﾋ
5137,ｼﾖｳﾅﾝﾉｳｷﾖｳ,009,ｵｵﾉ
5137,ｼﾖｳﾅﾝﾉｳｷﾖｳ,010,ﾅｶﾊﾗ
5137,ｼﾖｳﾅﾝﾉｳｷﾖｳ,013,ｶﾝﾀﾞ
5137,ｼﾖｳﾅﾝﾉｳｷﾖｳ,014,ｵｵｲｿ
5137,ｼﾖｳﾅﾝﾉｳｷﾖｳ,018,ﾆﾉﾐﾔﾏﾁ
5137,ｼﾖｳﾅﾝﾉｳｷﾖｳ,021,ﾋﾗﾂｶ
5137,ｼﾖｳﾅﾝﾉｳｷﾖｳ,032,ｲｾﾊﾗ
5137,ｼﾖｳﾅﾝﾉｳｷﾖｳ,034,ﾀｶﾍﾞﾔ
5137,ｼﾖｳﾅﾝﾉｳｷﾖｳ,035,ﾅﾙｾ
5137,ｼﾖｳﾅﾝﾉｳｷﾖｳ,036,ﾋﾋﾞﾀ
5137,ｼﾖｳﾅﾝﾉｳｷﾖｳ,037,ｵｵﾀ
5140,ﾊﾀﾞﾉｼﾉｳｷﾖｳ,001,ﾎﾝｼﾖ
5140,ﾊﾀﾞﾉｼﾉｳｷﾖｳ,002,ｵｵﾈ
5140,ﾊﾀﾞﾉｼﾉｳｷﾖｳ,003,ﾂﾙﾏｷ
5140,ﾊﾀﾞﾉｼﾉｳｷﾖｳ,004,ﾎﾝﾁﾖｳ
5140,ﾊﾀﾞﾉｼﾉｳｷﾖｳ,005,ﾋｶﾞｼ
5140,ﾊﾀﾞﾉｼﾉｳｷﾖｳ,006,ﾐﾅﾐ
5140,ﾊﾀﾞﾉｼﾉｳｷﾖｳ,007,ｷﾀ
5140,ﾊﾀﾞﾉｼﾉｳｷﾖｳ,008,ﾆｼ
5147,ｶﾅｶﾞﾜｾｲｼﾖｳﾉｳｷﾖｳ,001,ﾎﾝﾃﾝ
5147,ｶﾅｶﾞﾜｾｲｼﾖｳﾉｳｷﾖｳ,002,ｸﾉ
5147,ｶﾅｶﾞﾜｾｲｼﾖｳﾉｳｷﾖｳ,003,ｱｼｶﾞﾗ
5147,ｶﾅｶﾞﾜｾｲｼﾖｳﾉｳｷﾖｳ,005,ﾎｳﾄｸ
5147,ｶﾅｶﾞﾜｾｲｼﾖｳﾉｳｷﾖｳ,007,ﾅﾙﾀﾞ
5147,ｶﾅｶﾞﾜｾｲｼﾖｳﾉｳｷﾖｳ,008,ｼﾓﾌﾅｶ
5147,ｶﾅｶﾞﾜｾｲｼﾖｳﾉｳｷﾖｳ,009,ｻｶﾜ
5147,ｶﾅｶﾞﾜｾｲｼﾖｳﾉｳｷﾖｳ,012,ｿｶﾞﾉｻﾄ
5147,ｶﾅｶﾞﾜｾｲｼﾖｳﾉｳｷﾖｳ,015,ｼﾓﾅｶ
5147,ｶﾅｶﾞﾜｾｲｼﾖｳﾉｳｷﾖｳ,017,ｶﾀｳﾗ
5147,ｶﾅｶﾞﾜｾｲｼﾖｳﾉｳｷﾖｳ,018,ｼﾞﾖｳﾅﾝ
5147,ｶﾅｶﾞﾜｾｲｼﾖｳﾉｳｷﾖｳ,020,ｺｳﾂﾞ
5147,ｶﾅｶﾞﾜｾｲｼﾖｳﾉｳｷﾖｳ,022,ﾕｶﾞﾜﾗ
5147,ｶﾅｶﾞﾜｾｲｼﾖｳﾉｳｷﾖｳ,026,ﾕｶﾞﾜﾗﾁﾕｳｵｳ
5147,ｶﾅｶﾞﾜｾｲｼﾖｳﾉｳｷﾖｳ,032,ﾏﾅﾂﾞﾙｴｷﾏｴ
5147,ｶﾅｶﾞﾜｾｲｼﾖｳﾉｳｷﾖｳ,033,ﾊｺﾈ
5147,ｶﾅｶﾞﾜｾｲｼﾖｳﾉｳｷﾖｳ,036,ｵｵｲ
5147,ｶﾅｶﾞﾜｾｲｼﾖｳﾉｳｷﾖｳ,037,ｿｳﾜ
5147,ｶﾅｶﾞﾜｾｲｼﾖｳﾉｳｷﾖｳ,038,ﾅｶｲ
5147,ｶﾅｶﾞﾜｾｲｼﾖｳﾉｳｷﾖｳ,039,ｲﾉｸﾁ
5147,ｶﾅｶﾞﾜｾｲｼﾖｳﾉｳｷﾖｳ,040,ﾏﾂﾀﾞ
5147,ｶﾅｶﾞﾜｾｲｼﾖｳﾉｳｷﾖｳ,041,ﾔﾏｷﾀ
5147,ｶﾅｶﾞﾜｾｲｼﾖｳﾉｳｷﾖｳ,042,ｼﾐｽﾞ
5147,ｶﾅｶﾞﾜｾｲｼﾖｳﾉｳｷﾖｳ,043,ﾐﾅﾐｱｼｶﾞﾗ
5147,ｶﾅｶﾞﾜｾｲｼﾖｳﾉｳｷﾖｳ,044,ｵｶﾓﾄ
5147,ｶﾅｶﾞﾜｾｲｼﾖｳﾉｳｷﾖｳ,047,ﾌｸｻﾞﾜ
5147,ｶﾅｶﾞﾜｾｲｼﾖｳﾉｳｷﾖｳ,048,ｶｲｾｲ
5152,ｱﾂｷﾞｼﾉｳｷﾖｳ,001,ﾎﾝｼﾖ
5152,ｱﾂｷﾞｼﾉｳｷﾖｳ,002,ｴﾁ
5152,ｱﾂｷﾞｼﾉｳｷﾖｳ,003,ｵｷﾞﾉ
5152,ｱﾂｷﾞｼﾉｳｷﾖｳ,004,ﾑﾂｱｲ
5152,ｱﾂｷﾞｼﾉｳｷﾖｳ,005,ｺｱﾕ
5152,ｱﾂｷﾞｼﾉｳｷﾖｳ,006,ﾀﾏｶﾞﾜ
5152,ｱﾂｷﾞｼﾉｳｷﾖｳ,007,ﾅﾝﾓｳﾘ
5152,ｱﾂｷﾞｼﾉｳｷﾖｳ,008,ｱｲｶﾜ
5152,ｱﾂｷﾞｼﾉｳｷﾖｳ,009,ｷﾖｶﾜ
5152,ｱﾂｷﾞｼﾉｳｷﾖｳ,010,ｱｲｺｳ
5152,ｱﾂｷﾞｼﾉｳｷﾖｳ,012,ｴｷﾏｴ
5152,ｱﾂｷﾞｼﾉｳｷﾖｳ,013,ﾐﾔﾉｻﾄ
5152,ｱﾂｷﾞｼﾉｳｷﾖｳ,014,ｷﾀ
5152,ｱﾂｷﾞｼﾉｳｷﾖｳ,015,ｴﾁﾐﾅﾐ
5153,ｹﾝｵｳｱｲｶﾜﾉｳｷﾖｳ,001,ﾎﾝｼﾖ
5153,ｹﾝｵｳｱｲｶﾜﾉｳｷﾖｳ,002,ﾅｶﾂ
5153,ｹﾝｵｳｱｲｶﾜﾉｳｷﾖｳ,004,ﾀｶﾐﾈ
5153,ｹﾝｵｳｱｲｶﾜﾉｳｷﾖｳ,005,ﾊﾝﾊﾞﾗ
5159,ｻｶﾞﾐﾊﾗｼﾉｳｷﾖｳ,001,ﾎﾝﾃﾝ
5159,ｻｶﾞﾐﾊﾗｼﾉｳｷﾖｳ,002,ｱﾗｲｿ
5159,ｻｶﾞﾐﾊﾗｼﾉｳｷﾖｳ,003,ｱｻﾐｿﾞ
5159,ｻｶﾞﾐﾊﾗｼﾉｳｷﾖｳ,004,ｶﾐﾐｿﾞ
5159,ｻｶﾞﾐﾊﾗｼﾉｳｷﾖｳ,005,ﾀﾅ
5159,ｻｶﾞﾐﾊﾗｼﾉｳｷﾖｳ,006,ｵｵｻﾜ
5159,ｻｶﾞﾐﾊﾗｼﾉｳｷﾖｳ,007,ｱｻﾋ
5159,ｻｶﾞﾐﾊﾗｼﾉｳｷﾖｳ,008,ｵｵﾉ
5159,ｻｶﾞﾐﾊﾗｼﾉｳｷﾖｳ,009,ﾌﾁﾉﾍﾞ
5159,ｻｶﾞﾐﾊﾗｼﾉｳｷﾖｳ,010,ｱｲﾊﾗ
5159,ｻｶﾞﾐﾊﾗｼﾉｳｷﾖｳ,011,ﾁﾕｳｵｳ
5159,ｻｶﾞﾐﾊﾗｼﾉｳｷﾖｳ,012,ｱｻﾐｿﾞﾀﾞｲ
5159,ｻｶﾞﾐﾊﾗｼﾉｳｷﾖｳ,013,ｻｶﾞﾐｵｵﾉ
5159,ｻｶﾞﾐﾊﾗｼﾉｳｷﾖｳ,014,ﾋｶﾞｼﾘﾝｶﾝ
5159,ｻｶﾞﾐﾊﾗｼﾉｳｷﾖｳ,016,ｻｶﾞﾐﾕﾒｵｵﾄﾞｵﾘ
5162,ｶﾅｶﾞﾜﾂｸｲﾉｳｷﾖｳ,001,ﾎﾝﾃﾝ
5162,ｶﾅｶﾞﾜﾂｸｲﾉｳｷﾖｳ,003,ﾅｶﾉ
5162,ｶﾅｶﾞﾜﾂｸｲﾉｳｷﾖｳ,005,ｸｼｶﾜ
5162,ｶﾅｶﾞﾜﾂｸｲﾉｳｷﾖｳ,010,ｻｶﾞﾐｺ
5162,ｶﾅｶﾞﾜﾂｸｲﾉｳｷﾖｳ,012,ﾌｼﾞﾉ
5162,ｶﾅｶﾞﾜﾂｸｲﾉｳｷﾖｳ,018,ｶﾜｼﾘ
5162,ｶﾅｶﾞﾜﾂｸｲﾉｳｷﾖｳ,019,ﾊﾗｼﾞﾕｸ
5169,ﾌﾙ-ﾂﾔﾏﾅｼﾉｳｷﾖｳ,001,ﾎﾝｼﾖ
5169,ﾌﾙ-ﾂﾔﾏﾅｼﾉｳｷﾖｳ,005,ｶﾉｲﾜ
5169,ﾌﾙ-ﾂﾔﾏﾅｼﾉｳｷﾖｳ,011,ｴﾝｻﾞﾝ
5169,ﾌﾙ-ﾂﾔﾏﾅｼﾉｳｷﾖｳ,019,ﾃｷｾﾝ
5169,ﾌﾙ-ﾂﾔﾏﾅｼﾉｳｷﾖｳ,023,ｶﾂﾇﾏ
5199,ﾌｴﾌｷﾉｳｷﾖｳ,001,ﾔﾂｼﾛ
5199,ﾌｴﾌｷﾉｳｷﾖｳ,009,ﾃｷﾅﾝ
5199,ﾌｴﾌｷﾉｳｷﾖｳ,010,ﾐｻｶﾆｼ
5199,ﾌｴﾌｷﾉｳｷﾖｳ,012,ｲﾁﾉﾐﾔﾆｼ
5199,ﾌｴﾌｷﾉｳｷﾖｳ,015,ﾌｼﾞﾐ
5199,ﾌｴﾌｷﾉｳｷﾖｳ,020,ﾌｼﾞｶﾜｸﾞﾁｺ
5199,ﾌｴﾌｷﾉｳｷﾖｳ,100,ﾎﾝｼﾖ
5207,ﾔﾏﾅｼﾐﾗｲﾉｳｷﾖｳ,001,ﾎﾝﾃﾝ
5207,ﾔﾏﾅｼﾐﾗｲﾉｳｷﾖｳ,002,ｲﾁｶﾜ
5207,ﾔﾏﾅｼﾐﾗｲﾉｳｷﾖｳ,012,ﾛｸｺﾞｳ
5207,ﾔﾏﾅｼﾐﾗｲﾉｳｷﾖｳ,103,ｱｵﾔｷﾞ
5207,ﾔﾏﾅｼﾐﾗｲﾉｳｷﾖｳ,111,ﾐﾉﾌﾞ
5207,ﾔﾏﾅｼﾐﾗｲﾉｳｷﾖｳ,112,ｻｶｴ
5207,ﾔﾏﾅｼﾐﾗｲﾉｳｷﾖｳ,202,ﾘﾕｳｵｳ
5207,ﾔﾏﾅｼﾐﾗｲﾉｳｷﾖｳ,210,ｼﾖｳﾜ
5207,ﾔﾏﾅｼﾐﾗｲﾉｳｷﾖｳ,302,ﾔﾏｼﾛ
5207,ﾔﾏﾅｼﾐﾗｲﾉｳｷﾖｳ,311,ｱﾙﾌﾟｽﾄﾞｵﾘ
5243,ﾐﾅﾐｱﾙﾌﾟｽｼﾉｳｷﾖｳ,001,ﾎﾝﾃﾝ
5243,ﾐﾅﾐｱﾙﾌﾟｽｼﾉｳｷﾖｳ,010,ｼﾗﾈﾊﾂﾀ
5243,ﾐﾅﾐｱﾙﾌﾟｽｼﾉｳｷﾖｳ,012,ﾜｶｸｻ
5243,ﾐﾅﾐｱﾙﾌﾟｽｼﾉｳｷﾖｳ,020,ｸｼｶﾞﾀ
5243,ﾐﾅﾐｱﾙﾌﾟｽｼﾉｳｷﾖｳ,025,ｺｳｻｲ
5260,ﾘﾎｸﾉｳｷﾖｳ,001,ﾎﾝﾃﾝ
5260,ﾘﾎｸﾉｳｷﾖｳ,002,ﾆﾗｻｷ
5260,ﾘﾎｸﾉｳｷﾖｳ,014,ﾌﾀﾊﾞ
5260,ﾘﾎｸﾉｳｷﾖｳ,032,ﾎｸﾄ
5272,ｸﾚｲﾝﾉｳｷﾖｳ,004,ｲﾜｵ
5272,ｸﾚｲﾝﾉｳｷﾖｳ,006,ｼﾏﾀﾞ
5272,ｸﾚｲﾝﾉｳｷﾖｳ,007,ﾕｽﾞﾘﾊﾗ
5272,ｸﾚｲﾝﾉｳｷﾖｳ,014,ｵｵﾂｷ
5272,ｸﾚｲﾝﾉｳｷﾖｳ,017,ｻﾙﾊｼ
5272,ｸﾚｲﾝﾉｳｷﾖｳ,018,ﾄﾐﾊﾏ
5272,ｸﾚｲﾝﾉｳｷﾖｳ,021,ｳｴﾉﾊﾗ
5272,ｸﾚｲﾝﾉｳｷﾖｳ,022,ｶｾｲ
5272,ｸﾚｲﾝﾉｳｷﾖｳ,023,ﾔﾑﾗ
5272,ｸﾚｲﾝﾉｳｷﾖｳ,026,ﾖｼﾀﾞ
5272,ｸﾚｲﾝﾉｳｷﾖｳ,027,ﾌｼﾞﾄﾖｼｹﾞ
5272,ｸﾚｲﾝﾉｳｷﾖｳ,100,ﾎﾝﾃﾝ
5311,ﾅｶﾞﾉﾔﾂｶﾞﾀｹﾉｳｷﾖｳ,004,ｷﾀｱｲｷ
5311,ﾅｶﾞﾉﾔﾂｶﾞﾀｹﾉｳｷﾖｳ,005,ｶﾜｶﾐ
5311,ﾅｶﾞﾉﾔﾂｶﾞﾀｹﾉｳｷﾖｳ,006,ﾐﾅﾐﾏｷ
5311,ﾅｶﾞﾉﾔﾂｶﾞﾀｹﾉｳｷﾖｳ,007,ﾐﾅﾐｱｲｷ
5311,ﾅｶﾞﾉﾔﾂｶﾞﾀｹﾉｳｷﾖｳ,008,ﾉﾍﾞﾔﾏ
5311,ﾅｶﾞﾉﾔﾂｶﾞﾀｹﾉｳｷﾖｳ,100,ｺｳﾐ
5311,ﾅｶﾞﾉﾔﾂｶﾞﾀｹﾉｳｷﾖｳ,101,ﾎﾝｼﾖ
5330,ｶﾜｶﾐﾌﾞﾂｻﾝﾉｳｷﾖｳ,100,ﾎﾝｼﾖ
5335,ｻｸｱｻﾏﾉｳｷﾖｳ,006,ｻｸｲﾜﾑﾗﾀﾞ
5335,ｻｸｱｻﾏﾉｳｷﾖｳ,012,ｻｸﾉｻﾞﾜ
5335,ｻｸｱｻﾏﾉｳｷﾖｳ,022,ｻｸｳｽﾀﾞ
5335,ｻｸｱｻﾏﾉｳｷﾖｳ,025,ｻｸｿｳｺﾞｳﾋﾞﾖｳｲﾝ
5335,ｻｸｱｻﾏﾉｳｷﾖｳ,027,ｻｸﾎ
5335,ｻｸｱｻﾏﾉｳｷﾖｳ,040,ｺﾓﾛ
5335,ｻｸｱｻﾏﾉｳｷﾖｳ,049,ﾐﾖﾀ
5335,ｻｸｱｻﾏﾉｳｷﾖｳ,051,ｶﾙｲｻﾞﾜ
5335,ｻｸｱｻﾏﾉｳｷﾖｳ,060,ｻｸﾓﾁﾂﾞｷ
5335,ｻｸｱｻﾏﾉｳｷﾖｳ,068,ﾀﾃｼﾅ
5335,ｻｸｱｻﾏﾉｳｷﾖｳ,071,ｷﾀﾐﾏｷ
5335,ｻｸｱｻﾏﾉｳｷﾖｳ,100,ﾎﾝｼﾖ
5348,ｼﾝｼﾕｳｳｴﾀﾞﾉｳｷﾖｳ,002,ﾄｳﾐ
5348,ｼﾝｼﾕｳｳｴﾀﾞﾉｳｷﾖｳ,008,ｳｴﾀﾞﾋｶﾞｼ
5348,ｼﾝｼﾕｳｳｴﾀﾞﾉｳｷﾖｳ,011,ｳｴﾀﾞﾆｼ
5348,ｼﾝｼﾕｳｳｴﾀﾞﾉｳｷﾖｳ,020,ｻﾅﾀﾞ
5348,ｼﾝｼﾕｳｳｴﾀﾞﾉｳｷﾖｳ,029,ﾏﾙｺ
5348,ｼﾝｼﾕｳｳｴﾀﾞﾉｳｷﾖｳ,031,ﾖﾀﾞｸﾎﾞﾅﾝﾌﾞ
5348,ｼﾝｼﾕｳｳｴﾀﾞﾉｳｷﾖｳ,037,ｱｵｷ
5348,ｼﾝｼﾕｳｳｴﾀﾞﾉｳｷﾖｳ,040,ｼｵﾀﾞ
5348,ｼﾝｼﾕｳｳｴﾀﾞﾉｳｷﾖｳ,101,ﾎﾝｼﾖ
5372,ｼﾝｼﾕｳｽﾜﾉｳｷﾖｳ,001,ﾁﾉﾁﾕｳｵｳ
5372,ｼﾝｼﾕｳｽﾜﾉｳｷﾖｳ,004,ﾁﾉﾎｸﾌﾞ
5372,ｼﾝｼﾕｳｽﾜﾉｳｷﾖｳ,006,ﾁﾉﾅﾝﾌﾞ
5372,ｼﾝｼﾕｳｽﾜﾉｳｷﾖｳ,020,ﾊﾗﾑﾗ
5372,ｼﾝｼﾕｳｽﾜﾉｳｷﾖｳ,030,ﾌｼﾞﾐﾏﾁﾁﾕｳｵｳ
5372,ｼﾝｼﾕｳｽﾜﾉｳｷﾖｳ,052,ｵｶﾔ
5372,ｼﾝｼﾕｳｽﾜﾉｳｷﾖｳ,060,ｼﾓｽﾜ
5372,ｼﾝｼﾕｳｽﾜﾉｳｷﾖｳ,071,ｽﾜ
5372,ｼﾝｼﾕｳｽﾜﾉｳｷﾖｳ,074,ｽﾜﾁﾕｳｵｳ
5372,ｼﾝｼﾕｳｽﾜﾉｳｷﾖｳ,100,ﾎﾝｼﾖ
5384,ｶﾐｲﾅﾉｳｷﾖｳ,001,ﾐﾅﾐﾐﾉﾜ
5384,ｶﾐｲﾅﾉｳｷﾖｳ,002,ﾆｼﾐﾉﾜ
5384,ｶﾐｲﾅﾉｳｷﾖｳ,003,ｲﾅ
5384,ｶﾐｲﾅﾉｳｷﾖｳ,005,ﾐｽｽﾞﾃﾗ
5384,ｶﾐｲﾅﾉｳｷﾖｳ,006,ﾄﾐｶﾞﾀ
5384,ｶﾐｲﾅﾉｳｷﾖｳ,008,ﾊﾙﾄﾐ
5384,ｶﾐｲﾅﾉｳｷﾖｳ,009,ﾆｼﾊﾙﾁｶ
5384,ｶﾐｲﾅﾉｳｷﾖｳ,011,ﾀﾂﾉ
5384,ｶﾐｲﾅﾉｳｷﾖｳ,021,ﾐﾉﾜﾏﾁ
5384,ｶﾐｲﾅﾉｳｷﾖｳ,031,ｺﾏｶﾞﾈ
5384,ｶﾐｲﾅﾉｳｷﾖｳ,033,ｺﾏｶﾞﾈﾋｶﾞｼ
5384,ｶﾐｲﾅﾉｳｷﾖｳ,034,ｲｲｼﾞﾏ
5384,ｶﾐｲﾅﾉｳｷﾖｳ,037,ﾅｶｶﾞﾜ
5384,ｶﾐｲﾅﾉｳｷﾖｳ,038,ﾐﾔﾀﾞ
5384,ｶﾐｲﾅﾉｳｷﾖｳ,041,ﾄｳﾌﾞ
5384,ｶﾐｲﾅﾉｳｷﾖｳ,100,ﾎﾝｼﾖ
5405,ﾐﾅﾐｼﾝｼﾕｳﾉｳｷﾖｳ,004,ｶﾅｴ
5405,ﾐﾅﾐｼﾝｼﾕｳﾉｳｷﾖｳ,005,ﾏﾂｵ
5405,ﾐﾅﾐｼﾝｼﾕｳﾉｳｷﾖｳ,006,ｲｶﾞﾗ
5405,ﾐﾅﾐｼﾝｼﾕｳﾉｳｷﾖｳ,007,ﾔﾏﾓﾄ
5405,ﾐﾅﾐｼﾝｼﾕｳﾉｳｷﾖｳ,012,ｶﾐｻﾄ
5405,ﾐﾅﾐｼﾝｼﾕｳﾉｳｷﾖｳ,013,ｲｲﾀﾞ
5405,ﾐﾅﾐｼﾝｼﾕｳﾉｳｷﾖｳ,025,ﾏﾂｶﾜ
5405,ﾐﾅﾐｼﾝｼﾕｳﾉｳｷﾖｳ,030,ﾀｶﾓﾘ
5405,ﾐﾅﾐｼﾝｼﾕｳﾉｳｷﾖｳ,040,ﾄﾖｵｶ
5405,ﾐﾅﾐｼﾝｼﾕｳﾉｳｷﾖｳ,043,ﾀｶｷﾞ
5405,ﾐﾅﾐｼﾝｼﾕｳﾉｳｷﾖｳ,051,ﾀﾂｵｶ
5405,ﾐﾅﾐｼﾝｼﾕｳﾉｳｷﾖｳ,058,ｼﾓﾋｻｶﾀ
5405,ﾐﾅﾐｼﾝｼﾕｳﾉｳｷﾖｳ,060,ｱﾁ
5405,ﾐﾅﾐｼﾝｼﾕｳﾉｳｷﾖｳ,070,ｱﾅﾝ
5405,ﾐﾅﾐｼﾝｼﾕｳﾉｳｷﾖｳ,073,ｼﾓｼﾞﾖｳ
5405,ﾐﾅﾐｼﾝｼﾕｳﾉｳｷﾖｳ,078,ﾐﾅﾐｼﾅﾉ
5405,ﾐﾅﾐｼﾝｼﾕｳﾉｳｷﾖｳ,100,ﾎﾝｼﾖ
5437,ｼﾓｲﾅｴﾝｹﾞｲﾉｳｷﾖｳ,100,ﾎﾝｼﾖ
5441,ｷｿﾉｳｷﾖｳ,008,ﾅﾝﾌﾞ
5441,ｷｿﾉｳｷﾖｳ,021,ﾁﾕｳﾌﾞ
5441,ｷｿﾉｳｷﾖｳ,023,ﾎｸﾌﾞ
5441,ｷｿﾉｳｷﾖｳ,100,ﾎﾝｼﾖ
5448,ﾏﾂﾓﾄﾊｲﾗﾝﾄﾞﾉｳｷﾖｳ,001,ｼﾏｳﾁ
5448,ﾏﾂﾓﾄﾊｲﾗﾝﾄﾞﾉｳｷﾖｳ,003,ｼﾏﾀﾞﾁ
5448,ﾏﾂﾓﾄﾊｲﾗﾝﾄﾞﾉｳｷﾖｳ,004,ﾆｲﾑﾗ
5448,ﾏﾂﾓﾄﾊｲﾗﾝﾄﾞﾉｳｷﾖｳ,005,ﾜﾀﾞ
5448,ﾏﾂﾓﾄﾊｲﾗﾝﾄﾞﾉｳｷﾖｳ,006,ｶﾝﾊﾞﾔｼ
5448,ﾏﾂﾓﾄﾊｲﾗﾝﾄﾞﾉｳｷﾖｳ,007,ｻｻｶﾞ
5448,ﾏﾂﾓﾄﾊｲﾗﾝﾄﾞﾉｳｷﾖｳ,008,ﾖｼｶﾜ
5448,ﾏﾂﾓﾄﾊｲﾗﾝﾄﾞﾉｳｷﾖｳ,009,ﾅｶﾔﾏｺﾄﾌﾞｷ
5448,ﾏﾂﾓﾄﾊｲﾗﾝﾄﾞﾉｳｷﾖｳ,010,ﾒﾄﾊﾞ
5448,ﾏﾂﾓﾄﾊｲﾗﾝﾄﾞﾉｳｷﾖｳ,011,ﾔﾏﾍﾞ
5448,ﾏﾂﾓﾄﾊｲﾗﾝﾄﾞﾉｳｷﾖｳ,012,ｲﾏｲ
5448,ﾏﾂﾓﾄﾊｲﾗﾝﾄﾞﾉｳｷﾖｳ,017,ﾊﾀ
5448,ﾏﾂﾓﾄﾊｲﾗﾝﾄﾞﾉｳｷﾖｳ,018,ﾔﾏｶﾞﾀ
5448,ﾏﾂﾓﾄﾊｲﾗﾝﾄﾞﾉｳｷﾖｳ,019,ｱｶｼﾅ
5448,ﾏﾂﾓﾄﾊｲﾗﾝﾄﾞﾉｳｷﾖｳ,021,ｲｸｻｶ
5448,ﾏﾂﾓﾄﾊｲﾗﾝﾄﾞﾉｳｷﾖｳ,022,ｼｶﾞ
5448,ﾏﾂﾓﾄﾊｲﾗﾝﾄﾞﾉｳｷﾖｳ,025,ｵﾐ
5448,ﾏﾂﾓﾄﾊｲﾗﾝﾄﾞﾉｳｷﾖｳ,026,ｾｲﾅﾝ
5448,ﾏﾂﾓﾄﾊｲﾗﾝﾄﾞﾉｳｷﾖｳ,030,ｱｻﾋ
5448,ﾏﾂﾓﾄﾊｲﾗﾝﾄﾞﾉｳｷﾖｳ,031,ﾏﾂﾓﾄ
5448,ﾏﾂﾓﾄﾊｲﾗﾝﾄﾞﾉｳｷﾖｳ,032,ｼｵｼﾞﾘ
5448,ﾏﾂﾓﾄﾊｲﾗﾝﾄﾞﾉｳｷﾖｳ,036,ﾋﾛｵｶ
5448,ﾏﾂﾓﾄﾊｲﾗﾝﾄﾞﾉｳｷﾖｳ,100,ﾎﾝｼﾖ
5462,ｾﾊﾞﾉｳｷﾖｳ,100,ﾎﾝｼﾖ
5466,ｱﾂﾞﾐﾉｳｷﾖｳ,002,ﾎﾀｶ
5466,ｱﾂﾞﾐﾉｳｷﾖｳ,004,ﾎﾘｶﾞﾈ
5466,ｱﾂﾞﾐﾉｳｷﾖｳ,006,ﾄﾖｼﾅ
5466,ｱﾂﾞﾐﾉｳｷﾖｳ,013,ｱｽﾞｻｶﾞﾜ
5466,ｱﾂﾞﾐﾉｳｷﾖｳ,016,ｱﾘｱｹ
5466,ｱﾂﾞﾐﾉｳｷﾖｳ,018,ﾐｻﾄ
5466,ｱﾂﾞﾐﾉｳｷﾖｳ,100,ﾎﾝｼﾖ
5470,ﾀﾞｲﾎｸﾉｳｷﾖｳ,003,ｲｹﾀﾞ
5470,ﾀﾞｲﾎｸﾉｳｷﾖｳ,005,ﾏﾂｶﾜ
5470,ﾀﾞｲﾎｸﾉｳｷﾖｳ,009,ﾊｸﾊﾞ
5470,ﾀﾞｲﾎｸﾉｳｷﾖｳ,010,ｵﾀﾘ
5470,ﾀﾞｲﾎｸﾉｳｷﾖｳ,013,ｵｵﾏﾁ
5470,ﾀﾞｲﾎｸﾉｳｷﾖｳ,100,ﾎﾝｼﾖ
5477,ｸﾞﾘ-ﾝﾅｶﾞﾉﾉｳｷﾖｳ,001,ｼﾉﾉｲ
5477,ｸﾞﾘ-ﾝﾅｶﾞﾉﾉｳｷﾖｳ,002,ｼｵｻﾞｷ
5477,ｸﾞﾘ-ﾝﾅｶﾞﾉﾉｳｷﾖｳ,003,ｾﾝﾘﾕｳ
5477,ｸﾞﾘ-ﾝﾅｶﾞﾉﾉｳｷﾖｳ,004,ﾉﾌﾞｻﾄ
5477,ｸﾞﾘ-ﾝﾅｶﾞﾉﾉｳｷﾖｳ,005,ｷﾖｳﾜ
5477,ｸﾞﾘ-ﾝﾅｶﾞﾉﾉｳｷﾖｳ,006,ｼﾉﾉｲﾋｶﾞｼ
5477,ｸﾞﾘ-ﾝﾅｶﾞﾉﾉｳｷﾖｳ,010,ﾉﾌﾞﾀ
5477,ｸﾞﾘ-ﾝﾅｶﾞﾉﾉｳｷﾖｳ,011,ｺｳﾌ
5477,ｸﾞﾘ-ﾝﾅｶﾞﾉﾉｳｷﾖｳ,012,ｵｵｵｶ
5477,ｸﾞﾘ-ﾝﾅｶﾞﾉﾉｳｷﾖｳ,013,ﾏﾂｼﾛ
5477,ｸﾞﾘ-ﾝﾅｶﾞﾉﾉｳｷﾖｳ,017,ﾏﾂｼﾛﾋｶﾞｼ
5477,ｸﾞﾘ-ﾝﾅｶﾞﾉﾉｳｷﾖｳ,018,ﾃﾗｵ
5477,ｸﾞﾘ-ﾝﾅｶﾞﾉﾉｳｷﾖｳ,020,ﾅｶﾂ
5477,ｸﾞﾘ-ﾝﾅｶﾞﾉﾉｳｷﾖｳ,021,ﾐｸﾘﾔ
5477,ｸﾞﾘ-ﾝﾅｶﾞﾉﾉｳｷﾖｳ,022,ｶﾜﾅｶｼﾞﾏ
5477,ｸﾞﾘ-ﾝﾅｶﾞﾉﾉｳｷﾖｳ,024,ｺｳﾎｸ
5477,ｸﾞﾘ-ﾝﾅｶﾞﾉﾉｳｷﾖｳ,026,ｱｵｷｼﾞﾏ
5477,ｸﾞﾘ-ﾝﾅｶﾞﾉﾉｳｷﾖｳ,027,ﾏｼﾏ
5477,ｸﾞﾘ-ﾝﾅｶﾞﾉﾉｳｷﾖｳ,028,ﾜｶﾎ
5477,ｸﾞﾘ-ﾝﾅｶﾞﾉﾉｳｷﾖｳ,029,ﾜﾀｳﾁ
5477,ｸﾞﾘ-ﾝﾅｶﾞﾉﾉｳｷﾖｳ,100,ﾎﾝｼﾖ
5491,ﾅｶﾉｼﾉｳｷﾖｳ,100,ﾎﾝｼﾖ
5499,ﾅｶﾞﾉﾉｳｷﾖｳ,002,ｼﾅﾉﾏﾁ
5499,ﾅｶﾞﾉﾉｳｷﾖｳ,006,ｲｲﾂﾞﾅ
5499,ﾅｶﾞﾉﾉｳｷﾖｳ,009,ﾄﾖﾉﾏﾁ
5499,ﾅｶﾞﾉﾉｳｷﾖｳ,014,ﾅｶﾞﾉﾀﾞｲﾗﾐﾅﾐ
5499,ﾅｶﾞﾉﾉｳｷﾖｳ,020,ｽｿﾊﾞﾅ
5499,ﾅｶﾞﾉﾉｳｷﾖｳ,023,ｷﾅｻ
5499,ﾅｶﾞﾉﾉｳｷﾖｳ,024,ﾆｼﾔﾏ
5499,ﾅｶﾞﾉﾉｳｷﾖｳ,026,ｼﾝｼﾕｳｼﾝﾏﾁ
5499,ﾅｶﾞﾉﾉｳｷﾖｳ,027,ﾅｶﾞﾉﾀﾞｲﾗ
5499,ﾅｶﾞﾉﾉｳｷﾖｳ,031,ﾖｼﾀﾞ
5499,ﾅｶﾞﾉﾉｳｷﾖｳ,038,ｾﾘﾀ
5499,ﾅｶﾞﾉﾉｳｷﾖｳ,039,ｺﾏｷ
5499,ﾅｶﾞﾉﾉｳｷﾖｳ,040,ｱﾓﾘ
5499,ﾅｶﾞﾉﾉｳｷﾖｳ,045,ｼｶﾞｺｳｹﾞﾝ
5499,ﾅｶﾞﾉﾉｳｷﾖｳ,052,ﾁｸﾏﾊﾆﾕｳ
5499,ﾅｶﾞﾉﾉｳｷﾖｳ,053,ﾔｼﾛ
5499,ﾅｶﾞﾉﾉｳｷﾖｳ,054,ﾔﾜﾀ
5499,ﾅｶﾞﾉﾉｳｷﾖｳ,056,ｻｶｷ
5499,ﾅｶﾞﾉﾉｳｷﾖｳ,060,ｽｻﾞｶ
5499,ﾅｶﾞﾉﾉｳｷﾖｳ,063,ﾀｶﾔﾏ
5499,ﾅｶﾞﾉﾉｳｷﾖｳ,064,ｵﾌﾞｾ
5499,ﾅｶﾞﾉﾉｳｷﾖｳ,070,ｲｲﾔﾏ
5499,ﾅｶﾞﾉﾉｳｷﾖｳ,073,ﾉｻﾞﾜｵﾝｾﾝ
5499,ﾅｶﾞﾉﾉｳｷﾖｳ,074,ｻｶｴ
5499,ﾅｶﾞﾉﾉｳｷﾖｳ,075,ｷｼﾞﾏﾀﾞｲﾗ
5499,ﾅｶﾞﾉﾉｳｷﾖｳ,077,ﾄｷﾜ
5499,ﾅｶﾞﾉﾉｳｷﾖｳ,079,ﾄﾖﾀ
5499,ﾅｶﾞﾉﾉｳｷﾖｳ,101,ﾎﾝｼﾖ
5554,ｷﾀﾆｲｶﾞﾀﾉｳｷﾖｳ,001,ﾎﾝﾃﾝ
5554,ｷﾀﾆｲｶﾞﾀﾉｳｷﾖｳ,002,ｼﾊﾞﾀ
5554,ｷﾀﾆｲｶﾞﾀﾉｳｷﾖｳ,003,ﾁﾕｳｵｳ
5554,ｷﾀﾆｲｶﾞﾀﾉｳｷﾖｳ,020,ﾄﾖｳﾗ
5554,ｷﾀﾆｲｶﾞﾀﾉｳｷﾖｳ,030,ｾｲﾛｳ
5554,ｷﾀﾆｲｶﾞﾀﾉｳｷﾖｳ,040,ｶｼﾞ
5554,ｷﾀﾆｲｶﾞﾀﾉｳｷﾖｳ,050,ｼｳﾝｼﾞ
5554,ｷﾀﾆｲｶﾞﾀﾉｳｷﾖｳ,060,ﾀｲﾅｲ
5554,ｷﾀﾆｲｶﾞﾀﾉｳｷﾖｳ,070,ｶﾐﾊﾔｼ
5554,ｷﾀﾆｲｶﾞﾀﾉｳｷﾖｳ,080,ｾｷｶﾜ
5554,ｷﾀﾆｲｶﾞﾀﾉｳｷﾖｳ,090,ｱﾗｶﾜ
5554,ｷﾀﾆｲｶﾞﾀﾉｳｷﾖｳ,100,ﾑﾗｶﾐ
5554,ｷﾀﾆｲｶﾞﾀﾉｳｷﾖｳ,110,ｱｻﾋ
5554,ｷﾀﾆｲｶﾞﾀﾉｳｷﾖｳ,120,ｻﾝﾎﾟｸ
5600,ﾆｲｶﾞﾀｶｶﾞﾔｷﾉｳｷﾖｳ,001,ﾎﾝﾃﾝ
5600,ﾆｲｶﾞﾀｶｶﾞﾔｷﾉｳｷﾖｳ,006,ｺｼﾜ
5600,ﾆｲｶﾞﾀｶｶﾞﾔｷﾉｳｷﾖｳ,010,ｲﾜﾑﾛ
5600,ﾆｲｶﾞﾀｶｶﾞﾔｷﾉｳｷﾖｳ,013,ﾔﾋｺ
5600,ﾆｲｶﾞﾀｶｶﾞﾔｷﾉｳｷﾖｳ,014,ﾌﾞﾝｽｲ
5600,ﾆｲｶﾞﾀｶｶﾞﾔｷﾉｳｷﾖｳ,017,ﾖｼﾀﾞ
5600,ﾆｲｶﾞﾀｶｶﾞﾔｷﾉｳｷﾖｳ,020,ｸﾛｻｷ
5600,ﾆｲｶﾞﾀｶｶﾞﾔｷﾉｳｷﾖｳ,024,ﾁﾕｳｵｳ
5600,ﾆｲｶﾞﾀｶｶﾞﾔｷﾉｳｷﾖｳ,026,ﾅｶﾉｸﾁ
5600,ﾆｲｶﾞﾀｶｶﾞﾔｷﾉｳｷﾖｳ,027,ﾆｼｶﾜ
5600,ﾆｲｶﾞﾀｶｶﾞﾔｷﾉｳｷﾖｳ,028,ﾂﾊﾞﾒ
5600,ﾆｲｶﾞﾀｶｶﾞﾔｷﾉｳｷﾖｳ,101,ｼﾛﾈﾐﾅﾐ
5600,ﾆｲｶﾞﾀｶｶﾞﾔｷﾉｳｷﾖｳ,102,ｼﾛﾈｷﾀ
5600,ﾆｲｶﾞﾀｶｶﾞﾔｷﾉｳｷﾖｳ,103,ｺﾞｾﾝ
5600,ﾆｲｶﾞﾀｶｶﾞﾔｷﾉｳｷﾖｳ,104,ﾑﾗﾏﾂ
5600,ﾆｲｶﾞﾀｶｶﾞﾔｷﾉｳｷﾖｳ,105,ｱｶﾞ
5600,ﾆｲｶﾞﾀｶｶﾞﾔｷﾉｳｷﾖｳ,106,ﾖｺｺﾞｼ
5600,ﾆｲｶﾞﾀｶｶﾞﾔｷﾉｳｷﾖｳ,107,ｶﾒﾀﾞ
5600,ﾆｲｶﾞﾀｶｶﾞﾔｷﾉｳｷﾖｳ,108,ｻｶｲﾜ
5600,ﾆｲｶﾞﾀｶｶﾞﾔｷﾉｳｷﾖｳ,109,ﾆｲｶﾞﾀﾆｼ
5600,ﾆｲｶﾞﾀｶｶﾞﾔｷﾉｳｷﾖｳ,110,ﾅｶﾉｺﾔ
5600,ﾆｲｶﾞﾀｶｶﾞﾔｷﾉｳｷﾖｳ,113,ﾆｲﾂ
5600,ﾆｲｶﾞﾀｶｶﾞﾔｷﾉｳｷﾖｳ,114,ｵｷﾞｶﾜ
5600,ﾆｲｶﾞﾀｶｶﾞﾔｷﾉｳｷﾖｳ,115,ｺｽﾄﾞ
5600,ﾆｲｶﾞﾀｶｶﾞﾔｷﾉｳｷﾖｳ,116,ｱｶﾞﾉ
5600,ﾆｲｶﾞﾀｶｶﾞﾔｷﾉｳｷﾖｳ,117,ﾔｽﾀﾞ
5600,ﾆｲｶﾞﾀｶｶﾞﾔｷﾉｳｷﾖｳ,118,ｷﾖｳｶﾞｾ
5600,ﾆｲｶﾞﾀｶｶﾞﾔｷﾉｳｷﾖｳ,119,ｻｻｶﾐ
5666,ｴﾁｺﾞﾁﾕｳｴﾂﾉｳｷﾖｳ,001,ﾎﾝﾃﾝ
5666,ｴﾁｺﾞﾁﾕｳｴﾂﾉｳｷﾖｳ,005,ﾅｶﾞｵｶ
5666,ｴﾁｺﾞﾁﾕｳｴﾂﾉｳｷﾖｳ,008,ﾅｶﾞｵｶｷﾀ
5666,ｴﾁｺﾞﾁﾕｳｴﾂﾉｳｷﾖｳ,011,ｶﾐｶﾜﾆｼ
5666,ｴﾁｺﾞﾁﾕｳｴﾂﾉｳｷﾖｳ,021,ﾐﾔｳﾁ
5666,ｴﾁｺﾞﾁﾕｳｴﾂﾉｳｷﾖｳ,023,ﾋｺﾞｼ
5666,ｴﾁｺﾞﾁﾕｳｴﾂﾉｳｷﾖｳ,060,ﾄﾁｵ
5666,ｴﾁｺﾞﾁﾕｳｴﾂﾉｳｷﾖｳ,101,ﾃﾗﾄﾞﾏﾘ
5666,ｴﾁｺﾞﾁﾕｳｴﾂﾉｳｷﾖｳ,102,ｲｽﾞﾓｻﾞｷ
5666,ｴﾁｺﾞﾁﾕｳｴﾂﾉｳｷﾖｳ,103,ﾐｼﾏ
5666,ｴﾁｺﾞﾁﾕｳｴﾂﾉｳｷﾖｳ,104,ｺｼｼﾞ
5666,ｴﾁｺﾞﾁﾕｳｴﾂﾉｳｷﾖｳ,105,ｻﾝｼﾞﾖｳ
5666,ｴﾁｺﾞﾁﾕｳｴﾂﾉｳｷﾖｳ,106,ｶﾓ
5666,ｴﾁｺﾞﾁﾕｳｴﾂﾉｳｷﾖｳ,107,ﾀｶﾞﾐ
5666,ｴﾁｺﾞﾁﾕｳｴﾂﾉｳｷﾖｳ,108,ｼﾀﾀﾞ
5666,ｴﾁｺﾞﾁﾕｳｴﾂﾉｳｷﾖｳ,109,ｲﾁｲ
5666,ｴﾁｺﾞﾁﾕｳｴﾂﾉｳｷﾖｳ,110,ﾐﾂｹﾋｶﾞｼ
5666,ｴﾁｺﾞﾁﾕｳｴﾂﾉｳｷﾖｳ,111,ﾐﾂｹﾆｼ
5666,ｴﾁｺﾞﾁﾕｳｴﾂﾉｳｷﾖｳ,112,ﾅｶﾉｼﾏ
5666,ｴﾁｺﾞﾁﾕｳｴﾂﾉｳｷﾖｳ,113,ﾁﾕｳｵｳｶｼﾜｻﾞｷ
5666,ｴﾁｺﾞﾁﾕｳｴﾂﾉｳｷﾖｳ,114,ﾄｳﾌﾞﾀｼﾞﾘ
5666,ｴﾁｺﾞﾁﾕｳｴﾂﾉｳｷﾖｳ,115,ｵｸﾞﾆ
5666,ｴﾁｺﾞﾁﾕｳｴﾂﾉｳｷﾖｳ,116,ｶﾘﾜ
5707,ﾐﾅﾐｳｵﾇﾏﾉｳｷﾖｳ,001,ﾎﾝﾃﾝ
5707,ﾐﾅﾐｳｵﾇﾏﾉｳｷﾖｳ,002,ﾑｲｶﾏﾁ
5707,ﾐﾅﾐｳｵﾇﾏﾉｳｷﾖｳ,004,ﾑｲｶﾏﾁﾁﾕｳｵｳ
5707,ﾐﾅﾐｳｵﾇﾏﾉｳｷﾖｳ,007,ｳﾗｻ
5707,ﾐﾅﾐｳｵﾇﾏﾉｳｷﾖｳ,012,ｼｵｻﾞﾜ
5707,ﾐﾅﾐｳｵﾇﾏﾉｳｷﾖｳ,015,ﾕｻﾞﾜ
5714,ｳｵﾇﾏﾉｳｷﾖｳ,001,ﾎﾝﾃﾝ
5714,ｳｵﾇﾏﾉｳｷﾖｳ,004,ｷﾀﾊﾗ
5714,ｳｵﾇﾏﾉｳｷﾖｳ,007,ﾖｼﾀﾞ
5714,ｳｵﾇﾏﾉｳｷﾖｳ,012,ｶﾜｼﾞ
5714,ｳｵﾇﾏﾉｳｷﾖｳ,016,ﾄｵｶﾏﾁ
5714,ｳｵﾇﾏﾉｳｷﾖｳ,021,ｶﾜﾆｼ
5714,ｳｵﾇﾏﾉｳｷﾖｳ,031,ﾅｶｻﾄ
5714,ｳｵﾇﾏﾉｳｷﾖｳ,041,ﾏﾂﾀﾞｲ
5714,ｳｵﾇﾏﾉｳｷﾖｳ,061,ｵﾁﾞﾔ
5714,ｳｵﾇﾏﾉｳｷﾖｳ,062,ｶﾀｶｲ
5714,ｳｵﾇﾏﾉｳｷﾖｳ,071,ｺｲﾃﾞ
5714,ｳｵﾇﾏﾉｳｷﾖｳ,072,ﾎﾘﾉｳﾁ
5714,ｳｵﾇﾏﾉｳｷﾖｳ,073,ﾋﾛｾ
5714,ｳｵﾇﾏﾉｳｷﾖｳ,074,ｶﾜｸﾞﾁ
5714,ｳｵﾇﾏﾉｳｷﾖｳ,081,ﾂﾅﾝ
5768,ｴﾁｺﾞｼﾞﾖｳｴﾂﾉｳｷﾖｳ,001,ﾎﾝﾃﾝ
5768,ｴﾁｺﾞｼﾞﾖｳｴﾂﾉｳｷﾖｳ,002,ﾜﾀﾞ
5768,ｴﾁｺﾞｼﾞﾖｳｴﾂﾉｳｷﾖｳ,003,ﾁﾕｳｵｳ
5768,ｴﾁｺﾞｼﾞﾖｳｴﾂﾉｳｷﾖｳ,005,ｶｽｶﾞ
5768,ｴﾁｺﾞｼﾞﾖｳｴﾂﾉｳｷﾖｳ,010,ｱﾘﾀ
5768,ｴﾁｺﾞｼﾞﾖｳｴﾂﾉｳｷﾖｳ,011,ﾔﾁﾎﾐﾅﾐｶﾞﾜ
5768,ｴﾁｺﾞｼﾞﾖｳｴﾂﾉｳｷﾖｳ,015,ﾀﾆﾊﾏ
5768,ｴﾁｺﾞｼﾞﾖｳｴﾂﾉｳｷﾖｳ,025,ﾄﾐｵｶ
5768,ｴﾁｺﾞｼﾞﾖｳｴﾂﾉｳｷﾖｳ,027,ｼﾞﾖｳｴﾂ
5768,ｴﾁｺﾞｼﾞﾖｳｴﾂﾉｳｷﾖｳ,030,ｻﾝﾜ
5768,ｴﾁｺﾞｼﾞﾖｳｴﾂﾉｳｷﾖｳ,035,ｷﾖｻﾄ
5768,ｴﾁｺﾞｼﾞﾖｳｴﾂﾉｳｷﾖｳ,040,ﾏｷ
5768,ｴﾁｺﾞｼﾞﾖｳｴﾂﾉｳｷﾖｳ,051,ﾅﾀﾞﾁ
5768,ｴﾁｺﾞｼﾞﾖｳｴﾂﾉｳｷﾖｳ,060,ﾋｶﾘ
5768,ｴﾁｺﾞｼﾞﾖｳｴﾂﾉｳｷﾖｳ,070,ｲﾄｲｶﾞﾜ
5768,ｴﾁｺﾞｼﾞﾖｳｴﾂﾉｳｷﾖｳ,080,ﾉｳ
5768,ｴﾁｺﾞｼﾞﾖｳｴﾂﾉｳｷﾖｳ,090,ｵｳﾐ
5768,ｴﾁｺﾞｼﾞﾖｳｴﾂﾉｳｷﾖｳ,101,ﾔｽﾂﾞｶ
5768,ｴﾁｺﾞｼﾞﾖｳｴﾂﾉｳｷﾖｳ,110,ｳﾗｶﾞﾜﾗ
5768,ｴﾁｺﾞｼﾞﾖｳｴﾂﾉｳｷﾖｳ,120,ｵｵｼﾏ
5768,ｴﾁｺﾞｼﾞﾖｳｴﾂﾉｳｷﾖｳ,202,ﾊﾏﾅｽ
5768,ｴﾁｺﾞｼﾞﾖｳｴﾂﾉｳｷﾖｳ,211,ｵｵｶﾞﾀ
5768,ｴﾁｺﾞｼﾞﾖｳｴﾂﾉｳｷﾖｳ,221,ｸﾋﾞｷ
5768,ｴﾁｺﾞｼﾞﾖｳｴﾂﾉｳｷﾖｳ,231,ﾖｼｶﾜ
5768,ｴﾁｺﾞｼﾞﾖｳｴﾂﾉｳｷﾖｳ,302,ｱﾗｲ
5768,ｴﾁｺﾞｼﾞﾖｳｴﾂﾉｳｷﾖｳ,307,ｲｽﾞﾐ
5768,ｴﾁｺﾞｼﾞﾖｳｴﾂﾉｳｷﾖｳ,312,ﾅｶｺﾞｳ
5768,ｴﾁｺﾞｼﾞﾖｳｴﾂﾉｳｷﾖｳ,313,ｲﾀｸﾗ
5768,ｴﾁｺﾞｼﾞﾖｳｴﾂﾉｳｷﾖｳ,316,ｾｷﾔﾏ
5768,ｴﾁｺﾞｼﾞﾖｳｴﾂﾉｳｷﾖｳ,320,ﾐﾖｳｺｳｺｳｹﾞﾝ
5832,ｻﾄﾞﾉｳｷﾖｳ,001,ﾎﾝﾃﾝ
5832,ｻﾄﾞﾉｳｷﾖｳ,010,ｻﾜﾀﾞ
5832,ｻﾄﾞﾉｳｷﾖｳ,015,ｶﾅｲ
5832,ｻﾄﾞﾉｳｷﾖｳ,022,ﾆｲﾎﾞ
5832,ｻﾄﾞﾉｳｷﾖｳ,024,ﾊﾀﾉ
5832,ｻﾄﾞﾉｳｷﾖｳ,029,ﾏﾉ
5832,ｻﾄﾞﾉｳｷﾖｳ,035,ﾊﾓﾁ
5832,ｻﾄﾞﾉｳｷﾖｳ,043,ﾘﾖｳﾂ
5864,ﾆｲｶﾞﾀｼﾉｳｷﾖｳ,001,ﾎﾝﾃﾝ
5864,ﾆｲｶﾞﾀｼﾉｳｷﾖｳ,002,ｲｼﾔﾏ
5864,ﾆｲｶﾞﾀｼﾉｳｷﾖｳ,004,ﾅﾝﾌﾞ
5864,ﾆｲｶﾞﾀｼﾉｳｷﾖｳ,008,ﾎｸﾌﾞ
5864,ﾆｲｶﾞﾀｼﾉｳｷﾖｳ,010,ｵｵｶﾞﾀ
5864,ﾆｲｶﾞﾀｼﾉｳｷﾖｳ,012,ﾄﾔﾉ
5864,ﾆｲｶﾞﾀｼﾉｳｷﾖｳ,013,ﾄﾔﾉﾐﾅﾐ
5864,ﾆｲｶﾞﾀｼﾉｳｷﾖｳ,015,ﾄﾖｻｶ
5864,ﾆｲｶﾞﾀｼﾉｳｷﾖｳ,016,ｷｻﾞｷ
5877,ﾐﾅﾎﾉｳｷﾖｳ,009,ｱｻﾋ
5877,ﾐﾅﾎﾉｳｷﾖｳ,021,ﾎﾝﾃﾝ
5877,ﾐﾅﾎﾉｳｷﾖｳ,024,ﾅﾝﾌﾞ
5877,ﾐﾅﾎﾉｳｷﾖｳ,026,ｾｲﾌﾞ
5877,ﾐﾅﾎﾉｳｷﾖｳ,029,ﾁﾕｳｵｳ
5883,ｸﾛﾍﾞｼﾉｳｷﾖｳ,061,ﾎﾝﾃﾝ
5885,ｳｵﾂﾞｼﾉｳｷﾖｳ,091,ﾎﾝﾃﾝ
5885,ｳｵﾂﾞｼﾉｳｷﾖｳ,092,ｾｲﾌﾞ
5885,ｳｵﾂﾞｼﾉｳｷﾖｳ,097,ﾄｳﾌﾞ
5885,ｳｵﾂﾞｼﾉｳｷﾖｳ,112,ﾁﾕｳｵｳ
5885,ｳｵﾂﾞｼﾉｳｷﾖｳ,116,ﾎｸﾌﾞ
5888,ｱﾙﾌﾟｽﾉｳｷﾖｳ,130,ﾀﾃﾔﾏ
5888,ｱﾙﾌﾟｽﾉｳｷﾖｳ,161,ﾎﾝﾃﾝ
5888,ｱﾙﾌﾟｽﾉｳｷﾖｳ,162,ｶﾐｲﾁ
5888,ｱﾙﾌﾟｽﾉｳｷﾖｳ,189,ﾅﾒﾘｶﾜ
5895,ｱｵﾊﾞﾉｳｷﾖｳ,201,ｵｵｻﾜﾉ
5895,ｱｵﾊﾞﾉｳｷﾖｳ,211,ｵｵﾔﾏ
5895,ｱｵﾊﾞﾉｳｷﾖｳ,308,ﾌﾁﾕｳ
5895,ｱｵﾊﾞﾉｳｷﾖｳ,331,ﾎﾝﾃﾝ
5895,ｱｵﾊﾞﾉｳｷﾖｳ,340,ﾔﾂｵ
5897,ﾄﾔﾏｼﾉｳｷﾖｳ,221,ﾎﾝﾃﾝ
5897,ﾄﾔﾏｼﾉｳｷﾖｳ,222,ﾐﾅﾐ
5897,ﾄﾔﾏｼﾉｳｷﾖｳ,225,ﾁﾕｳｵｳ
5898,ﾅﾉﾊﾅﾉｳｷﾖｳ,241,ﾎﾝﾃﾝ
5898,ﾅﾉﾊﾅﾉｳｷﾖｳ,249,ﾁﾕｳｵｳ
5898,ﾅﾉﾊﾅﾉｳｷﾖｳ,251,ｾｲﾌﾞ
5898,ﾅﾉﾊﾅﾉｳｷﾖｳ,255,ﾜｺﾞｳ
5898,ﾅﾉﾊﾅﾉｳｷﾖｳ,268,ﾉｳｷﾖｳｶｲｶﾝ
5898,ﾅﾉﾊﾅﾉｳｷﾖｳ,274,ﾅﾝﾌﾞ
5898,ﾅﾉﾊﾅﾉｳｷﾖｳ,275,ｸﾚﾊ
5898,ﾅﾉﾊﾅﾉｳｷﾖｳ,292,ﾐｽﾞﾊｼ
5898,ﾅﾉﾊﾅﾉｳｷﾖｳ,353,ﾔﾂｵ
5911,ｲﾐｽﾞﾉﾉｳｷﾖｳ,402,ｺｽｷﾞ
5911,ｲﾐｽﾞﾉﾉｳｷﾖｳ,408,ﾀｲｺｳﾔﾏ
5911,ｲﾐｽﾞﾉﾉｳｷﾖｳ,421,ﾎﾝﾃﾝ
5911,ｲﾐｽﾞﾉﾉｳｷﾖｳ,422,ﾐｼﾏﾉ
5911,ｲﾐｽﾞﾉﾉｳｷﾖｳ,424,ﾅﾝｺﾞｳ
5911,ｲﾐｽﾞﾉﾉｳｷﾖｳ,426,ｵｵｼﾏ
5911,ｲﾐｽﾞﾉﾉｳｷﾖｳ,435,ﾀﾞｲﾓﾝ
5911,ｲﾐｽﾞﾉﾉｳｷﾖｳ,442,ｼﾝﾐﾅﾄ
5911,ｲﾐｽﾞﾉﾉｳｷﾖｳ,444,ｼﾝﾐﾅﾄﾐﾅﾐ
5911,ｲﾐｽﾞﾉﾉｳｷﾖｳ,450,ﾄｳﾌﾞ
5916,ﾀｶｵｶｼﾉｳｷﾖｳ,461,ﾎﾝﾃﾝ
5916,ﾀｶｵｶｼﾉｳｷﾖｳ,462,ｾｲﾌﾞ
5916,ﾀｶｵｶｼﾉｳｷﾖｳ,463,ｻﾉ
5916,ﾀｶｵｶｼﾉｳｷﾖｳ,471,ｻﾄﾔﾏ
5916,ﾀｶｵｶｼﾉｳｷﾖｳ,475,ﾀﾃﾉ
5916,ﾀｶｵｶｼﾉｳｷﾖｳ,483,ﾀｶｵｶﾋﾞﾖｳｲﾝ
5916,ﾀｶｵｶｼﾉｳｷﾖｳ,520,ﾌｼｷ
5916,ﾀｶｵｶｼﾉｳｷﾖｳ,531,ﾅｶﾀﾞ
5916,ﾀｶｵｶｼﾉｳｷﾖｳ,541,ﾄｲﾃﾞ
5920,ﾋﾐｼﾉｳｷﾖｳ,551,ﾎﾝｼﾖ
5920,ﾋﾐｼﾉｳｷﾖｳ,552,ﾋﾐﾉｴ
5920,ﾋﾐｼﾉｳｷﾖｳ,556,ｻｲｼﾞﾖｳ
5920,ﾋﾐｼﾉｳｷﾖｳ,563,ﾅﾝﾌﾞ
5920,ﾋﾐｼﾉｳｷﾖｳ,564,ｾｲﾌﾞ
5920,ﾋﾐｼﾉｳｷﾖｳ,570,ﾎｸﾌﾞ
5921,ﾄﾅﾐﾉﾉｳｷﾖｳ,601,ﾎﾝﾃﾝ
5921,ﾄﾅﾐﾉﾉｳｷﾖｳ,603,ｼﾖｳｾｲ
5921,ﾄﾅﾐﾉﾉｳｷﾖｳ,606,ﾁﾕｳｵｳ
5921,ﾄﾅﾐﾉﾉｳｷﾖｳ,609,ﾎｸﾌﾞ
5921,ﾄﾅﾐﾉﾉｳｷﾖｳ,615,ｼﾖｳﾄｳ
5921,ﾄﾅﾐﾉﾉｳｷﾖｳ,626,ﾌｸﾉ
5921,ﾄﾅﾐﾉﾉｳｷﾖｳ,643,ｼﾖｳｶﾞﾜ
5921,ﾄﾅﾐﾉﾉｳｷﾖｳ,665,ｲﾅﾐﾁﾕｳｵｳ
5927,ﾅﾝﾄﾉｳｷﾖｳ,681,ﾎﾝﾃﾝ
5927,ﾅﾝﾄﾉｳｷﾖｳ,683,ｼﾞﾖｳﾊﾅ
5927,ﾅﾝﾄﾉｳｷﾖｳ,710,ｺﾞｶﾔﾏ
5932,ｲﾅﾊﾞﾉｳｷﾖｳ,732,ﾎﾝﾃﾝ
5932,ｲﾅﾊﾞﾉｳｷﾖｳ,735,ｾｲﾌﾞ
5932,ｲﾅﾊﾞﾉｳｷﾖｳ,736,ﾄｳﾌﾞ
5932,ｲﾅﾊﾞﾉｳｷﾖｳ,751,ﾅﾝﾌﾞ
5932,ｲﾅﾊﾞﾉｳｷﾖｳ,756,ﾌｸｵｶ
5935,ﾌｸﾐﾂﾉｳｷﾖｳ,771,ﾎﾝﾃﾝ
5943,ｶｶﾞﾉｳｷﾖｳ,001,ﾎﾝﾃﾝ
5943,ｶｶﾞﾉｳｷﾖｳ,101,ﾆｼ
5943,ｶｶﾞﾉｳｷﾖｳ,107,ﾐﾅﾐ
5943,ｶｶﾞﾉｳｷﾖｳ,113,ﾁﾕｳｵｳ
5943,ｶｶﾞﾉｳｷﾖｳ,114,ｷﾀ
5943,ｶｶﾞﾉｳｷﾖｳ,117,ﾋｶﾞｼ
5943,ｶｶﾞﾉｳｷﾖｳ,119,ｴﾇﾏ
5962,ｺﾏﾂｼﾉｳｷﾖｳ,001,ﾎﾝﾃﾝ
5962,ｺﾏﾂｼﾉｳｷﾖｳ,003,ﾀﾞｲｲﾁ
5962,ｺﾏﾂｼﾉｳｷﾖｳ,004,ﾉｼﾛ
5962,ｺﾏﾂｼﾉｳｷﾖｳ,005,ｲﾏｴ
5962,ｺﾏﾂｼﾉｳｷﾖｳ,006,ﾐﾕｷ
5962,ｺﾏﾂｼﾉｳｷﾖｳ,009,ﾐﾅﾐ
5962,ｺﾏﾂｼﾉｳｷﾖｳ,013,ﾋｶﾞｼ
5962,ｺﾏﾂｼﾉｳｷﾖｳ,017,ｼﾖｳﾄｳ
5962,ｺﾏﾂｼﾉｳｷﾖｳ,018,ﾏｷ
5962,ｺﾏﾂｼﾉｳｷﾖｳ,019,ｲﾀﾂﾞ
5962,ｺﾏﾂｼﾉｳｷﾖｳ,020,ｱﾜﾂﾞ
5980,ﾈｱｶﾞﾘﾉｳｷﾖｳ,001,ﾎﾝｼﾖ
5982,ﾉﾐﾉｳｷﾖｳ,001,ﾎﾝﾃﾝ
5982,ﾉﾐﾉｳｷﾖｳ,006,ﾁﾕｳｵｳ
5982,ﾉﾐﾉｳｷﾖｳ,010,ｶﾜｷﾀ
5982,ﾉﾐﾉｳｷﾖｳ,013,ﾀﾂﾉｸﾁ
5982,ﾉﾐﾉｳｷﾖｳ,021,ﾃﾗｲ
5997,ﾏﾂﾄｳｼﾉｳｷﾖｳ,301,ﾎﾝﾃﾝ
5997,ﾏﾂﾄｳｼﾉｳｷﾖｳ,302,ﾁﾕｳｵｳ
5997,ﾏﾂﾄｳｼﾉｳｷﾖｳ,303,ﾎｸｾｲ
5997,ﾏﾂﾄｳｼﾉｳｷﾖｳ,307,ｾｲﾅﾝ
5997,ﾏﾂﾄｳｼﾉｳｷﾖｳ,311,ｼﾖｳﾅﾝ
6010,ﾉﾉｲﾁﾉｳｷﾖｳ,001,ﾎﾝﾃﾝ
6010,ﾉﾉｲﾁﾉｳｷﾖｳ,101,ﾎﾝﾏﾁ
6012,ﾊｸｻﾝﾉｳｷﾖｳ,001,ﾎﾝﾃﾝ
6012,ﾊｸｻﾝﾉｳｷﾖｳ,003,ﾂﾙｷﾞ
6012,ﾊｸｻﾝﾉｳｷﾖｳ,005,ｵｵｶﾐ
6012,ﾊｸｻﾝﾉｳｷﾖｳ,010,ﾁﾖｳﾔ
6012,ﾊｸｻﾝﾉｳｷﾖｳ,020,ﾃﾄﾞﾘ
6012,ﾊｸｻﾝﾉｳｷﾖｳ,021,ｼﾗﾐﾈ
6024,ｶﾅｻﾞﾜﾁﾕｳｵｳﾉｳｷﾖｳ,001,ﾎﾝﾃﾝ
6024,ｶﾅｻﾞﾜﾁﾕｳｵｳﾉｳｷﾖｳ,002,ｸﾗﾂｷ
6024,ｶﾅｻﾞﾜﾁﾕｳｵｳﾉｳｷﾖｳ,003,ﾀﾞｲﾄｸ
6024,ｶﾅｻﾞﾜﾁﾕｳｵｳﾉｳｷﾖｳ,004,ﾄｲﾀ
6024,ｶﾅｻﾞﾜﾁﾕｳｵｳﾉｳｷﾖｳ,005,ﾌﾀﾂｶ
6024,ｶﾅｻﾞﾜﾁﾕｳｵｳﾉｳｷﾖｳ,006,ﾐﾝﾏ
6024,ｶﾅｻﾞﾜﾁﾕｳｵｳﾉｳｷﾖｳ,007,ﾖﾈﾏﾙ
6025,ｶﾅｻﾞﾜｼﾉｳｷﾖｳ,001,ﾎﾝﾃﾝ
6025,ｶﾅｻﾞﾜｼﾉｳｷﾖｳ,102,ﾉﾀﾞ
6025,ｶﾅｻﾞﾜｼﾉｳｷﾖｳ,103,ｻｷｳﾗ
6025,ｶﾅｻﾞﾜｼﾉｳｷﾖｳ,104,ｺｻﾞｶ
6025,ｶﾅｻﾞﾜｼﾉｳｷﾖｳ,105,ﾕﾐﾄﾘ
6025,ｶﾅｻﾞﾜｼﾉｳｷﾖｳ,106,ｶﾜｷﾀ
6025,ｶﾅｻﾞﾜｼﾉｳｷﾖｳ,110,ﾔｽﾊﾗ
6025,ｶﾅｻﾞﾜｼﾉｳｷﾖｳ,111,ｵｼﾉ
6025,ｶﾅｻﾞﾜｼﾉｳｷﾖｳ,112,ﾇｶ
6025,ｶﾅｻﾞﾜｼﾉｳｷﾖｳ,118,ｶﾅｳﾗ
6025,ｶﾅｻﾞﾜｼﾉｳｷﾖｳ,125,ﾓﾘﾓﾄ
6062,ｲｼｶﾜｶﾎｸﾉｳｷﾖｳ,001,ﾎﾝﾃﾝ
6062,ｲｼｶﾜｶﾎｸﾉｳｷﾖｳ,301,ｳﾁﾅﾀﾞ
6062,ｲｼｶﾜｶﾎｸﾉｳｷﾖｳ,305,ﾂﾊﾞﾀ
6062,ｲｼｶﾜｶﾎｸﾉｳｷﾖｳ,311,ﾂﾊﾞﾀﾋｶﾞｼ
6062,ｲｼｶﾜｶﾎｸﾉｳｷﾖｳ,316,ｳﾉｹ
6062,ｲｼｶﾜｶﾎｸﾉｳｷﾖｳ,318,ﾀｶﾏﾂ
6076,ﾊｸｲﾉｳｷﾖｳ,001,ﾎﾝﾃﾝ
6076,ﾊｸｲﾉｳｷﾖｳ,303,ﾊｸｲ
6076,ﾊｸｲﾉｳｷﾖｳ,321,ﾎｳﾀﾞﾂ
6084,ｼｶﾉｳｷﾖｳ,001,ﾎﾝﾃﾝ
6084,ｼｶﾉｳｷﾖｳ,101,ﾁﾕｳｵｳ
6084,ｼｶﾉｳｷﾖｳ,109,ﾄｷﾞ
6094,ﾉﾄﾜｶﾊﾞﾉｳｷﾖｳ,001,ﾎﾝﾃﾝ
6094,ﾉﾄﾜｶﾊﾞﾉｳｷﾖｳ,131,ﾅｶﾉﾄﾏﾁ
6094,ﾉﾄﾜｶﾊﾞﾉｳｷﾖｳ,133,ﾅﾅｵ
6094,ﾉﾄﾜｶﾊﾞﾉｳｷﾖｳ,134,ﾅｶｼﾞﾏ
6113,ﾉﾄﾉｳｷﾖｳ,001,ﾎﾝﾃﾝ
6113,ﾉﾄﾉｳｷﾖｳ,201,ｱﾅﾐｽﾞ
6113,ﾉﾄﾉｳｷﾖｳ,204,ﾓﾝｾﾞﾝ
6113,ﾉﾄﾉｳｷﾖｳ,208,ﾜｼﾞﾏ
6113,ﾉﾄﾉｳｷﾖｳ,211,ﾏﾁﾉ
6113,ﾉﾄﾉｳｷﾖｳ,212,ﾉﾄ
6113,ﾉﾄﾉｳｷﾖｳ,213,ﾔﾅｷﾞﾀﾞ
6113,ﾉﾄﾉｳｷﾖｳ,215,ｽｽﾞ
6121,ｳﾁｳﾗﾏﾁﾉｳｷﾖｳ,001,ﾎﾝｼﾖ
6129,ｷﾞﾌﾉｳｷﾖｳ,002,ﾅｶﾞﾗ
6129,ｷﾞﾌﾉｳｷﾖｳ,003,ｲﾜﾉﾀﾞ
6129,ｷﾞﾌﾉｳｷﾖｳ,005,ｻｷﾞﾔﾏ
6129,ｷﾞﾌﾉｳｷﾖｳ,007,ｸﾛﾉ
6129,ｷﾞﾌﾉｳｷﾖｳ,010,ﾅﾅｻﾄ
6129,ｷﾞﾌﾉｳｷﾖｳ,013,ﾐｻﾄ
6129,ｷﾞﾌﾉｳｷﾖｳ,017,ｳｽﾞﾗ
6129,ｷﾞﾌﾉｳｷﾖｳ,018,ｱﾂﾐ
6129,ｷﾞﾌﾉｳｷﾖｳ,019,ﾐﾅﾐﾅｶﾞﾓﾘ
6129,ｷﾞﾌﾉｳｷﾖｳ,022,ｱｸﾀﾐ
6129,ｷﾞﾌﾉｳｷﾖｳ,023,ﾐﾜ
6129,ｷﾞﾌﾉｳｷﾖｳ,030,ﾎﾝﾃﾝ
6129,ｷﾞﾌﾉｳｷﾖｳ,031,ｷﾀﾅｶﾞﾓﾘ
6129,ｷﾞﾌﾉｳｷﾖｳ,034,ｾｲﾘﾕｳ
6129,ｷﾞﾌﾉｳｷﾖｳ,036,ｲﾁﾊｼ
6129,ｷﾞﾌﾉｳｷﾖｳ,037,ｱｶﾅﾍﾞ
6129,ｷﾞﾌﾉｳｷﾖｳ,038,ｺﾞｳﾄﾞ
6129,ｷﾞﾌﾉｳｷﾖｳ,040,ｷﾞﾅﾝ
6129,ｷﾞﾌﾉｳｷﾖｳ,042,ﾊｸﾞﾘ
6129,ｷﾞﾌﾉｳｷﾖｳ,043,ｻｶｲｶﾞﾜ
6129,ｷﾞﾌﾉｳｷﾖｳ,044,ｶﾜｼﾏ
6129,ｷﾞﾌﾉｳｷﾖｳ,045,ｲﾅﾊﾞ
6129,ｷﾞﾌﾉｳｷﾖｳ,047,ﾅｶ
6129,ｷﾞﾌﾉｳｷﾖｳ,048,ｿﾊﾗ
6129,ｷﾞﾌﾉｳｷﾖｳ,051,ｶｶﾐ
6129,ｷﾞﾌﾉｳｷﾖｳ,052,ｳﾇﾏ
6129,ｷﾞﾌﾉｳｷﾖｳ,055,ｳﾇﾏﾆｼ
6129,ｷﾞﾌﾉｳｷﾖｳ,058,ﾊｼﾏｷﾀ
6129,ｷﾞﾌﾉｳｷﾖｳ,060,ﾊｼﾏﾁﾕｳｵｳ
6129,ｷﾞﾌﾉｳｷﾖｳ,061,ﾏｻｷ
6129,ｷﾞﾌﾉｳｷﾖｳ,066,ﾊｼﾏﾋｶﾞｼ
6129,ｷﾞﾌﾉｳｷﾖｳ,068,ﾎﾂﾞﾐ
6129,ｷﾞﾌﾉｳｷﾖｳ,069,ｽﾅﾐ
6129,ｷﾞﾌﾉｳｷﾖｳ,070,ｷﾀｶﾞﾀ
6129,ｷﾞﾌﾉｳｷﾖｳ,071,ｼﾝｾｲ
6129,ｷﾞﾌﾉｳｷﾖｳ,072,ｲﾄﾇｷ
6129,ｷﾞﾌﾉｳｷﾖｳ,073,ﾓﾄｽ
6129,ｷﾞﾌﾉｳｷﾖｳ,074,ﾈｵ
6129,ｷﾞﾌﾉｳｷﾖｳ,075,ﾀｶﾄﾐ
6129,ｷﾞﾌﾉｳｷﾖｳ,077,ｲｼﾞﾗ
6129,ｷﾞﾌﾉｳｷﾖｳ,078,ﾐﾔﾏ
6175,ﾆｼﾐﾉﾉｳｷﾖｳ,001,ﾎﾝﾃﾝ
6175,ﾆｼﾐﾉﾉｳｷﾖｳ,002,ﾁﾕｳﾌﾞ
6175,ﾆｼﾐﾉﾉｳｷﾖｳ,003,ﾔｽｲ
6175,ﾆｼﾐﾉﾉｳｷﾖｳ,004,ｳﾙｳ
6175,ﾆｼﾐﾉﾉｳｷﾖｳ,005,ｵｵｶﾞｷﾆｼ
6175,ﾆｼﾐﾉﾉｳｷﾖｳ,007,ｶﾜﾅﾐ
6175,ﾆｼﾐﾉﾉｳｷﾖｳ,009,ﾐｷ
6175,ﾆｼﾐﾉﾉｳｷﾖｳ,011,ﾐﾅﾐｸｲｾ
6175,ﾆｼﾐﾉﾉｳｷﾖｳ,012,ﾀｷﾞｼﾏ
6175,ﾆｼﾐﾉﾉｳｷﾖｳ,013,ｽﾓﾄ
6175,ﾆｼﾐﾉﾉｳｷﾖｳ,014,ｱｻｸｻ
6175,ﾆｼﾐﾉﾉｳｷﾖｳ,015,ﾅｶｶﾞﾜ
6175,ﾆｼﾐﾉﾉｳｷﾖｳ,016,ｱｶｻｶ
6175,ﾆｼﾐﾉﾉｳｷﾖｳ,019,ｱｵﾊｶ
6175,ﾆｼﾐﾉﾉｳｷﾖｳ,021,ｺﾞｳﾄﾞ
6175,ﾆｼﾐﾉﾉｳｷﾖｳ,023,ｼﾓﾐﾔ
6175,ﾆｼﾐﾉﾉｳｷﾖｳ,030,ﾜﾉｳﾁ
6175,ﾆｼﾐﾉﾉｳｷﾖｳ,032,ﾅﾓﾘ
6175,ﾆｼﾐﾉﾉｳｷﾖｳ,038,ｶｲﾂﾞﾅｶ
6175,ﾆｼﾐﾉﾉｳｷﾖｳ,044,ｶｲﾂﾞｷﾀ
6175,ﾆｼﾐﾉﾉｳｷﾖｳ,046,ﾅﾝﾉｳ
6175,ﾆｼﾐﾉﾉｳｷﾖｳ,048,ｲｼﾂﾞ
6175,ﾆｼﾐﾉﾉｳｷﾖｳ,058,ﾖｳﾛｳｷﾀ
6175,ﾆｼﾐﾉﾉｳｷﾖｳ,060,ﾖｳﾛｳﾅｶ
6175,ﾆｼﾐﾉﾉｳｷﾖｳ,061,ﾖｳﾛｳﾐﾅﾐ
6175,ﾆｼﾐﾉﾉｳｷﾖｳ,064,ﾏｷﾀﾞ
6175,ﾆｼﾐﾉﾉｳｷﾖｳ,070,ﾀﾙｲ
6175,ﾆｼﾐﾉﾉｳｷﾖｳ,077,ｾｷｶﾞﾊﾗ
6198,ｲﾋﾞｶﾞﾜﾉｳｷﾖｳ,001,ﾎﾝﾃﾝ
6198,ｲﾋﾞｶﾞﾜﾉｳｷﾖｳ,002,ｲﾋﾞﾁﾕｳｵｳ
6198,ｲﾋﾞｶﾞﾜﾉｳｷﾖｳ,006,ｵｼﾞﾏ
6198,ｲﾋﾞｶﾞﾜﾉｳｷﾖｳ,007,ﾔｷﾞ
6198,ｲﾋﾞｶﾞﾜﾉｳｷﾖｳ,009,ﾀﾆｸﾞﾐ
6198,ｲﾋﾞｶﾞﾜﾉｳｷﾖｳ,012,ｸｾﾞ
6198,ｲﾋﾞｶﾞﾜﾉｳｷﾖｳ,018,ｵｵﾉ
6198,ｲﾋﾞｶﾞﾜﾉｳｷﾖｳ,021,ｲﾄｳ
6198,ｲﾋﾞｶﾞﾜﾉｳｷﾖｳ,024,ｲｹﾀﾞ
6198,ｲﾋﾞｶﾞﾜﾉｳｷﾖｳ,025,ﾔﾜﾀ
6198,ｲﾋﾞｶﾞﾜﾉｳｷﾖｳ,027,ｲｹﾀﾞﾋｶﾞｼ
6242,ﾒｸﾞﾐﾉﾉｳｷﾖｳ,001,ﾎﾝﾃﾝ
6242,ﾒｸﾞﾐﾉﾉｳｷﾖｳ,002,ﾐﾉｶﾓﾋｶﾞｼ
6242,ﾒｸﾞﾐﾉﾉｳｷﾖｳ,004,ﾊﾁﾔ
6242,ﾒｸﾞﾐﾉﾉｳｷﾖｳ,005,ｶﾓﾉ
6242,ﾒｸﾞﾐﾉﾉｳｷﾖｳ,010,ｵｵﾀ
6242,ﾒｸﾞﾐﾉﾉｳｷﾖｳ,015,ｻｶﾎｷﾞ
6242,ﾒｸﾞﾐﾉﾉｳｷﾖｳ,018,ﾄﾐｶ
6242,ﾒｸﾞﾐﾉﾉｳｷﾖｳ,023,ﾋｽｲ
6242,ﾒｸﾞﾐﾉﾉｳｷﾖｳ,027,ﾔｵﾂ
6242,ﾒｸﾞﾐﾉﾉｳｷﾖｳ,032,ｸﾀﾐ
6242,ﾒｸﾞﾐﾉﾉｳｷﾖｳ,036,ｶﾌﾞﾁ
6242,ﾒｸﾞﾐﾉﾉｳｷﾖｳ,038,ﾐﾉｼﾗｶﾜ
6242,ﾒｸﾞﾐﾉﾉｳｷﾖｳ,043,ｱｺｳ
6242,ﾒｸﾞﾐﾉﾉｳｷﾖｳ,046,ｸﾛｶﾜ
6242,ﾒｸﾞﾐﾉﾉｳｷﾖｳ,050,ﾋｶﾞｼｼﾗｶﾜ
6242,ﾒｸﾞﾐﾉﾉｳｷﾖｳ,061,ｾｷ
6242,ﾒｸﾞﾐﾉﾉｳｷﾖｳ,063,ﾀﾊﾗ
6242,ﾒｸﾞﾐﾉﾉｳｷﾖｳ,064,ｸﾗﾁ
6242,ﾒｸﾞﾐﾉﾉｳｷﾖｳ,065,ｾｷｷﾝﾘﾕｳ
6242,ﾒｸﾞﾐﾉﾉｳｷﾖｳ,068,ｱﾕﾉｾ
6242,ﾒｸﾞﾐﾉﾉｳｷﾖｳ,070,ｼﾓｳﾁ
6242,ﾒｸﾞﾐﾉﾉｳｷﾖｳ,073,ﾐﾉ
6242,ﾒｸﾞﾐﾉﾉｳｷﾖｳ,075,ｼﾓﾏｷ
6242,ﾒｸﾞﾐﾉﾉｳｷﾖｳ,080,ﾂﾎﾞｶﾞﾜ
6242,ﾒｸﾞﾐﾉﾉｳｷﾖｳ,083,ｶﾐﾉﾎ
6242,ﾒｸﾞﾐﾉﾉｳｷﾖｳ,084,ﾑｹﾞｶﾞﾜ
6242,ﾒｸﾞﾐﾉﾉｳｷﾖｳ,085,ﾎﾗﾄﾞ
6242,ﾒｸﾞﾐﾉﾉｳｷﾖｳ,091,ｸﾞｼﾞﾖｳ
6242,ﾒｸﾞﾐﾉﾉｳｷﾖｳ,094,ﾐﾅﾐ
6242,ﾒｸﾞﾐﾉﾉｳｷﾖｳ,095,ﾒｲﾎｳ
6242,ﾒｸﾞﾐﾉﾉｳｷﾖｳ,096,ﾜﾗ
6242,ﾒｸﾞﾐﾉﾉｳｷﾖｳ,101,ｼﾛﾄﾘ
6242,ﾒｸﾞﾐﾉﾉｳｷﾖｳ,105,ﾔﾏﾄ
6242,ﾒｸﾞﾐﾉﾉｳｷﾖｳ,108,ﾀｶｽ
6242,ﾒｸﾞﾐﾉﾉｳｷﾖｳ,112,ﾐﾀｹ
6242,ﾒｸﾞﾐﾉﾉｳｷﾖｳ,113,ﾅｶ
6242,ﾒｸﾞﾐﾉﾉｳｷﾖｳ,114,ﾌｼﾐ
6242,ﾒｸﾞﾐﾉﾉｳｷﾖｳ,116,ｲﾏﾜﾀﾘ
6242,ﾒｸﾞﾐﾉﾉｳｷﾖｳ,120,ｶﾀﾋﾞﾗ
6242,ﾒｸﾞﾐﾉﾉｳｷﾖｳ,121,ﾊﾙｻﾄ
6242,ﾒｸﾞﾐﾉﾉｳｷﾖｳ,122,ﾋﾛﾐ
6242,ﾒｸﾞﾐﾉﾉｳｷﾖｳ,123,ｾﾀ
6242,ﾒｸﾞﾐﾉﾉｳｷﾖｳ,125,ﾄｳﾒｲ
6242,ﾒｸﾞﾐﾉﾉｳｷﾖｳ,128,ｻｸﾗｶﾞｵｶ
6265,ﾄｳﾄｼﾝﾖｳﾉｳｷﾖｳ,001,ﾎﾝﾃﾝ
6265,ﾄｳﾄｼﾝﾖｳﾉｳｷﾖｳ,002,ﾄｷﾂｲｽﾞﾐ
6265,ﾄｳﾄｼﾝﾖｳﾉｳｷﾖｳ,003,ｼﾞﾖｳﾘﾝｼﾞ
6265,ﾄｳﾄｼﾝﾖｳﾉｳｷﾖｳ,005,ﾄｷｸﾞﾁ
6265,ﾄｳﾄｼﾝﾖｳﾉｳｷﾖｳ,007,ﾋﾀﾞ
6265,ﾄｳﾄｼﾝﾖｳﾉｳｷﾖｳ,008,ｲｽﾞﾐｳﾒﾉｷ
6265,ﾄｳﾄｼﾝﾖｳﾉｳｷﾖｳ,012,ｵﾛｼ
6265,ﾄｳﾄｼﾝﾖｳﾉｳｷﾖｳ,014,ﾂﾏｷﾞ
6265,ﾄｳﾄｼﾝﾖｳﾉｳｷﾖｳ,015,ﾉｳﾅﾝ
6265,ﾄｳﾄｼﾝﾖｳﾉｳｷﾖｳ,018,ﾀﾞﾁ
6265,ﾄｳﾄｼﾝﾖｳﾉｳｷﾖｳ,020,ﾀｼﾞﾐ
6265,ﾄｳﾄｼﾝﾖｳﾉｳｷﾖｳ,021,ｶﾜﾐﾅﾐ
6265,ﾄｳﾄｼﾝﾖｳﾉｳｷﾖｳ,023,ﾋﾒ
6265,ﾄｳﾄｼﾝﾖｳﾉｳｷﾖｳ,024,ｴｷﾏｴ
6265,ﾄｳﾄｼﾝﾖｳﾉｳｷﾖｳ,026,ﾎﾜｲﾄ
6265,ﾄｳﾄｼﾝﾖｳﾉｳｷﾖｳ,027,ｺｲｽﾞﾐ
6265,ﾄｳﾄｼﾝﾖｳﾉｳｷﾖｳ,028,ﾈﾓﾄ
6265,ﾄｳﾄｼﾝﾖｳﾉｳｷﾖｳ,029,ｲﾁﾉｸﾗ
6265,ﾄｳﾄｼﾝﾖｳﾉｳｷﾖｳ,031,ｶｻﾊﾗ
6265,ﾄｳﾄｼﾝﾖｳﾉｳｷﾖｳ,052,ﾐｽﾞﾅﾐ
6265,ﾄｳﾄｼﾝﾖｳﾉｳｷﾖｳ,053,ｳｴﾉﾏﾁ
6265,ﾄｳﾄｼﾝﾖｳﾉｳｷﾖｳ,054,ｲﾅﾂ
6265,ﾄｳﾄｼﾝﾖｳﾉｳｷﾖｳ,056,ｶﾏﾄﾞ
6265,ﾄｳﾄｼﾝﾖｳﾉｳｷﾖｳ,057,ﾋﾖｼ
6265,ﾄｳﾄｼﾝﾖｳﾉｳｷﾖｳ,059,ｽｴ
6287,ﾋｶﾞｼﾐﾉﾉｳｷﾖｳ,001,ﾎﾝﾃﾝ
6287,ﾋｶﾞｼﾐﾉﾉｳｷﾖｳ,002,ﾅｶﾂｶﾞﾜ
6287,ﾋｶﾞｼﾐﾉﾉｳｷﾖｳ,003,ﾅｴｷﾞ
6287,ﾋｶﾞｼﾐﾉﾉｳｷﾖｳ,004,ｵﾁｱｲ
6287,ﾋｶﾞｼﾐﾉﾉｳｷﾖｳ,006,ｻｶﾓﾄ
6287,ﾋｶﾞｼﾐﾉﾉｳｷﾖｳ,007,ｱｷﾞ
6287,ﾋｶﾞｼﾐﾉﾉｳｷﾖｳ,012,ｴﾅﾎｸﾌﾞ
6287,ﾋｶﾞｼﾐﾉﾉｳｷﾖｳ,014,ｴﾅﾆｼ
6287,ﾋｶﾞｼﾐﾉﾉｳｷﾖｳ,018,ｴﾅ
6287,ﾋｶﾞｼﾐﾉﾉｳｷﾖｳ,021,ﾋﾙｶﾜ
6287,ﾋｶﾞｼﾐﾉﾉｳｷﾖｳ,030,ｲﾜﾑﾗ
6287,ﾋｶﾞｼﾐﾉﾉｳｷﾖｳ,032,ﾔﾏｵｶ
6287,ﾋｶﾞｼﾐﾉﾉｳｷﾖｳ,034,ｱｹﾁ
6287,ﾋｶﾞｼﾐﾉﾉｳｷﾖｳ,036,ｶﾐﾑﾗ
6287,ﾋｶﾞｼﾐﾉﾉｳｷﾖｳ,050,ｻｶｼﾀ
6287,ﾋｶﾞｼﾐﾉﾉｳｷﾖｳ,052,ｶｼﾓ
6287,ﾋｶﾞｼﾐﾉﾉｳｷﾖｳ,055,ﾂｹﾁ
6287,ﾋｶﾞｼﾐﾉﾉｳｷﾖｳ,057,ﾌｸｵｶ
6313,ﾋﾀﾞﾉｳｷﾖｳ,001,ﾎﾝﾃﾝ
6313,ﾋﾀﾞﾉｳｷﾖｳ,002,ｺｸﾌ
6313,ﾋﾀﾞﾉｳｷﾖｳ,003,ﾌﾙｶﾜ
6313,ﾋﾀﾞﾉｳｷﾖｳ,004,ｶﾜｲ
6313,ﾋﾀﾞﾉｳｷﾖｳ,005,ﾐﾔｶﾞﾜ
6313,ﾋﾀﾞﾉｳｷﾖｳ,006,ｽｷﾞｻｷ
6313,ﾋﾀﾞﾉｳｷﾖｳ,007,ﾉﾌﾞｶ
6313,ﾋﾀﾞﾉｳｷﾖｳ,008,ﾑｶｲﾏﾁ
6313,ﾋﾀﾞﾉｳｷﾖｳ,021,ﾀｶﾔﾏ
6313,ﾋﾀﾞﾉｳｷﾖｳ,022,ﾀﾞｲﾊﾁ
6313,ﾋﾀﾞﾉｳｷﾖｳ,023,ｷﾘﾕｳ
6313,ﾋﾀﾞﾉｳｷﾖｳ,025,ﾁｼﾞﾏ
6313,ﾋﾀﾞﾉｳｷﾖｳ,032,ｷﾖﾐ
6313,ﾋﾀﾞﾉｳｷﾖｳ,033,ﾐﾔ
6313,ﾋﾀﾞﾉｳｷﾖｳ,034,ｸｸﾞﾉ
6313,ﾋﾀﾞﾉｳｷﾖｳ,035,ｱｻﾋ
6313,ﾋﾀﾞﾉｳｷﾖｳ,036,ﾀｶﾈ
6313,ﾋﾀﾞﾉｳｷﾖｳ,041,ﾆﾕｳｶﾜ
6313,ﾋﾀﾞﾉｳｷﾖｳ,045,ｼﾖｳｶﾜ
6313,ﾋﾀﾞﾉｳｷﾖｳ,047,ｼﾗｶﾜ
6313,ﾋﾀﾞﾉｳｷﾖｳ,051,ｶﾐｵｶ
6313,ﾋﾀﾞﾉｳｷﾖｳ,053,ﾄﾉ
6313,ﾋﾀﾞﾉｳｷﾖｳ,055,ﾎﾝｺﾞｳ
6313,ﾋﾀﾞﾉｳｷﾖｳ,057,ｵｸﾋﾀﾞ
6313,ﾋﾀﾞﾉｳｷﾖｳ,061,ﾊｷﾞﾜﾗ
6313,ﾋﾀﾞﾉｳｷﾖｳ,063,ｱｻﾐｽﾞ
6313,ﾋﾀﾞﾉｳｷﾖｳ,065,ｵｻｶ
6313,ﾋﾀﾞﾉｳｷﾖｳ,067,ﾏｾﾞ
6313,ﾋﾀﾞﾉｳｷﾖｳ,071,ｹﾞﾛ
6313,ﾋﾀﾞﾉｳｷﾖｳ,073,ﾀｹﾊﾗ
6313,ﾋﾀﾞﾉｳｷﾖｳ,081,ｶﾅﾔﾏ
6345,ﾌｼﾞｲｽﾞﾉｳｷﾖｳ,002,ｼｽﾞｳﾗ
6345,ﾌｼﾞｲｽﾞﾉｳｷﾖｳ,003,ｵｵﾋﾗ
6345,ﾌｼﾞｲｽﾞﾉｳｷﾖｳ,004,ｵｵｵｶ
6345,ﾌｼﾞｲｽﾞﾉｳｷﾖｳ,005,ｶﾅｵｶ
6345,ﾌｼﾞｲｽﾞﾉｳｷﾖｳ,006,ｱｼﾀｶ
6345,ﾌｼﾞｲｽﾞﾉｳｷﾖｳ,007,ｳｷｼﾏ
6345,ﾌｼﾞｲｽﾞﾉｳｷﾖｳ,008,ﾊﾗ
6345,ﾌｼﾞｲｽﾞﾉｳｷﾖｳ,014,ｺｳﾁﾖｳｼﾞﾏｴ
6345,ﾌｼﾞｲｽﾞﾉｳｷﾖｳ,015,ﾆｼｳﾗﾐｶﾝ
6345,ﾌｼﾞｲｽﾞﾉｳｷﾖｳ,017,ｻﾝﾉｳﾄﾞｵﾘ
6345,ﾌｼﾞｲｽﾞﾉｳｷﾖｳ,018,ﾇﾏﾂﾞ
6345,ﾌｼﾞｲｽﾞﾉｳｷﾖｳ,021,ｶﾀﾊﾏ
6345,ﾌｼﾞｲｽﾞﾉｳｷﾖｳ,031,ｼﾐｽﾞ
6345,ﾌｼﾞｲｽﾞﾉｳｷﾖｳ,032,ﾄｸﾗ
6345,ﾌｼﾞｲｽﾞﾉｳｷﾖｳ,034,ﾅｶﾞｻﾜ
6345,ﾌｼﾞｲｽﾞﾉｳｷﾖｳ,051,ﾅｶﾞｲｽﾞﾐ
6345,ﾌｼﾞｲｽﾞﾉｳｷﾖｳ,052,ｼﾓﾄｶﾞﾘ
6345,ﾌｼﾞｲｽﾞﾉｳｷﾖｳ,054,ﾕｳｽｲ
6345,ﾌｼﾞｲｽﾞﾉｳｷﾖｳ,055,ﾅｶﾄｶﾞﾘ
6345,ﾌｼﾞｲｽﾞﾉｳｷﾖｳ,056,ﾅﾒﾘ
6345,ﾌｼﾞｲｽﾞﾉｳｷﾖｳ,061,ｽｿﾉﾄﾐｵｶ
6345,ﾌｼﾞｲｽﾞﾉｳｷﾖｳ,062,ｽｿﾉﾆｼ
6345,ﾌｼﾞｲｽﾞﾉｳｷﾖｳ,063,ｲｽﾞﾐ
6345,ﾌｼﾞｲｽﾞﾉｳｷﾖｳ,064,ﾌｶﾗ
6345,ﾌｼﾞｲｽﾞﾉｳｷﾖｳ,065,ｽﾔﾏ
6345,ﾌｼﾞｲｽﾞﾉｳｷﾖｳ,080,ﾎﾝﾃﾝ
6345,ﾌｼﾞｲｽﾞﾉｳｷﾖｳ,103,ｼﾓﾀﾞｷﾀ
6345,ﾌｼﾞｲｽﾞﾉｳｷﾖｳ,104,ｼﾗﾊﾏ
6345,ﾌｼﾞｲｽﾞﾉｳｷﾖｳ,107,ｼﾓﾀﾞ
6345,ﾌｼﾞｲｽﾞﾉｳｷﾖｳ,113,ｲﾅﾄﾘ
6345,ﾌｼﾞｲｽﾞﾉｳｷﾖｳ,114,ｶﾜﾂﾞｻﾞｸﾗ
6345,ﾌｼﾞｲｽﾞﾉｳｷﾖｳ,116,ｱﾀｶﾞﾜ
6345,ﾌｼﾞｲｽﾞﾉｳｷﾖｳ,123,ﾁｸﾏ
6345,ﾌｼﾞｲｽﾞﾉｳｷﾖｳ,125,ﾐﾅﾐﾅｶ
6345,ﾌｼﾞｲｽﾞﾉｳｷﾖｳ,133,ﾏﾂｻﾞｷ
6345,ﾌｼﾞｲｽﾞﾉｳｷﾖｳ,135,ﾆｼﾅ
6345,ﾌｼﾞｲｽﾞﾉｳｷﾖｳ,137,ｳｸﾞｽ
6345,ﾌｼﾞｲｽﾞﾉｳｷﾖｳ,201,ﾐｼﾏ
6345,ﾌｼﾞｲｽﾞﾉｳｷﾖｳ,202,ｷﾀｳｴ
6345,ﾌｼﾞｲｽﾞﾉｳｷﾖｳ,204,ﾅｶｻﾞﾄ
6345,ﾌｼﾞｲｽﾞﾉｳｷﾖｳ,207,ﾀｲｼﾔﾏｴ
6345,ﾌｼﾞｲｽﾞﾉｳｷﾖｳ,212,ｱﾗﾔ
6345,ﾌｼﾞｲｽﾞﾉｳｷﾖｳ,221,ｶﾝﾅﾐ
6345,ﾌｼﾞｲｽﾞﾉｳｷﾖｳ,223,ﾆﾂﾀ
6345,ﾌｼﾞｲｽﾞﾉｳｷﾖｳ,302,ﾆﾗﾔﾏ
6345,ﾌｼﾞｲｽﾞﾉｳｷﾖｳ,305,ﾅｶﾞｵｶ
6345,ﾌｼﾞｲｽﾞﾉｳｷﾖｳ,306,ｴﾏ
6345,ﾌｼﾞｲｽﾞﾉｳｷﾖｳ,307,ﾀﾅｶ
6345,ﾌｼﾞｲｽﾞﾉｳｷﾖｳ,313,ﾅﾝﾌﾞ
6345,ﾌｼﾞｲｽﾞﾉｳｷﾖｳ,321,ﾍﾀﾞ
6345,ﾌｼﾞｲｽﾞﾉｳｷﾖｳ,331,ﾄｲ
6345,ﾌｼﾞｲｽﾞﾉｳｷﾖｳ,354,ｼﾕｾﾞﾝｼﾞ
6345,ﾌｼﾞｲｽﾞﾉｳｷﾖｳ,356,ｶﾉ
6345,ﾌｼﾞｲｽﾞﾉｳｷﾖｳ,360,ﾊﾂﾏ
6345,ﾌｼﾞｲｽﾞﾉｳｷﾖｳ,402,ﾌｼﾞﾐ
6345,ﾌｼﾞｲｽﾞﾉｳｷﾖｳ,404,ﾖｼﾀﾞ
6345,ﾌｼﾞｲｽﾞﾉｳｷﾖｳ,408,ｲﾄｳ
6345,ﾌｼﾞｲｽﾞﾉｳｷﾖｳ,409,ｵｷﾞ
6345,ﾌｼﾞｲｽﾞﾉｳｷﾖｳ,410,ｲｽﾞｺｳｹﾞﾝ
6345,ﾌｼﾞｲｽﾞﾉｳｷﾖｳ,420,ｳｻﾐ
6345,ﾌｼﾞｲｽﾞﾉｳｷﾖｳ,421,ｼﾓﾀｶﾞ
6345,ﾌｼﾞｲｽﾞﾉｳｷﾖｳ,424,ｱﾀﾐ
6345,ﾌｼﾞｲｽﾞﾉｳｷﾖｳ,502,ﾌｼﾞｵｶ
6345,ﾌｼﾞｲｽﾞﾉｳｷﾖｳ,503,ｺｳﾔﾏ
6345,ﾌｼﾞｲｽﾞﾉｳｷﾖｳ,504,ｶﾏﾄﾞ
6345,ﾌｼﾞｲｽﾞﾉｳｷﾖｳ,505,ﾊﾗｻﾄ
6345,ﾌｼﾞｲｽﾞﾉｳｷﾖｳ,506,ｲﾝﾉ
6345,ﾌｼﾞｲｽﾞﾉｳｷﾖｳ,507,ﾀﾏﾎ
6345,ﾌｼﾞｲｽﾞﾉｳｷﾖｳ,508,ｺﾞﾃﾝﾊﾞ
6345,ﾌｼﾞｲｽﾞﾉｳｷﾖｳ,509,ﾆｲﾊｼ
6345,ﾌｼﾞｲｽﾞﾉｳｷﾖｳ,510,ﾀｶﾈ
6345,ﾌｼﾞｲｽﾞﾉｳｷﾖｳ,511,ｷﾀｺﾞｳ
6345,ﾌｼﾞｲｽﾞﾉｳｷﾖｳ,512,ｱｼｶﾞﾗ
6345,ﾌｼﾞｲｽﾞﾉｳｷﾖｳ,513,ｵﾔﾏ
6345,ﾌｼﾞｲｽﾞﾉｳｷﾖｳ,514,ｸﾞﾐｻﾞﾜ
6345,ﾌｼﾞｲｽﾞﾉｳｷﾖｳ,516,ﾊﾅﾐｽﾞｷ
6345,ﾌｼﾞｲｽﾞﾉｳｷﾖｳ,601,ﾌｼﾞﾁﾕｳｵｳ
6345,ﾌｼﾞｲｽﾞﾉｳｷﾖｳ,602,ﾓﾄﾖｼﾜﾗ
6345,ﾌｼﾞｲｽﾞﾉｳｷﾖｳ,606,ｽﾄﾞ
6345,ﾌｼﾞｲｽﾞﾉｳｷﾖｳ,607,ﾊﾗﾀﾞ
6345,ﾌｼﾞｲｽﾞﾉｳｷﾖｳ,608,ｲﾏｲｽﾞﾐ
6345,ﾌｼﾞｲｽﾞﾉｳｷﾖｳ,609,ﾌｼﾞｷﾀ
6345,ﾌｼﾞｲｽﾞﾉｳｷﾖｳ,610,ｼﾏﾀﾞ
6345,ﾌｼﾞｲｽﾞﾉｳｷﾖｳ,611,ﾃﾞﾝﾎﾞｳ
6345,ﾌｼﾞｲｽﾞﾉｳｷﾖｳ,613,ｵｵﾌﾞﾁ
6345,ﾌｼﾞｲｽﾞﾉｳｷﾖｳ,614,ﾀｶｵｶ
6345,ﾌｼﾞｲｽﾞﾉｳｷﾖｳ,615,ﾃﾝﾏ
6345,ﾌｼﾞｲｽﾞﾉｳｷﾖｳ,616,ｵｶ
6345,ﾌｼﾞｲｽﾞﾉｳｷﾖｳ,617,ﾖｼﾅｶﾞ
6345,ﾌｼﾞｲｽﾞﾉｳｷﾖｳ,621,ﾌｼﾞ
6345,ﾌｼﾞｲｽﾞﾉｳｷﾖｳ,623,ﾀﾃﾎﾞﾘ
6345,ﾌｼﾞｲｽﾞﾉｳｷﾖｳ,624,ﾀｺﾞｳﾗ
6345,ﾌｼﾞｲｽﾞﾉｳｷﾖｳ,627,ｲﾜﾏﾂ
6345,ﾌｼﾞｲｽﾞﾉｳｷﾖｳ,628,ﾊｼｼﾀ
6345,ﾌｼﾞｲｽﾞﾉｳｷﾖｳ,632,ﾌｼﾞｶﾜ
6345,ﾌｼﾞｲｽﾞﾉｳｷﾖｳ,702,ﾌｼﾞﾉﾐﾔﾎｸﾌﾞ
6345,ﾌｼﾞｲｽﾞﾉｳｷﾖｳ,703,ｵｵﾐﾔ
6345,ﾌｼﾞｲｽﾞﾉｳｷﾖｳ,704,ﾌｼﾞﾉﾐﾔﾄﾐｵｶ
6345,ﾌｼﾞｲｽﾞﾉｳｷﾖｳ,706,ｷﾀﾔﾏ
6345,ﾌｼﾞｲｽﾞﾉｳｷﾖｳ,707,ｼﾗｲﾄ
6345,ﾌｼﾞｲｽﾞﾉｳｷﾖｳ,709,ｳｴﾉ
6345,ﾌｼﾞｲｽﾞﾉｳｷﾖｳ,710,ﾌｼﾞﾈ
6345,ﾌｼﾞｲｽﾞﾉｳｷﾖｳ,716,ﾌｼﾞﾉﾐﾔﾁﾕｳｵｳ
6345,ﾌｼﾞｲｽﾞﾉｳｷﾖｳ,718,ﾌｼﾞﾉﾐﾔﾋｶﾞｼ
6345,ﾌｼﾞｲｽﾞﾉｳｷﾖｳ,730,ｼﾊﾞｶﾜ
6345,ﾌｼﾞｲｽﾞﾉｳｷﾖｳ,740,ﾕﾉ
6363,ｼﾐｽﾞﾉｳｷﾖｳ,001,ﾎﾝﾃﾝ
6363,ｼﾐｽﾞﾉｳｷﾖｳ,002,ｵｷﾂ
6363,ｼﾐｽﾞﾉｳｷﾖｳ,005,ｵｼﾞﾏ
6363,ｼﾐｽﾞﾉｳｷﾖｳ,006,ﾘﾖｳｺｳﾁ
6363,ｼﾐｽﾞﾉｳｷﾖｳ,007,ｲﾊﾗ
6363,ｼﾐｽﾞﾉｳｷﾖｳ,008,ｿﾃﾞｼ
6363,ｼﾐｽﾞﾉｳｷﾖｳ,011,ｲｲﾀﾞ
6363,ｼﾐｽﾞﾉｳｷﾖｳ,012,ﾀｶﾍﾞ
6363,ｼﾐｽﾞﾉｳｷﾖｳ,013,ｼﾐｽﾞ
6363,ｼﾐｽﾞﾉｳｷﾖｳ,014,ﾐﾎ
6363,ｼﾐｽﾞﾉｳｷﾖｳ,016,ｼﾓｼﾐｽﾞ
6363,ｼﾐｽﾞﾉｳｷﾖｳ,017,ｳﾄﾞ
6363,ｼﾐｽﾞﾉｳｷﾖｳ,018,ｸｻﾅｷﾞ
6363,ｼﾐｽﾞﾉｳｷﾖｳ,100,ﾕｲ
6363,ｼﾐｽﾞﾉｳｷﾖｳ,101,ｶﾝﾊﾞﾗ
6373,ｼｽﾞｵｶｼﾉｳｷﾖｳ,010,ﾎﾝﾃﾝ
6373,ｼｽﾞｵｶｼﾉｳｷﾖｳ,020,ﾐﾜ
6373,ｼｽﾞｵｶｼﾉｳｷﾖｳ,024,ﾏﾂﾉ
6373,ｼｽﾞｵｶｼﾉｳｷﾖｳ,070,ｼﾂﾞﾊﾀ
6373,ｼｽﾞｵｶｼﾉｳｷﾖｳ,073,ｼﾖｳﾌﾁﾖｳ
6373,ｼｽﾞｵｶｼﾉｳｷﾖｳ,080,ﾄﾖﾀﾞ
6373,ｼｽﾞｵｶｼﾉｳｷﾖｳ,090,ﾋｶﾞｼﾄﾖﾀﾞ
6373,ｼｽﾞｵｶｼﾉｳｷﾖｳ,100,ｵｵﾔ
6373,ｼｽﾞｵｶｼﾉｳｷﾖｳ,120,ﾀｶﾏﾂ
6373,ｼｽﾞｵｶｼﾉｳｷﾖｳ,130,ﾜﾗｼﾅ
6373,ｼｽﾞｵｶｼﾉｳｷﾖｳ,132,ﾅｶﾜﾗ
6373,ｼｽﾞｵｶｼﾉｳｷﾖｳ,140,ｵｵｻﾞﾄ
6373,ｼｽﾞｵｶｼﾉｳｷﾖｳ,301,ｵｻﾀﾞ
6373,ｼｽﾞｵｶｼﾉｳｷﾖｳ,306,ｼﾓｶﾜﾊﾗ
6373,ｼｽﾞｵｶｼﾉｳｷﾖｳ,401,ｱｻﾊﾀ
6373,ｼｽﾞｵｶｼﾉｳｷﾖｳ,402,ﾆｼﾅ
6373,ｼｽﾞｵｶｼﾉｳｷﾖｳ,501,ﾁﾖﾀﾞ
6373,ｼｽﾞｵｶｼﾉｳｷﾖｳ,503,ｱｹﾞﾂﾁ
6377,ｵｵｲｶﾞﾜﾉｳｷﾖｳ,001,ｵｶﾍﾞ
6377,ｵｵｲｶﾞﾜﾉｳｷﾖｳ,111,ﾀﾁﾊﾞﾅ
6377,ｵｵｲｶﾞﾜﾉｳｷﾖｳ,115,ﾊﾅｼ
6377,ｵｵｲｶﾞﾜﾉｳｷﾖｳ,116,ｲﾅﾊﾞ
6377,ｵｵｲｶﾞﾜﾉｳｷﾖｳ,118,ｱｵｼﾞﾏ
6377,ｵｵｲｶﾞﾜﾉｳｷﾖｳ,119,ｵｵｽ
6377,ｵｵｲｶﾞﾜﾉｳｷﾖｳ,120,ﾀｶｽ
6377,ｵｵｲｶﾞﾜﾉｳｷﾖｳ,230,ﾔｲﾂﾞ
6377,ｵｵｲｶﾞﾜﾉｳｷﾖｳ,231,ﾋｶﾞｼﾏｼﾂﾞ
6377,ｵｵｲｶﾞﾜﾉｳｷﾖｳ,233,ｵｵﾑﾗ
6377,ｵｵｲｶﾞﾜﾉｳｷﾖｳ,235,ﾄﾖﾀﾞ
6377,ｵｵｲｶﾞﾜﾉｳｷﾖｳ,237,ｺｶﾞﾜ
6377,ｵｵｲｶﾞﾜﾉｳｷﾖｳ,239,ｵｵﾄﾐ
6377,ｵｵｲｶﾞﾜﾉｳｷﾖｳ,241,ﾜﾀﾞ
6377,ｵｵｲｶﾞﾜﾉｳｷﾖｳ,350,ｼｽﾞﾊﾏ
6377,ｵｵｲｶﾞﾜﾉｳｷﾖｳ,460,ｼﾏﾀﾞ
6377,ｵｵｲｶﾞﾜﾉｳｷﾖｳ,463,ﾅｶﾐｿﾞ
6377,ｵｵｲｶﾞﾜﾉｳｷﾖｳ,466,ﾛｸｺﾞｳ
6377,ｵｵｲｶﾞﾜﾉｳｷﾖｳ,469,ｼﾏﾀﾞｷﾀ
6377,ｵｵｲｶﾞﾜﾉｳｷﾖｳ,472,ﾊﾂｸﾗ
6377,ｵｵｲｶﾞﾜﾉｳｷﾖｳ,581,ｶﾅﾔ
6377,ｵｵｲｶﾞﾜﾉｳｷﾖｳ,584,ｺﾞｶ
6377,ｵｵｲｶﾞﾜﾉｳｷﾖｳ,588,ｶﾜﾈﾐﾅﾐ
6377,ｵｵｲｶﾞﾜﾉｳｷﾖｳ,590,ﾅｶｶﾜﾈ
6377,ｵｵｲｶﾞﾜﾉｳｷﾖｳ,595,ﾎﾝｶﾜﾈ
6377,ｵｵｲｶﾞﾜﾉｳｷﾖｳ,600,ﾎﾝﾃﾝ
6382,ﾊｲﾅﾝﾉｳｷﾖｳ,001,ﾎﾝﾃﾝ
6382,ﾊｲﾅﾝﾉｳｷﾖｳ,002,ｵﾏｴｻﾞｷ
6382,ﾊｲﾅﾝﾉｳｷﾖｳ,004,ｼﾞﾄｳｶﾞﾀ
6382,ﾊｲﾅﾝﾉｳｷﾖｳ,005,ｻｶﾞﾗ
6382,ﾊｲﾅﾝﾉｳｷﾖｳ,008,ﾊｷﾞﾏ
6382,ﾊｲﾅﾝﾉｳｷﾖｳ,101,ﾊｲﾊﾞﾗ
6382,ﾊｲﾅﾝﾉｳｷﾖｳ,109,ｶﾂﾏﾀ
6382,ﾊｲﾅﾝﾉｳｷﾖｳ,201,ﾖｼﾀﾞ
6382,ﾊｲﾅﾝﾉｳｷﾖｳ,202,ｽﾐﾖｼ
6386,ｶｹｶﾞﾜｼﾉｳｷﾖｳ,001,ﾎﾝｼﾖ
6386,ｶｹｶﾞﾜｼﾉｳｷﾖｳ,004,ﾋｶﾞｼﾔﾏｸﾞﾁ
6386,ｶｹｶﾞﾜｼﾉｳｷﾖｳ,006,ｻｲｺﾞｳ
6386,ｶｹｶﾞﾜｼﾉｳｷﾖｳ,011,ｻｸﾗｷﾞ
6386,ｶｹｶﾞﾜｼﾉｳｷﾖｳ,013,ﾆｼﾅﾝｺﾞｳ
6386,ｶｹｶﾞﾜｼﾉｳｷﾖｳ,100,ﾔﾖｲ
6387,ｴﾝｼﾕｳﾕﾒｻｷﾉｳｷﾖｳ,003,ﾋｼﾞｶﾀ
6387,ｴﾝｼﾕｳﾕﾒｻｷﾉｳｷﾖｳ,005,ｵｵｽｶ
6387,ｴﾝｼﾕｳﾕﾒｻｷﾉｳｷﾖｳ,007,ｵｵｻｶ
6387,ｴﾝｼﾕｳﾕﾒｻｷﾉｳｷﾖｳ,102,ｷｸｶﾞﾜﾁﾕｳｵｳ
6387,ｴﾝｼﾕｳﾕﾒｻｷﾉｳｷﾖｳ,111,ｷｸｶﾞﾜ
6387,ｴﾝｼﾕｳﾕﾒｻｷﾉｳｷﾖｳ,204,ｵｶﾞｻ
6387,ｴﾝｼﾕｳﾕﾒｻｷﾉｳｷﾖｳ,304,ｲｹｼﾝﾃﾞﾝ
6387,ｴﾝｼﾕｳﾕﾒｻｷﾉｳｷﾖｳ,305,ﾊﾏｵｶﾋｶﾞｼ
6387,ｴﾝｼﾕｳﾕﾒｻｷﾉｳｷﾖｳ,309,ﾊﾏｵｶﾁﾕｳｵｳ
6387,ｴﾝｼﾕｳﾕﾒｻｷﾉｳｷﾖｳ,400,ﾎﾝﾃﾝ
6391,ｴﾝｼﾕｳﾁﾕｳｵｳﾉｳｷﾖｳ,001,ﾌｸﾛｲ
6391,ｴﾝｼﾕｳﾁﾕｳｵｳﾉｳｷﾖｳ,002,ﾌｸﾛｲﾐﾅﾐ
6391,ｴﾝｼﾕｳﾁﾕｳｵｳﾉｳｷﾖｳ,008,ﾔﾏﾅｼ
6391,ｴﾝｼﾕｳﾁﾕｳｵｳﾉｳｷﾖｳ,016,ｿﾉﾀﾞ
6391,ｴﾝｼﾕｳﾁﾕｳｵｳﾉｳｷﾖｳ,018,ﾓﾘ
6391,ｴﾝｼﾕｳﾁﾕｳｵｳﾉｳｷﾖｳ,023,ﾊﾙﾉ
6391,ｴﾝｼﾕｳﾁﾕｳｵｳﾉｳｷﾖｳ,029,ﾐﾂｹ
6391,ｴﾝｼﾕｳﾁﾕｳｵｳﾉｳｷﾖｳ,031,ﾅｶｲｽﾞﾐ
6391,ｴﾝｼﾕｳﾁﾕｳｵｳﾉｳｷﾖｳ,035,ｵﾎﾃﾝﾘﾕｳ
6391,ｴﾝｼﾕｳﾁﾕｳｵｳﾉｳｷﾖｳ,036,ﾄｳﾌﾞ
6391,ｴﾝｼﾕｳﾁﾕｳｵｳﾉｳｷﾖｳ,039,ｲﾜﾀｷﾀ
6391,ｴﾝｼﾕｳﾁﾕｳｵｳﾉｳｷﾖｳ,044,ｱｻﾊﾞ
6391,ｴﾝｼﾕｳﾁﾕｳｵｳﾉｳｷﾖｳ,048,ｱｻﾊﾞｷﾀ
6391,ｴﾝｼﾕｳﾁﾕｳｵｳﾉｳｷﾖｳ,051,ﾌｸﾃﾞ
6391,ｴﾝｼﾕｳﾁﾕｳｵｳﾉｳｷﾖｳ,057,ﾘﾕｳﾖｳ
6391,ｴﾝｼﾕｳﾁﾕｳｵｳﾉｳｷﾖｳ,059,ｲﾜﾀﾐﾅﾐ
6391,ｴﾝｼﾕｳﾁﾕｳｵｳﾉｳｷﾖｳ,064,ﾄﾖﾀﾞ
6391,ｴﾝｼﾕｳﾁﾕｳｵｳﾉｳｷﾖｳ,065,ﾄﾖﾀﾞｷﾀ
6391,ｴﾝｼﾕｳﾁﾕｳｵｳﾉｳｷﾖｳ,069,ﾋﾛｾ
6391,ｴﾝｼﾕｳﾁﾕｳｵｳﾉｳｷﾖｳ,072,ﾃﾝﾘﾕｳ
6391,ｴﾝｼﾕｳﾁﾕｳｵｳﾉｳｷﾖｳ,075,ｼﾓｱﾀｺﾞ
6391,ｴﾝｼﾕｳﾁﾕｳｵｳﾉｳｷﾖｳ,077,ﾄﾖｵｶ
6391,ｴﾝｼﾕｳﾁﾕｳｵｳﾉｳｷﾖｳ,079,ﾀﾂｶﾜ
6391,ｴﾝｼﾕｳﾁﾕｳｵｳﾉｳｷﾖｳ,090,ｻｸﾏ
6391,ｴﾝｼﾕｳﾁﾕｳｵｳﾉｳｷﾖｳ,094,ﾐｻｸﾎﾞ
6391,ｴﾝｼﾕｳﾁﾕｳｵｳﾉｳｷﾖｳ,100,ﾎﾝﾃﾝ
6403,ﾄﾋﾟｱﾊﾏﾏﾂﾉｳｷﾖｳ,002,ﾄﾖﾆｼ
6403,ﾄﾋﾟｱﾊﾏﾏﾂﾉｳｷﾖｳ,003,ｶｻｲ
6403,ﾄﾋﾟｱﾊﾏﾏﾂﾉｳｷﾖｳ,004,ﾅｶﾞｶﾐ
6403,ﾄﾋﾟｱﾊﾏﾏﾂﾉｳｷﾖｳ,005,ﾅｶﾉﾏﾁ
6403,ﾄﾋﾟｱﾊﾏﾏﾂﾉｳｷﾖｳ,006,ｺｲｹ
6403,ﾄﾋﾟｱﾊﾏﾏﾂﾉｳｷﾖｳ,007,ｲﾁﾉ
6403,ﾄﾋﾟｱﾊﾏﾏﾂﾉｳｷﾖｳ,022,ｲｲﾀﾞ
6403,ﾄﾋﾟｱﾊﾏﾏﾂﾉｳｷﾖｳ,023,ﾎｳｶﾜ
6403,ﾄﾋﾟｱﾊﾏﾏﾂﾉｳｷﾖｳ,024,ｶﾜﾜ
6403,ﾄﾋﾟｱﾊﾏﾏﾂﾉｳｷﾖｳ,025,ｺﾞﾄｳ
6403,ﾄﾋﾟｱﾊﾏﾏﾂﾉｳｷﾖｳ,026,ｼﾗﾜｷ
6403,ﾄﾋﾟｱﾊﾏﾏﾂﾉｳｷﾖｳ,027,ﾐｼﾏ
6403,ﾄﾋﾟｱﾊﾏﾏﾂﾉｳｷﾖｳ,202,ﾜﾀﾞ
6403,ﾄﾋﾟｱﾊﾏﾏﾂﾉｳｷﾖｳ,203,ｶﾊﾞ
6403,ﾄﾋﾟｱﾊﾏﾏﾂﾉｳｷﾖｳ,204,ﾋｸﾏ
6403,ﾄﾋﾟｱﾊﾏﾏﾂﾉｳｷﾖｳ,205,ｽｹﾉﾌﾞ
6403,ﾄﾋﾟｱﾊﾏﾏﾂﾉｳｷﾖｳ,206,ｾｷｼ
6403,ﾄﾋﾟｱﾊﾏﾏﾂﾉｳｷﾖｳ,208,ﾆｼｶﾞｻｷ
6403,ﾄﾋﾟｱﾊﾏﾏﾂﾉｳｷﾖｳ,209,ｱﾘﾀﾏ
6403,ﾄﾋﾟｱﾊﾏﾏﾂﾉｳｷﾖｳ,210,ｶﾐﾆｼ
6403,ﾄﾋﾟｱﾊﾏﾏﾂﾉｳｷﾖｳ,211,ｻｻｶﾞｾ
6403,ﾄﾋﾟｱﾊﾏﾏﾂﾉｳｷﾖｳ,212,ｿｳﾃﾞ
6403,ﾄﾋﾟｱﾊﾏﾏﾂﾉｳｷﾖｳ,221,ｽﾐﾖｼ
6403,ﾄﾋﾟｱﾊﾏﾏﾂﾉｳｷﾖｳ,222,ｼｼﾞﾐﾂﾞｶ
6403,ﾄﾋﾟｱﾊﾏﾏﾂﾉｳｷﾖｳ,223,ｱｵｲﾁﾖｳ
6403,ﾄﾋﾟｱﾊﾏﾏﾂﾉｳｷﾖｳ,303,ｲﾘﾉ
6403,ﾄﾋﾟｱﾊﾏﾏﾂﾉｳｷﾖｳ,304,ｶｸﾛ
6403,ﾄﾋﾟｱﾊﾏﾏﾂﾉｳｷﾖｳ,305,ﾕｳﾄｳ
6403,ﾄﾋﾟｱﾊﾏﾏﾂﾉｳｷﾖｳ,306,ｼﾉﾊﾗ
6403,ﾄﾋﾟｱﾊﾏﾏﾂﾉｳｷﾖｳ,307,ｶｼﾝ
6403,ﾄﾋﾟｱﾊﾏﾏﾂﾉｳｷﾖｳ,312,ﾏｺﾞｵﾘ
6403,ﾄﾋﾟｱﾊﾏﾏﾂﾉｳｷﾖｳ,402,ﾄﾐﾂｶ
6403,ﾄﾋﾟｱﾊﾏﾏﾂﾉｳｷﾖｳ,403,ｲｻﾐ
6403,ﾄﾋﾟｱﾊﾏﾏﾂﾉｳｷﾖｳ,404,ﾜｼﾞ
6403,ﾄﾋﾟｱﾊﾏﾏﾂﾉｳｷﾖｳ,432,ﾊﾂｵｲ
6403,ﾄﾋﾟｱﾊﾏﾏﾂﾉｳｷﾖｳ,433,ﾈｱﾗｲ
6403,ﾄﾋﾟｱﾊﾏﾏﾂﾉｳｷﾖｳ,434,ﾐｶﾀﾊﾗ
6403,ﾄﾋﾟｱﾊﾏﾏﾂﾉｳｷﾖｳ,471,ｶﾝｻﾞﾝｼﾞ
6403,ﾄﾋﾟｱﾊﾏﾏﾂﾉｳｷﾖｳ,472,ﾑﾗｸｼ
6403,ﾄﾋﾟｱﾊﾏﾏﾂﾉｳｷﾖｳ,473,ｼﾖｳﾜ
6403,ﾄﾋﾟｱﾊﾏﾏﾂﾉｳｷﾖｳ,502,ﾊﾏﾅ
6403,ﾄﾋﾟｱﾊﾏﾏﾂﾉｳｷﾖｳ,503,ｷﾀﾊﾏ
6403,ﾄﾋﾟｱﾊﾏﾏﾂﾉｳｷﾖｳ,504,ﾘﾕｳﾁ
6403,ﾄﾋﾟｱﾊﾏﾏﾂﾉｳｷﾖｳ,505,ﾅｶｾﾞ
6403,ﾄﾋﾟｱﾊﾏﾏﾂﾉｳｷﾖｳ,506,ｱｶｻ
6403,ﾄﾋﾟｱﾊﾏﾏﾂﾉｳｷﾖｳ,507,ｱﾗﾀﾏ
6403,ﾄﾋﾟｱﾊﾏﾏﾂﾉｳｷﾖｳ,602,ｱﾗｲ
6403,ﾄﾋﾟｱﾊﾏﾏﾂﾉｳｷﾖｳ,603,ｼﾗｽｶ
6403,ﾄﾋﾟｱﾊﾏﾏﾂﾉｳｷﾖｳ,604,ﾜｼﾂﾞ
6403,ﾄﾋﾟｱﾊﾏﾏﾂﾉｳｷﾖｳ,606,ｺｻｲｷﾀ
6403,ﾄﾋﾟｱﾊﾏﾏﾂﾉｳｷﾖｳ,608,ｼﾝｼﾞﾖﾊﾗ
6403,ﾄﾋﾟｱﾊﾏﾏﾂﾉｳｷﾖｳ,701,ﾐﾔｺﾀﾞ
6403,ﾄﾋﾟｱﾊﾏﾏﾂﾉｳｷﾖｳ,703,ﾃｸﾉ
6403,ﾄﾋﾟｱﾊﾏﾏﾂﾉｳｷﾖｳ,711,ﾎｿｴ
6403,ﾄﾋﾟｱﾊﾏﾏﾂﾉｳｷﾖｳ,712,ﾆｼｷｶﾞ
6403,ﾄﾋﾟｱﾊﾏﾏﾂﾉｳｷﾖｳ,714,ﾀｶﾀﾞｲ
6403,ﾄﾋﾟｱﾊﾏﾏﾂﾉｳｷﾖｳ,721,ｲﾅｻ
6403,ﾄﾋﾟｱﾊﾏﾏﾂﾉｳｷﾖｳ,722,ｵｸﾔﾏ
6403,ﾄﾋﾟｱﾊﾏﾏﾂﾉｳｷﾖｳ,723,ｲﾀﾞｲﾗ
6403,ﾄﾋﾟｱﾊﾏﾏﾂﾉｳｷﾖｳ,724,ｼｽﾞﾀﾏ
6403,ﾄﾋﾟｱﾊﾏﾏﾂﾉｳｷﾖｳ,800,ﾎﾝﾃﾝ
6423,ﾐﾂｶﾋﾞﾁﾖｳﾉｳｷﾖｳ,001,ﾎﾝｼﾖ
6423,ﾐﾂｶﾋﾞﾁﾖｳﾉｳｷﾖｳ,002,ﾂﾂﾞｷ
6430,ﾅｺﾞﾔﾉｳｷﾖｳ,014,ﾎﾝﾃﾝ
6430,ﾅｺﾞﾔﾉｳｷﾖｳ,022,ﾁｸｻ
6430,ﾅｺﾞﾔﾉｳｷﾖｳ,031,ｱｼﾞﾏ
6430,ﾅｺﾞﾔﾉｳｷﾖｳ,049,ｸｽﾉｷ
6430,ﾅｺﾞﾔﾉｳｷﾖｳ,057,ｲﾜﾂｶ
6430,ﾅｺﾞﾔﾉｳｷﾖｳ,065,ﾅｶｶﾞﾜﾁﾕｳﾌﾞ
6430,ﾅｺﾞﾔﾉｳｷﾖｳ,090,ｵｳｽ
6430,ﾅｺﾞﾔﾉｳｷﾖｳ,103,ﾅﾙｵ
6430,ﾅｺﾞﾔﾉｳｷﾖｳ,111,ｻｸﾗ
6430,ﾅｺﾞﾔﾉｳｷﾖｳ,120,ｺｳﾄｳ
6430,ﾅｺﾞﾔﾉｳｷﾖｳ,189,ｲﾅﾊﾞｼﾞ
6430,ﾅｺﾞﾔﾉｳｷﾖｳ,197,ﾋﾋﾞﾂ
6430,ﾅｺﾞﾔﾉｳｷﾖｳ,219,ﾋﾗﾀ
6430,ﾅｺﾞﾔﾉｳｷﾖｳ,235,ｵﾀｲ
6430,ﾅｺﾞﾔﾉｳｷﾖｳ,251,ﾔﾏﾀﾞﾋｶﾞｼ
6430,ﾅｺﾞﾔﾉｳｷﾖｳ,260,ｼﾓﾉｲｼｷ
6430,ﾅｺﾞﾔﾉｳｷﾖｳ,278,ｾﾞﾝｼﾝ
6430,ﾅｺﾞﾔﾉｳｷﾖｳ,286,ｲﾅｴ
6430,ﾅｺﾞﾔﾉｳｷﾖｳ,308,ﾓﾘﾔﾏ
6430,ﾅｺﾞﾔﾉｳｷﾖｳ,316,ｼﾀﾞﾐ
6430,ﾅｺﾞﾔﾉｳｷﾖｳ,341,ｵｵﾀﾞｶ
6430,ﾅｺﾞﾔﾉｳｷﾖｳ,359,ﾀﾞｲｶﾝﾁﾖｳ
6430,ﾅｺﾞﾔﾉｳｷﾖｳ,367,ﾓﾘﾔﾏﾋｶﾞｼ
6430,ﾅｺﾞﾔﾉｳｷﾖｳ,553,ｲﾀｶ
6430,ﾅｺﾞﾔﾉｳｷﾖｳ,561,ﾀｶﾊﾞﾘ
6430,ﾅｺﾞﾔﾉｳｷﾖｳ,570,ｲﾉｺｲｼ
6430,ﾅｺﾞﾔﾉｳｷﾖｳ,600,ﾄﾐﾀﾞ
6430,ﾅｺﾞﾔﾉｳｷﾖｳ,651,ﾅﾝﾖｳﾁﾖｳ
6430,ﾅｺﾞﾔﾉｳｷﾖｳ,669,ﾅﾝﾖｳﾁﾖｳﾋｶﾞｼ
6436,ﾃﾝﾊﾟｸｼﾝﾖｳﾉｳｷﾖｳ,013,ﾎﾝﾃﾝ
6436,ﾃﾝﾊﾟｸｼﾝﾖｳﾉｳｷﾖｳ,021,ｳｴﾀﾞ
6436,ﾃﾝﾊﾟｸｼﾝﾖｳﾉｳｷﾖｳ,030,ﾐﾅﾐﾃﾝﾊﾟｸ
6436,ﾃﾝﾊﾟｸｼﾝﾖｳﾉｳｷﾖｳ,048,ﾔｺﾞﾄ
6436,ﾃﾝﾊﾟｸｼﾝﾖｳﾉｳｷﾖｳ,056,ﾋﾗﾊﾞﾘ
6443,ﾐﾄﾞﾘｼﾝﾖｳﾉｳｷﾖｳ,010,ﾎﾝﾃﾝ
6443,ﾐﾄﾞﾘｼﾝﾖｳﾉｳｷﾖｳ,028,ﾄｸｼｹﾞ
6443,ﾐﾄﾞﾘｼﾝﾖｳﾉｳｷﾖｳ,036,ｵｹﾊｻﾞﾏ
6451,ｵﾜﾘﾁﾕｳｵｳﾉｳｷﾖｳ,019,ﾎﾝﾃﾝ
6451,ｵﾜﾘﾁﾕｳｵｳﾉｳｷﾖｳ,027,ﾆｼ
6451,ｵﾜﾘﾁﾕｳｵｳﾉｳｷﾖｳ,035,ｷﾀｻﾄ
6451,ｵﾜﾘﾁﾕｳｵｳﾉｳｷﾖｳ,108,ｱｼﾞｵｶ
6451,ｵﾜﾘﾁﾕｳｵｳﾉｳｷﾖｳ,159,ｺﾏｷ
6451,ｵﾜﾘﾁﾕｳｵｳﾉｳｷﾖｳ,205,ｼﾉｵｶ
6451,ｵﾜﾘﾁﾕｳｵｳﾉｳｷﾖｳ,311,ﾄﾖﾊﾞ
6451,ｵﾜﾘﾁﾕｳｵｳﾉｳｷﾖｳ,507,ｶｽｶﾞｲﾁﾕｳｵｳ
6451,ｵﾜﾘﾁﾕｳｵｳﾉｳｷﾖｳ,515,ｱｼﾞﾖｼ
6451,ｵﾜﾘﾁﾕｳｵｳﾉｳｷﾖｳ,523,ｶｽｶﾞｲ
6451,ｵﾜﾘﾁﾕｳｵｳﾉｳｷﾖｳ,531,ﾀﾗｶﾞ
6451,ｵﾜﾘﾁﾕｳｵｳﾉｳｷﾖｳ,540,ｾｷﾀﾞ
6451,ｵﾜﾘﾁﾕｳｵｳﾉｳｷﾖｳ,566,ｼﾞﾖｳｼﾞﾖｳ
6451,ｵﾜﾘﾁﾕｳｵｳﾉｳｷﾖｳ,574,ｻｶｼﾀ
6451,ｵﾜﾘﾁﾕｳｵｳﾉｳｷﾖｳ,701,ｺｳｿﾞｳｼﾞ
6451,ｵﾜﾘﾁﾕｳｵｳﾉｳｷﾖｳ,710,ﾌｼﾞ
6456,ﾆｼｶｽｶﾞｲﾉｳｷﾖｳ,010,ﾎﾝﾃﾝ
6456,ﾆｼｶｽｶﾞｲﾉｳｷﾖｳ,028,ﾆｼﾋﾞﾜｼﾞﾏ
6456,ﾆｼｶｽｶﾞｲﾉｳｷﾖｳ,036,ｼﾝｶﾜ
6456,ﾆｼｶｽｶﾞｲﾉｳｷﾖｳ,044,ｱﾜﾗ
6456,ﾆｼｶｽｶﾞｲﾉｳｷﾖｳ,052,ｷﾖｽ
6456,ﾆｼｶｽｶﾞｲﾉｳｷﾖｳ,061,ﾊﾙﾋ
6456,ﾆｼｶｽｶﾞｲﾉｳｷﾖｳ,087,ﾆｼﾊﾙ
6456,ﾆｼｶｽｶﾞｲﾉｳｷﾖｳ,095,ｼｶﾂ
6456,ﾆｼｶｽｶﾞｲﾉｳｷﾖｳ,117,ｼｶﾀ
6456,ﾆｼｶｽｶﾞｲﾉｳｷﾖｳ,125,ｱｵﾔﾏ
6466,ｱｲﾁﾋﾞﾄｳﾉｳｷﾖｳ,015,ﾎﾝﾃﾝ
6466,ｱｲﾁﾋﾞﾄｳﾉｳｷﾖｳ,023,ｺﾒﾉｷ
6466,ｱｲﾁﾋﾞﾄｳﾉｳｷﾖｳ,031,ｲﾜｻｷ
6466,ｱｲﾁﾋﾞﾄｳﾉｳｷﾖｳ,040,ｱｻﾀﾞ
6466,ｱｲﾁﾋﾞﾄｳﾉｳｷﾖｳ,104,ﾆﾂｼﾝ
6466,ｱｲﾁﾋﾞﾄｳﾉｳｷﾖｳ,201,ﾄｳｺﾞｳ
6466,ｱｲﾁﾋﾞﾄｳﾉｳｷﾖｳ,228,ﾊﾙｷ
6466,ｱｲﾁﾋﾞﾄｳﾉｳｷﾖｳ,309,ﾄﾖｱｹ
6466,ｱｲﾁﾋﾞﾄｳﾉｳｷﾖｳ,341,ﾄﾖｱｹｻｶｴ
6466,ｱｲﾁﾋﾞﾄｳﾉｳｷﾖｳ,406,ｾﾄ
6466,ｱｲﾁﾋﾞﾄｳﾉｳｷﾖｳ,414,ﾔﾏｸﾞﾁ
6466,ｱｲﾁﾋﾞﾄｳﾉｳｷﾖｳ,449,ﾐｽﾞﾉ
6466,ｱｲﾁﾋﾞﾄｳﾉｳｷﾖｳ,457,ｼﾅﾉ
6466,ｱｲﾁﾋﾞﾄｳﾉｳｷﾖｳ,503,ｵﾜﾘｱｻﾋ
6466,ｱｲﾁﾋﾞﾄｳﾉｳｷﾖｳ,538,ｵﾜﾘｱｻﾋﾋｶﾞｼ
6466,ｱｲﾁﾋﾞﾄｳﾉｳｷﾖｳ,546,ﾎﾝｼﾞｶﾞﾊﾗ
6466,ｱｲﾁﾋﾞﾄｳﾉｳｷﾖｳ,601,ﾅｶﾞｸﾃ
6466,ｱｲﾁﾋﾞﾄｳﾉｳｷﾖｳ,619,ﾅｶﾞｸﾃﾆｼ
6470,ｱｲﾁｷﾀﾉｳｷﾖｳ,013,ﾎﾝﾃﾝ
6470,ｱｲﾁｷﾀﾉｳｷﾖｳ,021,ﾎﾃｲ
6470,ｱｲﾁｷﾀﾉｳｷﾖｳ,064,ｺｳﾅﾝｷﾀ
6470,ｱｲﾁｷﾀﾉｳｷﾖｳ,099,ｸｻｲ
6470,ｱｲﾁｷﾀﾉｳｷﾖｳ,111,ﾐﾔﾀﾞ
6470,ｱｲﾁｷﾀﾉｳｷﾖｳ,161,ｺｳﾅﾝ
6470,ｱｲﾁｷﾀﾉｳｷﾖｳ,170,ｲﾇﾔﾏﾅﾝﾌﾞ
6470,ｱｲﾁｷﾀﾉｳｷﾖｳ,188,ﾊｸﾞﾛ
6470,ｱｲﾁｷﾀﾉｳｷﾖｳ,196,ｲﾇﾔﾏ
6470,ｱｲﾁｷﾀﾉｳｷﾖｳ,200,ｲﾇﾔﾏﾆｼ
6470,ｱｲﾁｷﾀﾉｳｷﾖｳ,285,ｵｵｸﾞﾁ
6470,ｱｲﾁｷﾀﾉｳｷﾖｳ,323,ﾌｿｳ
6470,ｱｲﾁｷﾀﾉｳｷﾖｳ,366,ｶｼﾜﾓﾘ
6470,ｱｲﾁｷﾀﾉｳｷﾖｳ,374,ｲﾜｸﾗ
6470,ｱｲﾁｷﾀﾉｳｷﾖｳ,387,ｲﾜｸﾗﾆｼ
6483,ｱｲﾁﾆｼﾉｳｷﾖｳ,014,ﾎﾝﾃﾝ
6483,ｱｲﾁﾆｼﾉｳｷﾖｳ,022,ﾊｸﾞﾘ
6483,ｱｲﾁﾆｼﾉｳｷﾖｳ,031,ｾﾍﾞ
6483,ｱｲﾁﾆｼﾉｳｷﾖｳ,049,ﾀﾝﾖｳ
6483,ｱｲﾁﾆｼﾉｳｷﾖｳ,057,ｱｻﾞｲ
6483,ｱｲﾁﾆｼﾉｳｷﾖｳ,065,ｷﾀｶﾞﾀ
6483,ｱｲﾁﾆｼﾉｳｷﾖｳ,073,ﾁｱｷ
6483,ｱｲﾁﾆｼﾉｳｷﾖｳ,081,ｲﾁﾉﾐﾔ
6483,ｱｲﾁﾆｼﾉｳｷﾖｳ,090,ﾊｷﾞﾜﾗ
6483,ｱｲﾁﾆｼﾉｳｷﾖｳ,103,ﾔﾏﾄ
6483,ｱｲﾁﾆｼﾉｳｷﾖｳ,111,ｲﾏｲｾ
6483,ｱｲﾁﾆｼﾉｳｷﾖｳ,120,ｵｸﾁﾖｳ
6483,ｱｲﾁﾆｼﾉｳｷﾖｳ,138,ﾆｼﾅﾘ
6483,ｱｲﾁﾆｼﾉｳｷﾖｳ,146,ｱｻﾉ
6483,ｱｲﾁﾆｼﾉｳｷﾖｳ,154,ｷｿｶﾞﾜ
6483,ｱｲﾁﾆｼﾉｳｷﾖｳ,316,ｺｳﾉﾐﾔ
6483,ｱｲﾁﾆｼﾉｳｷﾖｳ,324,ｲﾅﾊﾞﾆｼﾏﾁ
6483,ｱｲﾁﾆｼﾉｳｷﾖｳ,332,ｵﾘﾂﾞ
6483,ｱｲﾁﾆｼﾉｳｷﾖｳ,367,ｲﾅｻﾞﾜｴｷﾏｴ
6483,ｱｲﾁﾆｼﾉｳｷﾖｳ,511,ﾒｲｼﾞ
6483,ｱｲﾁﾆｼﾉｳｷﾖｳ,545,ｵｵｻﾄ
6483,ｱｲﾁﾆｼﾉｳｷﾖｳ,561,ﾁﾖﾀﾞ
6483,ｱｲﾁﾆｼﾉｳｷﾖｳ,600,ｿﾌﾞｴﾁﾖｳ
6483,ｱｲﾁﾆｼﾉｳｷﾖｳ,634,ﾅｶﾞｵｶ
6483,ｱｲﾁﾆｼﾉｳｷﾖｳ,642,ﾍｲﾜ
6483,ｱｲﾁﾆｼﾉｳｷﾖｳ,715,ﾋﾞｻｲ
6483,ｱｲﾁﾆｼﾉｳｷﾖｳ,723,ｱｻﾋ
6514,ｱｲﾁｱﾏﾉｳｷﾖｳ,019,ﾎﾝﾃﾝ
6514,ｱｲﾁｱﾏﾉｳｷﾖｳ,035,ｻｵﾘ
6514,ｱｲﾁｱﾏﾉｳｷﾖｳ,043,ﾂｼﾏ
6514,ｱｲﾁｱﾏﾉｳｷﾖｳ,051,ｴｲﾜ
6514,ｱｲﾁｱﾏﾉｳｷﾖｳ,060,ｻﾔ
6514,ｱｲﾁｱﾏﾉｳｷﾖｳ,078,ﾊﾁｶｲ
6514,ｱｲﾁｱﾏﾉｳｷﾖｳ,108,ﾀﾂﾀﾞ
6514,ｱｲﾁｱﾏﾉｳｷﾖｳ,141,ｶﾆｴ
6514,ｱｲﾁｱﾏﾉｳｷﾖｳ,159,ｼﾞﾕｳｼﾔﾏ
6514,ｱｲﾁｱﾏﾉｳｷﾖｳ,167,ﾄﾋﾞｼﾏ
6514,ｱｲﾁｱﾏﾉｳｷﾖｳ,175,ﾅﾍﾞﾀ
6514,ｱｲﾁｱﾏﾉｳｷﾖｳ,183,ﾔﾄﾐ
6514,ｱｲﾁｱﾏﾉｳｷﾖｳ,191,ｲﾁｴ
6514,ｱｲﾁｱﾏﾉｳｷﾖｳ,302,ｱﾏﾋｶﾞｼ
6514,ｱｲﾁｱﾏﾉｳｷﾖｳ,311,ｶﾓﾘ
6514,ｱｲﾁｱﾏﾉｳｷﾖｳ,329,ｼﾂﾎﾟｳ
6514,ｱｲﾁｱﾏﾉｳｷﾖｳ,337,ｲﾌｸ
6514,ｱｲﾁｱﾏﾉｳｷﾖｳ,345,ﾐﾜ
6514,ｱｲﾁｱﾏﾉｳｷﾖｳ,353,ｼﾞﾓｸｼﾞ
6514,ｱｲﾁｱﾏﾉｳｷﾖｳ,361,ｵｵﾊﾙ
6531,ｱｲﾁﾁﾀﾉｳｷﾖｳ,014,ﾎﾝﾃﾝ
6531,ｱｲﾁﾁﾀﾉｳｷﾖｳ,022,ﾄｺﾅﾒﾎｸﾌﾞ
6531,ｱｲﾁﾁﾀﾉｳｷﾖｳ,081,ｻｸﾗ
6531,ｱｲﾁﾁﾀﾉｳｷﾖｳ,111,ﾉｿﾞﾐ
6531,ｱｲﾁﾁﾀﾉｳｷﾖｳ,138,ｻﾜﾔｶ
6531,ｱｲﾁﾁﾀﾉｳｷﾖｳ,201,ﾄｺﾅﾒﾐﾅﾐ
6531,ｱｲﾁﾁﾀﾉｳｷﾖｳ,227,ｶｼﾞﾏﾀﾞｲ
6531,ｱｲﾁﾁﾀﾉｳｷﾖｳ,235,ｵｵﾌﾞ
6531,ｱｲﾁﾁﾀﾉｳｷﾖｳ,243,ｶﾝﾀﾞ
6531,ｱｲﾁﾁﾀﾉｳｷﾖｳ,260,ﾄｳｴｲ
6531,ｱｲﾁﾁﾀﾉｳｷﾖｳ,278,ｷﾖｳﾜ
6531,ｱｲﾁﾁﾀﾉｳｷﾖｳ,294,ﾖｼﾀﾞ
6531,ｱｲﾁﾁﾀﾉｳｷﾖｳ,308,ﾊﾝﾀﾞ
6531,ｱｲﾁﾁﾀﾉｳｷﾖｳ,316,ｲﾀﾔﾏ
6531,ｱｲﾁﾁﾀﾉｳｷﾖｳ,332,ﾊﾝﾀﾞｷﾀ
6531,ｱｲﾁﾁﾀﾉｳｷﾖｳ,359,ﾊﾝﾀﾞﾐﾅﾐ
6531,ｱｲﾁﾁﾀﾉｳｷﾖｳ,367,ﾋｶﾞｼｳﾗ
6531,ｱｲﾁﾁﾀﾉｳｷﾖｳ,375,ﾓﾘｵｶ
6531,ｱｲﾁﾁﾀﾉｳｷﾖｳ,405,ﾋｶﾞｼｳﾗﾅﾝﾌﾞ
6531,ｱｲﾁﾁﾀﾉｳｷﾖｳ,421,ｱｸﾞｲ
6531,ｱｲﾁﾁﾀﾉｳｷﾖｳ,430,ｱｸﾞｲﾋｶﾞｼ
6531,ｱｲﾁﾁﾀﾉｳｷﾖｳ,481,ｵｵﾌﾞﾆｼ
6531,ｱｲﾁﾁﾀﾉｳｷﾖｳ,502,ﾀｹﾄﾖ
6531,ｱｲﾁﾁﾀﾉｳｷﾖｳ,511,ﾌｷ
6531,ｱｲﾁﾁﾀﾉｳｷﾖｳ,529,ﾀﾏﾇｷ
6531,ｱｲﾁﾁﾀﾉｳｷﾖｳ,537,ｽﾅｶﾞﾜ
6531,ｱｲﾁﾁﾀﾉｳｷﾖｳ,600,ﾐﾊﾏ
6531,ｱｲﾁﾁﾀﾉｳｷﾖｳ,618,ｺｳﾜﾅﾝﾌﾞ
6531,ｱｲﾁﾁﾀﾉｳｷﾖｳ,677,ﾐﾊﾏﾆｼ
6531,ｱｲﾁﾁﾀﾉｳｷﾖｳ,707,ﾐﾅﾐﾁﾀ
6531,ｱｲﾁﾁﾀﾉｳｷﾖｳ,715,ｳﾂﾐ
6531,ｱｲﾁﾁﾀﾉｳｷﾖｳ,782,ﾐｻｷ
6531,ｱｲﾁﾁﾀﾉｳｷﾖｳ,791,ﾋﾏｶｼﾞﾏ
6531,ｱｲﾁﾁﾀﾉｳｷﾖｳ,812,ﾄｳｶｲ
6531,ｱｲﾁﾁﾀﾉｳｷﾖｳ,821,ｵｵﾀ
6531,ｱｲﾁﾁﾀﾉｳｷﾖｳ,839,ｶｷﾞﾔ
6531,ｱｲﾁﾁﾀﾉｳｷﾖｳ,847,ｳｴﾉ
6531,ｱｲﾁﾁﾀﾉｳｷﾖｳ,855,ﾅﾜ
6531,ｱｲﾁﾁﾀﾉｳｷﾖｳ,863,ｶｹ
6531,ｱｲﾁﾁﾀﾉｳｷﾖｳ,871,ﾌｷｼﾏ
6531,ｱｲﾁﾁﾀﾉｳｷﾖｳ,901,ﾁﾀ
6531,ｱｲﾁﾁﾀﾉｳｷﾖｳ,910,ｼﾝﾁ
6531,ｱｲﾁﾁﾀﾉｳｷﾖｳ,928,ｲｼﾝﾃﾞﾝ
6531,ｱｲﾁﾁﾀﾉｳｷﾖｳ,936,ﾆｼﾉﾀﾞｲ
6531,ｱｲﾁﾁﾀﾉｳｷﾖｳ,944,ｵｶﾀﾞ
6531,ｱｲﾁﾁﾀﾉｳｷﾖｳ,952,ｱｻﾋ
6531,ｱｲﾁﾁﾀﾉｳｷﾖｳ,961,ｶｽﾔ
6552,ｱｲﾁﾁﾕｳｵｳﾉｳｷﾖｳ,017,ﾎﾝﾃﾝ
6552,ｱｲﾁﾁﾕｳｵｳﾉｳｷﾖｳ,041,ｱﾝｼﾖｳ
6552,ｱｲﾁﾁﾕｳｵｳﾉｳｷﾖｳ,050,ﾌﾙｲ
6552,ｱｲﾁﾁﾕｳｵｳﾉｳｷﾖｳ,068,ｱﾝｼﾞﾖｳﾅｶ
6552,ｱｲﾁﾁﾕｳｵｳﾉｳｷﾖｳ,076,ｱﾝｼﾞﾖｳﾆｼ
6552,ｱｲﾁﾁﾕｳｵｳﾉｳｷﾖｳ,092,ﾐｶﾜｱﾝｼﾞﾖｳｷﾀ
6552,ｱｲﾁﾁﾕｳｵｳﾉｳｷﾖｳ,106,ｼﾝｱﾝｼﾞﾖｳ
6552,ｱｲﾁﾁﾕｳｵｳﾉｳｷﾖｳ,122,ｱﾝｼﾞﾖｳﾋｶﾞｼ
6552,ｱｲﾁﾁﾕｳｵｳﾉｳｷﾖｳ,149,ﾆﾎﾝｷﾞ
6552,ｱｲﾁﾁﾕｳｵｳﾉｳｷﾖｳ,157,ﾀｶﾀﾅ
6552,ｱｲﾁﾁﾕｳｵｳﾉｳｷﾖｳ,165,ｱﾝｼﾞﾖｳﾐﾅﾐ
6552,ｱｲﾁﾁﾕｳｵｳﾉｳｷﾖｳ,254,ﾐｶﾜｱﾝｼﾞﾖｳ
6552,ｱｲﾁﾁﾕｳｵｳﾉｳｷﾖｳ,297,ｻｸﾗｲ
6552,ｱｲﾁﾁﾕｳｵｳﾉｳｷﾖｳ,351,ﾍｷﾅﾝﾅｶ
6552,ｱｲﾁﾁﾕｳｵｳﾉｳｷﾖｳ,378,ﾍｷﾅﾝﾐﾅﾐ
6552,ｱｲﾁﾁﾕｳｵｳﾉｳｷﾖｳ,424,ﾍｷﾅﾝﾋｶﾞｼ
6552,ｱｲﾁﾁﾕｳｵｳﾉｳｷﾖｳ,441,ﾆｼﾊﾞﾀ
6552,ｱｲﾁﾁﾕｳｵｳﾉｳｷﾖｳ,491,ﾉﾀﾞ
6552,ｱｲﾁﾁﾕｳｵｳﾉｳｷﾖｳ,548,ｶﾘｶﾞﾈ
6552,ｱｲﾁﾁﾕｳｵｳﾉｳｷﾖｳ,564,ﾌｼﾞﾏﾂ
6552,ｱｲﾁﾁﾕｳｵｳﾉｳｷﾖｳ,602,ｵﾔﾏ
6552,ｱｲﾁﾁﾕｳｵｳﾉｳｷﾖｳ,611,ｶﾘﾔﾅｶ
6552,ｱｲﾁﾁﾕｳｵｳﾉｳｷﾖｳ,629,ｶﾘﾔﾐﾅﾐ
6552,ｱｲﾁﾁﾕｳｵｳﾉｳｷﾖｳ,637,ｶﾘﾔﾎｸﾌﾞ
6552,ｱｲﾁﾁﾕｳｵｳﾉｳｷﾖｳ,653,ﾖｼﾊﾏ
6552,ｱｲﾁﾁﾕｳｵｳﾉｳｷﾖｳ,661,ﾀｶﾄﾘ
6552,ｱｲﾁﾁﾕｳｵｳﾉｳｷﾖｳ,670,ﾀｶﾊﾏ
6552,ｱｲﾁﾁﾕｳｵｳﾉｳｷﾖｳ,700,ﾁﾘﾕｳ
6552,ｱｲﾁﾁﾕｳｵｳﾉｳｷﾖｳ,718,ﾁﾘﾕｳﾆｼ
6552,ｱｲﾁﾁﾕｳｵｳﾉｳｷﾖｳ,751,ﾁﾘﾕｳﾋｶﾞｼ
6560,ﾆｼﾐｶﾜﾉｳｷﾖｳ,012,ﾎﾝﾃﾝ
6560,ﾆｼﾐｶﾜﾉｳｷﾖｳ,021,ﾆｼｵ
6560,ﾆｼﾐｶﾜﾉｳｷﾖｳ,039,ﾍｲｻｶ
6560,ﾆｼﾐｶﾜﾉｳｷﾖｳ,047,ﾍｲﾄｳ
6560,ﾆｼﾐｶﾜﾉｳｷﾖｳ,055,ﾃﾗﾂﾞ
6560,ﾆｼﾐｶﾜﾉｳｷﾖｳ,063,ﾐﾜ
6560,ﾆｼﾐｶﾜﾉｳｷﾖｳ,071,ﾑﾛﾊﾞ
6560,ﾆｼﾐｶﾜﾉｳｷﾖｳ,080,ﾖﾈﾅｶ
6560,ﾆｼﾐｶﾜﾉｳｷﾖｳ,098,ﾆｼﾉﾏﾁ
6560,ﾆｼﾐｶﾜﾉｳｷﾖｳ,101,ﾎｸﾌﾞ
6560,ﾆｼﾐｶﾜﾉｳｷﾖｳ,136,ﾌｸﾁ
6560,ﾆｼﾐｶﾜﾉｳｷﾖｳ,144,ｲｼｷｻｲﾌﾞ
6560,ﾆｼﾐｶﾜﾉｳｷﾖｳ,152,ｲｼｷﾁﾕｳﾌﾞ
6560,ﾆｼﾐｶﾜﾉｳｷﾖｳ,161,ｲｼｷﾄｳﾌﾞ
6560,ﾆｼﾐｶﾜﾉｳｷﾖｳ,250,ﾖｺｽｶ
6560,ﾆｼﾐｶﾜﾉｳｷﾖｳ,268,ｵｷﾞﾜﾗ
6560,ﾆｼﾐｶﾜﾉｳｷﾖｳ,276,ﾖｼﾀﾞ
6560,ﾆｼﾐｶﾜﾉｳｷﾖｳ,284,ﾊｽﾞ
6572,ｱｲﾁﾐｶﾜﾉｳｷﾖｳ,015,ﾎﾝﾃﾝ
6572,ｱｲﾁﾐｶﾜﾉｳｷﾖｳ,023,ｲﾅｲ
6572,ｱｲﾁﾐｶﾜﾉｳｷﾖｳ,031,ｱｵﾉ
6572,ｱｲﾁﾐｶﾜﾉｳｷﾖｳ,040,ﾅｶｼﾞﾏ
6572,ｱｲﾁﾐｶﾜﾉｳｷﾖｳ,058,ﾌｸｵｶ
6572,ｱｲﾁﾐｶﾜﾉｳｷﾖｳ,066,ﾐｱｲ
6572,ｱｲﾁﾐｶﾜﾉｳｷﾖｳ,074,ｵﾄｶﾞﾜ
6572,ｱｲﾁﾐｶﾜﾉｳｷﾖｳ,091,ﾔﾏﾅｶ
6572,ｱｲﾁﾐｶﾜﾉｳｷﾖｳ,147,ﾀﾂｷ
6572,ｱｲﾁﾐｶﾜﾉｳｷﾖｳ,155,ﾄｷﾜ
6572,ｱｲﾁﾐｶﾜﾉｳｷﾖｳ,163,ｲﾜﾂﾞ
6572,ｱｲﾁﾐｶﾜﾉｳｷﾖｳ,171,ﾀﾞｲｼﾞﾕｳｼﾞ
6572,ｱｲﾁﾐｶﾜﾉｳｷﾖｳ,180,ﾁﾕｳﾌﾞ
6572,ｱｲﾁﾐｶﾜﾉｳｷﾖｳ,198,ﾐﾅﾐ
6572,ｱｲﾁﾐｶﾜﾉｳｷﾖｳ,210,ﾔﾊｷﾞ
6572,ｱｲﾁﾐｶﾜﾉｳｷﾖｳ,228,ﾅｶﾞｾ
6572,ｱｲﾁﾐｶﾜﾉｳｷﾖｳ,252,ﾏｷｳﾁ
6572,ｱｲﾁﾐｶﾜﾉｳｷﾖｳ,261,ｺｳﾀ
6572,ｱｲﾁﾐｶﾜﾉｳｷﾖｳ,287,ｱｲﾐ
6572,ｱｲﾁﾐｶﾜﾉｳｷﾖｳ,317,ﾌｺｳｽﾞ
6572,ｱｲﾁﾐｶﾜﾉｳｷﾖｳ,325,ﾄﾖｻｶ
6572,ｱｲﾁﾐｶﾜﾉｳｷﾖｳ,341,ﾇｶﾀ
6572,ｱｲﾁﾐｶﾜﾉｳｷﾖｳ,368,ｶﾀﾉ
6582,ｱｲﾁﾄﾖﾀﾉｳｷﾖｳ,013,ﾎﾝﾃﾝ
6582,ｱｲﾁﾄﾖﾀﾉｳｷﾖｳ,021,ﾀｶﾊｼ
6582,ｱｲﾁﾄﾖﾀﾉｳｷﾖｳ,030,ｳﾜｺﾞﾛﾓ
6582,ｱｲﾁﾄﾖﾀﾉｳｷﾖｳ,056,ｱｲﾂﾞﾏ
6582,ｱｲﾁﾄﾖﾀﾉｳｷﾖｳ,072,ｳﾒﾂﾎﾞ
6582,ｱｲﾁﾄﾖﾀﾉｳｷﾖｳ,099,ﾐﾀﾁ
6582,ｱｲﾁﾄﾖﾀﾉｳｷﾖｳ,111,ﾂﾁﾊｼ
6582,ｱｲﾁﾄﾖﾀﾉｳｷﾖｳ,129,ﾎｳﾅﾝ
6582,ｱｲﾁﾄﾖﾀﾉｳｷﾖｳ,315,ｶﾐｺﾞｳ
6582,ｱｲﾁﾄﾖﾀﾉｳｷﾖｳ,323,ｽｴﾉ
6582,ｱｲﾁﾄﾖﾀﾉｳｷﾖｳ,340,ｳﾈﾍﾞ
6582,ｱｲﾁﾄﾖﾀﾉｳｷﾖｳ,510,ﾀｶｵｶ
6582,ｱｲﾁﾄﾖﾀﾉｳｷﾖｳ,528,ﾀｹ
6582,ｱｲﾁﾄﾖﾀﾉｳｷﾖｳ,544,ﾖｼﾅｶ
6582,ｱｲﾁﾄﾖﾀﾉｳｷﾖｳ,579,ﾏｴﾊﾞﾔｼ
6582,ｱｲﾁﾄﾖﾀﾉｳｷﾖｳ,595,ｵｵﾊﾞﾔｼ
6582,ｱｲﾁﾄﾖﾀﾉｳｷﾖｳ,714,ｻﾅｹﾞ
6582,ｱｲﾁﾄﾖﾀﾉｳｷﾖｳ,722,ﾎﾐ
6582,ｱｲﾁﾄﾖﾀﾉｳｷﾖｳ,731,ﾅｶｶﾞﾈ
6582,ｱｲﾁﾄﾖﾀﾉｳｷﾖｳ,757,ｶﾉｳ
6582,ｱｲﾁﾄﾖﾀﾉｳｷﾖｳ,811,ﾏﾂﾀﾞｲﾗ
6582,ｱｲﾁﾄﾖﾀﾉｳｷﾖｳ,820,ﾐﾖｼ
6582,ｱｲﾁﾄﾖﾀﾉｳｷﾖｳ,846,ﾐﾖｼｷﾀ
6582,ｱｲﾁﾄﾖﾀﾉｳｷﾖｳ,862,ﾌｼﾞｵｶ
6582,ｱｲﾁﾄﾖﾀﾉｳｷﾖｳ,889,ﾆｼﾅｶﾔﾏ
6582,ｱｲﾁﾄﾖﾀﾉｳｷﾖｳ,901,ｵﾊﾞﾗ
6582,ｱｲﾁﾄﾖﾀﾉｳｷﾖｳ,935,ｱｽｹ
6582,ｱｲﾁﾄﾖﾀﾉｳｷﾖｳ,951,ｱｻﾋ
6582,ｱｲﾁﾄﾖﾀﾉｳｷﾖｳ,960,ｲﾅﾌﾞ
6582,ｱｲﾁﾄﾖﾀﾉｳｷﾖｳ,978,ｼﾓﾔﾏ
6591,ｱｲﾁﾋｶﾞｼﾉｳｷﾖｳ,015,ﾎﾝﾃﾝ
6591,ｱｲﾁﾋｶﾞｼﾉｳｷﾖｳ,031,ﾁｻﾄ
6591,ｱｲﾁﾋｶﾞｼﾉｳｷﾖｳ,074,ﾔﾅ
6591,ｱｲﾁﾋｶﾞｼﾉｳｷﾖｳ,210,ﾅｶﾞｼﾉ
6591,ｱｲﾁﾋｶﾞｼﾉｳｷﾖｳ,228,ｵｵﾉ
6591,ｱｲﾁﾋｶﾞｼﾉｳｷﾖｳ,244,ﾎｳﾗｲｼﾞ
6591,ｱｲﾁﾋｶﾞｼﾉｳｷﾖｳ,317,ﾂｸﾃﾞ
6591,ｱｲﾁﾋｶﾞｼﾉｳｷﾖｳ,619,ｼﾀﾗ
6591,ｱｲﾁﾋｶﾞｼﾉｳｷﾖｳ,813,ﾂｸﾞ
6591,ｱｲﾁﾋｶﾞｼﾉｳｷﾖｳ,911,ﾄｳｴｲ
6606,ｶﾞﾏｺﾞｵﾘｼﾉｳｷﾖｳ,018,ﾎﾝﾃﾝ
6606,ｶﾞﾏｺﾞｵﾘｼﾉｳｷﾖｳ,026,ﾆｼｳﾗ
6606,ｶﾞﾏｺﾞｵﾘｼﾉｳｷﾖｳ,034,ｶﾀﾊﾗ
6606,ｶﾞﾏｺﾞｵﾘｼﾉｳｷﾖｳ,051,ｼｵﾂ
6606,ｶﾞﾏｺﾞｵﾘｼﾉｳｷﾖｳ,077,ｵｵﾂｶ
6606,ｶﾞﾏｺﾞｵﾘｼﾉｳｷﾖｳ,085,ﾄｳﾌﾞ
6606,ｶﾞﾏｺﾞｵﾘｼﾉｳｷﾖｳ,140,ﾁﾕｳﾌﾞ
6606,ｶﾞﾏｺﾞｵﾘｼﾉｳｷﾖｳ,158,ﾐﾔ
6612,ﾋﾏﾜﾘﾉｳｷﾖｳ,012,ﾎﾝﾃﾝ
6612,ﾋﾏﾜﾘﾉｳｷﾖｳ,047,ﾔﾜﾀ
6612,ﾋﾏﾜﾘﾉｳｷﾖｳ,055,ｺｳｺﾞﾕ
6612,ﾋﾏﾜﾘﾉｳｷﾖｳ,098,ﾄﾖｶﾜ
6612,ﾋﾏﾜﾘﾉｳｷﾖｳ,136,ｻﾝｿﾞｳｺﾞ
6612,ﾋﾏﾜﾘﾉｳｷﾖｳ,152,ｳｼｸﾎﾞ
6612,ﾋﾏﾜﾘﾉｳｷﾖｳ,209,ﾑﾂﾐ
6612,ﾋﾏﾜﾘﾉｳｷﾖｳ,501,ｵﾄﾜ
6612,ﾋﾏﾜﾘﾉｳｷﾖｳ,608,ｲﾁﾉﾐﾔ
6612,ﾋﾏﾜﾘﾉｳｷﾖｳ,705,ｺｻﾞｶｲ
6612,ﾋﾏﾜﾘﾉｳｷﾖｳ,802,ﾐﾄ
6615,ｱｲﾁﾐﾅﾐﾉｳｷﾖｳ,013,ﾎﾝﾃﾝ
6615,ｱｲﾁﾐﾅﾐﾉｳｷﾖｳ,021,ｲｽﾞﾐ
6615,ｱｲﾁﾐﾅﾐﾉｳｷﾖｳ,030,ｲﾗｺﾞﾐｻｷ
6615,ｱｲﾁﾐﾅﾐﾉｳｷﾖｳ,072,ﾅｶﾔﾏ
6615,ｱｲﾁﾐﾅﾐﾉｳｷﾖｳ,111,ﾀﾊﾗ
6615,ｱｲﾁﾐﾅﾐﾉｳｷﾖｳ,145,ﾌﾚｱｲ
6615,ｱｲﾁﾐﾅﾐﾉｳｷﾖｳ,161,ﾄﾞｳﾎ
6615,ｱｲﾁﾐﾅﾐﾉｳｷﾖｳ,170,ﾉﾀﾞ
6615,ｱｲﾁﾐﾅﾐﾉｳｷﾖｳ,218,ｱｶﾊﾞﾈ
6618,ﾄﾖﾊｼﾉｳｷﾖｳ,011,ﾎﾝﾃﾝ
6618,ﾄﾖﾊｼﾉｳｷﾖｳ,020,ﾌﾀｶﾞﾜ
6618,ﾄﾖﾊｼﾉｳｷﾖｳ,038,ｲﾅﾐ
6618,ﾄﾖﾊｼﾉｳｷﾖｳ,054,ﾀｶﾄﾖ
6618,ﾄﾖﾊｼﾉｳｷﾖｳ,071,ｵｵﾂ
6618,ﾄﾖﾊｼﾉｳｷﾖｳ,101,ﾀｶｼﾊﾞﾗ
6618,ﾄﾖﾊｼﾉｳｷﾖｳ,119,ｲｿﾍﾞ
6618,ﾄﾖﾊｼﾉｳｷﾖｳ,135,ﾁﾕｳｵｳ
6618,ﾄﾖﾊｼﾉｳｷﾖｳ,232,ﾆｼ
6618,ﾄﾖﾊｼﾉｳｷﾖｳ,241,ﾖｼﾀﾞｶﾞﾀ
6618,ﾄﾖﾊｼﾉｳｷﾖｳ,259,ﾏｴｼﾊﾞ
6618,ﾄﾖﾊｼﾉｳｷﾖｳ,313,ｲｼﾏｷ
6618,ﾄﾖﾊｼﾉｳｷﾖｳ,518,ｱｽﾞﾏﾀﾞ
6618,ﾄﾖﾊｼﾉｳｷﾖｳ,534,ｲﾜﾀ
6649,ﾐｴｷﾀﾉｳｷﾖｳ,001,ﾐｴ
6649,ﾐｴｷﾀﾉｳｷﾖｳ,002,ｵｵﾔﾁ
6649,ﾐｴｷﾀﾉｳｷﾖｳ,003,ﾔｻﾄ
6649,ﾐｴｷﾀﾉｳｷﾖｳ,004,ｼﾓﾉ
6649,ﾐｴｷﾀﾉｳｷﾖｳ,005,ｶｲｿﾞｳ
6649,ﾐｴｷﾀﾉｳｷﾖｳ,006,ﾊﾂﾞ
6649,ﾐｴｷﾀﾉｳｷﾖｳ,007,ｱｻｹ
6649,ﾐｴｷﾀﾉｳｷﾖｳ,008,ｶﾜｼﾏ
6649,ﾐｴｷﾀﾉｳｷﾖｳ,009,ｶﾝｻﾞｷ
6649,ﾐｴｷﾀﾉｳｷﾖｳ,010,ｻｸﾗ
6649,ﾐｴｷﾀﾉｳｷﾖｳ,011,ｱｶﾞﾀ
6649,ﾐｴｷﾀﾉｳｷﾖｳ,012,ﾎﾎﾞ
6649,ﾐｴｷﾀﾉｳｷﾖｳ,013,ｶﾜﾗﾀﾞ
6649,ﾐｴｷﾀﾉｳｷﾖｳ,014,ｵﾔﾏﾀﾞ
6649,ﾐｴｷﾀﾉｳｷﾖｳ,015,ｽｲｻﾞﾜ
6649,ﾐｴｷﾀﾉｳｷﾖｳ,016,ﾖｺﾞｳ
6649,ﾐｴｷﾀﾉｳｷﾖｳ,017,ｳﾂﾍﾞ
6649,ﾐｴｷﾀﾉｳｷﾖｳ,018,ﾋﾅｶﾞ
6649,ﾐｴｷﾀﾉｳｷﾖｳ,020,ﾄｷﾜ
6649,ﾐｴｷﾀﾉｳｷﾖｳ,022,ｵﾋﾞﾗ
6649,ﾐｴｷﾀﾉｳｷﾖｳ,026,ｶﾜｺﾞｴ
6649,ﾐｴｷﾀﾉｳｷﾖｳ,027,ｱｻﾋ
6649,ﾐｴｷﾀﾉｳｷﾖｳ,028,ｺﾓﾉ
6649,ﾐｴｷﾀﾉｳｷﾖｳ,029,ｳｶﾞﾜﾗ
6649,ﾐｴｷﾀﾉｳｷﾖｳ,030,ﾁｸｻ
6649,ﾐｴｷﾀﾉｳｷﾖｳ,031,ﾀｹﾅｶﾞ
6649,ﾐｴｷﾀﾉｳｷﾖｳ,032,ｱｻｶﾐ
6649,ﾐｴｷﾀﾉｳｷﾖｳ,033,ｸｽ
6649,ﾐｴｷﾀﾉｳｷﾖｳ,035,ｼｵﾊﾏ
6649,ﾐｴｷﾀﾉｳｷﾖｳ,071,ｼﾞﾖｳﾅﾝ
6649,ﾐｴｷﾀﾉｳｷﾖｳ,072,ｸﾜﾍﾞ
6649,ﾐｴｷﾀﾉｳｷﾖｳ,073,ｸﾒ
6649,ﾐｴｷﾀﾉｳｷﾖｳ,074,ﾅﾅﾜ
6649,ﾐｴｷﾀﾉｳｷﾖｳ,075,ｱﾘﾖｼ
6649,ﾐｴｷﾀﾉｳｷﾖｳ,076,ｸﾜﾅ
6649,ﾐｴｷﾀﾉｳｷﾖｳ,077,ﾊﾘﾏ
6649,ﾐｴｷﾀﾉｳｷﾖｳ,078,ﾌｶﾔ
6649,ﾐｴｷﾀﾉｳｷﾖｳ,079,ｷｿｻｷ
6649,ﾐｴｷﾀﾉｳｷﾖｳ,080,ﾀﾄﾞ
6649,ﾐｴｷﾀﾉｳｷﾖｳ,081,ﾅｶﾞｼﾏ
6649,ﾐｴｷﾀﾉｳｷﾖｳ,082,ｲｿｼﾞﾏ
6649,ﾐｴｷﾀﾉｳｷﾖｳ,083,ｳﾒﾄﾞｲ
6649,ﾐｴｷﾀﾉｳｷﾖｳ,084,ｲｼｸﾞﾚ
6649,ﾐｴｷﾀﾉｳｷﾖｳ,085,ｼﾛｾ
6649,ﾐｴｷﾀﾉｳｷﾖｳ,086,ﾅｶｻﾞﾄ
6649,ﾐｴｷﾀﾉｳｷﾖｳ,087,ﾊﾂﾀ
6649,ﾐｴｷﾀﾉｳｷﾖｳ,088,ｱｹﾞｷ
6649,ﾐｴｷﾀﾉｳｷﾖｳ,089,ﾄﾔｼﾛ
6649,ﾐｴｷﾀﾉｳｷﾖｳ,090,ﾔﾏｻﾞﾄ
6649,ﾐｴｷﾀﾉｳｷﾖｳ,091,ｲﾅﾍﾞ
6649,ﾐｴｷﾀﾉｳｷﾖｳ,093,ｻﾝﾜ
6649,ﾐｴｷﾀﾉｳｷﾖｳ,094,ｶﾝﾀﾞ
6649,ﾐｴｷﾀﾉｳｷﾖｳ,100,ﾎﾝﾃﾝ
6665,ｽｽﾞｶﾉｳｷﾖｳ,001,ｺｳ
6665,ｽｽﾞｶﾉｳｷﾖｳ,002,ｼﾖｳﾉ
6665,ｽｽﾞｶﾉｳｷﾖｳ,003,ｶｻﾄﾞ
6665,ｽｽﾞｶﾉｳｷﾖｳ,005,ｲｼﾔｸｼ
6665,ｽｽﾞｶﾉｳｷﾖｳ,006,ｸﾏﾀﾞ
6665,ｽｽﾞｶﾉｳｷﾖｳ,007,ﾏｷﾀ
6665,ｽｽﾞｶﾉｳｷﾖｳ,008,ｲｲﾉ
6665,ｽｽﾞｶﾉｳｷﾖｳ,010,ｶﾜﾉ
6665,ｽｽﾞｶﾉｳｷﾖｳ,011,ﾀﾏｶﾞｷ
6665,ｽｽﾞｶﾉｳｷﾖｳ,013,ｲﾁﾉﾐﾔ
6665,ｽｽﾞｶﾉｳｷﾖｳ,014,ﾅｺﾞ
6665,ｽｽﾞｶﾉｳｷﾖｳ,016,ﾐﾀﾞ
6665,ｽｽﾞｶﾉｳｷﾖｳ,017,ﾜｶﾏﾂ
6665,ｽｽﾞｶﾉｳｷﾖｳ,018,ｼﾛｺ
6665,ｽｽﾞｶﾉｳｷﾖｳ,019,ｲﾉ
6665,ｽｽﾞｶﾉｳｷﾖｳ,020,ｱﾏﾅ
6665,ｽｽﾞｶﾉｳｷﾖｳ,021,ｱｲｶﾜ
6665,ｽｽﾞｶﾉｳｷﾖｳ,024,ｻｶｴ
6665,ｽｽﾞｶﾉｳｷﾖｳ,025,ﾂﾊﾞｷ
6665,ｽｽﾞｶﾉｳｷﾖｳ,026,ﾋﾗﾀｴｷﾏｴ
6665,ｽｽﾞｶﾉｳｷﾖｳ,027,ｶﾒﾔﾏｶﾝﾍﾞ
6665,ｽｽﾞｶﾉｳｷﾖｳ,031,ﾉﾉﾎﾞﾘ
6665,ｽｽﾞｶﾉｳｷﾖｳ,034,ｶﾜｻｷ
6665,ｽｽﾞｶﾉｳｷﾖｳ,036,ｶﾒﾔﾏ
6665,ｽｽﾞｶﾉｳｷﾖｳ,037,ｲﾀﾞｶﾞﾜ
6665,ｽｽﾞｶﾉｳｷﾖｳ,038,ｾｷ
6665,ｽｽﾞｶﾉｳｷﾖｳ,041,ﾌｶｲｻﾞﾜ
6665,ｽｽﾞｶﾉｳｷﾖｳ,043,ﾌｶﾐｿﾞ
6665,ｽｽﾞｶﾉｳｷﾖｳ,044,ｼﾖｳﾅｲ
6665,ｽｽﾞｶﾉｳｷﾖｳ,046,ｻｸﾗｼﾞﾏ
6665,ｽｽﾞｶﾉｳｷﾖｳ,100,ﾎﾝﾃﾝ
6673,ﾂｱｹﾞﾉｳｷﾖｳ,001,ｸﾘﾏｼﾗﾂｶ
6673,ﾂｱｹﾞﾉｳｷﾖｳ,005,ﾂﾁﾕｳｵｳ
6673,ﾂｱｹﾞﾉｳｷﾖｳ,010,ﾂﾅﾝﾌﾞ
6673,ﾂｱｹﾞﾉｳｷﾖｳ,012,ｶﾝﾍﾞｶﾀﾀﾞ
6673,ﾂｱｹﾞﾉｳｷﾖｳ,016,ﾂｷﾀ
6673,ﾂｱｹﾞﾉｳｷﾖｳ,018,ﾐｻﾄ
6673,ﾂｱｹﾞﾉｳｷﾖｳ,022,ｱﾉｳﾁﾕｳｵｳ
6673,ﾂｱｹﾞﾉｳｷﾖｳ,029,ｹﾞｲﾉｳ
6673,ﾂｱｹﾞﾉｳｷﾖｳ,031,ｶﾜｹﾞﾁﾕｳｵｳ
6673,ﾂｱｹﾞﾉｳｷﾖｳ,100,ﾎﾝﾃﾝ
6677,ﾐｴﾅｶﾉｳｷﾖｳ,002,ｲﾁｼ
6677,ﾐｴﾅｶﾉｳｷﾖｳ,008,ﾐｽｷﾞ
6677,ﾐｴﾅｶﾉｳｷﾖｳ,015,ﾊｸｻﾝ
6677,ﾐｴﾅｶﾉｳｷﾖｳ,017,ﾊｸｻﾝｷﾀ
6677,ﾐｴﾅｶﾉｳｷﾖｳ,022,ﾋｻｲ
6677,ﾐｴﾅｶﾉｳｷﾖｳ,027,ﾋｻｲﾆｼ
6677,ﾐｴﾅｶﾉｳｷﾖｳ,050,ｳﾚｼﾉ
6677,ﾐｴﾅｶﾉｳｷﾖｳ,052,ﾐｸﾓ
6677,ﾐｴﾅｶﾉｳｷﾖｳ,053,ｶﾗｽ
6677,ﾐｴﾅｶﾉｳｷﾖｳ,060,ｲｻﾞﾜ
6677,ﾐｴﾅｶﾉｳｷﾖｳ,061,ｸｼﾀﾞ
6677,ﾐｴﾅｶﾉｳｷﾖｳ,062,ｸﾛﾍﾞ
6677,ﾐｴﾅｶﾉｳｷﾖｳ,063,ｶﾝﾍﾞ
6677,ﾐｴﾅｶﾉｳｷﾖｳ,065,ｻｻｶﾞﾜ
6677,ﾐｴﾅｶﾉｳｷﾖｳ,067,ﾏﾂｴ
6677,ﾐｴﾅｶﾉｳｷﾖｳ,070,ｼ
6677,ﾐｴﾅｶﾉｳｷﾖｳ,072,ｶﾕﾐ
6677,ﾐｴﾅｶﾉｳｷﾖｳ,074,ｲｲﾀｶ
6677,ﾐｴﾅｶﾉｳｷﾖｳ,100,ﾎﾝﾃﾝ
6697,ﾀｷｸﾞﾝﾉｳｷﾖｳ,002,ﾒｲﾜｷﾀ
6697,ﾀｷｸﾞﾝﾉｳｷﾖｳ,003,ﾒｲﾜﾐﾅﾐ
6697,ﾀｷｸﾞﾝﾉｳｷﾖｳ,009,ﾀｷ
6697,ﾀｷｸﾞﾝﾉｳｷﾖｳ,013,ﾀｷｾｲﾜ
6697,ﾀｷｸﾞﾝﾉｳｷﾖｳ,019,ｵｵﾀﾞｲ
6697,ﾀｷｸﾞﾝﾉｳｷﾖｳ,020,ｵｵﾀﾞｲﾐﾔｶﾞﾜ
6697,ﾀｷｸﾞﾝﾉｳｷﾖｳ,100,ﾎﾝﾃﾝ
6731,ｲｾﾉｳｷﾖｳ,001,ｲｾﾎｸﾌﾞ
6731,ｲｾﾉｳｷﾖｳ,006,ｲｾ
6731,ｲｾﾉｳｷﾖｳ,010,ｲｾﾁﾕｳｵｳ
6731,ｲｾﾉｳｷﾖｳ,012,ｷﾀﾞ
6731,ｲｾﾉｳｷﾖｳ,015,ﾀﾏｷ
6731,ｲｾﾉｳｷﾖｳ,019,ｵﾊﾞﾀ
6731,ｲｾﾉｳｷﾖｳ,021,ﾜﾀﾗｲ
6731,ｲｾﾉｳｷﾖｳ,026,ﾅﾝｾｲ
6731,ｲｾﾉｳｷﾖｳ,035,ｵｵﾐﾔ
6731,ｲｾﾉｳｷﾖｳ,039,ｷｾｲ
6731,ｲｾﾉｳｷﾖｳ,046,ﾅﾝﾄｳ
6731,ｲｾﾉｳｷﾖｳ,054,ｷﾎｸ
6731,ｲｾﾉｳｷﾖｳ,056,ｵﾜｾ
6731,ｲｾﾉｳｷﾖｳ,060,ﾄﾊﾞ
6731,ｲｾﾉｳｷﾖｳ,061,ｲｿﾍﾞ
6731,ｲｾﾉｳｷﾖｳ,062,ﾊﾏｼﾞﾏ
6731,ｲｾﾉｳｷﾖｳ,063,ｱｺﾞ
6731,ｲｾﾉｳｷﾖｳ,064,ｱｺﾞﾋｶﾞｼ
6731,ｲｾﾉｳｷﾖｳ,065,ﾀﾞｲｵｳ
6731,ｲｾﾉｳｷﾖｳ,066,ｼﾏ
6731,ｲｾﾉｳｷﾖｳ,070,ｸﾏﾉ
6731,ｲｾﾉｳｷﾖｳ,071,ﾐﾊﾏ
6731,ｲｾﾉｳｷﾖｳ,072,ｷﾎｳ
6731,ｲｾﾉｳｷﾖｳ,100,ﾎﾝﾃﾝ
6758,ｲｶﾞﾌﾙｻﾄﾉｳｷﾖｳ,002,ｳｴﾉｷﾀ
6758,ｲｶﾞﾌﾙｻﾄﾉｳｷﾖｳ,005,ｳｴﾉﾋｶﾞｼ
6758,ｲｶﾞﾌﾙｻﾄﾉｳｷﾖｳ,009,ｳｴﾉﾆｼ
6758,ｲｶﾞﾌﾙｻﾄﾉｳｷﾖｳ,013,ｳｴﾉﾐﾅﾐ
6758,ｲｶﾞﾌﾙｻﾄﾉｳｷﾖｳ,018,ｲｶﾞ
6758,ｲｶﾞﾌﾙｻﾄﾉｳｷﾖｳ,022,ｱﾔﾏ
6758,ｲｶﾞﾌﾙｻﾄﾉｳｷﾖｳ,027,ｵｵﾔﾏﾀﾞ
6758,ｲｶﾞﾌﾙｻﾄﾉｳｷﾖｳ,051,ﾅﾊﾞﾘﾆｼ
6758,ｲｶﾞﾌﾙｻﾄﾉｳｷﾖｳ,052,ﾅﾊﾞﾘﾋｶﾞｼ
6758,ｲｶﾞﾌﾙｻﾄﾉｳｷﾖｳ,053,ｱｵﾔﾏ
6758,ｲｶﾞﾌﾙｻﾄﾉｳｷﾖｳ,100,ﾎﾝﾃﾝ
6785,ﾌｸｲｹﾝﾉｳｷﾖｳ,014,ﾌｸｲﾄｳﾌﾞ
6785,ﾌｸｲｹﾝﾉｳｷﾖｳ,017,ﾌｸｲﾅﾝﾌﾞ
6785,ﾌｸｲｹﾝﾉｳｷﾖｳ,018,ﾌｸｲﾁﾕｳｵｳ
6785,ﾌｸｲｹﾝﾉｳｷﾖｳ,023,ﾌｸｲｾｲﾌﾞ
6785,ﾌｸｲｹﾝﾉｳｷﾖｳ,051,ﾆｼﾌｼﾞｼﾏ
6785,ﾌｸｲｹﾝﾉｳｷﾖｳ,052,ﾌｸｲﾎｸﾌﾞ
6785,ﾌｸｲｹﾝﾉｳｷﾖｳ,056,ﾐﾔﾏ
6785,ﾌｸｲｹﾝﾉｳｷﾖｳ,061,ｵﾝｶﾞｸﾄﾞｳﾏｴ
6785,ﾌｸｲｹﾝﾉｳｷﾖｳ,077,ｴｲﾍｲｼﾞ
6785,ﾌｸｲｹﾝﾉｳｷﾖｳ,103,ﾐｸﾆ
6785,ﾌｸｲｹﾝﾉｳｷﾖｳ,112,ｶﾅﾂﾞ
6785,ﾌｸｲｹﾝﾉｳｷﾖｳ,131,ｻｶｲ
6785,ﾌｸｲｹﾝﾉｳｷﾖｳ,143,ｱﾜﾗ
6785,ﾌｸｲｹﾝﾉｳｷﾖｳ,157,ﾏﾙｵｶ
6785,ﾌｸｲｹﾝﾉｳｷﾖｳ,194,ﾊﾙｴ
6785,ﾌｸｲｹﾝﾉｳｷﾖｳ,205,ｵｵﾉ
6785,ﾌｸｲｹﾝﾉｳｷﾖｳ,243,ｶﾂﾔﾏ
6785,ﾌｸｲｹﾝﾉｳｷﾖｳ,304,ｻﾊﾞｴﾁﾕｳｵｳ
6785,ﾌｸｲｹﾝﾉｳｷﾖｳ,306,ｻﾊﾞｴｷﾀ
6785,ﾌｸｲｹﾝﾉｳｷﾖｳ,307,ｻﾊﾞｴﾆｼ
6785,ﾌｸｲｹﾝﾉｳｷﾖｳ,324,ｲﾏﾀﾞﾃ
6785,ﾌｸｲｹﾝﾉｳｷﾖｳ,331,ｲｹﾀﾞ
6785,ﾌｸｲｹﾝﾉｳｷﾖｳ,401,ｴﾁｾﾞﾝﾁﾖｳ
6785,ﾌｸｲｹﾝﾉｳｷﾖｳ,462,ｵﾀ
6785,ﾌｸｲｹﾝﾉｳｷﾖｳ,475,ｼﾐｽﾞ
6785,ﾌｸｲｹﾝﾉｳｷﾖｳ,600,ﾂﾙｶﾞ
6785,ﾌｸｲｹﾝﾉｳｷﾖｳ,605,ｱﾜﾉ
6785,ﾌｸｲｹﾝﾉｳｷﾖｳ,613,ﾐｶﾀｺﾞｺ
6785,ﾌｸｲｹﾝﾉｳｷﾖｳ,623,ﾐﾊﾏ
6785,ﾌｸｲｹﾝﾉｳｷﾖｳ,708,ｵﾊﾞﾏ
6785,ﾌｸｲｹﾝﾉｳｷﾖｳ,713,ｵｵﾃﾏﾁ
6785,ﾌｸｲｹﾝﾉｳｷﾖｳ,727,ｶﾐﾅｶ
6785,ﾌｸｲｹﾝﾉｳｷﾖｳ,744,ﾀｶﾊﾏ
6785,ﾌｸｲｹﾝﾉｳｷﾖｳ,762,ｵｵｲ
6785,ﾌｸｲｹﾝﾉｳｷﾖｳ,900,ﾎﾝﾃﾝ
6853,ｴﾁｾﾞﾝﾀｹﾌﾉｳｷﾖｳ,001,ﾎﾝﾃﾝ
6853,ｴﾁｾﾞﾝﾀｹﾌﾉｳｷﾖｳ,002,ﾁﾕｳｵｳ
6853,ｴﾁｾﾞﾝﾀｹﾌﾉｳｷﾖｳ,006,ﾄｳﾌﾞ
6853,ｴﾁｾﾞﾝﾀｹﾌﾉｳｷﾖｳ,014,ﾅﾝﾌﾞ
6853,ｴﾁｾﾞﾝﾀｹﾌﾉｳｷﾖｳ,015,ｲﾏｼﾞﾖｳ
6874,ﾚ-ｸｼｶﾞﾉｳｷﾖｳ,101,ｳﾁﾃﾞﾊﾏ
6874,ﾚ-ｸｼｶﾞﾉｳｷﾖｳ,103,ｾﾀ
6874,ﾚ-ｸｼｶﾞﾉｳｷﾖｳ,105,ｶﾐﾀﾅｶﾐ
6874,ﾚ-ｸｼｶﾞﾉｳｷﾖｳ,106,ﾋｶﾞｼｵｵﾂ
6874,ﾚ-ｸｼｶﾞﾉｳｷﾖｳ,108,ﾐﾅﾐｵｵﾂ
6874,ﾚ-ｸｼｶﾞﾉｳｷﾖｳ,113,ｼｶﾞ
6874,ﾚ-ｸｼｶﾞﾉｳｷﾖｳ,114,ﾆｼｵｵﾂ
6874,ﾚ-ｸｼｶﾞﾉｳｷﾖｳ,117,ｵｺﾞﾄ
6874,ﾚ-ｸｼｶﾞﾉｳｷﾖｳ,120,ｶﾀﾀﾁﾕｳｵｳ
6874,ﾚ-ｸｼｶﾞﾉｳｷﾖｳ,124,ｼｶﾞﾁﾖｳ
6874,ﾚ-ｸｼｶﾞﾉｳｷﾖｳ,131,ｼﾂﾞ
6874,ﾚ-ｸｼｶﾞﾉｳｷﾖｳ,132,ｵｲｶﾐ
6874,ﾚ-ｸｼｶﾞﾉｳｷﾖｳ,133,ﾔﾏﾀﾞ
6874,ﾚ-ｸｼｶﾞﾉｳｷﾖｳ,134,ﾄｷﾜ
6874,ﾚ-ｸｼｶﾞﾉｳｷﾖｳ,135,ｶｻﾇｲ
6874,ﾚ-ｸｼｶﾞﾉｳｷﾖｳ,136,ｸｻﾂ
6874,ﾚ-ｸｼｶﾞﾉｳｷﾖｳ,139,ｵｲｶﾐﾋｶﾞｼ
6874,ﾚ-ｸｼｶﾞﾉｳｷﾖｳ,140,ﾎﾝﾃﾝ
6874,ﾚ-ｸｼｶﾞﾉｳｷﾖｳ,151,ｺﾝｾﾞ
6874,ﾚ-ｸｼｶﾞﾉｳｷﾖｳ,152,ﾊﾔﾏ
6874,ﾚ-ｸｼｶﾞﾉｳｷﾖｳ,153,ﾊﾙﾀ
6874,ﾚ-ｸｼｶﾞﾉｳｷﾖｳ,154,ﾀﾞｲﾎｳ
6874,ﾚ-ｸｼｶﾞﾉｳｷﾖｳ,155,ﾘﾂﾄｳﾁﾕｳｵｳ
6874,ﾚ-ｸｼｶﾞﾉｳｷﾖｳ,162,ｱｶﾉｲ
6874,ﾚ-ｸｼｶﾞﾉｳｷﾖｳ,163,ｱｹﾄﾐ
6874,ﾚ-ｸｼｶﾞﾉｳｷﾖｳ,165,ﾓﾘﾔﾏ
6874,ﾚ-ｸｼｶﾞﾉｳｷﾖｳ,166,ﾔｽ
6874,ﾚ-ｸｼｶﾞﾉｳｷﾖｳ,167,ｷﾞｵｳ
6874,ﾚ-ｸｼｶﾞﾉｳｷﾖｳ,168,ﾐｶﾐ
6874,ﾚ-ｸｼｶﾞﾉｳｷﾖｳ,169,ﾁﾕｳｽﾞ
6874,ﾚ-ｸｼｶﾞﾉｳｷﾖｳ,181,ﾏｷﾉ
6874,ﾚ-ｸｼｶﾞﾉｳｷﾖｳ,182,ｲﾏﾂﾞ
6874,ﾚ-ｸｼｶﾞﾉｳｷﾖｳ,183,ｼﾝｱｻﾋ
6874,ﾚ-ｸｼｶﾞﾉｳｷﾖｳ,184,ｱﾄﾞｶﾞﾜ
6874,ﾚ-ｸｼｶﾞﾉｳｷﾖｳ,185,ﾀｶｼﾏ
6889,ｺｳｶﾉｳｷﾖｳ,011,ﾎﾝｼﾖ
6889,ｺｳｶﾉｳｷﾖｳ,014,ｷﾌﾞｶﾜ
6889,ｺｳｶﾉｳｷﾖｳ,022,ﾂﾁﾔﾏ
6889,ｺｳｶﾉｳｷﾖｳ,031,ｺｳｶ
6889,ｺｳｶﾉｳｷﾖｳ,051,ｺｳﾅﾝ
6889,ｺｳｶﾉｳｷﾖｳ,062,ｼｶﾞﾗｷ
6889,ｺｳｶﾉｳｷﾖｳ,071,ｺﾅﾝ
6889,ｺｳｶﾉｳｷﾖｳ,081,ｲｼﾍﾞ
6889,ｺｳｶﾉｳｷﾖｳ,101,ﾁﾕｳｵｳ
6897,ｸﾞﾘ-ﾝｵｳﾐﾉｳｷﾖｳ,401,ﾎﾝﾃﾝ
6897,ｸﾞﾘ-ﾝｵｳﾐﾉｳｷﾖｳ,402,ｱﾂﾞﾁ
6897,ｸﾞﾘ-ﾝｵｳﾐﾉｳｷﾖｳ,404,ﾀﾞｲﾅｶﾉｺ
6897,ｸﾞﾘ-ﾝｵｳﾐﾉｳｷﾖｳ,405,ｺﾞｶｼﾖｳ
6897,ｸﾞﾘ-ﾝｵｳﾐﾉｳｷﾖｳ,407,ﾉﾄｶﾞﾜ
6897,ｸﾞﾘ-ﾝｵｳﾐﾉｳｷﾖｳ,411,ﾊﾁﾏﾝﾋｶﾞｼ
6897,ｸﾞﾘ-ﾝｵｳﾐﾉｳｷﾖｳ,412,ｷﾃｶ-ﾅ
6897,ｸﾞﾘ-ﾝｵｳﾐﾉｳｷﾖｳ,416,ﾊﾁﾏﾝﾆｼ
6897,ｸﾞﾘ-ﾝｵｳﾐﾉｳｷﾖｳ,420,ﾘﾕｳｵｳ
6897,ｸﾞﾘ-ﾝｵｳﾐﾉｳｷﾖｳ,425,ﾋﾉﾋｶﾞｼ
6897,ｸﾞﾘ-ﾝｵｳﾐﾉｳｷﾖｳ,426,ﾋﾉﾆｼ
6897,ｸﾞﾘ-ﾝｵｳﾐﾉｳｷﾖｳ,432,ﾋﾉｷﾀ
6897,ｸﾞﾘ-ﾝｵｳﾐﾉｳｷﾖｳ,435,ﾖｳｶｲﾁﾐﾅﾐ
6897,ｸﾞﾘ-ﾝｵｳﾐﾉｳｷﾖｳ,436,ﾋｶﾞｼｵｳﾐﾁﾕｳｵｳ
6897,ｸﾞﾘ-ﾝｵｳﾐﾉｳｷﾖｳ,439,ﾖｳｶｲﾁﾆｼ
6897,ｸﾞﾘ-ﾝｵｳﾐﾉｳｷﾖｳ,440,ｴｲｹﾞﾝｼﾞ
6900,ｼｶﾞｶﾞﾓｳﾁﾖｳﾉｳｷﾖｳ,001,ﾎﾝﾃﾝ
6909,ﾋｶﾞｼﾉﾄｶﾞﾜﾉｳｷﾖｳ,001,ﾎﾝｼﾖ
6911,ｺﾄｳﾉｳｷﾖｳ,001,ｺﾄｳ
6911,ｺﾄｳﾉｳｷﾖｳ,005,ﾎﾝｼﾖ
6911,ｺﾄｳﾉｳｷﾖｳ,011,ｱｲﾄｳ
6912,ﾋｶﾞｼﾋﾞﾜｺﾉｳｷﾖｳ,501,ﾎﾝﾃﾝ
6912,ﾋｶﾞｼﾋﾞﾜｺﾉｳｷﾖｳ,502,ﾋｺﾈﾁﾕｳｵｳ
6912,ﾋｶﾞｼﾋﾞﾜｺﾉｳｷﾖｳ,507,ﾋｺﾈﾋｶﾞｼ
6912,ﾋｶﾞｼﾋﾞﾜｺﾉｳｷﾖｳ,508,ﾄﾘｲﾓﾄ
6912,ﾋｶﾞｼﾋﾞﾜｺﾉｳｷﾖｳ,510,ﾋｺﾈﾐﾅﾐ
6912,ﾋｶﾞｼﾋﾞﾜｺﾉｳｷﾖｳ,513,ﾋｺﾈｷﾀ
6912,ﾋｶﾞｼﾋﾞﾜｺﾉｳｷﾖｳ,521,ﾊﾀｼﾖｳ
6912,ﾋｶﾞｼﾋﾞﾜｺﾉｳｷﾖｳ,524,ｴﾁｶﾞﾜ
6912,ﾋｶﾞｼﾋﾞﾜｺﾉｳｷﾖｳ,530,ﾌﾚｱｲ
6912,ﾋｶﾞｼﾋﾞﾜｺﾉｳｷﾖｳ,532,ｲﾅｴ
6912,ﾋｶﾞｼﾋﾞﾜｺﾉｳｷﾖｳ,541,ﾀｶﾞ
6912,ﾋｶﾞｼﾋﾞﾜｺﾉｳｷﾖｳ,551,ｵｵﾀｷ
6912,ﾋｶﾞｼﾋﾞﾜｺﾉｳｷﾖｳ,552,ｺｳﾗ
6912,ﾋｶﾞｼﾋﾞﾜｺﾉｳｷﾖｳ,554,ｶﾜｾｶﾒﾔﾏ
6912,ﾋｶﾞｼﾋﾞﾜｺﾉｳｷﾖｳ,556,ﾄﾖｻﾄ
6919,ﾚ-ｸｲﾌﾞｷﾉｳｷﾖｳ,001,ｲﾌﾞｷ
6919,ﾚ-ｸｲﾌﾞｷﾉｳｷﾖｳ,003,ｶｼﾜﾊﾞﾗ
6919,ﾚ-ｸｲﾌﾞｷﾉｳｷﾖｳ,005,ｻﾝﾄｳ
6919,ﾚ-ｸｲﾌﾞｷﾉｳｷﾖｳ,011,ﾏｲﾊﾞﾗ
6919,ﾚ-ｸｲﾌﾞｷﾉｳｷﾖｳ,021,ｵｳﾐ
6919,ﾚ-ｸｲﾌﾞｷﾉｳｷﾖｳ,023,ﾎﾝﾃﾝ
6919,ﾚ-ｸｲﾌﾞｷﾉｳｷﾖｳ,031,ﾅｶﾞﾊﾏﾋｶﾞｼ
6919,ﾚ-ｸｲﾌﾞｷﾉｳｷﾖｳ,035,ﾅｶﾞﾊﾏﾐﾅﾐ
6919,ﾚ-ｸｲﾌﾞｷﾉｳｷﾖｳ,041,ﾅｶﾞﾊﾏｷﾀ
6924,ｷﾀﾋﾞﾜｺﾉｳｷﾖｳ,601,ﾎﾝﾃﾝ
6924,ｷﾀﾋﾞﾜｺﾉｳｷﾖｳ,606,ｱｻﾞｲ
6924,ｷﾀﾋﾞﾜｺﾉｳｷﾖｳ,608,ﾄﾗﾋﾒ
6924,ｷﾀﾋﾞﾜｺﾉｳｷﾖｳ,610,ﾋﾞﾜ
6924,ｷﾀﾋﾞﾜｺﾉｳｷﾖｳ,614,ｺﾎｸ
6924,ｷﾀﾋﾞﾜｺﾉｳｷﾖｳ,618,ﾀｶﾂｷ
6924,ｷﾀﾋﾞﾜｺﾉｳｷﾖｳ,622,ｷﾉﾓﾄ
6924,ｷﾀﾋﾞﾜｺﾉｳｷﾖｳ,629,ﾖｺﾞ
6924,ｷﾀﾋﾞﾜｺﾉｳｷﾖｳ,632,ﾅｶﾞﾊﾗ
6941,ｷﾖｳﾄｼﾉｳｷﾖｳ,001,ﾎﾝﾃﾝ
6941,ｷﾖｳﾄｼﾉｳｷﾖｳ,002,ﾆｼｷﾖｳ
6941,ｷﾖｳﾄｼﾉｳｷﾖｳ,004,ｶﾜｵｶ
6941,ｷﾖｳﾄｼﾉｳｷﾖｳ,005,ﾀﾞｲｺﾞ
6941,ｷﾖｳﾄｼﾉｳｷﾖｳ,007,ｵｵﾐﾔ
6941,ｷﾖｳﾄｼﾉｳｷﾖｳ,009,ｶﾐｶﾞﾓ
6941,ｷﾖｳﾄｼﾉｳｷﾖｳ,010,ﾌｼﾐ
6941,ｷﾖｳﾄｼﾉｳｷﾖｳ,011,ﾔﾏｼﾅﾅﾝﾌﾞ
6941,ｷﾖｳﾄｼﾉｳｷﾖｳ,012,ﾔﾏｼﾅﾎｸﾌﾞ
6941,ｷﾖｳﾄｼﾉｳｷﾖｳ,013,ｶﾐﾄﾊﾞ
6941,ｷﾖｳﾄｼﾉｳｷﾖｳ,014,ｻｶﾞﾉ
6941,ｷﾖｳﾄｼﾉｳｷﾖｳ,015,ｺｶﾞ
6941,ｷﾖｳﾄｼﾉｳｷﾖｳ,016,ｼﾕｳｶﾞｸｲﾝ
6941,ｷﾖｳﾄｼﾉｳｷﾖｳ,017,ｷﾂｼﾖｳｲﾝ
6941,ｷﾖｳﾄｼﾉｳｷﾖｳ,018,ｵｵｴ
6956,ｷﾖｳﾄﾁﾕｳｵｳﾉｳｷﾖｳ,001,ﾎﾝﾃﾝ
6956,ｷﾖｳﾄﾁﾕｳｵｳﾉｳｷﾖｳ,002,ｺｳﾀﾘ
6956,ｷﾖｳﾄﾁﾕｳｵｳﾉｳｷﾖｳ,003,ｵﾄｸﾆ
6956,ｷﾖｳﾄﾁﾕｳｵｳﾉｳｷﾖｳ,004,ｶｲｲﾝｼﾞ
6956,ｷﾖｳﾄﾁﾕｳｵｳﾉｳｷﾖｳ,005,ｵｵﾔﾏｻﾞｷ
6956,ｷﾖｳﾄﾁﾕｳｵｳﾉｳｷﾖｳ,006,ﾑｺｳ
6956,ｷﾖｳﾄﾁﾕｳｵｳﾉｳｷﾖｳ,008,ｵｵﾊﾗﾉ
6956,ｷﾖｳﾄﾁﾕｳｵｳﾉｳｷﾖｳ,009,ｸｾﾞ
6956,ｷﾖｳﾄﾁﾕｳｵｳﾉｳｷﾖｳ,010,ﾊﾂﾞｶｼ
6956,ｷﾖｳﾄﾁﾕｳｵｳﾉｳｷﾖｳ,011,ﾖﾄﾞ
6956,ｷﾖｳﾄﾁﾕｳｵｳﾉｳｷﾖｳ,012,ﾗｸﾅﾝ
6956,ｷﾖｳﾄﾁﾕｳｵｳﾉｳｷﾖｳ,013,ﾑｶｲｼﾞﾏ
6956,ｷﾖｳﾄﾁﾕｳｵｳﾉｳｷﾖｳ,014,ｲﾜｸﾗ
6956,ｷﾖｳﾄﾁﾕｳｵｳﾉｳｷﾖｳ,026,ﾀｶｵ
6956,ｷﾖｳﾄﾁﾕｳｵｳﾉｳｷﾖｳ,027,ﾀｹﾀﾞ
6961,ｷﾖｳﾄﾔﾏｼﾛﾉｳｷﾖｳ,001,ﾅｶｳｼﾞ
6961,ｷﾖｳﾄﾔﾏｼﾛﾉｳｷﾖｳ,003,ﾆｼｳｼﾞ
6961,ｷﾖｳﾄﾔﾏｼﾛﾉｳｷﾖｳ,005,ﾋｶﾞｼｳｼﾞ
6961,ｷﾖｳﾄﾔﾏｼﾛﾉｳｷﾖｳ,010,ｼﾞﾖｳﾖｳ
6961,ｷﾖｳﾄﾔﾏｼﾛﾉｳｷﾖｳ,011,ｼﾞﾖｳﾖｳﾐﾅﾐ
6961,ｷﾖｳﾄﾔﾏｼﾛﾉｳｷﾖｳ,013,ｸﾐﾔﾏﾁﾖｳ
6961,ｷﾖｳﾄﾔﾏｼﾛﾉｳｷﾖｳ,018,ﾔﾜﾀｼ
6961,ｷﾖｳﾄﾔﾏｼﾛﾉｳｷﾖｳ,022,ｷﾖｳﾀﾅﾍﾞ
6961,ｷﾖｳﾄﾔﾏｼﾛﾉｳｷﾖｳ,026,ｲﾃﾞﾁﾖｳ
6961,ｷﾖｳﾄﾔﾏｼﾛﾉｳｷﾖｳ,027,ｳｼﾞﾀﾜﾗﾁﾖｳ
6961,ｷﾖｳﾄﾔﾏｼﾛﾉｳｷﾖｳ,029,ﾔﾏｼﾛ
6961,ｷﾖｳﾄﾔﾏｼﾛﾉｳｷﾖｳ,032,ｾｲｶﾁﾖｳ
6961,ｷﾖｳﾄﾔﾏｼﾛﾉｳｷﾖｳ,037,ｷﾂﾞ
6961,ｷﾖｳﾄﾔﾏｼﾛﾉｳｷﾖｳ,038,ｶﾓ
6961,ｷﾖｳﾄﾔﾏｼﾛﾉｳｷﾖｳ,041,ﾜﾂﾞｶﾁﾖｳ
6961,ｷﾖｳﾄﾔﾏｼﾛﾉｳｷﾖｳ,044,ﾐﾅﾐﾔﾏｼﾛﾑﾗ
6961,ｷﾖｳﾄﾔﾏｼﾛﾉｳｷﾖｳ,099,ﾎﾝﾃﾝ
6990,ｷﾖｳﾄﾉｳｷﾖｳ,002,ｿﾉﾍﾞ
6990,ｷﾖｳﾄﾉｳｷﾖｳ,004,ﾎﾝﾃﾝ
6990,ｷﾖｳﾄﾉｳｷﾖｳ,005,ｹｲﾎｸ
6990,ｷﾖｳﾄﾉｳｷﾖｳ,006,ﾐﾔﾏ
6990,ｷﾖｳﾄﾉｳｷﾖｳ,007,ﾔｷﾞ
6990,ｷﾖｳﾄﾉｳｷﾖｳ,008,ﾋﾖｼ
6990,ｷﾖｳﾄﾉｳｷﾖｳ,009,ﾀﾝﾊﾞ
6990,ｷﾖｳﾄﾉｳｷﾖｳ,010,ﾐｽﾞﾎ
6990,ｷﾖｳﾄﾉｳｷﾖｳ,011,ﾜﾁ
6990,ｷﾖｳﾄﾉｳｷﾖｳ,013,ﾌｸﾁﾔﾏ
6990,ｷﾖｳﾄﾉｳｷﾖｳ,016,ｶﾒｵｶﾁﾕｳｵｳﾎﾂﾞ
6990,ｷﾖｳﾄﾉｳｷﾖｳ,020,ｶﾒｵｶｵｵｲｾｲﾌﾞ
6990,ｷﾖｳﾄﾉｳｷﾖｳ,023,ｶﾒｵｶﾁﾕｳﾌﾞ
6990,ｷﾖｳﾄﾉｳｷﾖｳ,024,ｶﾒｵｶｶﾜﾋｶﾞｼ
6990,ｷﾖｳﾄﾉｳｷﾖｳ,025,ｼﾉ
6990,ｷﾖｳﾄﾉｳｷﾖｳ,029,ﾖｻﾉ
6990,ｷﾖｳﾄﾉｳｷﾖｳ,031,ﾐﾈﾔﾏ
6990,ｷﾖｳﾄﾉｳｷﾖｳ,033,ｵｵﾐﾔ
6990,ｷﾖｳﾄﾉｳｷﾖｳ,034,ｱﾐﾉ
6990,ｷﾖｳﾄﾉｳｷﾖｳ,036,ﾔｻｶ
6990,ｷﾖｳﾄﾉｳｷﾖｳ,037,ﾀｲｻﾞ
6990,ｷﾖｳﾄﾉｳｷﾖｳ,039,ｸﾐﾊﾏ
6990,ｷﾖｳﾄﾉｳｷﾖｳ,043,ﾐﾔﾂﾞ
6990,ｷﾖｳﾄﾉｳｷﾖｳ,045,ﾐﾔﾂﾞﾌﾁﾕｳｲﾈ
6990,ｷﾖｳﾄﾉｳｷﾖｳ,047,ﾌｸﾁﾔﾏﾄｳﾌﾞ
6996,ｷﾖｳﾄﾆﾉｸﾆﾉｳｷﾖｳ,002,ｶﾝﾊﾞﾔｼ
6996,ｷﾖｳﾄﾆﾉｸﾆﾉｳｷﾖｳ,005,ｱﾔﾍﾞ
6996,ｷﾖｳﾄﾆﾉｸﾆﾉｳｷﾖｳ,007,ﾄﾖｻﾄ
6996,ｷﾖｳﾄﾆﾉｸﾆﾉｳｷﾖｳ,009,ｶﾎｸ
6996,ｷﾖｳﾄﾆﾉｸﾆﾉｳｷﾖｳ,012,ﾔﾀ
6996,ｷﾖｳﾄﾆﾉｸﾆﾉｳｷﾖｳ,013,ﾎﾝﾃﾝ
6996,ｷﾖｳﾄﾆﾉｸﾆﾉｳｷﾖｳ,015,ﾌｸﾁﾔﾏ
6996,ｷﾖｳﾄﾆﾉｸﾆﾉｳｷﾖｳ,019,ﾐﾜ
6996,ｷﾖｳﾄﾆﾉｸﾆﾉｳｷﾖｳ,023,ﾔｸﾉ
6996,ｷﾖｳﾄﾆﾉｸﾆﾉｳｷﾖｳ,024,ｵｵｴ
6996,ｷﾖｳﾄﾆﾉｸﾆﾉｳｷﾖｳ,029,ｶｻ
6996,ｷﾖｳﾄﾆﾉｸﾆﾉｳｷﾖｳ,032,ﾏｲﾂﾞﾙﾆｼ
6996,ｷﾖｳﾄﾆﾉｸﾆﾉｳｷﾖｳ,037,ｱｵﾊﾞ
6996,ｷﾖｳﾄﾆﾉｸﾆﾉｳｷﾖｳ,043,ﾏｲﾂﾞﾙﾋｶﾞｼ
7025,ｷﾀｵｵｻｶﾉｳｷﾖｳ,001,ﾎﾝﾃﾝ
7025,ｷﾀｵｵｻｶﾉｳｷﾖｳ,002,ﾐﾅﾐ
7025,ｷﾀｵｵｻｶﾉｳｷﾖｳ,006,ﾋｶﾞｼ
7025,ｷﾀｵｵｻｶﾉｳｷﾖｳ,011,ﾆｼ
7025,ｷﾀｵｵｻｶﾉｳｷﾖｳ,012,ﾅｶ
7029,ﾀｶﾂｷｼﾉｳｷﾖｳ,001,ﾎﾝﾃﾝ
7029,ﾀｶﾂｷｼﾉｳｷﾖｳ,002,ｶｼﾀﾞ
7029,ﾀｶﾂｷｼﾉｳｷﾖｳ,003,ｼﾐｽﾞ
7029,ﾀｶﾂｷｼﾉｳｷﾖｳ,004,ｲﾜﾃ
7029,ﾀｶﾂｷｼﾉｳｷﾖｳ,005,ｱｸﾀｶﾞﾜ
7029,ﾀｶﾂｷｼﾉｳｷﾖｳ,006,ｺﾞﾘﾖｳ
7029,ﾀｶﾂｷｼﾉｳｷﾖｳ,008,ｵｵｶﾝﾑﾘ
7029,ﾀｶﾂｷｼﾉｳｷﾖｳ,009,ﾆﾖｾﾞ
7029,ﾀｶﾂｷｼﾉｳｷﾖｳ,010,ｻﾝｶﾞﾏｷ
7029,ﾀｶﾂｷｼﾉｳｷﾖｳ,011,ﾏｶﾐ
7029,ﾀｶﾂｷｼﾉｳｷﾖｳ,012,ｼﾎﾞ
7029,ﾀｶﾂｷｼﾉｳｷﾖｳ,013,ｶﾗｻｷ
7029,ﾀｶﾂｷｼﾉｳｷﾖｳ,014,ﾊﾗ
7029,ﾀｶﾂｷｼﾉｳｷﾖｳ,015,ｱｸﾀｶﾞﾜﾋｶﾞｼ
7029,ﾀｶﾂｷｼﾉｳｷﾖｳ,016,ｵｵﾂｶ
7029,ﾀｶﾂｷｼﾉｳｷﾖｳ,017,ｱﾌﾞﾉ
7029,ﾀｶﾂｷｼﾉｳｷﾖｳ,018,ﾄﾝﾀﾞ
7029,ﾀｶﾂｷｼﾉｳｷﾖｳ,019,ｼﾏﾓﾄ
7032,ｲﾊﾞﾗｷｼﾉｳｷﾖｳ,001,ﾎﾝﾃﾝ
7032,ｲﾊﾞﾗｷｼﾉｳｷﾖｳ,003,ﾁﾕｳｵｳ
7032,ｲﾊﾞﾗｷｼﾉｳｷﾖｳ,004,ﾐﾅﾐ
7032,ｲﾊﾞﾗｷｼﾉｳｷﾖｳ,007,ﾅｶ
7032,ｲﾊﾞﾗｷｼﾉｳｷﾖｳ,010,ｷﾀ
7041,ｵｵｻｶﾎｸﾌﾞﾉｳｷﾖｳ,001,ｶﾔﾉ
7041,ｵｵｻｶﾎｸﾌﾞﾉｳｷﾖｳ,002,ﾐﾉｵ
7041,ｵｵｻｶﾎｸﾌﾞﾉｳｷﾖｳ,004,ﾄﾖｶﾜ
7041,ｵｵｻｶﾎｸﾌﾞﾉｳｷﾖｳ,006,ﾄﾖﾉ
7041,ｵｵｻｶﾎｸﾌﾞﾉｳｷﾖｳ,008,ﾉｾ
7041,ｵｵｻｶﾎｸﾌﾞﾉｳｷﾖｳ,009,ﾄｳｺﾞｳ
7041,ｵｵｻｶﾎｸﾌﾞﾉｳｷﾖｳ,013,ｻｸﾗｲﾀﾞﾆ
7041,ｵｵｻｶﾎｸﾌﾞﾉｳｷﾖｳ,014,ｱｻﾀﾞ
7041,ｵｵｻｶﾎｸﾌﾞﾉｳｷﾖｳ,016,ｵｿﾞﾈ
7041,ｵｵｻｶﾎｸﾌﾞﾉｳｷﾖｳ,017,ｼﾖｳﾅｲ
7041,ｵｵｻｶﾎｸﾌﾞﾉｳｷﾖｳ,018,ﾐﾅﾐﾃｼﾏ
7041,ｵｵｻｶﾎｸﾌﾞﾉｳｷﾖｳ,019,ﾊﾂﾄﾘﾎﾂﾞﾐ
7041,ｵｵｻｶﾎｸﾌﾞﾉｳｷﾖｳ,020,ﾎｿｶﾜ
7041,ｵｵｻｶﾎｸﾌﾞﾉｳｷﾖｳ,021,ｲｹﾀﾞ
7041,ｵｵｻｶﾎｸﾌﾞﾉｳｷﾖｳ,100,ﾎﾝﾃﾝ
7087,ｵｵｻｶｾﾝｼﾕｳﾉｳｷﾖｳ,001,ｶｲﾂﾞｶｷﾀ
7087,ｵｵｻｶｾﾝｼﾕｳﾉｳｷﾖｳ,010,ｶｲﾂﾞｶﾐﾅﾐ
7087,ｵｵｻｶｾﾝｼﾕｳﾉｳｷﾖｳ,014,ｸﾏﾄﾘ
7087,ｵｵｻｶｾﾝｼﾕｳﾉｳｷﾖｳ,017,ｲｽﾞﾐｻﾉｷﾀ
7087,ｵｵｻｶｾﾝｼﾕｳﾉｳｷﾖｳ,025,ｲｽﾞﾐｻﾉﾁﾕｳｵｳ
7087,ｵｵｻｶｾﾝｼﾕｳﾉｳｷﾖｳ,026,ｲｽﾞﾐｻﾉﾐﾅﾐ
7087,ｵｵｻｶｾﾝｼﾕｳﾉｳｷﾖｳ,029,ﾘﾝｸｳ
7087,ｵｵｻｶｾﾝｼﾕｳﾉｳｷﾖｳ,032,ﾊﾝﾅﾝ
7087,ｵｵｻｶｾﾝｼﾕｳﾉｳｷﾖｳ,038,ｾﾝﾅﾝ
7087,ｵｵｻｶｾﾝｼﾕｳﾉｳｷﾖｳ,044,ﾐｻｷ
7087,ｵｵｻｶｾﾝｼﾕｳﾉｳｷﾖｳ,100,ﾎﾝﾃﾝ
7092,ｲｽﾞﾐﾉﾉｳｷﾖｳ,001,ﾎﾝﾃﾝ
7092,ｲｽﾞﾐﾉﾉｳｷﾖｳ,002,ﾁﾕｳｵｳ
7092,ｲｽﾞﾐﾉﾉｳｷﾖｳ,003,ﾊﾌﾞｺﾞｳ
7092,ｲｽﾞﾐﾉﾉｳｷﾖｳ,004,ｱﾘﾏｶ
7092,ｲｽﾞﾐﾉﾉｳｷﾖｳ,005,ﾋｶﾞｼｶﾂﾗｷﾞ
7092,ｲｽﾞﾐﾉﾉｳｷﾖｳ,006,ﾔﾏﾀｷ
7092,ｲｽﾞﾐﾉﾉｳｷﾖｳ,007,ﾔﾏﾀﾞｲｶﾐ
7092,ｲｽﾞﾐﾉﾉｳｷﾖｳ,008,ﾔｷﾞ
7092,ｲｽﾞﾐﾉﾉｳｷﾖｳ,009,ﾐﾅﾐｶﾓﾘ
7092,ｲｽﾞﾐﾉﾉｳｷﾖｳ,010,ｼﾞﾖｳﾎｸ
7092,ｲｽﾞﾐﾉﾉｳｷﾖｳ,011,ﾔﾏﾀﾞｲｼﾓ
7092,ｲｽﾞﾐﾉﾉｳｷﾖｳ,012,ﾊﾙｷ
7092,ｲｽﾞﾐﾉﾉｳｷﾖｳ,013,ｲｽﾞﾐｵｵﾂ
7092,ｲｽﾞﾐﾉﾉｳｷﾖｳ,014,ｱﾋﾞｺ
7092,ｲｽﾞﾐﾉﾉｳｷﾖｳ,017,ﾄﾘｲｼ
7092,ｲｽﾞﾐﾉﾉｳｷﾖｳ,018,ﾀｶｲｼ
7092,ｲｽﾞﾐﾉﾉｳｷﾖｳ,019,ﾀﾀﾞｵｶ
7092,ｲｽﾞﾐﾉﾉｳｷﾖｳ,021,ｸｽﾞﾉﾊ
7092,ｲｽﾞﾐﾉﾉｳｷﾖｳ,022,ｲｽﾞﾐ
7092,ｲｽﾞﾐﾉﾉｳｷﾖｳ,023,ｷﾀｲｹﾀﾞ
7092,ｲｽﾞﾐﾉﾉｳｷﾖｳ,024,ﾐﾅﾐｲｹﾀﾞ
7092,ｲｽﾞﾐﾉﾉｳｷﾖｳ,025,ﾖｺﾔﾏ
7092,ｲｽﾞﾐﾉﾉｳｷﾖｳ,026,ﾐﾅﾐﾏﾂｵ
7111,ｻｶｲｼﾉｳｷﾖｳ,001,ﾎﾝｼﾖ
7111,ｻｶｲｼﾉｳｷﾖｳ,005,ｷﾀ
7111,ｻｶｲｼﾉｳｷﾖｳ,007,ﾌｶｲ
7111,ｻｶｲｼﾉｳｷﾖｳ,008,ﾊﾂﾀｼﾖｳ
7111,ｻｶｲｼﾉｳｷﾖｳ,009,ﾋｶﾞｼﾓｽﾞ
7111,ｻｶｲｼﾉｳｷﾖｳ,013,ﾋｶﾞｼ
7111,ｻｶｲｼﾉｳｷﾖｳ,014,ｸｾﾞ
7111,ｻｶｲｼﾉｳｷﾖｳ,015,ﾋｶﾞｼﾄｳｷ
7111,ｻｶｲｼﾉｳｷﾖｳ,016,ﾆｼﾄｳｷ
7111,ｻｶｲｼﾉｳｷﾖｳ,017,ﾆﾜﾀﾞﾆ
7111,ｻｶｲｼﾉｳｷﾖｳ,018,ﾌｸｲｽﾞﾐ
7111,ｻｶｲｼﾉｳｷﾖｳ,019,ﾐｷﾀ
7111,ｻｶｲｼﾉｳｷﾖｳ,020,ﾄﾐｵｶ
7111,ｻｶｲｼﾉｳｷﾖｳ,021,ｶﾅｵｶ
7111,ｻｶｲｼﾉｳｷﾖｳ,022,ﾆｼ
7139,ｵｵｻｶﾐﾅﾐﾉｳｷﾖｳ,001,ｶﾜﾆｼ
7139,ｵｵｻｶﾐﾅﾐﾉｳｷﾖｳ,002,ﾄﾝﾀﾞﾊﾞﾔｼ
7139,ｵｵｻｶﾐﾅﾐﾉｳｷﾖｳ,004,ｷｼ
7139,ｵｵｻｶﾐﾅﾐﾉｳｷﾖｳ,005,ｵｵﾄﾓ
7139,ｵｵｻｶﾐﾅﾐﾉｳｷﾖｳ,006,ﾆｼｺｳﾘ
7139,ｵｵｻｶﾐﾅﾐﾉｳｷﾖｳ,007,ﾄｳｼﾞﾖｳ
7139,ｵｵｻｶﾐﾅﾐﾉｳｷﾖｳ,011,ｱｵﾊﾞ
7139,ｵｵｻｶﾐﾅﾐﾉｳｷﾖｳ,015,ｶﾅﾝ
7139,ｵｵｻｶﾐﾅﾐﾉｳｷﾖｳ,016,ｲｼｶﾜ
7139,ｵｵｻｶﾐﾅﾐﾉｳｷﾖｳ,019,ﾀｲｼ
7139,ｵｵｻｶﾐﾅﾐﾉｳｷﾖｳ,020,ﾌﾙｲﾁ
7139,ｵｵｻｶﾐﾅﾐﾉｳｷﾖｳ,021,ｺﾏｶﾞﾀﾆ
7139,ｵｵｻｶﾐﾅﾐﾉｳｷﾖｳ,022,ﾆｼｳﾗ
7139,ｵｵｻｶﾐﾅﾐﾉｳｷﾖｳ,023,ﾀﾝﾋﾟ
7139,ｵｵｻｶﾐﾅﾐﾉｳｷﾖｳ,024,ﾊﾆﾌ
7139,ｵｵｻｶﾐﾅﾐﾉｳｷﾖｳ,025,ﾀｶﾜｼ
7139,ｵｵｻｶﾐﾅﾐﾉｳｷﾖｳ,026,ﾋﾗｵ
7139,ｵｵｻｶﾐﾅﾐﾉｳｷﾖｳ,027,ｸﾛﾔﾏ
7139,ｵｵｻｶﾐﾅﾐﾉｳｷﾖｳ,028,ﾀﾝﾅﾝ
7139,ｵｵｻｶﾐﾅﾐﾉｳｷﾖｳ,030,ｱｶｻｶ
7139,ｵｵｻｶﾐﾅﾐﾉｳｷﾖｳ,032,ｻﾔﾏﾋｶﾞｼ
7139,ｵｵｻｶﾐﾅﾐﾉｳｷﾖｳ,033,ｻﾔﾏﾆｼ
7139,ｵｵｻｶﾐﾅﾐﾉｳｷﾖｳ,034,ﾄﾞｳﾐﾖｳｼﾞ
7139,ｵｵｻｶﾐﾅﾐﾉｳｷﾖｳ,035,ﾌｼﾞｲﾃﾞﾗ
7139,ｵｵｻｶﾐﾅﾐﾉｳｷﾖｳ,036,ｶﾜﾁﾅｶﾞﾉ
7139,ｵｵｻｶﾐﾅﾐﾉｳｷﾖｳ,037,ﾁﾖﾀﾞ
7139,ｵｵｻｶﾐﾅﾐﾉｳｷﾖｳ,038,ﾀｺｳ
7139,ｵｵｻｶﾐﾅﾐﾉｳｷﾖｳ,039,ﾐﾂｶｲﾁ
7139,ｵｵｻｶﾐﾅﾐﾉｳｷﾖｳ,040,ｶｶﾞﾀ
7139,ｵｵｻｶﾐﾅﾐﾉｳｷﾖｳ,100,ﾎﾝﾃﾝ
7156,ｸﾞﾘ-ﾝｵｵｻｶﾉｳｷﾖｳ,001,ｱｶﾀﾞ
7156,ｸﾞﾘ-ﾝｵｵｻｶﾉｳｷﾖｳ,003,ﾊﾅｿﾞﾉﾗｸﾞﾋﾞ-
7156,ｸﾞﾘ-ﾝｵｵｻｶﾉｳｷﾖｳ,004,ﾀﾏｶﾞﾜ
7156,ｸﾞﾘ-ﾝｵｵｻｶﾉｳｷﾖｳ,006,ﾀﾃﾂ
7156,ｸﾞﾘ-ﾝｵｵｻｶﾉｳｷﾖｳ,007,ｼﾝｼﾞﾖｳ
7156,ｸﾞﾘ-ﾝｵｵｻｶﾉｳｷﾖｳ,010,ﾅﾜﾃ
7156,ｸﾞﾘ-ﾝｵｵｻｶﾉｳｷﾖｳ,012,ﾅﾜﾃﾐﾅﾐ
7156,ｸﾞﾘ-ﾝｵｵｻｶﾉｳｷﾖｳ,013,ﾐﾉｺﾞｳ
7156,ｸﾞﾘ-ﾝｵｵｻｶﾉｳｷﾖｳ,016,ﾀﾏｸｼ
7156,ｸﾞﾘ-ﾝｵｵｻｶﾉｳｷﾖｳ,017,ｸｽﾈ
7156,ｸﾞﾘ-ﾝｵｵｻｶﾉｳｷﾖｳ,020,ｵｷﾍﾞ
7156,ｸﾞﾘ-ﾝｵｵｻｶﾉｳｷﾖｳ,021,ｱﾗﾓﾄ
7156,ｸﾞﾘ-ﾝｵｵｻｶﾉｳｷﾖｳ,100,ﾎﾝﾃﾝ
7164,ｵｵｻｶﾅｶｶﾜﾁﾉｳｷﾖｳ,001,ﾎﾝﾃﾝ
7164,ｵｵｻｶﾅｶｶﾜﾁﾉｳｷﾖｳ,002,ｶﾔﾌﾘ
7164,ｵｵｻｶﾅｶｶﾜﾁﾉｳｷﾖｳ,003,ﾔﾏﾓﾄ
7164,ｵｵｻｶﾅｶｶﾜﾁﾉｳｷﾖｳ,005,ﾔｵｴｷﾏｴ
7164,ｵｵｻｶﾅｶｶﾜﾁﾉｳｷﾖｳ,009,ﾐﾅﾐﾀｶﾔｽ
7164,ｵｵｻｶﾅｶｶﾜﾁﾉｳｷﾖｳ,013,ﾘﾕｳｹﾞｷﾕｳﾎｳｼﾞ
7164,ｵｵｻｶﾅｶｶﾜﾁﾉｳｷﾖｳ,015,ﾀｶﾔｽ
7164,ｵｵｻｶﾅｶｶﾜﾁﾉｳｷﾖｳ,017,ｷﾀﾀｶﾔｽ
7164,ｵｵｻｶﾅｶｶﾜﾁﾉｳｷﾖｳ,018,ｱｹｶﾞﾜ
7164,ｵｵｻｶﾅｶｶﾜﾁﾉｳｷﾖｳ,019,ﾀｲｼﾖｳ
7164,ｵｵｻｶﾅｶｶﾜﾁﾉｳｷﾖｳ,021,ｼｷ
7164,ｵｵｻｶﾅｶｶﾜﾁﾉｳｷﾖｳ,022,ｶﾀｼﾓ
7164,ｵｵｻｶﾅｶｶﾜﾁﾉｳｷﾖｳ,023,ｶｼﾜﾗ
7164,ｵｵｻｶﾅｶｶﾜﾁﾉｳｷﾖｳ,024,ｶﾀｶﾞﾐ
7164,ｵｵｻｶﾅｶｶﾜﾁﾉｳｷﾖｳ,026,ｺｸﾌﾞ
7164,ｵｵｻｶﾅｶｶﾜﾁﾉｳｷﾖｳ,027,ﾀﾏﾃ
7164,ｵｵｻｶﾅｶｶﾜﾁﾉｳｷﾖｳ,028,ｴｶﾞ
7164,ｵｵｻｶﾅｶｶﾜﾁﾉｳｷﾖｳ,030,ﾏﾂﾊﾞﾗ
7164,ｵｵｻｶﾅｶｶﾜﾁﾉｳｷﾖｳ,031,ｱﾏﾐ
7164,ｵｵｻｶﾅｶｶﾜﾁﾉｳｷﾖｳ,033,ﾇﾉｾ
7164,ｵｵｻｶﾅｶｶﾜﾁﾉｳｷﾖｳ,034,ﾐﾔｹ
7164,ｵｵｻｶﾅｶｶﾜﾁﾉｳｷﾖｳ,035,ｲｼｷﾘ
7164,ｵｵｻｶﾅｶｶﾜﾁﾉｳｷﾖｳ,037,ﾋﾗｵｶ
7164,ｵｵｻｶﾅｶｶﾜﾁﾉｳｷﾖｳ,038,ｸｻｶ
7164,ｵｵｻｶﾅｶｶﾜﾁﾉｳｷﾖｳ,040,ﾅｶﾞｾ
7164,ｵｵｻｶﾅｶｶﾜﾁﾉｳｷﾖｳ,041,ﾐﾄ
7164,ｵｵｻｶﾅｶｶﾜﾁﾉｳｷﾖｳ,043,ﾅｶﾞｾｴｷﾏｴ
7184,ｵｵｻｶﾄｳﾌﾞﾉｳｷﾖｳ,001,ﾎﾝﾃﾝ
7184,ｵｵｻｶﾄｳﾌﾞﾉｳｷﾖｳ,002,ﾅﾝｺﾞｳ
7184,ｵｵｻｶﾄｳﾌﾞﾉｳｷﾖｳ,003,ｽﾐﾉﾄﾞｳ
7184,ｵｵｻｶﾄｳﾌﾞﾉｳｷﾖｳ,004,ｼｼﾞﾖｳ
7184,ｵｵｻｶﾄｳﾌﾞﾉｳｷﾖｳ,005,ﾀﾊﾗ
7184,ｵｵｻｶﾄｳﾌﾞﾉｳｷﾖｳ,006,ｼｼﾞﾖｳﾅﾜﾃ
7191,ｸｶｼﾖｳﾉｳｷﾖｳ,001,ﾎﾝｼﾖ
7191,ｸｶｼﾖｳﾉｳｷﾖｳ,002,ｶﾐﾀﾞ
7193,ｷﾀｶﾜﾁﾉｳｷﾖｳ,001,ﾋﾗｶﾀﾁﾕｳｵｳ
7193,ｷﾀｶﾜﾁﾉｳｷﾖｳ,003,ｻﾀﾞ
7193,ｷﾀｶﾜﾁﾉｳｷﾖｳ,004,ｶﾜｺﾞｼ
7193,ｷﾀｶﾜﾁﾉｳｷﾖｳ,005,ﾔﾏﾀﾞ
7193,ｷﾀｶﾜﾁﾉｳｷﾖｳ,006,ﾏｷﾉ
7193,ｷﾀｶﾜﾁﾉｳｷﾖｳ,007,ｼﾖﾀﾞｲ
7193,ｷﾀｶﾜﾁﾉｳｷﾖｳ,009,ﾂﾀﾞ
7193,ｷﾀｶﾜﾁﾉｳｷﾖｳ,010,ﾋﾑﾛ
7193,ｷﾀｶﾜﾁﾉｳｷﾖｳ,011,ｽｶﾞﾊﾗ
7193,ｷﾀｶﾜﾁﾉｳｷﾖｳ,012,ｶﾀﾉﾁﾕｳｵｳ
7193,ｷﾀｶﾜﾁﾉｳｷﾖｳ,013,ｲﾜﾌﾈ
7193,ｷﾀｶﾜﾁﾉｳｷﾖｳ,014,ﾎｼﾀﾞ
7193,ｷﾀｶﾜﾁﾉｳｷﾖｳ,015,ｶﾀﾉ
7193,ｷﾀｶﾜﾁﾉｳｷﾖｳ,017,ｺｳﾘ
7193,ｷﾀｶﾜﾁﾉｳｷﾖｳ,018,ﾄﾖﾉ
7193,ｷﾀｶﾜﾁﾉｳｷﾖｳ,019,ﾈﾔｶﾞﾜ
7193,ｷﾀｶﾜﾁﾉｳｷﾖｳ,020,ｶﾄﾞﾏﾁﾕｳｵｳ
7193,ｷﾀｶﾜﾁﾉｳｷﾖｳ,022,ﾌﾙｶﾜﾊﾞｼｴｷﾏｴ
7193,ｷﾀｶﾜﾁﾉｳｷﾖｳ,023,ｶﾄﾞﾏ
7193,ｷﾀｶﾜﾁﾉｳｷﾖｳ,024,ｼﾉﾐﾔ
7193,ｷﾀｶﾜﾁﾉｳｷﾖｳ,027,ﾌﾀｼﾏ
7193,ｷﾀｶﾜﾁﾉｳｷﾖｳ,028,ｵｵﾜﾀﾞ
7193,ｷﾀｶﾜﾁﾉｳｷﾖｳ,030,ﾆﾜｸﾎﾞ
7193,ｷﾀｶﾜﾁﾉｳｷﾖｳ,031,ｵｵｸﾎﾞ
7193,ｷﾀｶﾜﾁﾉｳｷﾖｳ,034,ﾓﾘｸﾞﾁﾔｸﾓ
7193,ｷﾀｶﾜﾁﾉｳｷﾖｳ,037,ｸｽﾞﾊ
7193,ｷﾀｶﾜﾁﾉｳｷﾖｳ,100,ﾎﾝﾃﾝ
7200,ｵｵｻｶｼﾉｳｷﾖｳ,001,ﾎﾝﾃﾝ
7200,ｵｵｻｶｼﾉｳｷﾖｳ,003,ﾀﾂﾐ
7200,ｵｵｻｶｼﾉｳｷﾖｳ,006,ｶﾐ
7200,ｵｵｻｶｼﾉｳｷﾖｳ,008,ﾋﾗﾉ
7200,ｵｵｻｶｼﾉｳｷﾖｳ,011,ﾋｶﾞｼｽﾐﾖｼ
7200,ｵｵｻｶｼﾉｳｷﾖｳ,013,ｽﾐﾖｼ
7200,ｵｵｻｶｼﾉｳｷﾖｳ,015,ｽﾐﾉｴ
7200,ｵｵｻｶｼﾉｳｷﾖｳ,016,ﾅｶﾞﾖｼ
7200,ｵｵｻｶｼﾉｳｷﾖｳ,018,ﾏﾂﾀ
7200,ｵｵｻｶｼﾉｳｷﾖｳ,020,ﾋｶﾞｼﾖﾄﾞｶﾞﾜ
7213,ﾋﾖｳｺﾞﾛﾂｺｳﾉｳｷﾖｳ,001,ﾀﾙﾐ
7213,ﾋﾖｳｺﾞﾛﾂｺｳﾉｳｷﾖｳ,002,ｲｶﾜ
7213,ﾋﾖｳｺﾞﾛﾂｺｳﾉｳｷﾖｳ,003,ﾊｾﾀﾆ
7213,ﾋﾖｳｺﾞﾛﾂｺｳﾉｳｷﾖｳ,004,ｵｼﾍﾞ
7213,ﾋﾖｳｺﾞﾛﾂｺｳﾉｳｷﾖｳ,005,ｶﾝﾃﾞ
7213,ﾋﾖｳｺﾞﾛﾂｺｳﾉｳｷﾖｳ,006,ﾋﾗﾉ
7213,ﾋﾖｳｺﾞﾛﾂｺｳﾉｳｷﾖｳ,007,ﾀﾏﾂ
7213,ﾋﾖｳｺﾞﾛﾂｺｳﾉｳｷﾖｳ,008,ｲﾜｵｶ
7213,ﾋﾖｳｺﾞﾛﾂｺｳﾉｳｷﾖｳ,009,ｽﾏ
7213,ﾋﾖｳｺﾞﾛﾂｺｳﾉｳｷﾖｳ,010,ｾｲｼﾝﾌﾞﾝｶｾﾝﾀ-
7213,ﾋﾖｳｺﾞﾛﾂｺｳﾉｳｷﾖｳ,013,ﾀﾙﾐｴｷﾏｴ
7213,ﾋﾖｳｺﾞﾛﾂｺｳﾉｳｷﾖｳ,017,ﾔﾏﾀﾞ
7213,ﾋﾖｳｺﾞﾛﾂｺｳﾉｳｷﾖｳ,018,ｵﾌﾞ
7213,ﾋﾖｳｺﾞﾛﾂｺｳﾉｳｷﾖｳ,019,ﾆｼｽｽﾞﾗﾝﾀﾞｲ
7213,ﾋﾖｳｺﾞﾛﾂｺｳﾉｳｷﾖｳ,020,ﾀﾆｶﾞﾐ
7213,ﾋﾖｳｺﾞﾛﾂｺｳﾉｳｷﾖｳ,021,ｱﾘﾉ
7213,ﾋﾖｳｺﾞﾛﾂｺｳﾉｳｷﾖｳ,024,ﾄﾞｳｼﾞﾖｳ
7213,ﾋﾖｳｺﾞﾛﾂｺｳﾉｳｷﾖｳ,025,ﾊﾀ
7213,ﾋﾖｳｺﾞﾛﾂｺｳﾉｳｷﾖｳ,026,ｵｵｿﾞｳ
7213,ﾋﾖｳｺﾞﾛﾂｺｳﾉｳｷﾖｳ,027,ﾎｸｼﾝﾅｶﾞｵ
7213,ﾋﾖｳｺﾞﾛﾂｺｳﾉｳｷﾖｳ,028,ｵｳｺﾞ
7213,ﾋﾖｳｺﾞﾛﾂｺｳﾉｳｷﾖｳ,029,ｶﾐｵｳｺﾞ
7213,ﾋﾖｳｺﾞﾛﾂｺｳﾉｳｷﾖｳ,031,ﾐｶｹﾞ
7213,ﾋﾖｳｺﾞﾛﾂｺｳﾉｳｷﾖｳ,032,ｺｳﾍﾞﾓﾄﾏﾁ
7213,ﾋﾖｳｺﾞﾛﾂｺｳﾉｳｷﾖｳ,034,ﾀｶﾗﾂﾞｶﾅｶﾞｵ
7213,ﾋﾖｳｺﾞﾛﾂｺｳﾉｳｷﾖｳ,035,ﾀｶﾗﾂﾞｶ
7213,ﾋﾖｳｺﾞﾛﾂｺｳﾉｳｷﾖｳ,037,ﾀｶﾗﾂﾞｶﾆｼ
7213,ﾋﾖｳｺﾞﾛﾂｺｳﾉｳｷﾖｳ,038,ﾀｶﾗﾂﾞｶﾆｼﾀﾆ
7213,ﾋﾖｳｺﾞﾛﾂｺｳﾉｳｷﾖｳ,039,ﾀｶﾗﾂﾞｶｱｸﾗ
7213,ﾋﾖｳｺﾞﾛﾂｺｳﾉｳｷﾖｳ,043,ﾆｼﾉﾐﾔ
7213,ﾋﾖｳｺﾞﾛﾂｺｳﾉｳｷﾖｳ,044,ｼﾕｸｶﾞﾜ
7213,ﾋﾖｳｺﾞﾛﾂｺｳﾉｳｷﾖｳ,045,ﾆｼﾉﾐﾔﾁﾕｳｵｳ
7213,ﾋﾖｳｺﾞﾛﾂｺｳﾉｳｷﾖｳ,046,ｶﾜﾗｷﾞ
7213,ﾋﾖｳｺﾞﾛﾂｺｳﾉｳｷﾖｳ,047,ｺｳﾄｳ
7213,ﾋﾖｳｺﾞﾛﾂｺｳﾉｳｷﾖｳ,048,ﾅｼﾞｵ
7213,ﾋﾖｳｺﾞﾛﾂｺｳﾉｳｷﾖｳ,051,ﾔﾏｸﾞﾁ
7213,ﾋﾖｳｺﾞﾛﾂｺｳﾉｳｷﾖｳ,057,ｻﾝﾀﾞ
7213,ﾋﾖｳｺﾞﾛﾂｺｳﾉｳｷﾖｳ,058,ﾐﾜ
7213,ﾋﾖｳｺﾞﾛﾂｺｳﾉｳｷﾖｳ,063,ｻﾝﾀﾞﾆｼ
7213,ﾋﾖｳｺﾞﾛﾂｺｳﾉｳｷﾖｳ,064,ﾀｶﾋﾗ
7213,ﾋﾖｳｺﾞﾛﾂｺｳﾉｳｷﾖｳ,070,ｶﾜﾆｼ
7213,ﾋﾖｳｺﾞﾛﾂｺｳﾉｳｷﾖｳ,071,ﾀﾀﾞ
7213,ﾋﾖｳｺﾞﾛﾂｺｳﾉｳｷﾖｳ,072,ﾋｶﾞｼﾀﾆ
7213,ﾋﾖｳｺﾞﾛﾂｺｳﾉｳｷﾖｳ,078,ｱﾏｶﾞｻｷ
7213,ﾋﾖｳｺﾞﾛﾂｺｳﾉｳｷﾖｳ,079,ﾀﾁﾊﾞﾅ
7213,ﾋﾖｳｺﾞﾛﾂｺｳﾉｳｷﾖｳ,080,ﾑｺ
7213,ﾋﾖｳｺﾞﾛﾂｺｳﾉｳｷﾖｳ,081,ﾂｶｸﾞﾁ
7213,ﾋﾖｳｺﾞﾛﾂｺｳﾉｳｷﾖｳ,082,ｵｵｼﾖｳ
7213,ﾋﾖｳｺﾞﾛﾂｺｳﾉｳｷﾖｳ,083,ｵﾀﾞ
7213,ﾋﾖｳｺﾞﾛﾂｺｳﾉｳｷﾖｳ,084,ｿﾉﾀﾞ
7213,ﾋﾖｳｺﾞﾛﾂｺｳﾉｳｷﾖｳ,085,ｿﾉﾀﾞｴｷ
7213,ﾋﾖｳｺﾞﾛﾂｺｳﾉｳｷﾖｳ,089,ｺﾔｲｹ
7213,ﾋﾖｳｺﾞﾛﾂｺｳﾉｳｷﾖｳ,090,ｲﾀﾐ
7213,ﾋﾖｳｺﾞﾛﾂｺｳﾉｳｷﾖｳ,091,ｶﾐﾂ
7213,ﾋﾖｳｺﾞﾛﾂｺｳﾉｳｷﾖｳ,092,ｺﾔﾉｻﾄ
7213,ﾋﾖｳｺﾞﾛﾂｺｳﾉｳｷﾖｳ,093,ﾃﾝｼﾞﾝｶﾞﾜ
7213,ﾋﾖｳｺﾞﾛﾂｺｳﾉｳｷﾖｳ,096,ｲﾅｶﾞﾜ
7213,ﾋﾖｳｺﾞﾛﾂｺｳﾉｳｷﾖｳ,900,ﾎﾝﾃﾝ
7239,ｱｶｼﾉｳｷﾖｳ,001,ｵｵｸﾎﾞ
7239,ｱｶｼﾉｳｷﾖｳ,002,ｴｲｶﾞｼﾏ
7239,ｱｶｼﾉｳｷﾖｳ,003,ｵｵｸﾎﾞｷﾀ
7239,ｱｶｼﾉｳｷﾖｳ,004,ﾆｼｱｶｼ
7239,ｱｶｼﾉｳｷﾖｳ,005,ｱｶｼﾋｶﾞｼ
7239,ｱｶｼﾉｳｷﾖｳ,010,ﾎﾝﾃﾝ
7240,ﾋﾖｳｺﾞﾐﾅﾐﾉｳｷﾖｳ,001,ｳｵｽﾞﾐ
7240,ﾋﾖｳｺﾞﾐﾅﾐﾉｳｷﾖｳ,003,ﾌﾀﾐ
7240,ﾋﾖｳｺﾞﾐﾅﾐﾉｳｷﾖｳ,004,ﾊﾘﾏ
7240,ﾋﾖｳｺﾞﾐﾅﾐﾉｳｷﾖｳ,011,ｶﾝｷ
7240,ﾋﾖｳｺﾞﾐﾅﾐﾉｳｷﾖｳ,012,ｶｺｶﾞﾜ
7240,ﾋﾖｳｺﾞﾐﾅﾐﾉｳｷﾖｳ,014,ｶﾝﾉ
7240,ﾋﾖｳｺﾞﾐﾅﾐﾉｳｷﾖｳ,017,ｶｺｶﾞﾜｷﾀ
7240,ﾋﾖｳｺﾞﾐﾅﾐﾉｳｷﾖｳ,018,ｼｶﾀ
7240,ﾋﾖｳｺﾞﾐﾅﾐﾉｳｷﾖｳ,021,ﾃﾝﾏ
7240,ﾋﾖｳｺﾞﾐﾅﾐﾉｳｷﾖｳ,022,ﾓﾘ
7240,ﾋﾖｳｺﾞﾐﾅﾐﾉｳｷﾖｳ,023,ｶｺ
7240,ﾋﾖｳｺﾞﾐﾅﾐﾉｳｷﾖｳ,031,ｲﾎ
7240,ﾋﾖｳｺﾞﾐﾅﾐﾉｳｷﾖｳ,034,ｱﾗｲ
7240,ﾋﾖｳｺﾞﾐﾅﾐﾉｳｷﾖｳ,038,ﾀｶｻｺﾞﾆｼ
7240,ﾋﾖｳｺﾞﾐﾅﾐﾉｳｷﾖｳ,039,ﾖﾈﾀﾞ
7240,ﾋﾖｳｺﾞﾐﾅﾐﾉｳｷﾖｳ,090,ﾎﾝﾃﾝ
7249,ﾐﾉﾘﾉｳｷﾖｳ,001,ﾔｼﾛ
7249,ﾐﾉﾘﾉｳｷﾖｳ,006,ﾀｷﾉ
7249,ﾐﾉﾘﾉｳｷﾖｳ,010,ﾄｳｼﾞﾖｳ
7249,ﾐﾉﾘﾉｳｷﾖｳ,020,ﾐｷ
7249,ﾐﾉﾘﾉｳｷﾖｳ,030,ﾖｶﾜ
7249,ﾐﾉﾘﾉｳｷﾖｳ,040,ﾆｼﾜｷ
7249,ﾐﾉﾘﾉｳｷﾖｳ,045,ｸﾛﾀﾞｼﾖｳ
7249,ﾐﾉﾘﾉｳｷﾖｳ,050,ﾅｶﾁﾖｳ
7249,ﾐﾉﾘﾉｳｷﾖｳ,051,ｶﾐ
7249,ﾐﾉﾘﾉｳｷﾖｳ,053,ﾔﾁﾖ
7249,ﾐﾉﾘﾉｳｷﾖｳ,100,ﾎﾝﾃﾝ
7264,ﾋﾖｳｺﾞﾐﾗｲﾉｳｷﾖｳ,001,ﾎｳｼﾞﾖｳﾄﾐﾀ
7264,ﾋﾖｳｺﾞﾐﾗｲﾉｳｷﾖｳ,004,ｾﾞﾝﾎﾞｳ
7264,ﾋﾖｳｺﾞﾐﾗｲﾉｳｷﾖｳ,006,ｶｻｲ
7264,ﾋﾖｳｺﾞﾐﾗｲﾉｳｷﾖｳ,007,ﾀｶﾉ
7264,ﾋﾖｳｺﾞﾐﾗｲﾉｳｷﾖｳ,009,ｱﾘﾀ
7264,ﾋﾖｳｺﾞﾐﾗｲﾉｳｷﾖｳ,011,ﾐｷｼｸﾙﾐ
7264,ﾋﾖｳｺﾞﾐﾗｲﾉｳｷﾖｳ,012,ｼｼﾞﾐ
7264,ﾋﾖｳｺﾞﾐﾗｲﾉｳｷﾖｳ,013,ﾋﾛﾉ
7264,ﾋﾖｳｺﾞﾐﾗｲﾉｳｷﾖｳ,015,ﾄﾖﾁ
7264,ﾋﾖｳｺﾞﾐﾗｲﾉｳｷﾖｳ,016,ﾐﾄﾞﾘｶﾞｵｶ
7264,ﾋﾖｳｺﾞﾐﾗｲﾉｳｷﾖｳ,021,ｵﾉﾁﾕｳｵｳ
7264,ﾋﾖｳｺﾞﾐﾗｲﾉｳｷﾖｳ,022,ｶﾜｲ
7264,ﾋﾖｳｺﾞﾐﾗｲﾉｳｷﾖｳ,025,ｵﾉﾐﾅﾐ
7264,ﾋﾖｳｺﾞﾐﾗｲﾉｳｷﾖｳ,027,ｼﾓﾄｳｼﾞﾖｳ
7264,ﾋﾖｳｺﾞﾐﾗｲﾉｳｷﾖｳ,100,ﾎﾝﾃﾝ
7274,ｶｺｶﾞﾜｼﾐﾅﾐﾉｳｷﾖｳ,001,ﾉｸﾞﾁ
7274,ｶｺｶﾞﾜｼﾐﾅﾐﾉｳｷﾖｳ,002,ｷﾀﾉ
7274,ｶｺｶﾞﾜｼﾐﾅﾐﾉｳｷﾖｳ,003,ﾋﾗｵｶ
7274,ｶｺｶﾞﾜｼﾐﾅﾐﾉｳｷﾖｳ,004,ﾂﾁﾔﾏ
7274,ｶｺｶﾞﾜｼﾐﾅﾐﾉｳｷﾖｳ,005,ｵﾉｴ
7274,ｶｺｶﾞﾜｼﾐﾅﾐﾉｳｷﾖｳ,006,ﾍﾞﾌ
7274,ｶｺｶﾞﾜｼﾐﾅﾐﾉｳｷﾖｳ,010,ﾎﾝｼﾖ
7288,ﾋﾖｳｺﾞﾆｼﾉｳｷﾖｳ,112,ﾔｽﾑﾛ
7288,ﾋﾖｳｺﾞﾆｼﾉｳｷﾖｳ,113,ﾀｶｵｶ
7288,ﾋﾖｳｺﾞﾆｼﾉｳｷﾖｳ,114,ﾋﾒｼﾞﾁﾕｳｵｳ
7288,ﾋﾖｳｺﾞﾆｼﾉｳｷﾖｳ,116,ｱﾗｶﾜ
7288,ﾋﾖｳｺﾞﾆｼﾉｳｷﾖｳ,121,ﾍﾞﾂｼﾖ
7288,ﾋﾖｳｺﾞﾆｼﾉｳｷﾖｳ,122,ｼｺﾞｳ
7288,ﾋﾖｳｺﾞﾆｼﾉｳｷﾖｳ,123,ﾐｸﾆﾉ
7288,ﾋﾖｳｺﾞﾆｼﾉｳｷﾖｳ,124,ｼｷﾄｳ
7288,ﾋﾖｳｺﾞﾆｼﾉｳｷﾖｳ,126,ﾊﾅﾀﾞ
7288,ﾋﾖｳｺﾞﾆｼﾉｳｷﾖｳ,131,ｿｻ
7288,ﾋﾖｳｺﾞﾆｼﾉｳｷﾖｳ,132,ﾋﾒｼﾞﾆｼ
7288,ﾋﾖｳｺﾞﾆｼﾉｳｷﾖｳ,135,ﾊﾔｼﾀﾞ
7288,ﾋﾖｳｺﾞﾆｼﾉｳｷﾖｳ,141,ｵｵﾏﾄ
7288,ﾋﾖｳｺﾞﾆｼﾉｳｷﾖｳ,145,ﾋﾒｼﾞﾅﾀﾞ
7288,ﾋﾖｳｺﾞﾆｼﾉｳｷﾖｳ,151,ﾌﾅﾔﾏ
7288,ﾋﾖｳｺﾞﾆｼﾉｳｷﾖｳ,153,ﾐｽﾞｶﾐ
7288,ﾋﾖｳｺﾞﾆｼﾉｳｷﾖｳ,156,ﾄﾖﾄﾐ
7288,ﾋﾖｳｺﾞﾆｼﾉｳｷﾖｳ,161,ﾋﾛﾊﾀ
7288,ﾋﾖｳｺﾞﾆｼﾉｳｷﾖｳ,162,ﾔﾊﾀ
7288,ﾋﾖｳｺﾞﾆｼﾉｳｷﾖｳ,163,ｶﾂﾊﾗ
7288,ﾋﾖｳｺﾞﾆｼﾉｳｷﾖｳ,164,ｵｵﾂ
7288,ﾋﾖｳｺﾞﾆｼﾉｳｷﾖｳ,166,ｱﾎﾞｼ
7288,ﾋﾖｳｺﾞﾆｼﾉｳｷﾖｳ,168,ｷﾖｸﾖｳ
7288,ﾋﾖｳｺﾞﾆｼﾉｳｷﾖｳ,171,ｱｶﾞﾎ
7288,ﾋﾖｳｺﾞﾆｼﾉｳｷﾖｳ,173,ﾅｶｼﾏ
7288,ﾋﾖｳｺﾞﾆｼﾉｳｷﾖｳ,174,ﾀｶﾊﾏ
7288,ﾋﾖｳｺﾞﾆｼﾉｳｷﾖｳ,176,ｼｶﾏ
7288,ﾋﾖｳｺﾞﾆｼﾉｳｷﾖｳ,211,ｱﾜｶﾞ
7288,ﾋﾖｳｺﾞﾆｼﾉｳｷﾖｳ,216,ｲﾁｶﾜ
7288,ﾋﾖｳｺﾞﾆｼﾉｳｷﾖｳ,218,ﾃﾗﾏｴ
7288,ﾋﾖｳｺﾞﾆｼﾉｳｷﾖｳ,221,ﾌｸｻｷ
7288,ﾋﾖｳｺﾞﾆｼﾉｳｷﾖｳ,223,ﾌｸｻｷﾋｶﾞｼ
7288,ﾋﾖｳｺﾞﾆｼﾉｳｷﾖｳ,224,ｺｳﾛ
7288,ﾋﾖｳｺﾞﾆｼﾉｳｷﾖｳ,226,ﾅｶﾃﾞﾗ
7288,ﾋﾖｳｺﾞﾆｼﾉｳｷﾖｳ,231,ｵｷｼｵ
7288,ﾋﾖｳｺﾞﾆｼﾉｳｷﾖｳ,233,ﾏｴﾉｼﾖｳ
7288,ﾋﾖｳｺﾞﾆｼﾉｳｷﾖｳ,235,ｽｶﾞﾉﾐﾅﾐ
7288,ﾋﾖｳｺﾞﾆｼﾉｳｷﾖｳ,311,ｼﾝｸﾞｳ
7288,ﾋﾖｳｺﾞﾆｼﾉｳｷﾖｳ,324,ﾀｲｼ
7288,ﾋﾖｳｺﾞﾆｼﾉｳｷﾖｳ,325,ｲﾎﾞｶﾞﾜ
7288,ﾋﾖｳｺﾞﾆｼﾉｳｷﾖｳ,328,ﾐﾂ
7288,ﾋﾖｳｺﾞﾆｼﾉｳｷﾖｳ,331,ﾀﾂﾉﾎﾝﾀﾞ
7288,ﾋﾖｳｺﾞﾆｼﾉｳｷﾖｳ,333,ｲﾂｻｲ
7288,ﾋﾖｳｺﾞﾆｼﾉｳｷﾖｳ,335,ｲﾎﾞ
7288,ﾋﾖｳｺﾞﾆｼﾉｳｷﾖｳ,336,ｶﾐｵｶ
7288,ﾋﾖｳｺﾞﾆｼﾉｳｷﾖｳ,341,ﾔﾏｻｷ
7288,ﾋﾖｳｺﾞﾆｼﾉｳｷﾖｳ,342,ｼﾞﾖｳｼﾀ
7288,ﾋﾖｳｺﾞﾆｼﾉｳｷﾖｳ,349,ﾔｽﾄﾐ
7288,ﾋﾖｳｺﾞﾆｼﾉｳｷﾖｳ,411,ｱｺｳ
7288,ﾋﾖｳｺﾞﾆｼﾉｳｷﾖｳ,412,ｼｵﾔ
7288,ﾋﾖｳｺﾞﾆｼﾉｳｷﾖｳ,413,ｵｻｷ
7288,ﾋﾖｳｺﾞﾆｼﾉｳｷﾖｳ,415,ｻｺｼ
7288,ﾋﾖｳｺﾞﾆｼﾉｳｷﾖｳ,417,ｳﾈ
7288,ﾋﾖｳｺﾞﾆｼﾉｳｷﾖｳ,421,ﾜｶｻﾉ
7288,ﾋﾖｳｺﾞﾆｼﾉｳｷﾖｳ,423,ﾔﾉ
7288,ﾋﾖｳｺﾞﾆｼﾉｳｷﾖｳ,424,ｶﾐｺﾞｵﾘ
7288,ﾋﾖｳｺﾞﾆｼﾉｳｷﾖｳ,425,ﾀｶﾀ
7288,ﾋﾖｳｺﾞﾆｼﾉｳｷﾖｳ,428,ﾌﾅｻｶ
7288,ﾋﾖｳｺﾞﾆｼﾉｳｷﾖｳ,431,ｻﾖｳ
7288,ﾋﾖｳｺﾞﾆｼﾉｳｷﾖｳ,434,ｺｳﾂﾞｷ
7288,ﾋﾖｳｺﾞﾆｼﾉｳｷﾖｳ,436,ﾅﾝｺｳ
7288,ﾋﾖｳｺﾞﾆｼﾉｳｷﾖｳ,438,ﾐｶﾂﾞｷ
7288,ﾋﾖｳｺﾞﾆｼﾉｳｷﾖｳ,500,ﾎﾝﾃﾝ
7316,ｱｲｵｲｼﾉｳｷﾖｳ,001,ﾎﾝﾃﾝ
7326,ﾊﾘﾏﾉｳｷﾖｳ,001,ﾎﾝｼﾖ
7326,ﾊﾘﾏﾉｳｷﾖｳ,004,ﾐｶﾀ
7326,ﾊﾘﾏﾉｳｷﾖｳ,006,ﾊｶﾞ
7326,ﾊﾘﾏﾉｳｷﾖｳ,007,ﾁｸｻ
7338,ﾀｼﾞﾏﾉｳｷﾖｳ,011,ﾎﾝﾃﾝ
7338,ﾀｼﾞﾏﾉｳｷﾖｳ,014,ﾄﾖｵｶｷﾀ
7338,ﾀｼﾞﾏﾉｳｷﾖｳ,018,ﾄﾖｵｶﾐﾅﾐ
7338,ﾀｼﾞﾏﾉｳｷﾖｳ,021,ﾐﾅﾄ
7338,ﾀｼﾞﾏﾉｳｷﾖｳ,022,ｷﾉｻｷ
7338,ﾀｼﾞﾏﾉｳｷﾖｳ,024,ﾀｹﾉ
7338,ﾀｼﾞﾏﾉｳｷﾖｳ,029,ｶｽﾐ
7338,ﾀｼﾞﾏﾉｳｷﾖｳ,032,ﾋﾀﾞｶ
7338,ﾀｼﾞﾏﾉｳｷﾖｳ,037,ﾋﾀﾞｶﾆｼ
7338,ﾀｼﾞﾏﾉｳｷﾖｳ,038,ｲｽﾞｼ
7338,ﾀｼﾞﾏﾉｳｷﾖｳ,040,ﾀﾝﾄｳ
7338,ﾀｼﾞﾏﾉｳｷﾖｳ,051,ﾑﾗｵｶ
7338,ﾀｼﾞﾏﾉｳｷﾖｳ,054,ﾐｶﾀ
7338,ﾀｼﾞﾏﾉｳｷﾖｳ,055,ｵﾝｾﾝ
7338,ﾀｼﾞﾏﾉｳｷﾖｳ,058,ﾊﾏｻｶ
7338,ﾀｼﾞﾏﾉｳｷﾖｳ,061,ﾖｳｶ
7338,ﾀｼﾞﾏﾉｳｷﾖｳ,063,ﾋﾛﾀﾆ
7338,ﾀｼﾞﾏﾉｳｷﾖｳ,066,ｵｵﾔ
7338,ﾀｼﾞﾏﾉｳｷﾖｳ,067,ｾｷﾉﾐﾔ
7338,ﾀｼﾞﾏﾉｳｷﾖｳ,072,ｱｻｺﾞ
7338,ﾀｼﾞﾏﾉｳｷﾖｳ,074,ﾜﾀﾞﾔﾏ
7338,ﾀｼﾞﾏﾉｳｷﾖｳ,080,ｻﾝﾄｳ
7353,ﾀﾝﾊﾞﾋｶﾐﾉｳｷﾖｳ,001,ｶｲﾊﾞﾗ
7353,ﾀﾝﾊﾞﾋｶﾐﾉｳｷﾖｳ,005,ｻﾝﾅﾝ
7353,ﾀﾝﾊﾞﾋｶﾐﾉｳｷﾖｳ,008,ﾋｶﾐ
7353,ﾀﾝﾊﾞﾋｶﾐﾉｳｷﾖｳ,013,ｱｵｶﾞｷ
7353,ﾀﾝﾊﾞﾋｶﾐﾉｳｷﾖｳ,019,ｲﾁｼﾞﾏ
7353,ﾀﾝﾊﾞﾋｶﾐﾉｳｷﾖｳ,025,ｶｽｶﾞ
7353,ﾀﾝﾊﾞﾋｶﾐﾉｳｷﾖｳ,100,ﾎﾝﾃﾝ
7362,ﾀﾝﾊﾞｻｻﾔﾏﾉｳｷﾖｳ,002,ﾆｼｷｵｵﾔﾏ
7362,ﾀﾝﾊﾞｻｻﾔﾏﾉｳｷﾖｳ,005,ﾀﾝﾅﾝ
7362,ﾀﾝﾊﾞｻｻﾔﾏﾉｳｷﾖｳ,008,ｺﾝﾀﾞ
7362,ﾀﾝﾊﾞｻｻﾔﾏﾉｳｷﾖｳ,013,ｻｻﾔﾏ
7362,ﾀﾝﾊﾞｻｻﾔﾏﾉｳｷﾖｳ,015,ｼﾞﾖｳﾄｳﾔｶﾐ
7362,ﾀﾝﾊﾞｻｻﾔﾏﾉｳｷﾖｳ,019,ﾀｷ
7362,ﾀﾝﾊﾞｻｻﾔﾏﾉｳｷﾖｳ,100,ﾎﾝﾃﾝ
7363,ｱﾜｼﾞﾋﾉﾃﾞﾉｳｷﾖｳ,010,ｽﾓﾄ
7363,ｱﾜｼﾞﾋﾉﾃﾞﾉｳｷﾖｳ,020,ﾂﾅ
7363,ｱﾜｼﾞﾋﾉﾃﾞﾉｳｷﾖｳ,030,ﾋｶﾞｼｳﾗｱﾜｼﾞ
7363,ｱﾜｼﾞﾋﾉﾃﾞﾉｳｷﾖｳ,050,ﾎｸﾀﾞﾝ
7363,ｱﾜｼﾞﾋﾉﾃﾞﾉｳｷﾖｳ,060,ｲﾁﾉﾐﾔ
7363,ｱﾜｼﾞﾋﾉﾃﾞﾉｳｷﾖｳ,072,ｺﾞｼｷ
7363,ｱﾜｼﾞﾋﾉﾃﾞﾉｳｷﾖｳ,100,ﾎﾝﾃﾝ
7373,ｱﾜｼﾞｼﾏﾉｳｷﾖｳ,002,ﾋﾛﾀ
7373,ｱﾜｼﾞｼﾏﾉｳｷﾖｳ,004,ｾｲﾀﾞﾝ
7373,ｱﾜｼﾞｼﾏﾉｳｷﾖｳ,010,ｴﾅﾐ
7373,ｱﾜｼﾞｼﾏﾉｳｷﾖｳ,011,ﾁﾕｳｵｳ
7373,ｱﾜｼﾞｼﾏﾉｳｷﾖｳ,014,ﾅﾝﾀﾞﾝ
7373,ｱﾜｼﾞｼﾏﾉｳｷﾖｳ,015,ﾌｸﾗ
7373,ｱﾜｼﾞｼﾏﾉｳｷﾖｳ,016,ｱﾏ
7373,ｱﾜｼﾞｼﾏﾉｳｷﾖｳ,100,ﾎﾝｼﾖ
7387,ﾅﾗｹﾝﾉｳｷﾖｳ,001,ﾅﾗｼｶｼﾜｷﾞ
7387,ﾅﾗｹﾝﾉｳｷﾖｳ,003,ﾀﾜﾗ
7387,ﾅﾗｹﾝﾉｳｷﾖｳ,006,ﾅﾗﾄｳﾌﾞ
7387,ﾅﾗｹﾝﾉｳｷﾖｳ,010,ﾅﾗ
7387,ﾅﾗｹﾝﾉｳｷﾖｳ,040,ﾍｲｼﾞﾖｳ
7387,ﾅﾗｹﾝﾉｳｷﾖｳ,080,ﾅﾗﾅﾝﾌﾞ
7387,ﾅﾗｹﾝﾉｳｷﾖｳ,090,ﾄﾐｵ
7387,ﾅﾗｹﾝﾉｳｷﾖｳ,099,ﾌｼﾐ
7387,ﾅﾗｹﾝﾉｳｷﾖｳ,100,ﾎﾝﾃﾝ
7387,ﾅﾗｹﾝﾉｳｷﾖｳ,101,ﾂｷｶﾞｾ
7387,ﾅﾗｹﾝﾉｳｷﾖｳ,103,ﾃﾝﾘ
7387,ﾅﾗｹﾝﾉｳｷﾖｳ,104,ﾆｶｲﾄﾞｳ
7387,ﾅﾗｹﾝﾉｳｷﾖｳ,105,ﾃﾝﾘﾐﾅﾐ
7387,ﾅﾗｹﾝﾉｳｷﾖｳ,108,ﾂｹﾞ
7387,ﾅﾗｹﾝﾉｳｷﾖｳ,110,ﾔﾏｿﾞｴ
7387,ﾅﾗｹﾝﾉｳｷﾖｳ,112,ｺｵﾘﾔﾏ
7387,ﾅﾗｹﾝﾉｳｷﾖｳ,114,ﾍｲﾜ
7387,ﾅﾗｹﾝﾉｳｷﾖｳ,118,ｼﾖｳﾜ
7387,ﾅﾗｹﾝﾉｳｷﾖｳ,119,ｶﾀｷﾞﾘ
7387,ﾅﾗｹﾝﾉｳｷﾖｳ,120,ｲｺﾏ
7387,ﾅﾗｹﾝﾉｳｷﾖｳ,121,ｷﾀﾔﾏﾄ
7387,ﾅﾗｹﾝﾉｳｷﾖｳ,123,ﾍｸﾞﾘ
7387,ﾅﾗｹﾝﾉｳｷﾖｳ,124,ｻﾝｺﾞｳ
7387,ﾅﾗｹﾝﾉｳｷﾖｳ,125,ｲｶﾙｶﾞ
7387,ﾅﾗｹﾝﾉｳｷﾖｳ,127,ｱﾝﾄﾞ
7387,ﾅﾗｹﾝﾉｳｷﾖｳ,128,ﾆｼﾔﾏﾄ
7387,ﾅﾗｹﾝﾉｳｷﾖｳ,135,ｻｸﾗｲ
7387,ﾅﾗｹﾝﾉｳｷﾖｳ,139,ｵﾀﾞ
7387,ﾅﾗｹﾝﾉｳｷﾖｳ,146,ﾀﾞｲﾌｸ
7387,ﾅﾗｹﾝﾉｳｷﾖｳ,148,ｼｷ
7387,ﾅﾗｹﾝﾉｳｷﾖｳ,150,ｵｵ
7387,ﾅﾗｹﾝﾉｳｷﾖｳ,151,ｶﾜﾆｼ
7387,ﾅﾗｹﾝﾉｳｷﾖｳ,152,ﾐﾔｹ
7387,ﾅﾗｹﾝﾉｳｷﾖｳ,153,ｺｳﾘﾖｳ
7387,ﾅﾗｹﾝﾉｳｷﾖｳ,156,ｺｳﾘﾖｳｷﾀ
7387,ﾅﾗｹﾝﾉｳｷﾖｳ,158,ｵｵｳﾀﾞ
7387,ﾅﾗｹﾝﾉｳｷﾖｳ,162,ｳﾀﾉ
7387,ﾅﾗｹﾝﾉｳｷﾖｳ,163,ﾊｲﾊﾞﾗ
7387,ﾅﾗｹﾝﾉｳｷﾖｳ,168,ﾑﾛｳ
7387,ﾅﾗｹﾝﾉｳｷﾖｳ,169,ｿﾆ
7387,ﾅﾗｹﾝﾉｳｷﾖｳ,171,ﾐﾂｴ
7387,ﾅﾗｹﾝﾉｳｷﾖｳ,173,ﾏﾎﾛﾊﾞ
7387,ﾅﾗｹﾝﾉｳｷﾖｳ,174,ｳﾈﾋﾞ
7387,ﾅﾗｹﾝﾉｳｷﾖｳ,177,ｶﾅﾊｼ
7387,ﾅﾗｹﾝﾉｳｷﾖｳ,179,ﾏｽｶﾞ
7387,ﾅﾗｹﾝﾉｳｷﾖｳ,180,ﾏｽｶﾞｴｷﾏｴ
7387,ﾅﾗｹﾝﾉｳｷﾖｳ,181,ﾀｶﾄﾘ
7387,ﾅﾗｹﾝﾉｳｷﾖｳ,184,ｱｽｶ
7387,ﾅﾗｹﾝﾉｳｷﾖｳ,187,ﾀｶﾀﾞ
7387,ﾅﾗｹﾝﾉｳｷﾖｳ,192,ｼﾝｼﾞﾖｳ
7387,ﾅﾗｹﾝﾉｳｷﾖｳ,193,ｵｼﾐ
7387,ﾅﾗｹﾝﾉｳｷﾖｳ,194,ﾀｲﾏ
7387,ﾅﾗｹﾝﾉｳｷﾖｳ,196,ｶｼﾊﾞ
7387,ﾅﾗｹﾝﾉｳｷﾖｳ,199,ﾆｼﾞﾖｳ
7387,ﾅﾗｹﾝﾉｳｷﾖｳ,203,ｺﾞｾ
7387,ﾅﾗｹﾝﾉｳｷﾖｳ,205,ﾜｷｶﾞﾐ
7387,ﾅﾗｹﾝﾉｳｷﾖｳ,207,ｺﾞｾｸｽﾞ
7387,ﾅﾗｹﾝﾉｳｷﾖｳ,208,ｶﾂﾗｷﾞ
7387,ﾅﾗｹﾝﾉｳｷﾖｳ,211,ｺﾞｼﾞﾖｳ
7387,ﾅﾗｹﾝﾉｳｷﾖｳ,217,ﾐﾅﾐｳﾁ
7387,ﾅﾗｹﾝﾉｳｷﾖｳ,219,ﾆｼﾖｼﾉ
7387,ﾅﾗｹﾝﾉｳｷﾖｳ,226,ﾖｼﾉ
7387,ﾅﾗｹﾝﾉｳｷﾖｳ,227,ﾖｼﾉｺﾞｳ
7387,ﾅﾗｹﾝﾉｳｷﾖｳ,232,ｵｵﾖﾄﾞｾｲﾌﾞ
7387,ﾅﾗｹﾝﾉｳｷﾖｳ,233,ｼﾓｲﾁｸﾞﾁｴｷﾏｴ
7387,ﾅﾗｹﾝﾉｳｷﾖｳ,235,ｼﾓｲﾁ
7387,ﾅﾗｹﾝﾉｳｷﾖｳ,240,ｸﾛﾀｷ
7387,ﾅﾗｹﾝﾉｳｷﾖｳ,241,ﾃﾝｶﾜ
7387,ﾅﾗｹﾝﾉｳｷﾖｳ,243,ｼﾓｷﾀﾔﾏ
7387,ﾅﾗｹﾝﾉｳｷﾖｳ,244,ｶﾜｶﾐ
7387,ﾅﾗｹﾝﾉｳｷﾖｳ,245,ﾋｶﾞｼﾖｼﾉ
7532,ﾜｶﾔﾏｹﾝﾉｳｷﾖｳ,003,ﾎﾝﾃﾝ
7532,ﾜｶﾔﾏｹﾝﾉｳｷﾖｳ,101,ｶﾀﾞ
7532,ﾜｶﾔﾏｹﾝﾉｳｷﾖｳ,102,ｶｾｲ
7532,ﾜｶﾔﾏｹﾝﾉｳｷﾖｳ,103,ｶﾎｸ
7532,ﾜｶﾔﾏｹﾝﾉｳｷﾖｳ,104,ｷﾉｶﾜ
7532,ﾜｶﾔﾏｹﾝﾉｳｷﾖｳ,105,ﾑｿﾀ
7532,ﾜｶﾔﾏｹﾝﾉｳｷﾖｳ,106,ｷｲ
7532,ﾜｶﾔﾏｹﾝﾉｳｷﾖｳ,107,ｶﾜﾅﾍﾞ
7532,ﾜｶﾔﾏｹﾝﾉｳｷﾖｳ,108,ｼｶｺﾞﾅｶﾉｼﾏ
7532,ﾜｶﾔﾏｹﾝﾉｳｷﾖｳ,109,ﾋｶﾞｼ
7532,ﾜｶﾔﾏｹﾝﾉｳｷﾖｳ,110,ﾀｶﾂﾐ
7532,ﾜｶﾔﾏｹﾝﾉｳｷﾖｳ,111,ｼﾞｴｲｴｲﾋﾞﾙ
7532,ﾜｶﾔﾏｹﾝﾉｳｷﾖｳ,112,ﾜﾀﾞｶﾞﾜ
7532,ﾜｶﾔﾏｹﾝﾉｳｷﾖｳ,113,ﾅｸﾞｻ
7532,ﾜｶﾔﾏｹﾝﾉｳｷﾖｳ,114,ﾐﾔﾏｴ
7532,ﾜｶﾔﾏｹﾝﾉｳｷﾖｳ,115,ｻｲｶ
7532,ﾜｶﾔﾏｹﾝﾉｳｷﾖｳ,116,ﾄｳﾌﾞ
7532,ﾜｶﾔﾏｹﾝﾉｳｷﾖｳ,199,ﾜｶﾔﾏﾁｲｷﾎﾝﾌﾞ
7532,ﾜｶﾔﾏｹﾝﾉｳｷﾖｳ,201,ｶｲﾅﾝﾋｶﾞｼ
7532,ﾜｶﾔﾏｹﾝﾉｳｷﾖｳ,202,ｶｲﾅﾝﾆｼ
7532,ﾜｶﾔﾏｹﾝﾉｳｷﾖｳ,203,ﾉｶﾐ
7532,ﾜｶﾔﾏｹﾝﾉｳｷﾖｳ,204,ｼﾓﾂ
7532,ﾜｶﾔﾏｹﾝﾉｳｷﾖｳ,299,ﾅｶﾞﾐﾈﾁｲｷﾎﾝﾌﾞ
7532,ﾜｶﾔﾏｹﾝﾉｳｷﾖｳ,301,ﾅｶﾞ
7532,ﾜｶﾔﾏｹﾝﾉｳｷﾖｳ,302,ｺｶﾜ
7532,ﾜｶﾔﾏｹﾝﾉｳｷﾖｳ,303,ｳﾁﾀ
7532,ﾜｶﾔﾏｹﾝﾉｳｷﾖｳ,304,ﾓﾓﾔﾏ
7532,ﾜｶﾔﾏｹﾝﾉｳｷﾖｳ,305,ｷｼｶﾞﾜ
7532,ﾜｶﾔﾏｹﾝﾉｳｷﾖｳ,306,ｲﾜﾃﾞ
7532,ﾜｶﾔﾏｹﾝﾉｳｷﾖｳ,399,ｷﾉｻﾄﾁｲｷﾎﾝﾌﾞ
7532,ﾜｶﾔﾏｹﾝﾉｳｷﾖｳ,401,ｺｳﾔｸﾞﾁ
7532,ﾜｶﾔﾏｹﾝﾉｳｷﾖｳ,402,ｸﾄﾞﾔﾏ
7532,ﾜｶﾔﾏｹﾝﾉｳｷﾖｳ,403,ｺｳﾔ
7532,ﾜｶﾔﾏｹﾝﾉｳｷﾖｳ,404,ﾊｼﾓﾄ
7532,ﾜｶﾔﾏｹﾝﾉｳｷﾖｳ,405,ﾊｼﾓﾄｾｲﾌﾞ
7532,ﾜｶﾔﾏｹﾝﾉｳｷﾖｳ,406,ﾊｼﾓﾄﾋｶﾞｼ
7532,ﾜｶﾔﾏｹﾝﾉｳｷﾖｳ,407,ｶﾂﾗｷﾞﾋｶﾞｼ
7532,ﾜｶﾔﾏｹﾝﾉｳｷﾖｳ,408,ｶﾂﾗｷﾞ
7532,ﾜｶﾔﾏｹﾝﾉｳｷﾖｳ,409,ｶﾂﾗｷﾞﾐﾅﾐ
7532,ﾜｶﾔﾏｹﾝﾉｳｷﾖｳ,499,ｷﾎｸﾁｲｷﾎﾝﾌﾞ
7532,ﾜｶﾔﾏｹﾝﾉｳｷﾖｳ,501,ﾐﾔﾊﾗ
7532,ﾜｶﾔﾏｹﾝﾉｳｷﾖｳ,502,ｷﾋﾞ
7532,ﾜｶﾔﾏｹﾝﾉｳｷﾖｳ,503,ﾐﾉｼﾏ
7532,ﾜｶﾔﾏｹﾝﾉｳｷﾖｳ,504,ﾕｱｻ
7532,ﾜｶﾔﾏｹﾝﾉｳｷﾖｳ,505,ﾋﾛｶﾞﾜ
7532,ﾜｶﾔﾏｹﾝﾉｳｷﾖｳ,506,ｶﾅﾔ
7532,ﾜｶﾔﾏｹﾝﾉｳｷﾖｳ,507,ｼﾐｽﾞ
7532,ﾜｶﾔﾏｹﾝﾉｳｷﾖｳ,599,ｱﾘﾀﾞﾁｲｷﾎﾝﾌﾞ
7532,ﾜｶﾔﾏｹﾝﾉｳｷﾖｳ,601,ﾕｶﾜ
7532,ﾜｶﾔﾏｹﾝﾉｳｷﾖｳ,602,ﾅﾀﾞ
7532,ﾜｶﾔﾏｹﾝﾉｳｷﾖｳ,603,ﾋﾀﾞｶｶﾞﾜ
7532,ﾜｶﾔﾏｹﾝﾉｳｷﾖｳ,604,ﾅｶﾂ
7532,ﾜｶﾔﾏｹﾝﾉｳｷﾖｳ,605,ﾘﾕｳｼﾞﾝ
7532,ﾜｶﾔﾏｹﾝﾉｳｷﾖｳ,606,ﾐﾊﾏ
7532,ﾜｶﾔﾏｹﾝﾉｳｷﾖｳ,607,ﾋﾀﾞｶ
7532,ﾜｶﾔﾏｹﾝﾉｳｷﾖｳ,608,ﾕﾗ
7532,ﾜｶﾔﾏｹﾝﾉｳｷﾖｳ,609,ｲﾅﾐ
7532,ﾜｶﾔﾏｹﾝﾉｳｷﾖｳ,610,ｷﾘﾒ
7532,ﾜｶﾔﾏｹﾝﾉｳｷﾖｳ,611,ｳﾒﾉｻﾄ
7532,ﾜｶﾔﾏｹﾝﾉｳｷﾖｳ,612,ﾐﾅﾍﾞ
7532,ﾜｶﾔﾏｹﾝﾉｳｷﾖｳ,699,ｷｼﾕｳﾁｲｷﾎﾝﾌﾞ
7532,ﾜｶﾔﾏｹﾝﾉｳｷﾖｳ,701,ﾁﾕｳｵｳ
7532,ﾜｶﾔﾏｹﾝﾉｳｷﾖｳ,702,ﾊﾔﾀﾞﾆ
7532,ﾜｶﾔﾏｹﾝﾉｳｷﾖｳ,703,ｶﾐｱｷﾂﾞ
7532,ﾜｶﾔﾏｹﾝﾉｳｷﾖｳ,704,ﾐｽ
7532,ﾜｶﾔﾏｹﾝﾉｳｷﾖｳ,705,ｼﾝｼﾞﾖｳ
7532,ﾜｶﾔﾏｹﾝﾉｳｷﾖｳ,706,ｼﾝﾏﾝ
7532,ﾜｶﾔﾏｹﾝﾉｳｷﾖｳ,707,ﾀﾅﾍﾞ
7532,ﾜｶﾔﾏｹﾝﾉｳｷﾖｳ,708,ｼﾗﾊﾏ
7532,ﾜｶﾔﾏｹﾝﾉｳｷﾖｳ,709,ﾄﾝﾀﾞ
7532,ﾜｶﾔﾏｹﾝﾉｳｷﾖｳ,710,ｱﾂｿ
7532,ﾜｶﾔﾏｹﾝﾉｳｷﾖｳ,711,ｸﾁｸﾏﾉ
7532,ﾜｶﾔﾏｹﾝﾉｳｷﾖｳ,712,ｱﾕｶﾜ
7532,ﾜｶﾔﾏｹﾝﾉｳｷﾖｳ,713,ｸﾘｽｶﾞﾜ
7532,ﾜｶﾔﾏｹﾝﾉｳｷﾖｳ,714,ﾋｷ
7532,ﾜｶﾔﾏｹﾝﾉｳｷﾖｳ,715,ｽｻﾐ
7532,ﾜｶﾔﾏｹﾝﾉｳｷﾖｳ,716,ｸｼﾓﾄ
7532,ﾜｶﾔﾏｹﾝﾉｳｷﾖｳ,799,ｷﾅﾝﾁｲｷﾎﾝﾌﾞ
7532,ﾜｶﾔﾏｹﾝﾉｳｷﾖｳ,801,ﾅﾁ
7532,ﾜｶﾔﾏｹﾝﾉｳｷﾖｳ,802,ﾀｲｼﾞ
7532,ﾜｶﾔﾏｹﾝﾉｳｷﾖｳ,803,ｼﾝｸﾞｳ
7532,ﾜｶﾔﾏｹﾝﾉｳｷﾖｳ,804,ﾐｻｷ
7532,ﾜｶﾔﾏｹﾝﾉｳｷﾖｳ,805,ﾆｼﾑｶｲ
7532,ﾜｶﾔﾏｹﾝﾉｳｷﾖｳ,899,ﾐｸﾏﾉﾁｲｷﾎﾝﾌﾞ
7541,ﾅｶﾞﾐﾈﾉｳｷﾖｳ,002,ﾎﾝﾃﾝ
7541,ﾅｶﾞﾐﾈﾉｳｷﾖｳ,011,ｶｲﾅﾝﾋｶﾞｼ
7541,ﾅｶﾞﾐﾈﾉｳｷﾖｳ,061,ｶｲﾅﾝﾆｼ
7541,ﾅｶﾞﾐﾈﾉｳｷﾖｳ,081,ﾉｶﾐ
7541,ﾅｶﾞﾐﾈﾉｳｷﾖｳ,137,ｼﾓﾂ
7543,ｷﾉｻﾄﾉｳｷﾖｳ,001,ﾎﾝｼﾖ
7543,ｷﾉｻﾄﾉｳｷﾖｳ,010,ﾅｶﾞ
7543,ｷﾉｻﾄﾉｳｷﾖｳ,020,ｺｶﾜ
7543,ｷﾉｻﾄﾉｳｷﾖｳ,030,ｳﾁﾀ
7543,ｷﾉｻﾄﾉｳｷﾖｳ,050,ﾓﾓﾔﾏ
7543,ｷﾉｻﾄﾉｳｷﾖｳ,060,ｷｼｶﾞﾜ
7543,ｷﾉｻﾄﾉｳｷﾖｳ,070,ｲﾜﾃﾞ
7550,ｷﾎｸｶﾜｶﾐﾉｳｷﾖｳ,001,ｺｳﾔｸﾞﾁ
7550,ｷﾎｸｶﾜｶﾐﾉｳｷﾖｳ,005,ｸﾄﾞﾔﾏ
7550,ｷﾎｸｶﾜｶﾐﾉｳｷﾖｳ,008,ｺｳﾔ
7550,ｷﾎｸｶﾜｶﾐﾉｳｷﾖｳ,010,ﾎﾝﾃﾝ
7550,ｷﾎｸｶﾜｶﾐﾉｳｷﾖｳ,011,ﾊｼﾓﾄ
7550,ｷﾎｸｶﾜｶﾐﾉｳｷﾖｳ,013,ﾊｼﾓﾄｾｲﾌﾞ
7550,ｷﾎｸｶﾜｶﾐﾉｳｷﾖｳ,015,ﾊｼﾓﾄﾋｶﾞｼ
7550,ｷﾎｸｶﾜｶﾐﾉｳｷﾖｳ,021,ｶﾂﾗｷﾞﾋｶﾞｼ
7550,ｷﾎｸｶﾜｶﾐﾉｳｷﾖｳ,023,ｶﾂﾗｷﾞ
7550,ｷﾎｸｶﾜｶﾐﾉｳｷﾖｳ,025,ｶﾂﾗｷﾞﾐﾅﾐ
7559,ｱﾘﾀﾞﾉｳｷﾖｳ,001,ﾐﾔﾊﾗ
7559,ｱﾘﾀﾞﾉｳｷﾖｳ,004,ｷﾋﾞ
7559,ｱﾘﾀﾞﾉｳｷﾖｳ,006,ﾎﾝｼﾖ
7559,ｱﾘﾀﾞﾉｳｷﾖｳ,008,ﾐﾉｼﾏ
7559,ｱﾘﾀﾞﾉｳｷﾖｳ,012,ﾕｱｻ
7559,ｱﾘﾀﾞﾉｳｷﾖｳ,015,ﾋﾛｶﾞﾜ
7559,ｱﾘﾀﾞﾉｳｷﾖｳ,020,ｶﾅﾔ
7559,ｱﾘﾀﾞﾉｳｷﾖｳ,024,ｼﾐｽﾞ
7565,ｷｼﾕｳﾉｳｷﾖｳ,001,ﾕｶﾜ
7565,ｷｼﾕｳﾉｳｷﾖｳ,004,ﾅﾀﾞ
7565,ｷｼﾕｳﾉｳｷﾖｳ,006,ﾎﾝﾃﾝ
7565,ｷｼﾕｳﾉｳｷﾖｳ,010,ﾋﾀﾞｶｶﾞﾜ
7565,ｷｼﾕｳﾉｳｷﾖｳ,012,ﾅｶﾂ
7565,ｷｼﾕｳﾉｳｷﾖｳ,019,ﾘﾕｳｼﾞﾝ
7565,ｷｼﾕｳﾉｳｷﾖｳ,020,ﾐﾊﾏ
7565,ｷｼﾕｳﾉｳｷﾖｳ,021,ﾋﾀﾞｶ
7565,ｷｼﾕｳﾉｳｷﾖｳ,022,ﾕﾗ
7565,ｷｼﾕｳﾉｳｷﾖｳ,030,ｲﾅﾐ
7565,ｷｼﾕｳﾉｳｷﾖｳ,031,ｷﾘﾒ
7565,ｷｼﾕｳﾉｳｷﾖｳ,034,ｳﾒﾉｻﾄ
7565,ｷｼﾕｳﾉｳｷﾖｳ,036,ﾐﾅﾍﾞ
7576,ｷﾅﾝﾉｳｷﾖｳ,001,ﾁﾕｳｵｳ
7576,ｷﾅﾝﾉｳｷﾖｳ,004,ﾊﾔﾀﾞﾆ
7576,ｷﾅﾝﾉｳｷﾖｳ,007,ｶﾐｱｷﾂﾞ
7576,ｷﾅﾝﾉｳｷﾖｳ,008,ﾐｽ
7576,ｷﾅﾝﾉｳｷﾖｳ,010,ﾎﾝｼﾖ
7576,ｷﾅﾝﾉｳｷﾖｳ,011,ｼﾝｼﾞﾖｳ
7576,ｷﾅﾝﾉｳｷﾖｳ,012,ﾋｶﾞｼ
7576,ｷﾅﾝﾉｳｷﾖｳ,016,ﾀﾅﾍﾞ
7576,ｷﾅﾝﾉｳｷﾖｳ,025,ｼﾗﾊﾏ
7576,ｷﾅﾝﾉｳｷﾖｳ,026,ﾄﾝﾀﾞ
7576,ｷﾅﾝﾉｳｷﾖｳ,027,ｱﾂｿ
7576,ｷﾅﾝﾉｳｷﾖｳ,029,ｸﾁｸﾏﾉ
7576,ｷﾅﾝﾉｳｷﾖｳ,032,ｱﾕｶﾜ
7576,ｷﾅﾝﾉｳｷﾖｳ,035,ｸﾘｽｶﾞﾜ
7576,ｷﾅﾝﾉｳｷﾖｳ,045,ﾋｷ
7576,ｷﾅﾝﾉｳｷﾖｳ,047,ｽｻﾐ
7576,ｷﾅﾝﾉｳｷﾖｳ,052,ｸｼﾓﾄ
7591,ﾐｸﾏﾉﾉｳｷﾖｳ,002,ﾅﾁ
7591,ﾐｸﾏﾉﾉｳｷﾖｳ,006,ﾎﾝｼﾖ
7591,ﾐｸﾏﾉﾉｳｷﾖｳ,008,ﾀｲｼﾞ
7591,ﾐｸﾏﾉﾉｳｷﾖｳ,014,ｼﾝｸﾞｳ
7591,ﾐｸﾏﾉﾉｳｷﾖｳ,015,ﾐｻｷ
7591,ﾐｸﾏﾉﾉｳｷﾖｳ,022,ﾆｼﾑｶｲ
7601,ﾄﾂﾄﾘｲﾅﾊﾞﾉｳｷﾖｳ,001,ﾎﾝﾃﾝ
7601,ﾄﾂﾄﾘｲﾅﾊﾞﾉｳｷﾖｳ,002,ﾖｼｶﾀｷﾝﾕｳ
7601,ﾄﾂﾄﾘｲﾅﾊﾞﾉｳｷﾖｳ,003,ｼﾞﾖｳﾎｸｷﾝﾕｳ
7601,ﾄﾂﾄﾘｲﾅﾊﾞﾉｳｷﾖｳ,007,ｵｳﾐ
7601,ﾄﾂﾄﾘｲﾅﾊﾞﾉｳｷﾖｳ,009,ｾﾝﾀﾞｲ
7601,ﾄﾂﾄﾘｲﾅﾊﾞﾉｳｷﾖｳ,010,ﾀｶｸｻ
7601,ﾄﾂﾄﾘｲﾅﾊﾞﾉｳｷﾖｳ,014,ｺﾅﾝ
7601,ﾄﾂﾄﾘｲﾅﾊﾞﾉｳｷﾖｳ,015,ｺﾄｳ
7601,ﾄﾂﾄﾘｲﾅﾊﾞﾉｳｷﾖｳ,016,ﾁﾖﾐｷﾝﾕｳ
7601,ﾄﾂﾄﾘｲﾅﾊﾞﾉｳｷﾖｳ,028,ﾄﾂﾄﾘ
7601,ﾄﾂﾄﾘｲﾅﾊﾞﾉｳｷﾖｳ,031,ﾌｿｳｷﾝﾕｳ
7601,ﾄﾂﾄﾘｲﾅﾊﾞﾉｳｷﾖｳ,054,ｺｸﾌ
7601,ﾄﾂﾄﾘｲﾅﾊﾞﾉｳｷﾖｳ,061,ﾌｸﾍﾞ
7601,ﾄﾂﾄﾘｲﾅﾊﾞﾉｳｷﾖｳ,071,ｲﾜﾐ
7601,ﾄﾂﾄﾘｲﾅﾊﾞﾉｳｷﾖｳ,082,ﾎｳｷﾞｷﾝﾕｳ
7601,ﾄﾂﾄﾘｲﾅﾊﾞﾉｳｷﾖｳ,085,ｹﾀｶ
7601,ﾄﾂﾄﾘｲﾅﾊﾞﾉｳｷﾖｳ,086,ｼｶﾉ
7601,ﾄﾂﾄﾘｲﾅﾊﾞﾉｳｷﾖｳ,091,ｱｵﾔ
7601,ﾄﾂﾄﾘｲﾅﾊﾞﾉｳｷﾖｳ,101,ｺｵｹﾞ
7601,ﾄﾂﾄﾘｲﾅﾊﾞﾉｳｷﾖｳ,111,ﾌﾅｵｶ
7601,ﾄﾂﾄﾘｲﾅﾊﾞﾉｳｷﾖｳ,121,ｶﾜﾊﾗ
7601,ﾄﾂﾄﾘｲﾅﾊﾞﾉｳｷﾖｳ,132,ﾊﾂﾄｳ
7601,ﾄﾂﾄﾘｲﾅﾊﾞﾉｳｷﾖｳ,133,ﾀﾝﾋﾟｷﾝﾕｳ
7601,ﾄﾂﾄﾘｲﾅﾊﾞﾉｳｷﾖｳ,141,ﾜｶｻ
7601,ﾄﾂﾄﾘｲﾅﾊﾞﾉｳｷﾖｳ,154,ﾓﾁｶﾞｾ
7601,ﾄﾂﾄﾘｲﾅﾊﾞﾉｳｷﾖｳ,155,ｻｼﾞ
7601,ﾄﾂﾄﾘｲﾅﾊﾞﾉｳｷﾖｳ,171,ﾁｽﾞ
7625,ﾄﾂﾄﾘﾁﾕｳｵｳﾉｳｷﾖｳ,203,ｶﾎｸ
7625,ﾄﾂﾄﾘﾁﾕｳｵｳﾉｳｷﾖｳ,204,ｸﾗﾖｼ
7625,ﾄﾂﾄﾘﾁﾕｳｵｳﾉｳｷﾖｳ,206,ｵｵｶﾞﾓ
7625,ﾄﾂﾄﾘﾁﾕｳｵｳﾉｳｷﾖｳ,209,ｸﾒ
7625,ﾄﾂﾄﾘﾁﾕｳｵｳﾉｳｷﾖｳ,213,ﾆｼｸﾗﾖｼ
7625,ﾄﾂﾄﾘﾁﾕｳｵｳﾉｳｷﾖｳ,215,ﾎﾝｼﾖ
7625,ﾄﾂﾄﾘﾁﾕｳｵｳﾉｳｷﾖｳ,222,ﾐﾄｸ
7625,ﾄﾂﾄﾘﾁﾕｳｵｳﾉｳｷﾖｳ,224,ﾐｻｻ
7625,ﾄﾂﾄﾘﾁﾕｳｵｳﾉｳｷﾖｳ,233,ｾｷｶﾞﾈ
7625,ﾄﾂﾄﾘﾁﾕｳｵｳﾉｳｷﾖｳ,244,ﾄｳｺﾞｳ
7625,ﾄﾂﾄﾘﾁﾕｳｵｳﾉｳｷﾖｳ,251,ﾊﾜｲ
7625,ﾄﾂﾄﾘﾁﾕｳｵｳﾉｳｷﾖｳ,258,ﾄﾏﾘ
7625,ﾄﾂﾄﾘﾁﾕｳｵｳﾉｳｷﾖｳ,261,ﾎｳｼﾞﾖｳ
7625,ﾄﾂﾄﾘﾁﾕｳｵｳﾉｳｷﾖｳ,271,ﾀﾞｲｴｲ
7625,ﾄﾂﾄﾘﾁﾕｳｵｳﾉｳｷﾖｳ,273,ｻｶｴ
7625,ﾄﾂﾄﾘﾁﾕｳｵｳﾉｳｷﾖｳ,281,ﾄｳﾊｸ
7625,ﾄﾂﾄﾘﾁﾕｳｵｳﾉｳｷﾖｳ,291,ｱｶｻｷ
7641,ﾄﾂﾄﾘｾｲﾌﾞﾉｳｷﾖｳ,301,ﾎﾝｼﾖ
7641,ﾄﾂﾄﾘｾｲﾌﾞﾉｳｷﾖｳ,302,ﾖﾅｺﾞﾁﾕｳｵｳ
7641,ﾄﾂﾄﾘｾｲﾌﾞﾉｳｷﾖｳ,305,ﾋｺﾅ
7641,ﾄﾂﾄﾘｾｲﾌﾞﾉｳｷﾖｳ,306,ｻｷﾂ
7641,ﾄﾂﾄﾘｾｲﾌﾞﾉｳｷﾖｳ,309,ﾖﾅｺﾞｷﾕｳﾋﾝ
7641,ﾄﾂﾄﾘｾｲﾌﾞﾉｳｷﾖｳ,311,ﾖﾅｺﾞﾐﾅﾐ
7641,ﾄﾂﾄﾘｾｲﾌﾞﾉｳｷﾖｳ,315,ﾖﾅｺﾞﾐﾉｶﾔ
7641,ﾄﾂﾄﾘｾｲﾌﾞﾉｳｷﾖｳ,316,ﾆｼ
7641,ﾄﾂﾄﾘｾｲﾌﾞﾉｳｷﾖｳ,317,ｷﾝﾕｳﾋｶﾞｼ
7641,ﾄﾂﾄﾘｾｲﾌﾞﾉｳｷﾖｳ,322,ｵｵﾀｶ
7641,ﾄﾂﾄﾘｾｲﾌﾞﾉｳｷﾖｳ,325,ﾋｴﾂﾞ
7641,ﾄﾂﾄﾘｾｲﾌﾞﾉｳｷﾖｳ,331,ｻｶｲﾐﾅﾄ
7641,ﾄﾂﾄﾘｾｲﾌﾞﾉｳｷﾖｳ,334,ｱﾏﾘｺ
7641,ﾄﾂﾄﾘｾｲﾌﾞﾉｳｷﾖｳ,335,ﾅｶﾊﾏ
7641,ﾄﾂﾄﾘｾｲﾌﾞﾉｳｷﾖｳ,341,ｻｲﾊｸ
7641,ﾄﾂﾄﾘｾｲﾌﾞﾉｳｷﾖｳ,343,ﾎﾂｼﾖｳｼﾞ
7641,ﾄﾂﾄﾘｾｲﾌﾞﾉｳｷﾖｳ,348,ｱｲﾐ
7641,ﾄﾂﾄﾘｾｲﾌﾞﾉｳｷﾖｳ,351,ﾖﾄﾞｴ
7641,ﾄﾂﾄﾘｾｲﾌﾞﾉｳｷﾖｳ,361,ｷｼﾓﾄ
7641,ﾄﾂﾄﾘｾｲﾌﾞﾉｳｷﾖｳ,362,ﾔｺﾞｳ
7641,ﾄﾂﾄﾘｾｲﾌﾞﾉｳｷﾖｳ,371,ﾀﾞｲｾﾝｸﾞﾁ
7641,ﾄﾂﾄﾘｾｲﾌﾞﾉｳｷﾖｳ,373,ﾀﾞｲｾﾝ
7641,ﾄﾂﾄﾘｾｲﾌﾞﾉｳｷﾖｳ,381,ﾅﾜ
7641,ﾄﾂﾄﾘｾｲﾌﾞﾉｳｷﾖｳ,385,ｼﾖｳﾅｲ
7641,ﾄﾂﾄﾘｾｲﾌﾞﾉｳｷﾖｳ,391,ﾅｶﾔﾏ
7641,ﾄﾂﾄﾘｾｲﾌﾞﾉｳｷﾖｳ,403,ﾔﾏｶﾞﾐ
7641,ﾄﾂﾄﾘｾｲﾌﾞﾉｳｷﾖｳ,406,ｲﾜﾐ
7641,ﾄﾂﾄﾘｾｲﾌﾞﾉｳｷﾖｳ,407,ﾆﾁﾅﾝ
7641,ﾄﾂﾄﾘｾｲﾌﾞﾉｳｷﾖｳ,411,ﾀﾘ
7641,ﾄﾂﾄﾘｾｲﾌﾞﾉｳｷﾖｳ,421,ｸﾛｻｶ
7641,ﾄﾂﾄﾘｾｲﾌﾞﾉｳｷﾖｳ,422,ﾋﾉ
7641,ﾄﾂﾄﾘｾｲﾌﾞﾉｳｷﾖｳ,431,ｺｳﾌ
7641,ﾄﾂﾄﾘｾｲﾌﾞﾉｳｷﾖｳ,441,ﾐｿﾞｸﾁ
7708,ｼﾏﾈｹﾝﾉｳｷﾖｳ,001,ﾀｶﾏﾂ
7708,ｼﾏﾈｹﾝﾉｳｷﾖｳ,003,ﾅｶﾞﾊﾏ
7708,ｼﾏﾈｹﾝﾉｳｷﾖｳ,005,ｶﾝﾄﾞｶﾞﾜ
7708,ｼﾏﾈｹﾝﾉｳｷﾖｳ,009,ｲｽﾞﾓﾐﾅﾐ
7708,ｼﾏﾈｹﾝﾉｳｷﾖｳ,012,ｲｽﾞﾓﾋｶﾞｼ
7708,ｼﾏﾈｹﾝﾉｳｷﾖｳ,013,ｴﾝﾔ
7708,ｼﾏﾈｹﾝﾉｳｷﾖｳ,014,ｲｽﾞﾓ
7708,ｼﾏﾈｹﾝﾉｳｷﾖｳ,015,ｲｽﾞﾓｷﾀ
7708,ｼﾏﾈｹﾝﾉｳｷﾖｳ,017,ｶﾜﾄ
7708,ｼﾏﾈｹﾝﾉｳｷﾖｳ,028,ｲｽﾞﾓｼﾔｸｼﾖ
7708,ｼﾏﾈｹﾝﾉｳｷﾖｳ,041,ﾋﾗﾀﾁﾕｳｵｳ
7708,ｼﾏﾈｹﾝﾉｳｷﾖｳ,044,ﾆｼﾀﾞ
7708,ｼﾏﾈｹﾝﾉｳｷﾖｳ,049,ﾋﾗﾀﾋｶﾞｼ
7708,ｼﾏﾈｹﾝﾉｳｷﾖｳ,060,ｻﾀﾞ
7708,ｼﾏﾈｹﾝﾉｳｷﾖｳ,066,ﾀｷ
7708,ｼﾏﾈｹﾝﾉｳｷﾖｳ,073,ｺﾘﾖｳ
7708,ｼﾏﾈｹﾝﾉｳｷﾖｳ,080,ﾀｲｼﾔ
7708,ｼﾏﾈｹﾝﾉｳｷﾖｳ,082,ｱﾗｷ
7708,ｼﾏﾈｹﾝﾉｳｷﾖｳ,083,ﾖｳｶﾝ
7708,ｼﾏﾈｹﾝﾉｳｷﾖｳ,210,ｸﾆﾋﾞｷ
7708,ｼﾏﾈｹﾝﾉｳｷﾖｳ,212,ｶﾜﾂ
7708,ｼﾏﾈｹﾝﾉｳｷﾖｳ,217,ﾎﾂｷ
7708,ｼﾏﾈｹﾝﾉｳｷﾖｳ,219,ﾌﾙｴ
7708,ｼﾏﾈｹﾝﾉｳｷﾖｳ,222,ﾂﾀﾞ
7708,ｼﾏﾈｹﾝﾉｳｷﾖｳ,225,ﾉｷﾞ
7708,ｼﾏﾈｹﾝﾉｳｷﾖｳ,228,ｶｼﾏ
7708,ｼﾏﾈｹﾝﾉｳｷﾖｳ,235,ｼﾏﾈ
7708,ｼﾏﾈｹﾝﾉｳｷﾖｳ,238,ﾐﾎﾉｾｷ
7708,ｼﾏﾈｹﾝﾉｳｷﾖｳ,242,ﾋｶﾞｼｲｽﾞﾓ
7708,ｼﾏﾈｹﾝﾉｳｷﾖｳ,245,ﾔｸﾓ
7708,ｼﾏﾈｹﾝﾉｳｷﾖｳ,247,ﾀﾏﾕ
7708,ｼﾏﾈｹﾝﾉｳｷﾖｳ,248,ｼﾝｼﾞ
7708,ｼﾏﾈｹﾝﾉｳｷﾖｳ,250,ﾔﾂｶ
7708,ｼﾏﾈｹﾝﾉｳｷﾖｳ,313,ｱｶｴ
7708,ｼﾏﾈｹﾝﾉｳｷﾖｳ,315,ﾔｽｷﾞﾋｶﾞｼ
7708,ｼﾏﾈｹﾝﾉｳｷﾖｳ,317,ﾔｽｷﾞﾐﾅﾐ
7708,ｼﾏﾈｹﾝﾉｳｷﾖｳ,320,ﾊｸﾀ
7708,ｼﾏﾈｹﾝﾉｳｷﾖｳ,324,ﾋﾛｾ
7708,ｼﾏﾈｹﾝﾉｳｷﾖｳ,380,ﾆﾀ
7708,ｼﾏﾈｹﾝﾉｳｷﾖｳ,385,ﾖｺﾀ
7708,ｼﾏﾈｹﾝﾉｳｷﾖｳ,389,ﾀﾞｲﾄｳ
7708,ｼﾏﾈｹﾝﾉｳｷﾖｳ,396,ｶﾓ
7708,ｼﾏﾈｹﾝﾉｳｷﾖｳ,402,ｳﾝﾅﾝｻｸﾗ
7708,ｼﾏﾈｹﾝﾉｳｷﾖｳ,407,ｳﾝﾅﾝﾖｼﾀﾞ
7708,ｼﾏﾈｹﾝﾉｳｷﾖｳ,409,ｶｹﾔ
7708,ｼﾏﾈｹﾝﾉｳｷﾖｳ,414,ﾄﾝﾊﾞﾗ
7708,ｼﾏﾈｹﾝﾉｳｷﾖｳ,416,ｱｶｷﾞ
7708,ｼﾏﾈｹﾝﾉｳｷﾖｳ,419,ｳﾝﾅﾝ
7708,ｼﾏﾈｹﾝﾉｳｷﾖｳ,500,ｵｷ
7708,ｼﾏﾈｹﾝﾉｳｷﾖｳ,531,ﾆｼﾉｼﾏ
7708,ｼﾏﾈｹﾝﾉｳｷﾖｳ,532,ﾁﾌﾞ
7708,ｼﾏﾈｹﾝﾉｳｷﾖｳ,533,ｱﾏ
7708,ｼﾏﾈｹﾝﾉｳｷﾖｳ,550,ﾋｶﾜ
7708,ｼﾏﾈｹﾝﾉｳｷﾖｳ,552,ｼﾖｳﾊﾞﾗ
7708,ｼﾏﾈｹﾝﾉｳｷﾖｳ,553,ｼﾕﾂｻｲ
7708,ｼﾏﾈｹﾝﾉｳｷﾖｳ,554,ｲﾜﾉ
7708,ｼﾏﾈｹﾝﾉｳｷﾖｳ,555,ﾋｶﾜﾁﾕｳﾌﾞ
7708,ｼﾏﾈｹﾝﾉｳｷﾖｳ,557,ｼﾕﾂﾄｳ
7708,ｼﾏﾈｹﾝﾉｳｷﾖｳ,602,ｵｵﾀﾞﾁﾕｳｵｳ
7708,ｼﾏﾈｹﾝﾉｳｷﾖｳ,606,ｵｵﾀﾞｷﾀ
7708,ｼﾏﾈｹﾝﾉｳｷﾖｳ,610,ｵｵﾀﾞﾋｶﾞｼ
7708,ｼﾏﾈｹﾝﾉｳｷﾖｳ,624,ﾕﾉﾂ
7708,ｼﾏﾈｹﾝﾉｳｷﾖｳ,628,ﾆﾏ
7708,ｼﾏﾈｹﾝﾉｳｷﾖｳ,671,ﾐｽﾞﾎ
7708,ｼﾏﾈｹﾝﾉｳｷﾖｳ,675,ﾊｽﾐ
7708,ｼﾏﾈｹﾝﾉｳｷﾖｳ,677,ｲﾜﾐ
7708,ｼﾏﾈｹﾝﾉｳｷﾖｳ,682,ｶﾜﾓﾄ
7708,ｼﾏﾈｹﾝﾉｳｷﾖｳ,685,ｵｵﾁ
7708,ｼﾏﾈｹﾝﾉｳｷﾖｳ,691,ﾀﾞｲﾜ
7708,ｼﾏﾈｹﾝﾉｳｷﾖｳ,694,ｻｸﾗｴ
7708,ｼﾏﾈｹﾝﾉｳｷﾖｳ,731,ﾊﾏﾀﾞ
7708,ｼﾏﾈｹﾝﾉｳｷﾖｳ,735,ﾊﾏﾀﾞﾆｼ
7708,ｼﾏﾈｹﾝﾉｳｷﾖｳ,745,ｺﾞｳﾂ
7708,ｼﾏﾈｹﾝﾉｳｷﾖｳ,759,ﾐｽﾐ
7708,ｼﾏﾈｹﾝﾉｳｷﾖｳ,765,ｶﾅｷﾞ
7708,ｼﾏﾈｹﾝﾉｳｷﾖｳ,801,ﾏｽﾀﾞﾋｶﾞｼ
7708,ｼﾏﾈｹﾝﾉｳｷﾖｳ,805,ﾏｽﾀﾞ
7708,ｼﾏﾈｹﾝﾉｳｷﾖｳ,808,ﾀｶﾂ
7708,ｼﾏﾈｹﾝﾉｳｷﾖｳ,809,ﾆｼﾏｽﾀﾞ
7708,ｼﾏﾈｹﾝﾉｳｷﾖｳ,811,ﾅｶﾆｼ
7708,ｼﾏﾈｹﾝﾉｳｷﾖｳ,815,ﾏｽﾀﾞﾁﾕｳｵｳ
7708,ｼﾏﾈｹﾝﾉｳｷﾖｳ,816,ﾅｶﾖｼﾀﾞ
7708,ｼﾏﾈｹﾝﾉｳｷﾖｳ,817,ﾐﾄ
7708,ｼﾏﾈｹﾝﾉｳｷﾖｳ,820,ﾋｷﾐ
7708,ｼﾏﾈｹﾝﾉｳｷﾖｳ,823,ﾂﾜﾉ
7708,ｼﾏﾈｹﾝﾉｳｷﾖｳ,827,ﾆﾁﾊﾗ
7708,ｼﾏﾈｹﾝﾉｳｷﾖｳ,828,ｶｷﾉｷ
7708,ｼﾏﾈｹﾝﾉｳｷﾖｳ,829,ﾑｲｶｲﾁ
7708,ｼﾏﾈｹﾝﾉｳｷﾖｳ,900,ﾎﾝﾃﾝ
7755,ｵｶﾔﾏｼﾉｳｷﾖｳ,003,ﾖｼﾀﾞ
7755,ｵｶﾔﾏｼﾉｳｷﾖｳ,004,ｲﾏ
7755,ｵｶﾔﾏｼﾉｳｷﾖｳ,005,ｼﾗｲｼ
7755,ｵｶﾔﾏｼﾉｳｷﾖｳ,006,ｵｵﾉ
7755,ｵｶﾔﾏｼﾉｳｷﾖｳ,007,ﾏｷｲｼ
7755,ｵｶﾔﾏｼﾉｳｷﾖｳ,010,ｷﾖｸﾄｳ
7755,ｵｶﾔﾏｼﾉｳｷﾖｳ,011,ﾊﾀ
7755,ｵｶﾔﾏｼﾉｳｷﾖｳ,012,ｻｲﾃﾞﾝ
7755,ｵｶﾔﾏｼﾉｳｷﾖｳ,013,ﾄﾐﾔﾏ
7755,ｵｶﾔﾏｼﾉｳｷﾖｳ,017,ｺｳｳﾗ
7755,ｵｶﾔﾏｼﾉｳｷﾖｳ,020,ﾂｼﾏ
7755,ｵｶﾔﾏｼﾉｳｷﾖｳ,021,ｿｳﾅﾝ
7755,ｵｶﾔﾏｼﾉｳｷﾖｳ,022,ﾀｶｼﾏ
7755,ｵｶﾔﾏｼﾉｳｷﾖｳ,023,ｲﾁﾉﾐﾔ
7755,ｵｶﾔﾏｼﾉｳｷﾖｳ,029,ﾂﾀﾞｶ
7755,ｵｶﾔﾏｼﾉｳｷﾖｳ,033,ｱｼﾓﾘ
7755,ｵｶﾔﾏｼﾉｳｷﾖｳ,037,ﾀｶﾏﾂ
7755,ｵｶﾔﾏｼﾉｳｷﾖｳ,041,ｷﾋﾞ
7755,ｵｶﾔﾏｼﾉｳｷﾖｳ,045,ﾌｸﾀﾞ
7755,ｵｶﾔﾏｼﾉｳｷﾖｳ,047,ｺｳｼﾞﾖ
7755,ｵｶﾔﾏｼﾉｳｷﾖｳ,050,ﾌｼﾞﾀ
7755,ｵｶﾔﾏｼﾉｳｷﾖｳ,054,ｻｲﾀﾞｲｼﾞ
7755,ｵｶﾔﾏｼﾉｳｷﾖｳ,055,ｶﾁ
7755,ｵｶﾔﾏｼﾉｳｷﾖｳ,058,ﾄﾖ
7755,ｵｶﾔﾏｼﾉｳｷﾖｳ,059,ｻﾝﾅﾝ
7755,ｵｶﾔﾏｼﾉｳｷﾖｳ,063,ｼﾞﾖｳﾅﾝ
7755,ｵｶﾔﾏｼﾉｳｷﾖｳ,067,ｼﾞﾖｳﾄｳ
7755,ｵｶﾔﾏｼﾉｳｷﾖｳ,071,ﾐﾂ
7755,ｵｶﾔﾏｼﾉｳｷﾖｳ,075,ﾌｸﾜﾀﾘ
7755,ｵｶﾔﾏｼﾉｳｷﾖｳ,077,ｶﾓｶﾞﾜ
7755,ｵｶﾔﾏｼﾉｳｷﾖｳ,079,ﾀﾏﾉ
7755,ｵｶﾔﾏｼﾉｳｷﾖｳ,081,ﾄｳｼﾞ
7755,ｵｶﾔﾏｼﾉｳｷﾖｳ,082,ﾅﾀﾞｻｷ
7755,ｵｶﾔﾏｼﾉｳｷﾖｳ,083,ﾋﾞﾅﾝ
7755,ｵｶﾔﾏｼﾉｳｷﾖｳ,084,ｵｻﾌﾈ
7755,ｵｶﾔﾏｼﾉｳｷﾖｳ,085,ﾌｸﾊﾏ
7755,ｵｶﾔﾏｼﾉｳｷﾖｳ,089,ｵｸ
7755,ｵｶﾔﾏｼﾉｳｷﾖｳ,090,ﾓｶｹ
7755,ｵｶﾔﾏｼﾉｳｷﾖｳ,091,ｳｼﾏﾄﾞ
7755,ｵｶﾔﾏｼﾉｳｷﾖｳ,101,ﾎﾝｼﾖ
7837,ﾊﾚﾉｸﾆｵｶﾔﾏﾉｳｷﾖｳ,001,ﾀｶﾊｼ
7837,ﾊﾚﾉｸﾆｵｶﾔﾏﾉｳｷﾖｳ,002,ｷﾉﾔﾏ
7837,ﾊﾚﾉｸﾆｵｶﾔﾏﾉｳｷﾖｳ,008,ﾀｶﾊｼｵﾁｱｲ
7837,ﾊﾚﾉｸﾆｵｶﾔﾏﾉｳｷﾖｳ,030,ｳｶﾝ
7837,ﾊﾚﾉｸﾆｵｶﾔﾏﾉｳｷﾖｳ,040,ﾅﾘﾜ
7837,ﾊﾚﾉｸﾆｵｶﾔﾏﾉｳｷﾖｳ,070,ｶﾖｳ
7837,ﾊﾚﾉｸﾆｵｶﾔﾏﾉｳｷﾖｳ,080,ﾎｸﾎﾞｳ
7837,ﾊﾚﾉｸﾆｵｶﾔﾏﾉｳｷﾖｳ,090,ｾﾄ
7837,ﾊﾚﾉｸﾆｵｶﾔﾏﾉｳｷﾖｳ,091,ｱｶｲﾜ
7837,ﾊﾚﾉｸﾆｵｶﾔﾏﾉｳｷﾖｳ,093,ｸﾏﾔﾏ
7837,ﾊﾚﾉｸﾆｵｶﾔﾏﾉｳｷﾖｳ,094,ｱｶｲﾜﾖｼｲ
7837,ﾊﾚﾉｸﾆｵｶﾔﾏﾉｳｷﾖｳ,095,ﾋﾞｾﾞﾝ
7837,ﾊﾚﾉｸﾆｵｶﾔﾏﾉｳｷﾖｳ,096,ｲﾘﾋﾅｾ
7837,ﾊﾚﾉｸﾆｵｶﾔﾏﾉｳｷﾖｳ,097,ﾜｹ
7837,ﾊﾚﾉｸﾆｵｶﾔﾏﾉｳｷﾖｳ,098,ｻｴｷ
7837,ﾊﾚﾉｸﾆｵｶﾔﾏﾉｳｷﾖｳ,099,ﾖｼﾅｶﾞ
7837,ﾊﾚﾉｸﾆｵｶﾔﾏﾉｳｷﾖｳ,101,ﾎﾝﾃﾝ
7837,ﾊﾚﾉｸﾆｵｶﾔﾏﾉｳｷﾖｳ,110,ｸﾗｼｷﾐﾅﾐ
7837,ﾊﾚﾉｸﾆｵｶﾔﾏﾉｳｷﾖｳ,111,ｽｺﾞｳ
7837,ﾊﾚﾉｸﾆｵｶﾔﾏﾉｳｷﾖｳ,112,ﾅｶｼﾖｳ
7837,ﾊﾚﾉｸﾆｵｶﾔﾏﾉｳｷﾖｳ,113,ｸﾗｼｷﾋｶﾞｼ
7837,ﾊﾚﾉｸﾆｵｶﾔﾏﾉｳｷﾖｳ,116,ｼﾖｳ
7837,ﾊﾚﾉｸﾆｵｶﾔﾏﾉｳｷﾖｳ,118,ﾊﾔｼﾏﾁﾖｳ
7837,ﾊﾚﾉｸﾆｵｶﾔﾏﾉｳｷﾖｳ,120,ﾌﾅﾎ
7837,ﾊﾚﾉｸﾆｵｶﾔﾏﾉｳｷﾖｳ,121,ﾀﾏｼﾏ
7837,ﾊﾚﾉｸﾆｵｶﾔﾏﾉｳｷﾖｳ,122,ﾀﾏｼﾏｷﾀ
7837,ﾊﾚﾉｸﾆｵｶﾔﾏﾉｳｷﾖｳ,123,ｺﾝｺｳ
7837,ﾊﾚﾉｸﾆｵｶﾔﾏﾉｳｷﾖｳ,124,ｶﾓｶﾞﾀ
7837,ﾊﾚﾉｸﾆｵｶﾔﾏﾉｳｷﾖｳ,125,ｻﾄｼﾖｳ
7837,ﾊﾚﾉｸﾆｵｶﾔﾏﾉｳｷﾖｳ,126,ﾖﾘｼﾏ
7837,ﾊﾚﾉｸﾆｵｶﾔﾏﾉｳｷﾖｳ,127,ｷﾋﾞｼﾞ
7837,ﾊﾚﾉｸﾆｵｶﾔﾏﾉｳｷﾖｳ,128,ｿｳｼﾞﾔﾋｶﾞｼ
7837,ﾊﾚﾉｸﾆｵｶﾔﾏﾉｳｷﾖｳ,130,ｿｳｼﾞﾔﾆｼ
7837,ﾊﾚﾉｸﾆｵｶﾔﾏﾉｳｷﾖｳ,132,ﾏﾋﾞﾋｶﾞｼ
7837,ﾊﾚﾉｸﾆｵｶﾔﾏﾉｳｷﾖｳ,133,ﾏﾋﾞﾆｼ
7837,ﾊﾚﾉｸﾆｵｶﾔﾏﾉｳｷﾖｳ,134,ｷﾖﾈ
7837,ﾊﾚﾉｸﾆｵｶﾔﾏﾉｳｷﾖｳ,135,ﾔﾏﾃ
7837,ﾊﾚﾉｸﾆｵｶﾔﾏﾉｳｷﾖｳ,136,ｲﾊﾞﾗ
7837,ﾊﾚﾉｸﾆｵｶﾔﾏﾉｳｷﾖｳ,137,ｲﾊﾞﾗﾆｼ
7837,ﾊﾚﾉｸﾆｵｶﾔﾏﾉｳｷﾖｳ,140,ﾋﾞｾｲ
7837,ﾊﾚﾉｸﾆｵｶﾔﾏﾉｳｷﾖｳ,141,ｲﾊﾞﾗﾖｼｲ
7837,ﾊﾚﾉｸﾆｵｶﾔﾏﾉｳｷﾖｳ,142,ｸﾗｼｷ
7837,ﾊﾚﾉｸﾆｵｶﾔﾏﾉｳｷﾖｳ,143,ﾅｶｽ
7837,ﾊﾚﾉｸﾆｵｶﾔﾏﾉｳｷﾖｳ,144,ｻｲﾜｲﾁﾖｳ
7837,ﾊﾚﾉｸﾆｵｶﾔﾏﾉｳｷﾖｳ,145,ﾌｸﾀﾞ
7837,ﾊﾚﾉｸﾆｵｶﾔﾏﾉｳｷﾖｳ,146,ｺｼﾞﾏｴｷﾏｴ
7837,ﾊﾚﾉｸﾆｵｶﾔﾏﾉｳｷﾖｳ,147,ﾂﾗｼﾞﾏ
7837,ﾊﾚﾉｸﾆｵｶﾔﾏﾉｳｷﾖｳ,148,ﾆｼｱﾁ
7837,ﾊﾚﾉｸﾆｵｶﾔﾏﾉｳｷﾖｳ,149,ｶｻｵｶ
7837,ﾊﾚﾉｸﾆｵｶﾔﾏﾉｳｷﾖｳ,151,ｶｻｵｶｷﾀ
7837,ﾊﾚﾉｸﾆｵｶﾔﾏﾉｳｷﾖｳ,152,ｶｻｵｶﾐﾅﾐ
7837,ﾊﾚﾉｸﾆｵｶﾔﾏﾉｳｷﾖｳ,153,ﾔｶｹﾞ
7837,ﾊﾚﾉｸﾆｵｶﾔﾏﾉｳｷﾖｳ,157,ﾆｲﾐｴｷﾏｴ
7837,ﾊﾚﾉｸﾆｵｶﾔﾏﾉｳｷﾖｳ,158,ﾐﾖｼ
7837,ﾊﾚﾉｸﾆｵｶﾔﾏﾉｳｷﾖｳ,161,ｵｵｻ
7837,ﾊﾚﾉｸﾆｵｶﾔﾏﾉｳｷﾖｳ,162,ｺｳｼﾞﾛ
7837,ﾊﾚﾉｸﾆｵｶﾔﾏﾉｳｷﾖｳ,163,ﾔｶﾞﾐ
7837,ﾊﾚﾉｸﾆｵｶﾔﾏﾉｳｷﾖｳ,165,ﾃﾂﾀ
7837,ﾊﾚﾉｸﾆｵｶﾔﾏﾉｳｷﾖｳ,166,ｶﾂﾔﾏ
7837,ﾊﾚﾉｸﾆｵｶﾔﾏﾉｳｷﾖｳ,167,ﾐｶﾓ
7837,ﾊﾚﾉｸﾆｵｶﾔﾏﾉｳｷﾖｳ,168,ﾋﾙｾﾞﾝ
7837,ﾊﾚﾉｸﾆｵｶﾔﾏﾉｳｷﾖｳ,169,ﾕﾊﾞﾗ
7837,ﾊﾚﾉｸﾆｵｶﾔﾏﾉｳｷﾖｳ,170,ｸｾ
7837,ﾊﾚﾉｸﾆｵｶﾔﾏﾉｳｷﾖｳ,171,ﾏﾆﾜｵﾁｱｲ
7837,ﾊﾚﾉｸﾆｵｶﾔﾏﾉｳｷﾖｳ,173,ﾂﾔﾏﾋｶﾞｼ
7837,ﾊﾚﾉｸﾆｵｶﾔﾏﾉｳｷﾖｳ,176,ﾂﾔﾏ
7837,ﾊﾚﾉｸﾆｵｶﾔﾏﾉｳｷﾖｳ,177,ﾂﾔﾏﾆｼ
7837,ﾊﾚﾉｸﾆｵｶﾔﾏﾉｳｷﾖｳ,179,ｶｶﾞﾐﾉ
7837,ﾊﾚﾉｸﾆｵｶﾔﾏﾉｳｷﾖｳ,180,ｵｸﾂ
7837,ﾊﾚﾉｸﾆｵｶﾔﾏﾉｳｷﾖｳ,181,ｶﾓ
7837,ﾊﾚﾉｸﾆｵｶﾔﾏﾉｳｷﾖｳ,182,ﾁﾕｳｵｳ
7837,ﾊﾚﾉｸﾆｵｶﾔﾏﾉｳｷﾖｳ,183,ｸﾒ
7837,ﾊﾚﾉｸﾆｵｶﾔﾏﾉｳｷﾖｳ,185,ｸﾒﾅﾝ
7837,ﾊﾚﾉｸﾆｵｶﾔﾏﾉｳｷﾖｳ,186,ﾔﾅﾊﾗ
7837,ﾊﾚﾉｸﾆｵｶﾔﾏﾉｳｷﾖｳ,187,ﾂﾔﾏｴｷﾏｴ
7837,ﾊﾚﾉｸﾆｵｶﾔﾏﾉｳｷﾖｳ,188,ﾐﾏｻｶ
7837,ﾊﾚﾉｸﾆｵｶﾔﾏﾉｳｷﾖｳ,189,ｼﾖｳｵｳ
7837,ﾊﾚﾉｸﾆｵｶﾔﾏﾉｳｷﾖｳ,190,ｼﾖｳﾎﾞｸ
7837,ﾊﾚﾉｸﾆｵｶﾔﾏﾉｳｷﾖｳ,191,ﾅｷﾞ
7837,ﾊﾚﾉｸﾆｵｶﾔﾏﾉｳｷﾖｳ,192,ｻｸﾄｳ
7837,ﾊﾚﾉｸﾆｵｶﾔﾏﾉｳｷﾖｳ,194,ｶﾂﾀ
7837,ﾊﾚﾉｸﾆｵｶﾔﾏﾉｳｷﾖｳ,195,ｴｲﾎｸ
7909,ﾋﾛｼﾏｼﾉｳｷﾖｳ,101,ﾎﾝﾃﾝ
7909,ﾋﾛｼﾏｼﾉｳｷﾖｳ,102,ｶﾝｵﾝ
7909,ﾋﾛｼﾏｼﾉｳｷﾖｳ,104,ｺｲｴｷﾏｴ
7909,ﾋﾛｼﾏｼﾉｳｷﾖｳ,107,ﾖｺｶﾞﾜ
7909,ﾋﾛｼﾏｼﾉｳｷﾖｳ,109,ｼﾉﾉﾒ
7909,ﾋﾛｼﾏｼﾉｳｷﾖｳ,115,ﾇｸｼﾅ
7909,ﾋﾛｼﾏｼﾉｳｷﾖｳ,118,ﾌｸﾀﾞ
7909,ﾋﾛｼﾏｼﾉｳｷﾖｳ,119,ﾌﾁﾕｳ
7909,ﾋﾛｼﾏｼﾉｳｷﾖｳ,121,ﾌﾙｴ
7909,ﾋﾛｼﾏｼﾉｳｷﾖｳ,124,ﾍｻｶ
7909,ﾋﾛｼﾏｼﾉｳｷﾖｳ,190,ﾔﾉ
7909,ﾋﾛｼﾏｼﾉｳｷﾖｳ,202,ｲﾂｶｲﾁﾁﾕｳｵｳ
7909,ﾋﾛｼﾏｼﾉｳｷﾖｳ,205,ｻﾝﾜ
7909,ﾋﾛｼﾏｼﾉｳｷﾖｳ,210,ｻｺﾞﾀﾆ
7909,ﾋﾛｼﾏｼﾉｳｷﾖｳ,256,ﾊﾗ
7909,ﾋﾛｼﾏｼﾉｳｷﾖｳ,257,ｷﾞｵﾝ
7909,ﾋﾛｼﾏｼﾉｳｷﾖｳ,259,ﾔｽ
7909,ﾋﾛｼﾏｼﾉｳｷﾖｳ,266,ﾄﾓ
7909,ﾋﾛｼﾏｼﾉｳｷﾖｳ,276,ﾔｷﾞ
7909,ﾋﾛｼﾏｼﾉｳｷﾖｳ,277,ﾐﾄﾞﾘｲ
7909,ﾋﾛｼﾏｼﾉｳｷﾖｳ,289,ｱｻ
7909,ﾋﾛｼﾏｼﾉｳｷﾖｳ,297,ｶﾍﾞ
7909,ﾋﾛｼﾏｼﾉｳｷﾖｳ,301,ｵｶﾞﾜﾗ
7909,ﾋﾛｼﾏｼﾉｳｷﾖｳ,302,ﾌｶﾜ
7909,ﾋﾛｼﾏｼﾉｳｷﾖｳ,303,ｵﾁｱｲ
7909,ﾋﾛｼﾏｼﾉｳｷﾖｳ,306,ｶｹ
7909,ﾋﾛｼﾏｼﾉｳｷﾖｳ,315,ﾄｺﾞｳﾁ
7909,ﾋﾛｼﾏｼﾉｳｷﾖｳ,321,ｹﾞｲﾎｸ
7909,ﾋﾛｼﾏｼﾉｳｷﾖｳ,346,ﾄﾖﾋﾗ
7909,ﾋﾛｼﾏｼﾉｳｷﾖｳ,375,ｼﾗｷ
7909,ﾋﾛｼﾏｼﾉｳｷﾖｳ,379,ﾐﾀ
7909,ﾋﾛｼﾏｼﾉｳｷﾖｳ,473,ｳﾁｳﾗ
7909,ﾋﾛｼﾏｼﾉｳｷﾖｳ,478,ｵｵﾁﾖｳ
7909,ﾋﾛｼﾏｼﾉｳｷﾖｳ,818,ﾅｶﾉ
7909,ﾋﾛｼﾏｼﾉｳｷﾖｳ,824,ﾅｶｽｼﾞ
7909,ﾋﾛｼﾏｼﾉｳｷﾖｳ,831,ｵｵﾃﾏﾁ
7994,ﾋﾛｼﾏﾉｳｷﾖｳ,128,ｸﾚ
7994,ﾋﾛｼﾏﾉｳｷﾖｳ,132,ﾋﾛﾋｶﾞｼ
7994,ﾋﾛｼﾏﾉｳｷﾖｳ,133,ﾋﾛﾆｼ
7994,ﾋﾛｼﾏﾉｳｷﾖｳ,137,ｺﾞｳﾊﾗ
7994,ﾋﾛｼﾏﾉｳｷﾖｳ,139,ｼﾖｳﾜ
7994,ﾋﾛｼﾏﾉｳｷﾖｳ,149,ｵﾝﾄﾞ
7994,ﾋﾛｼﾏﾉｳｷﾖｳ,150,ｸﾗﾊｼ
7994,ﾋﾛｼﾏﾉｳｷﾖｳ,162,ｸﾗﾊｼﾋｶﾞｼ
7994,ﾋﾛｼﾏﾉｳｷﾖｳ,168,ｶﾏｶﾞﾘ
7994,ﾋﾛｼﾏﾉｳｷﾖｳ,174,ｶｲﾀｲﾁ
7994,ﾋﾛｼﾏﾉｳｷﾖｳ,175,ﾋｶﾞｼｶｲﾀ
7994,ﾋﾛｼﾏﾉｳｷﾖｳ,177,ﾅｶﾉ
7994,ﾋﾛｼﾏﾉｳｷﾖｳ,178,ｾﾉ
7994,ﾋﾛｼﾏﾉｳｷﾖｳ,182,ﾊｷﾞﾜﾗ
7994,ﾋﾛｼﾏﾉｳｷﾖｳ,183,ｸﾏﾉ
7994,ﾋﾛｼﾏﾉｳｷﾖｳ,189,ｻｶ
7994,ﾋﾛｼﾏﾉｳｷﾖｳ,195,ｴﾀｼﾞﾏ
7994,ﾋﾛｼﾏﾉｳｷﾖｳ,214,ﾊﾂｶｲﾁ
7994,ﾋﾛｼﾏﾉｳｷﾖｳ,215,ﾍﾗ
7994,ﾋﾛｼﾏﾉｳｷﾖｳ,217,ﾐﾔｳﾁ
7994,ﾋﾛｼﾏﾉｳｷﾖｳ,218,ﾊﾂｶｲﾁﾆｼ
7994,ﾋﾛｼﾏﾉｳｷﾖｳ,219,ｼﾞｺﾞｾﾞﾝ
7994,ﾋﾛｼﾏﾉｳｷﾖｳ,220,ﾌｶｴ
7994,ﾋﾛｼﾏﾉｳｷﾖｳ,222,ﾊﾏ
7994,ﾋﾛｼﾏﾉｳｷﾖｳ,225,ﾕｳﾜ
7994,ﾋﾛｼﾏﾉｳｷﾖｳ,227,ﾂﾀ
7994,ﾋﾛｼﾏﾉｳｷﾖｳ,234,ﾅｶﾏﾁ
7994,ﾋﾛｼﾏﾉｳｷﾖｳ,235,ｶﾉｶﾜ
7994,ﾋﾛｼﾏﾉｳｷﾖｳ,236,ﾐﾀｶ
7994,ﾋﾛｼﾏﾉｳｷﾖｳ,243,ｵｵﾌﾙ
7994,ﾋﾛｼﾏﾉｳｷﾖｳ,245,ﾊﾙﾐ
7994,ﾋﾛｼﾏﾉｳｷﾖｳ,248,ｸﾘﾀﾆ
7994,ﾋﾛｼﾏﾉｳｷﾖｳ,251,ｵｵﾀｹ
7994,ﾋﾛｼﾏﾉｳｷﾖｳ,253,ﾖｼﾜ
7994,ﾋﾛｼﾏﾉｳｷﾖｳ,327,ｵｵｱｻ
7994,ﾋﾛｼﾏﾉｳｷﾖｳ,352,ﾖｼﾀﾞ
7994,ﾋﾛｼﾏﾉｳｷﾖｳ,354,ｴﾉ
7994,ﾋﾛｼﾏﾉｳｷﾖｳ,357,ﾐﾄﾞﾘ
7994,ﾋﾛｼﾏﾉｳｷﾖｳ,362,ﾀｶﾐﾔ
7994,ﾋﾛｼﾏﾉｳｷﾖｳ,364,ｺｳﾀﾞ
7994,ﾋﾛｼﾏﾉｳｷﾖｳ,369,ﾔﾁﾖ
7994,ﾋﾛｼﾏﾉｳｷﾖｳ,372,ﾑｶｲﾊﾗ
7994,ﾋﾛｼﾏﾉｳｷﾖｳ,380,ﾎﾝﾃﾝ
7994,ﾋﾛｼﾏﾉｳｷﾖｳ,384,ｻｲｼﾞﾖｳ
7994,ﾋﾛｼﾏﾉｳｷﾖｳ,387,ｺｳﾖｳ
7994,ﾋﾛｼﾏﾉｳｷﾖｳ,392,ｸﾛｾ
7994,ﾋﾛｼﾏﾉｳｷﾖｳ,399,ﾊﾁﾎﾝﾏﾂﾐﾅﾐ
7994,ﾋﾛｼﾏﾉｳｷﾖｳ,402,ﾊﾁﾎﾝﾏﾂ
7994,ﾋﾛｼﾏﾉｳｷﾖｳ,405,ｼﾜ
7994,ﾋﾛｼﾏﾉｳｷﾖｳ,408,ﾀｶﾔ
7994,ﾋﾛｼﾏﾉｳｷﾖｳ,418,ﾌｸﾄﾐ
7994,ﾋﾛｼﾏﾉｳｷﾖｳ,419,ﾄﾖｻｶ
7994,ﾋﾛｼﾏﾉｳｷﾖｳ,428,ﾀﾞｲﾜ
7994,ﾋﾛｼﾏﾉｳｷﾖｳ,432,ｺｳﾁ
7994,ﾋﾛｼﾏﾉｳｷﾖｳ,441,ﾎﾝｺﾞｳｴｷﾏｴ
7994,ﾋﾛｼﾏﾉｳｷﾖｳ,442,ﾎﾝｺﾞｳﾁﾕｳｵｳ
7994,ﾋﾛｼﾏﾉｳｷﾖｳ,451,ﾀｹﾊﾗ
7994,ﾋﾛｼﾏﾉｳｷﾖｳ,460,ｼﾖｳﾉ
7994,ﾋﾛｼﾏﾉｳｷﾖｳ,463,ｱｷﾂ
7994,ﾋﾛｼﾏﾉｳｷﾖｳ,467,ﾔｽｳﾗ
7994,ﾋﾛｼﾏﾉｳｷﾖｳ,472,ｶﾜｼﾞﾘ
7994,ﾋﾛｼﾏﾉｳｷﾖｳ,487,ｾﾄﾀﾞ
7994,ﾋﾛｼﾏﾉｳｷﾖｳ,498,ﾐﾊﾗﾆｼ
7994,ﾋﾛｼﾏﾉｳｷﾖｳ,504,ﾐﾊﾗ
7994,ﾋﾛｼﾏﾉｳｷﾖｳ,507,ｻｷﾞｳﾗ
7994,ﾋﾛｼﾏﾉｳｷﾖｳ,512,ｻｲｻﾞｷ
7994,ﾋﾛｼﾏﾉｳｷﾖｳ,550,ｸｲ
7994,ﾋﾛｼﾏﾉｳｷﾖｳ,553,ｸｲﾁﾕｳｵｳ
7994,ﾋﾛｼﾏﾉｳｷﾖｳ,700,ｼﾞﾖｳｹﾞ
7994,ﾋﾛｼﾏﾉｳｷﾖｳ,705,ｺｳﾇ
7994,ﾋﾛｼﾏﾉｳｷﾖｳ,709,ｿｳﾘﾖｳ
7994,ﾋﾛｼﾏﾉｳｷﾖｳ,715,ﾐﾖｼﾁﾕｳｵｳ
7994,ﾋﾛｼﾏﾉｳｷﾖｳ,716,ﾔﾂｷﾞ
7994,ﾋﾛｼﾏﾉｳｷﾖｳ,721,ﾐﾖｼﾋｶﾞｼ
7994,ﾋﾛｼﾏﾉｳｷﾖｳ,724,ﾐﾖｼﾆｼ
7994,ﾋﾛｼﾏﾉｳｷﾖｳ,731,ﾐﾖｼｼﾔｸｼﾖ
7994,ﾋﾛｼﾏﾉｳｷﾖｳ,733,ｷﾐﾀ
7994,ﾋﾛｼﾏﾉｳｷﾖｳ,735,ﾌﾉ
7994,ﾋﾛｼﾏﾉｳｷﾖｳ,737,ｻｸｷﾞ
7994,ﾋﾛｼﾏﾉｳｷﾖｳ,745,ｷｻ
7994,ﾋﾛｼﾏﾉｳｷﾖｳ,752,ﾐﾗｻｶ
7994,ﾋﾛｼﾏﾉｳｷﾖｳ,753,ﾐﾜ
7994,ﾋﾛｼﾏﾉｳｷﾖｳ,759,ｼﾖｳﾊﾞﾗ
7994,ﾋﾛｼﾏﾉｳｷﾖｳ,765,ｼﾖｳﾊﾞﾗﾆｼ
7994,ﾋﾛｼﾏﾉｳｷﾖｳ,770,ﾋﾊﾞｻｲｼﾞﾖｳ
7994,ﾋﾛｼﾏﾉｳｷﾖｳ,774,ﾄｳｼﾞﾖｳ
7994,ﾋﾛｼﾏﾉｳｷﾖｳ,775,ｵﾇｶ
7994,ﾋﾛｼﾏﾉｳｷﾖｳ,785,ｸﾁﾜ
7994,ﾋﾛｼﾏﾉｳｷﾖｳ,787,ﾀｶﾉ
7994,ﾋﾛｼﾏﾉｳｷﾖｳ,789,ﾋﾜ
7994,ﾋﾛｼﾏﾉｳｷﾖｳ,791,ﾁﾖﾀﾞ
7994,ﾋﾛｼﾏﾉｳｷﾖｳ,832,ﾐﾖｼｷﾀ
8029,ｵﾉﾐﾁｼﾉｳｷﾖｳ,513,ﾎﾝﾃﾝ
8029,ｵﾉﾐﾁｼﾉｳｷﾖｳ,514,ｸﾘﾊﾗ
8029,ｵﾉﾐﾁｼﾉｳｷﾖｳ,515,ﾖｼﾜ
8029,ｵﾉﾐﾁｼﾉｳｷﾖｳ,519,ｵﾉﾐﾁﾋｶﾞｼ
8029,ｵﾉﾐﾁｼﾉｳｷﾖｳ,520,ｳﾗｻｷ
8029,ｵﾉﾐﾁｼﾉｳｷﾖｳ,522,ｵﾉﾐﾁｷﾀ
8029,ｵﾉﾐﾁｼﾉｳｷﾖｳ,535,ｲﾝﾉｼﾏｷﾀ
8029,ｵﾉﾐﾁｼﾉｳｷﾖｳ,538,ｲﾝﾉｼﾏﾐﾅﾐ
8029,ｵﾉﾐﾁｼﾉｳｷﾖｳ,545,ﾐﾂｷﾞ
8029,ｵﾉﾐﾁｼﾉｳｷﾖｳ,556,ﾑｶｲﾋｶﾞｼ
8029,ｵﾉﾐﾁｼﾉｳｷﾖｳ,557,ﾑｶｲｼﾏ
8029,ｵﾉﾐﾁｼﾉｳｷﾖｳ,567,ｺｳｻﾞﾝ
8029,ｵﾉﾐﾁｼﾉｳｷﾖｳ,571,ｾﾗ
8029,ｵﾉﾐﾁｼﾉｳｷﾖｳ,575,ｾﾗﾆｼ
8047,ﾌｸﾔﾏｼﾉｳｷﾖｳ,582,ｲﾏﾂﾞ
8047,ﾌｸﾔﾏｼﾉｳｷﾖｳ,583,ﾏﾂﾅｶﾞｷﾀ
8047,ﾌｸﾔﾏｼﾉｳｷﾖｳ,584,ｶﾑﾗ
8047,ﾌｸﾔﾏｼﾉｳｷﾖｳ,585,ﾏﾂﾅｶﾞﾐﾅﾐ
8047,ﾌｸﾔﾏｼﾉｳｷﾖｳ,587,ﾏﾂﾅｶﾞ
8047,ﾌｸﾔﾏｼﾉｳｷﾖｳ,595,ﾇﾏｸﾏ
8047,ﾌｸﾔﾏｼﾉｳｷﾖｳ,597,ｻﾝﾅ
8047,ﾌｸﾔﾏｼﾉｳｷﾖｳ,599,ﾎﾝﾃﾝ
8047,ﾌｸﾔﾏｼﾉｳｷﾖｳ,601,ﾂﾉｺﾞｳ
8047,ﾌｸﾔﾏｼﾉｳｷﾖｳ,602,ｾﾄ
8047,ﾌｸﾔﾏｼﾉｳｷﾖｳ,603,ｱｶｻｶ
8047,ﾌｸﾔﾏｼﾉｳｷﾖｳ,604,ｸﾏﾉ
8047,ﾌｸﾔﾏｼﾉｳｷﾖｳ,605,ﾐﾉﾐ
8047,ﾌｸﾔﾏｼﾉｳｷﾖｳ,607,ﾀｼﾞﾘ
8047,ﾌｸﾔﾏｼﾉｳｷﾖｳ,609,ｶﾜｸﾞﾁ
8047,ﾌｸﾔﾏｼﾉｳｷﾖｳ,610,ﾌｶﾂ
8047,ﾌｸﾔﾏｼﾉｳｷﾖｳ,611,ﾎﾝｼﾞﾖｳ
8047,ﾌｸﾔﾏｼﾉｳｷﾖｳ,612,ﾔﾏｺﾞｳ
8047,ﾌｸﾔﾏｼﾉｳｷﾖｳ,613,ﾃｼﾛ
8047,ﾌｸﾔﾏｼﾉｳｷﾖｳ,615,ｸｻﾄﾞ
8047,ﾌｸﾔﾏｼﾉｳｷﾖｳ,616,ﾋｷﾉ
8047,ﾌｸﾔﾏｼﾉｳｷﾖｳ,617,ｵｵﾂﾉ
8047,ﾌｸﾔﾏｼﾉｳｷﾖｳ,618,ﾂﾎﾞｳ
8047,ﾌｸﾔﾏｼﾉｳｷﾖｳ,619,ｶｽｶﾞ
8047,ﾌｸﾔﾏｼﾉｳｷﾖｳ,620,ｻﾞｵｳ
8047,ﾌｸﾔﾏｼﾉｳｷﾖｳ,621,ｾﾝﾀﾞ
8047,ﾌｸﾔﾏｼﾉｳｷﾖｳ,622,ﾐﾕｷ
8047,ﾌｸﾔﾏｼﾉｳｷﾖｳ,623,ｲｾｶﾞｵｶ
8047,ﾌｸﾔﾏｼﾉｳｷﾖｳ,634,ｶﾝﾅﾍﾞ
8047,ﾌｸﾔﾏｼﾉｳｷﾖｳ,635,ﾐﾉ
8047,ﾌｸﾔﾏｼﾉｳｷﾖｳ,636,ﾀｹﾋﾛ
8047,ﾌｸﾔﾏｼﾉｳｷﾖｳ,637,ｶﾝﾅﾍﾞﾁﾕｳｵｳ
8047,ﾌｸﾔﾏｼﾉｳｷﾖｳ,638,ﾁﾕｳｼﾞﾖｳ
8047,ﾌｸﾔﾏｼﾉｳｷﾖｳ,639,ﾐﾁﾉｳｴ
8047,ﾌｸﾔﾏｼﾉｳｷﾖｳ,643,ｶﾓ
8047,ﾌｸﾔﾏｼﾉｳｷﾖｳ,648,ｲﾜﾀﾆ
8047,ﾌｸﾔﾏｼﾉｳｷﾖｳ,649,ｼﾓｶﾜﾍﾞ
8047,ﾌｸﾔﾏｼﾉｳｷﾖｳ,652,ﾌﾁﾕｳﾓﾄﾏﾁ
8047,ﾌｸﾔﾏｼﾉｳｷﾖｳ,653,ｳｶｲ
8047,ﾌｸﾔﾏｼﾉｳｷﾖｳ,654,ｺｸﾌ
8047,ﾌｸﾔﾏｼﾉｳｷﾖｳ,657,ﾌﾁﾕｳﾆｼ
8047,ﾌｸﾔﾏｼﾉｳｷﾖｳ,663,ｱｼﾀﾞ
8047,ﾌｸﾔﾏｼﾉｳｷﾖｳ,664,ｴｷﾔ
8047,ﾌｸﾔﾏｼﾉｳｷﾖｳ,672,ｼﾝｲﾁ
8047,ﾌｸﾔﾏｼﾉｳｷﾖｳ,673,ｱﾋﾞｷ
8047,ﾌｸﾔﾏｼﾉｳｷﾖｳ,677,ﾕｷ
8047,ﾌｸﾔﾏｼﾉｳｷﾖｳ,682,ｼﾞﾝｾｷ
8047,ﾌｸﾔﾏｼﾉｳｷﾖｳ,692,ﾄﾖﾏﾂ
8047,ﾌｸﾔﾏｼﾉｳｷﾖｳ,693,ｼﾞﾝｾｷｺｳｹﾞﾝ
8134,ﾔﾏｸﾞﾁｹﾝﾉｳｷﾖｳ,001,ｼﾕｳﾅﾝﾄｳｶﾂﾎﾝﾌﾞ
8134,ﾔﾏｸﾞﾁｹﾝﾉｳｷﾖｳ,002,ﾄｸﾔﾏﾋｶﾞｼ
8134,ﾔﾏｸﾞﾁｹﾝﾉｳｷﾖｳ,005,ﾄｸﾔﾏ
8134,ﾔﾏｸﾞﾁｹﾝﾉｳｷﾖｳ,006,ﾍﾀ
8134,ﾔﾏｸﾞﾁｹﾝﾉｳｷﾖｳ,013,ﾐﾀｶﾞﾜ
8134,ﾔﾏｸﾞﾁｹﾝﾉｳｷﾖｳ,031,ﾂﾉ
8134,ﾔﾏｸﾞﾁｹﾝﾉｳｷﾖｳ,041,ｸﾀﾞﾏﾂ
8134,ﾔﾏｸﾞﾁｹﾝﾉｳｷﾖｳ,042,ｸﾎﾞ
8134,ﾔﾏｸﾞﾁｹﾝﾉｳｷﾖｳ,043,ｽｴﾀｹｺｳﾘｷ
8134,ﾔﾏｸﾞﾁｹﾝﾉｳｷﾖｳ,044,ﾊﾅｵｶ
8134,ﾔﾏｸﾞﾁｹﾝﾉｳｷﾖｳ,050,ﾑﾛﾂﾞﾐ
8134,ﾔﾏｸﾞﾁｹﾝﾉｳｷﾖｳ,051,ｼﾏﾀ
8134,ﾔﾏｸﾞﾁｹﾝﾉｳｷﾖｳ,053,ﾐﾂｲ
8134,ﾔﾏｸﾞﾁｹﾝﾉｳｷﾖｳ,056,ﾋｶﾘ
8134,ﾔﾏｸﾞﾁｹﾝﾉｳｷﾖｳ,060,ﾌｸｶﾞﾜ
8134,ﾔﾏｸﾞﾁｹﾝﾉｳｷﾖｳ,069,ｼﾝﾅﾝﾖｳ
8134,ﾔﾏｸﾞﾁｹﾝﾉｳｷﾖｳ,070,ｶﾉ
8134,ﾔﾏｸﾞﾁｹﾝﾉｳｷﾖｳ,082,ｸﾏｹﾞ
8134,ﾔﾏｸﾞﾁｹﾝﾉｳｷﾖｳ,121,ｽｵｳｵｵｼﾏﾄｳｶﾂﾎﾝﾌﾞ
8134,ﾔﾏｸﾞﾁｹﾝﾉｳｷﾖｳ,122,ｸｶ
8134,ﾔﾏｸﾞﾁｹﾝﾉｳｷﾖｳ,123,ﾄｳﾜ
8134,ﾔﾏｸﾞﾁｹﾝﾉｳｷﾖｳ,124,ﾀﾁﾊﾞﾅ
8134,ﾔﾏｸﾞﾁｹﾝﾉｳｷﾖｳ,125,ｵｵｼﾏ
8134,ﾔﾏｸﾞﾁｹﾝﾉｳｷﾖｳ,191,ｲﾜｸﾆﾄｳｶﾂﾎﾝﾌﾞ
8134,ﾔﾏｸﾞﾁｹﾝﾉｳｷﾖｳ,192,ｲﾜｸﾆﾁﾕｳｵｳ
8134,ﾔﾏｸﾞﾁｹﾝﾉｳｷﾖｳ,193,ｲﾜｸﾆ
8134,ﾔﾏｸﾞﾁｹﾝﾉｳｷﾖｳ,195,ｶﾜｼﾓ
8134,ﾔﾏｸﾞﾁｹﾝﾉｳｷﾖｳ,196,ｲﾜｸﾆﾐﾅﾐ
8134,ﾔﾏｸﾞﾁｹﾝﾉｳｷﾖｳ,200,ｲﾜｸﾆﾆｼ
8134,ﾔﾏｸﾞﾁｹﾝﾉｳｷﾖｳ,201,ﾜｷ
8134,ﾔﾏｸﾞﾁｹﾝﾉｳｷﾖｳ,202,ﾕｳ
8134,ﾔﾏｸﾞﾁｹﾝﾉｳｷﾖｳ,203,ﾀｶﾓﾘ
8134,ﾔﾏｸﾞﾁｹﾝﾉｳｷﾖｳ,204,ﾋﾛｾ
8134,ﾔﾏｸﾞﾁｹﾝﾉｳｷﾖｳ,205,ﾐﾜ
8134,ﾔﾏｸﾞﾁｹﾝﾉｳｷﾖｳ,206,ｸｶﾞ
8134,ﾔﾏｸﾞﾁｹﾝﾉｳｷﾖｳ,261,ﾐﾅﾐｽｵｳﾄｳｶﾂﾎﾝﾌﾞ
8134,ﾔﾏｸﾞﾁｹﾝﾉｳｷﾖｳ,262,ｲｶﾁ
8134,ﾔﾏｸﾞﾁｹﾝﾉｳｷﾖｳ,263,ﾔﾅｲ
8134,ﾔﾏｸﾞﾁｹﾝﾉｳｷﾖｳ,264,ｲﾎﾉｼﾖｳ
8134,ﾔﾏｸﾞﾁｹﾝﾉｳｷﾖｳ,266,ｶﾐﾉｾｷ
8134,ﾔﾏｸﾞﾁｹﾝﾉｳｷﾖｳ,267,ﾋﾗｵ
8134,ﾔﾏｸﾞﾁｹﾝﾉｳｷﾖｳ,268,ﾀﾌﾞｾ
8134,ﾔﾏｸﾞﾁｹﾝﾉｳｷﾖｳ,269,ﾔﾏﾄ
8134,ﾔﾏｸﾞﾁｹﾝﾉｳｷﾖｳ,331,ﾎｳﾌﾄｸﾁﾞﾄｳｶﾂﾎﾝﾌﾞ
8134,ﾔﾏｸﾞﾁｹﾝﾉｳｷﾖｳ,332,ﾎｳﾌﾁﾕｳｵｳ
8134,ﾔﾏｸﾞﾁｹﾝﾉｳｷﾖｳ,333,ﾎｳﾌｷﾀ
8134,ﾔﾏｸﾞﾁｹﾝﾉｳｷﾖｳ,334,ﾎｳﾌﾋｶﾞｼ
8134,ﾔﾏｸﾞﾁｹﾝﾉｳｷﾖｳ,335,ﾎｳﾌﾐﾅﾐ
8134,ﾔﾏｸﾞﾁｹﾝﾉｳｷﾖｳ,336,ﾎｳﾌﾆｼ
8134,ﾔﾏｸﾞﾁｹﾝﾉｳｷﾖｳ,337,ﾄｸﾁﾞ
8134,ﾔﾏｸﾞﾁｹﾝﾉｳｷﾖｳ,401,ﾔﾏｸﾞﾁﾄｳｶﾂﾎﾝﾌﾞ
8134,ﾔﾏｸﾞﾁｹﾝﾉｳｷﾖｳ,402,ｵｵｳﾁ
8134,ﾔﾏｸﾞﾁｹﾝﾉｳｷﾖｳ,403,ﾐﾔﾉ
8134,ﾔﾏｸﾞﾁｹﾝﾉｳｷﾖｳ,404,ﾁﾕｳｵｳ
8134,ﾔﾏｸﾞﾁｹﾝﾉｳｷﾖｳ,405,ﾆﾎ
8134,ﾔﾏｸﾞﾁｹﾝﾉｳｷﾖｳ,406,ｶﾜﾋｶﾞｼ
8134,ﾔﾏｸﾞﾁｹﾝﾉｳｷﾖｳ,407,ｶﾜﾆｼ
8134,ﾔﾏｸﾞﾁｹﾝﾉｳｷﾖｳ,408,ｱｲｵ
8134,ﾔﾏｸﾞﾁｹﾝﾉｳｷﾖｳ,409,ｵｺﾞｵﾘ
8134,ﾔﾏｸﾞﾁｹﾝﾉｳｷﾖｳ,410,ｱﾄｳ
8134,ﾔﾏｸﾞﾁｹﾝﾉｳｷﾖｳ,411,ﾁﾖｳﾓﾝｷﾖｳ
8134,ﾔﾏｸﾞﾁｹﾝﾉｳｷﾖｳ,471,ﾊｷﾞﾄｳｶﾂﾎﾝﾌﾞ
8134,ﾔﾏｸﾞﾁｹﾝﾉｳｷﾖｳ,472,ｻｻﾅﾐ
8134,ﾔﾏｸﾞﾁｹﾝﾉｳｷﾖｳ,473,ﾐﾅﾐﾊｷﾞ
8134,ﾔﾏｸﾞﾁｹﾝﾉｳｷﾖｳ,474,ﾊｷﾞ
8134,ﾔﾏｸﾞﾁｹﾝﾉｳｷﾖｳ,475,ｱﾁﾕｳ
8134,ﾔﾏｸﾞﾁｹﾝﾉｳｷﾖｳ,476,ﾅｺﾞｵｵｲ
8134,ﾔﾏｸﾞﾁｹﾝﾉｳｷﾖｳ,477,ｱﾎｸ
8134,ﾔﾏｸﾞﾁｹﾝﾉｳｷﾖｳ,478,ｵｶﾞﾜ
8134,ﾔﾏｸﾞﾁｹﾝﾉｳｷﾖｳ,541,ｳﾍﾞﾄｳｶﾂﾎﾝﾌﾞ
8134,ﾔﾏｸﾞﾁｹﾝﾉｳｷﾖｳ,542,ｱｼﾞｽ
8134,ﾔﾏｸﾞﾁｹﾝﾉｳｷﾖｳ,543,ﾋｶﾞｼｷﾜ
8134,ﾔﾏｸﾞﾁｹﾝﾉｳｷﾖｳ,544,ﾆｼｷﾜ
8134,ﾔﾏｸﾞﾁｹﾝﾉｳｷﾖｳ,545,ｳﾍﾞ
8134,ﾔﾏｸﾞﾁｹﾝﾉｳｷﾖｳ,546,ｺｳﾅﾝ
8134,ﾔﾏｸﾞﾁｹﾝﾉｳｷﾖｳ,547,ｺﾄｳｶﾞﾜ
8134,ﾔﾏｸﾞﾁｹﾝﾉｳｷﾖｳ,549,ｸｽﾉｷ
8134,ﾔﾏｸﾞﾁｹﾝﾉｳｷﾖｳ,550,ﾀｶﾁﾎ
8134,ﾔﾏｸﾞﾁｹﾝﾉｳｷﾖｳ,552,ｱｻ
8134,ﾔﾏｸﾞﾁｹﾝﾉｳｷﾖｳ,611,ｼﾓﾉｾｷﾄｳｶﾂﾎﾝﾌﾞ
8134,ﾔﾏｸﾞﾁｹﾝﾉｳｷﾖｳ,612,ｵｵｷ
8134,ﾔﾏｸﾞﾁｹﾝﾉｳｷﾖｳ,613,ｷﾖｽｴ
8134,ﾔﾏｸﾞﾁｹﾝﾉｳｷﾖｳ,614,ｵｳｼﾞ
8134,ﾔﾏｸﾞﾁｹﾝﾉｳｷﾖｳ,615,ﾁﾖｳﾌ
8134,ﾔﾏｸﾞﾁｹﾝﾉｳｷﾖｳ,616,ｶﾂﾔﾏ
8134,ﾔﾏｸﾞﾁｹﾝﾉｳｷﾖｳ,617,ｶﾜﾅｶ
8134,ﾔﾏｸﾞﾁｹﾝﾉｳｷﾖｳ,618,ﾖｼﾐ
8134,ﾔﾏｸﾞﾁｹﾝﾉｳｷﾖｳ,619,ﾊﾀﾌﾞ
8134,ﾔﾏｸﾞﾁｹﾝﾉｳｷﾖｳ,620,ﾋｺｼﾏ
8134,ﾔﾏｸﾞﾁｹﾝﾉｳｷﾖｳ,621,ﾔｽｵｶ
8134,ﾔﾏｸﾞﾁｹﾝﾉｳｷﾖｳ,622,ｷｸｶﾞﾜﾁﾖｳ
8134,ﾔﾏｸﾞﾁｹﾝﾉｳｷﾖｳ,623,ｸﾛｲ
8134,ﾔﾏｸﾞﾁｹﾝﾉｳｷﾖｳ,624,ﾄﾖｳﾗﾁﾖｳ
8134,ﾔﾏｸﾞﾁｹﾝﾉｳｷﾖｳ,625,ﾎｳﾎｸﾁﾖｳ
8134,ﾔﾏｸﾞﾁｹﾝﾉｳｷﾖｳ,626,ｶﾝﾀﾞ
8134,ﾔﾏｸﾞﾁｹﾝﾉｳｷﾖｳ,627,ﾄﾖﾀﾁﾖｳ
8134,ﾔﾏｸﾞﾁｹﾝﾉｳｷﾖｳ,681,ﾐﾈﾄｳｶﾂﾎﾝﾌﾞ
8134,ﾔﾏｸﾞﾁｹﾝﾉｳｷﾖｳ,682,ﾐﾄｳ
8134,ﾔﾏｸﾞﾁｹﾝﾉｳｷﾖｳ,683,ｼﾕｳﾎｳ
8134,ﾔﾏｸﾞﾁｹﾝﾉｳｷﾖｳ,684,ｷﾖｳﾜ
8134,ﾔﾏｸﾞﾁｹﾝﾉｳｷﾖｳ,685,ﾆｼｱﾂ
8134,ﾔﾏｸﾞﾁｹﾝﾉｳｷﾖｳ,686,ﾐﾈ
8134,ﾔﾏｸﾞﾁｹﾝﾉｳｷﾖｳ,751,ﾅｶﾞﾄﾄｳｶﾂﾎﾝﾌﾞ
8134,ﾔﾏｸﾞﾁｹﾝﾉｳｷﾖｳ,752,ﾌｶﾜ
8134,ﾔﾏｸﾞﾁｹﾝﾉｳｷﾖｳ,753,ﾀﾜﾗﾔﾏ
8134,ﾔﾏｸﾞﾁｹﾝﾉｳｷﾖｳ,754,ｾﾝｻﾞｷ
8134,ﾔﾏｸﾞﾁｹﾝﾉｳｷﾖｳ,755,ﾐｽﾐ
8134,ﾔﾏｸﾞﾁｹﾝﾉｳｷﾖｳ,756,ﾍｷ
8134,ﾔﾏｸﾞﾁｹﾝﾉｳｷﾖｳ,757,ﾕﾔ
8134,ﾔﾏｸﾞﾁｹﾝﾉｳｷﾖｳ,758,ﾑｶﾂｸ
8134,ﾔﾏｸﾞﾁｹﾝﾉｳｷﾖｳ,900,ﾎﾝｼﾖ
8231,ﾄｸｼﾏｼﾉｳｷﾖｳ,101,ﾎﾝｼﾖ
8231,ﾄｸｼﾏｼﾉｳｷﾖｳ,104,ﾊﾁﾏﾝ
8231,ﾄｸｼﾏｼﾉｳｷﾖｳ,105,ｶﾓﾅ
8231,ﾄｸｼﾏｼﾉｳｷﾖｳ,107,ﾋﾞｻﾞﾝ
8231,ﾄｸｼﾏｼﾉｳｷﾖｳ,111,ｻﾅｺﾞｳﾁ
8231,ﾄｸｼﾏｼﾉｳｷﾖｳ,112,ｺｸﾌ
8231,ﾄｸｼﾏｼﾉｳｷﾖｳ,116,ｶﾜｳﾁ
8231,ﾄｸｼﾏｼﾉｳｷﾖｳ,117,ﾀｶﾗ
8231,ﾄｸｼﾏｼﾉｳｷﾖｳ,119,ﾄｸｼﾏ
8234,ﾋｶﾞｼﾄｸｼﾏﾉｳｷﾖｳ,101,ﾎﾝｼﾖ
8234,ﾋｶﾞｼﾄｸｼﾏﾉｳｷﾖｳ,102,ｺﾏﾂｼﾏ
8234,ﾋｶﾞｼﾄｸｼﾏﾉｳｷﾖｳ,104,ｺﾏﾂｼﾏﾅﾝﾌﾞ
8234,ﾋｶﾞｼﾄｸｼﾏﾉｳｷﾖｳ,106,ｶﾂｳﾗ
8234,ﾋｶﾞｼﾄｸｼﾏﾉｳｷﾖｳ,110,ﾅｶｶﾞﾜ
8234,ﾋｶﾞｼﾄｸｼﾏﾉｳｷﾖｳ,112,ﾊﾉｳﾗ
8252,ﾄｸｼﾏｹﾝﾉｳｷﾖｳ,101,ﾎﾝﾃﾝ
8252,ﾄｸｼﾏｹﾝﾉｳｷﾖｳ,104,ｲﾀﾉ
8252,ﾄｸｼﾏｹﾝﾉｳｷﾖｳ,106,ｱｲｽﾞﾐ
8252,ﾄｸｼﾏｹﾝﾉｳｷﾖｳ,107,ｷﾀｼﾞﾏ
8252,ﾄｸｼﾏｹﾝﾉｳｷﾖｳ,109,ｱﾜ
8252,ﾄｸｼﾏｹﾝﾉｳｷﾖｳ,113,ｶﾐｲﾀ
8252,ﾄｸｼﾏｹﾝﾉｳｷﾖｳ,120,ﾐﾖｳｻﾞｲ
8252,ﾄｸｼﾏｹﾝﾉｳｷﾖｳ,121,ｶﾐﾔﾏ
8252,ﾄｸｼﾏｹﾝﾉｳｷﾖｳ,130,ﾅﾙﾄ
8252,ﾄｸｼﾏｹﾝﾉｳｷﾖｳ,131,ｳｽﾞｼｵ
8252,ﾄｸｼﾏｹﾝﾉｳｷﾖｳ,140,ｸﾜﾉ
8252,ﾄｸｼﾏｹﾝﾉｳｷﾖｳ,141,ｱﾅﾝ
8252,ﾄｸｼﾏｹﾝﾉｳｷﾖｳ,142,ｶﾐﾅｶ
8252,ﾄｸｼﾏｹﾝﾉｳｷﾖｳ,143,ﾌｸｲ
8252,ﾄｸｼﾏｹﾝﾉｳｷﾖｳ,144,ｱｲｵｲ
8252,ﾄｸｼﾏｹﾝﾉｳｷﾖｳ,150,ｶｲﾖｳ
8252,ﾄｸｼﾏｹﾝﾉｳｷﾖｳ,151,ﾐﾅﾐ
8252,ﾄｸｼﾏｹﾝﾉｳｷﾖｳ,160,ｱﾜｼ
8252,ﾄｸｼﾏｹﾝﾉｳｷﾖｳ,161,ｲﾁﾊﾞ
8252,ﾄｸｼﾏｹﾝﾉｳｷﾖｳ,170,ｵｴﾄｳﾌﾞ
8252,ﾄｸｼﾏｹﾝﾉｳｷﾖｳ,171,ｵｴｾｲﾌﾞ
8252,ﾄｸｼﾏｹﾝﾉｳｷﾖｳ,180,ﾜｷﾏﾁ
8252,ﾄｸｼﾏｹﾝﾉｳｷﾖｳ,181,ﾐﾏ
8252,ﾄｸｼﾏｹﾝﾉｳｷﾖｳ,190,ﾐｶﾓ
8252,ﾄｸｼﾏｹﾝﾉｳｷﾖｳ,191,ｲｹﾀﾞ
8261,ｵｵﾂﾏﾂｼｹﾞﾉｳｷﾖｳ,001,ｵｵﾂ
8261,ｵｵﾂﾏﾂｼｹﾞﾉｳｷﾖｳ,002,ﾏﾂｼｹﾞ
8261,ｵｵﾂﾏﾂｼｹﾞﾉｳｷﾖｳ,300,ﾎﾝｼﾖ
8263,ｻﾄｳﾗﾉｳｷﾖｳ,001,ﾎﾝｼﾖ
8300,ｲﾁﾊﾞﾁﾖｳﾉｳｷﾖｳ,001,ﾎﾝｼﾖ
8301,ｱﾜｸﾞﾝﾄｳﾌﾞﾉｳｷﾖｳ,001,ﾎﾝｼﾖ
8332,ｶｶﾞﾜｹﾝﾉｳｷﾖｳ,001,ﾎﾝﾃﾝ
8332,ｶｶﾞﾜｹﾝﾉｳｷﾖｳ,102,ﾋｹﾀ
8332,ｶｶﾞﾜｹﾝﾉｳｷﾖｳ,107,ｼﾛﾄﾘ
8332,ｶｶﾞﾜｹﾝﾉｳｷﾖｳ,132,ﾖﾐｽﾞ
8332,ｶｶﾞﾜｹﾝﾉｳｷﾖｳ,133,ｵｵｳﾁﾆﾌﾞ
8332,ｶｶﾞﾜｹﾝﾉｳｷﾖｳ,152,ﾄﾐﾀﾞ
8332,ｶｶﾞﾜｹﾝﾉｳｷﾖｳ,154,ｲｼﾀﾞ
8332,ｶｶﾞﾜｹﾝﾉｳｷﾖｳ,156,ﾅｶﾞｵ
8332,ｶｶﾞﾜｹﾝﾉｳｷﾖｳ,172,ﾂﾀﾞ
8332,ｶｶﾞﾜｹﾝﾉｳｷﾖｳ,175,ｶﾓｼﾖｳ
8332,ｶｶﾞﾜｹﾝﾉｳｷﾖｳ,176,ｼﾄﾞ
8332,ｶｶﾞﾜｹﾝﾉｳｷﾖｳ,200,ﾐｷﾁﾖｳ
8332,ｶｶﾞﾜｹﾝﾉｳｷﾖｳ,205,ﾋｶﾐ
8332,ｶｶﾞﾜｹﾝﾉｳｷﾖｳ,232,ｶﾜﾋｶﾞｼ
8332,ｶｶﾞﾜｹﾝﾉｳｷﾖｳ,234,ｼｵﾉｴ
8332,ｶｶﾞﾜｹﾝﾉｳｷﾖｳ,236,ｺｳﾅﾝ
8332,ｶｶﾞﾜｹﾝﾉｳｷﾖｳ,238,ｶｶﾞﾜｱｻﾉ
8332,ｶｶﾞﾜｹﾝﾉｳｷﾖｳ,251,ﾅｵｼﾏ
8332,ｶｶﾞﾜｹﾝﾉｳｷﾖｳ,261,ﾊﾔｼ
8332,ｶｶﾞﾜｹﾝﾉｳｷﾖｳ,262,ｶﾜｿﾞｴ
8332,ｶｶﾞﾜｹﾝﾉｳｷﾖｳ,263,ｶﾜｼﾏ
8332,ｶｶﾞﾜｹﾝﾉｳｷﾖｳ,264,ﾀｶﾏﾂﾅﾝﾌﾞｿｶﾞﾜ
8332,ｶｶﾞﾜｹﾝﾉｳｷﾖｳ,265,ｳｴﾀ
8332,ｶｶﾞﾜｹﾝﾉｳｷﾖｳ,267,ﾏｴﾀﾞ
8332,ｶｶﾞﾜｹﾝﾉｳｷﾖｳ,301,ﾀｶﾏﾂｼﾁﾕｳｵｳｲﾁﾉﾐﾔ
8332,ｶｶﾞﾜｹﾝﾉｳｷﾖｳ,303,ﾀﾋ
8332,ｶｶﾞﾜｹﾝﾉｳｷﾖｳ,304,ﾐﾀﾆ
8332,ｶｶﾞﾜｹﾝﾉｳｷﾖｳ,306,ｷﾀ
8332,ｶｶﾞﾜｹﾝﾉｳｷﾖｳ,307,ﾂﾙｵ
8332,ｶｶﾞﾜｹﾝﾉｳｷﾖｳ,313,ﾌﾙﾀｶﾏﾂ
8332,ｶｶﾞﾜｹﾝﾉｳｷﾖｳ,314,ﾔｼﾏ
8332,ｶｶﾞﾜｹﾝﾉｳｷﾖｳ,315,ﾑﾚ
8332,ｶｶﾞﾜｹﾝﾉｳｷﾖｳ,316,ｱｼﾞ
8332,ｶｶﾞﾜｹﾝﾉｳｷﾖｳ,317,ｷﾀﾎｸﾌﾞ
8332,ｶｶﾞﾜｹﾝﾉｳｷﾖｳ,341,ｼｵｶﾞﾐ
8332,ｶｶﾞﾜｹﾝﾉｳｷﾖｳ,342,ｻｲﾜｲﾁﾖｳ
8332,ｶｶﾞﾜｹﾝﾉｳｷﾖｳ,344,ｻｸﾗﾏﾁ
8332,ｶｶﾞﾜｹﾝﾉｳｷﾖｳ,351,ﾀｶﾏﾂｼｵｵﾀ
8332,ｶｶﾞﾜｹﾝﾉｳｷﾖｳ,371,ｶﾜｵｶ
8332,ｶｶﾞﾜｹﾝﾉｳｷﾖｳ,372,ｴﾝｻﾞ
8332,ｶｶﾞﾜｹﾝﾉｳｷﾖｳ,373,ﾀﾞﾝｼ
8332,ｶｶﾞﾜｹﾝﾉｳｷﾖｳ,374,ﾀｶﾏﾂｼｾｲﾌﾞｷﾅｼ
8332,ｶｶﾞﾜｹﾝﾉｳｷﾖｳ,375,ﾂﾙｳﾁ
8332,ｶｶﾞﾜｹﾝﾉｳｷﾖｳ,376,ｺｳｻﾞｲ
8332,ｶｶﾞﾜｹﾝﾉｳｷﾖｳ,377,ｼﾓｶｻｲ
8332,ｶｶﾞﾜｹﾝﾉｳｷﾖｳ,403,ｳﾁﾉﾐ
8332,ｶｶﾞﾜｹﾝﾉｳｷﾖｳ,404,ﾉｳﾏ
8332,ｶｶﾞﾜｹﾝﾉｳｷﾖｳ,406,ﾌｸﾀﾞ
8332,ｶｶﾞﾜｹﾝﾉｳｷﾖｳ,420,ｲｹﾀﾞ
8332,ｶｶﾞﾜｹﾝﾉｳｷﾖｳ,431,ﾄﾉｼﾖｳ
8332,ｶｶﾞﾜｹﾝﾉｳｷﾖｳ,434,ｷﾀｳﾗ
8332,ｶｶﾞﾜｹﾝﾉｳｷﾖｳ,436,ﾃｼﾏ
8332,ｶｶﾞﾜｹﾝﾉｳｷﾖｳ,451,ﾘﾖｳﾅﾝ
8332,ｶｶﾞﾜｹﾝﾉｳｷﾖｳ,454,ｱﾔｶﾐ
8332,ｶｶﾞﾜｹﾝﾉｳｷﾖｳ,458,ﾀｷﾉﾐﾔ
8332,ｶｶﾞﾜｹﾝﾉｳｷﾖｳ,471,ｺｸﾌﾞﾝｼﾞ
8332,ｶｶﾞﾜｹﾝﾉｳｷﾖｳ,472,ｺｸﾌﾞﾝｼﾞﾐﾅﾐ
8332,ｶｶﾞﾜｹﾝﾉｳｷﾖｳ,482,ﾏﾂﾔﾏ
8332,ｶｶﾞﾜｹﾝﾉｳｷﾖｳ,483,ﾊﾔｼﾀﾞ
8332,ｶｶﾞﾜｹﾝﾉｳｷﾖｳ,484,ｻｶｲﾃﾞｼ
8332,ｶｶﾞﾜｹﾝﾉｳｷﾖｳ,501,ﾌﾁﾕｳ
8332,ｶｶﾞﾜｹﾝﾉｳｷﾖｳ,505,ｳﾀﾂﾞ
8332,ｶｶﾞﾜｹﾝﾉｳｷﾖｳ,506,ｶﾜﾂﾁﾖｳ
8332,ｶｶﾞﾜｹﾝﾉｳｷﾖｳ,531,ｱﾔｳﾀ
8332,ｶｶﾞﾜｹﾝﾉｳｷﾖｳ,533,ﾊﾝｻﾞﾝ
8332,ｶｶﾞﾜｹﾝﾉｳｷﾖｳ,535,ｵｶﾀﾞ
8332,ｶｶﾞﾜｹﾝﾉｳｷﾖｳ,550,ｷﾖｳｴｲ
8332,ｶｶﾞﾜｹﾝﾉｳｷﾖｳ,551,ｺﾄﾅﾐ
8332,ｶｶﾞﾜｹﾝﾉｳｷﾖｳ,559,ﾁﾕｳﾅﾝ
8332,ｶｶﾞﾜｹﾝﾉｳｷﾖｳ,570,ﾏﾙｶﾞﾒ
8332,ｶｶﾞﾜｹﾝﾉｳｷﾖｳ,576,ﾏﾙｶﾞﾒﾋｶﾞｼ
8332,ｶｶﾞﾜｹﾝﾉｳｷﾖｳ,580,ﾏﾙｶﾞﾒﾆｼ
8332,ｶｶﾞﾜｹﾝﾉｳｷﾖｳ,583,ﾏﾙｶﾞﾒｷﾀ
8332,ｶｶﾞﾜｹﾝﾉｳｷﾖｳ,601,ｺﾄﾋﾗ
8332,ｶｶﾞﾜｹﾝﾉｳｷﾖｳ,610,ｾﾞﾝﾂｳｼﾞ
8332,ｶｶﾞﾜｹﾝﾉｳｷﾖｳ,615,ｾﾞﾝﾂｳｼﾞﾆｼ
8332,ｶｶﾞﾜｹﾝﾉｳｷﾖｳ,617,ｾﾞﾝﾂｳｼﾞﾋｶﾞｼ
8332,ｶｶﾞﾜｹﾝﾉｳｷﾖｳ,642,ﾀﾄﾞﾂ
8332,ｶｶﾞﾜｹﾝﾉｳｷﾖｳ,662,ﾔﾏﾓﾄ
8332,ｶｶﾞﾜｹﾝﾉｳｷﾖｳ,665,ｻｲﾀ
8332,ｶｶﾞﾜｹﾝﾉｳｷﾖｳ,703,ﾀｶｾ
8332,ｶｶﾞﾜｹﾝﾉｳｷﾖｳ,706,ﾐﾉ
8332,ｶｶﾞﾜｹﾝﾉｳｷﾖｳ,708,ﾀｶｾﾄｳﾌﾞ
8332,ｶｶﾞﾜｹﾝﾉｳｷﾖｳ,724,ﾄﾖﾅｶ
8332,ｶｶﾞﾜｹﾝﾉｳｷﾖｳ,741,ﾀｸﾏ
8332,ｶｶﾞﾜｹﾝﾉｳｷﾖｳ,761,ｶﾝｵﾝｼﾞﾁﾖｳ
8332,ｶｶﾞﾜｹﾝﾉｳｷﾖｳ,762,ﾀｶﾑﾛ
8332,ｶｶﾞﾜｹﾝﾉｳｷﾖｳ,763,ﾄｷﾜ
8332,ｶｶﾞﾜｹﾝﾉｳｷﾖｳ,765,ﾄﾖﾀ
8332,ｶｶﾞﾜｹﾝﾉｳｷﾖｳ,767,ｸﾆﾀ
8332,ｶｶﾞﾜｹﾝﾉｳｷﾖｳ,769,ﾆｵﾁﾖｳ
8332,ｶｶﾞﾜｹﾝﾉｳｷﾖｳ,801,ｵｵﾉﾊﾗ
8332,ｶｶﾞﾜｹﾝﾉｳｷﾖｳ,805,ﾜﾀﾞ
8332,ｶｶﾞﾜｹﾝﾉｳｷﾖｳ,821,ﾄﾖﾊﾏ
8389,ｳﾏﾉｳｷﾖｳ,001,ﾎﾝﾃﾝ
8389,ｳﾏﾉｳｷﾖｳ,002,ﾅｶｿﾈ
8389,ｳﾏﾉｳｷﾖｳ,011,ｷﾝｾｲ
8389,ｳﾏﾉｳｷﾖｳ,013,ｼﾖｳﾊｸ
8389,ｳﾏﾉｳｷﾖｳ,015,ﾄﾖｵｶ
8389,ｳﾏﾉｳｷﾖｳ,021,ﾄﾞｲﾁﾕｳｵｳ
8389,ｳﾏﾉｳｷﾖｳ,031,ｶﾜﾉｴﾁﾕｳｵｳ
8397,ｴﾋﾒﾐﾗｲﾉｳｷﾖｳ,001,ﾎﾝｼﾖ
8397,ｴﾋﾒﾐﾗｲﾉｳｷﾖｳ,004,ｶﾜﾋｶﾞｼ
8397,ｴﾋﾒﾐﾗｲﾉｳｷﾖｳ,009,ｼﾞﾖｳﾌﾞﾋｶﾞｼ
8397,ｴﾋﾒﾐﾗｲﾉｳｷﾖｳ,010,ｼﾞﾖｳﾌﾞﾆｼ
8397,ｴﾋﾒﾐﾗｲﾉｳｷﾖｳ,024,ｻｲｼﾞﾖｳﾁﾕｳｵｳ
8397,ｴﾋﾒﾐﾗｲﾉｳｷﾖｳ,025,ｻｲｼﾞﾖｳｶﾜﾋｶﾞｼ
8397,ｴﾋﾒﾐﾗｲﾉｳｷﾖｳ,026,ｻｲｼﾞﾖｳｶﾜﾆｼ
8398,ｼﾕｳｿｳﾉｳｷﾖｳ,001,ﾎﾝｼﾖ
8398,ｼﾕｳｿｳﾉｳｷﾖｳ,003,ｾｲﾌﾞ
8398,ｼﾕｳｿｳﾉｳｷﾖｳ,006,ﾅﾝﾌﾞ
8398,ｼﾕｳｿｳﾉｳｷﾖｳ,007,ﾁﾕｳｵｳ
8398,ｼﾕｳｿｳﾉｳｷﾖｳ,012,ﾎｸﾌﾞ
8398,ｼﾕｳｿｳﾉｳｷﾖｳ,017,ﾄｳﾌﾞ
8400,ｵﾁｲﾏﾊﾞﾘﾉｳｷﾖｳ,001,ﾎﾝﾃﾝ
8400,ｵﾁｲﾏﾊﾞﾘﾉｳｷﾖｳ,002,ｲﾏﾊﾞﾘ
8400,ｵﾁｲﾏﾊﾞﾘﾉｳｷﾖｳ,004,ﾋﾀﾞｶ
8400,ｵﾁｲﾏﾊﾞﾘﾉｳｷﾖｳ,005,ﾊｼﾊﾏ
8400,ｵﾁｲﾏﾊﾞﾘﾉｳｷﾖｳ,006,ﾉﾏ
8400,ｵﾁｲﾏﾊﾞﾘﾉｳｷﾖｳ,012,ｱｻｸﾗ
8400,ｵﾁｲﾏﾊﾞﾘﾉｳｷﾖｳ,013,ｻｸﾗｲ
8400,ｵﾁｲﾏﾊﾞﾘﾉｳｷﾖｳ,014,ﾄﾐﾀ
8400,ｵﾁｲﾏﾊﾞﾘﾉｳｷﾖｳ,015,ｼﾐｽﾞ
8400,ｵﾁｲﾏﾊﾞﾘﾉｳｷﾖｳ,021,ﾀﾏｶﾞﾜ
8400,ｵﾁｲﾏﾊﾞﾘﾉｳｷﾖｳ,027,ﾅﾐｶﾀﾁﾖｳ
8400,ｵﾁｲﾏﾊﾞﾘﾉｳｷﾖｳ,031,ｵｵﾆｼ
8400,ｵﾁｲﾏﾊﾞﾘﾉｳｷﾖｳ,035,ｷｸﾏ
8400,ｵﾁｲﾏﾊﾞﾘﾉｳｷﾖｳ,041,ｵｵｼﾏ
8400,ｵﾁｲﾏﾊﾞﾘﾉｳｷﾖｳ,051,ﾊｶﾀ
8400,ｵﾁｲﾏﾊﾞﾘﾉｳｷﾖｳ,061,ｶﾐｳﾗ
8400,ｵﾁｲﾏﾊﾞﾘﾉｳｷﾖｳ,075,ｵｵﾐｼﾏ
8400,ｵﾁｲﾏﾊﾞﾘﾉｳｷﾖｳ,081,ﾕｹﾞ
8400,ｵﾁｲﾏﾊﾞﾘﾉｳｷﾖｳ,085,ｲﾜｷﾞ
8401,ｲﾏﾊﾞﾘﾀﾁﾊﾞﾅﾉｳｷﾖｳ,001,ﾎﾝｼﾖ
8401,ｲﾏﾊﾞﾘﾀﾁﾊﾞﾅﾉｳｷﾖｳ,002,ｺﾞｳ
8425,ﾏﾂﾔﾏｼﾉｳｷﾖｳ,001,ﾎﾝｼﾖ
8425,ﾏﾂﾔﾏｼﾉｳｷﾖｳ,002,ﾀｸﾅﾝ
8425,ﾏﾂﾔﾏｼﾉｳｷﾖｳ,003,ｳｹﾅ
8425,ﾏﾂﾔﾏｼﾉｳｷﾖｳ,004,ｲｼｲ
8425,ﾏﾂﾔﾏｼﾉｳｷﾖｳ,005,ﾖﾄﾞ
8425,ﾏﾂﾔﾏｼﾉｳｷﾖｳ,006,ｱｻﾐ
8425,ﾏﾂﾔﾏｼﾉｳｷﾖｳ,007,ﾋｶﾞｼﾕｳｸﾞﾝ
8425,ﾏﾂﾔﾏｼﾉｳｷﾖｳ,008,ﾆｼﾕｳｸﾞﾝ
8425,ﾏﾂﾔﾏｼﾉｳｷﾖｳ,009,ﾐﾌﾞ
8425,ﾏﾂﾔﾏｼﾉｳｷﾖｳ,010,ﾋｻｴﾀﾞ
8425,ﾏﾂﾔﾏｼﾉｳｷﾖｳ,011,ﾜｹ
8425,ﾏﾂﾔﾏｼﾉｳｷﾖｳ,012,ﾐﾂ
8425,ﾏﾂﾔﾏｼﾉｳｷﾖｳ,013,ｼﾝﾊﾏ
8425,ﾏﾂﾔﾏｼﾉｳｷﾖｳ,015,ﾕﾔﾏ
8425,ﾏﾂﾔﾏｼﾉｳｷﾖｳ,017,ｸﾒ
8425,ﾏﾂﾔﾏｼﾉｳｷﾖｳ,018,ﾂﾊﾞｷ
8425,ﾏﾂﾔﾏｼﾉｳｷﾖｳ,019,ｲｽﾞﾐ
8425,ﾏﾂﾔﾏｼﾉｳｷﾖｳ,020,ｱﾝｼﾞﾖｳｼﾞ
8425,ﾏﾂﾔﾏｼﾉｳｷﾖｳ,021,ﾅﾝﾌﾞ
8425,ﾏﾂﾔﾏｼﾉｳｷﾖｳ,022,ｻﾔ
8425,ﾏﾂﾔﾏｼﾉｳｷﾖｳ,024,ﾀｶｲ
8425,ﾏﾂﾔﾏｼﾉｳｷﾖｳ,026,ｷﾇﾔﾏ
8425,ﾏﾂﾔﾏｼﾉｳｷﾖｳ,028,ﾌﾙｶﾜ
8425,ﾏﾂﾔﾏｼﾉｳｷﾖｳ,030,ﾆｼﾖｳｺﾞ
8425,ﾏﾂﾔﾏｼﾉｳｷﾖｳ,033,ｺﾞｺﾞｼﾏ
8425,ﾏﾂﾔﾏｼﾉｳｷﾖｳ,034,ｵﾉ
8425,ﾏﾂﾔﾏｼﾉｳｷﾖｳ,037,ｷﾀｲﾖ
8425,ﾏﾂﾔﾏｼﾉｳｷﾖｳ,039,ｵｶﾀﾞ
8425,ﾏﾂﾔﾏｼﾉｳｷﾖｳ,040,ﾏｻｷ
8425,ﾏﾂﾔﾏｼﾉｳｷﾖｳ,041,ｶﾜｶﾐ
8425,ﾏﾂﾔﾏｼﾉｳｷﾖｳ,044,ｸﾏ
8425,ﾏﾂﾔﾏｼﾉｳｷﾖｳ,050,ﾐﾐﾄﾞ
8425,ﾏﾂﾔﾏｼﾉｳｷﾖｳ,052,ﾎﾘｴ
8457,ｴﾋﾒﾀｲｷﾉｳｷﾖｳ,001,ﾎﾝｼﾖ
8457,ｴﾋﾒﾀｲｷﾉｳｷﾖｳ,002,ｵｵｽﾞ
8457,ｴﾋﾒﾀｲｷﾉｳｷﾖｳ,003,ｷﾀ
8457,ｴﾋﾒﾀｲｷﾉｳｷﾖｳ,005,ｽｹﾞﾀ
8457,ｴﾋﾒﾀｲｷﾉｳｷﾖｳ,009,ﾆｲﾔ
8457,ｴﾋﾒﾀｲｷﾉｳｷﾖｳ,011,ｱﾜｽﾞ
8457,ｴﾋﾒﾀｲｷﾉｳｷﾖｳ,034,ﾋｼﾞｶﾜ
8457,ｴﾋﾒﾀｲｷﾉｳｷﾖｳ,040,ｳﾁｺ
8457,ｴﾋﾒﾀｲｷﾉｳｷﾖｳ,041,ｵｵｾ
8457,ｴﾋﾒﾀｲｷﾉｳｷﾖｳ,051,ｲｶｻﾞｷ
8457,ｴﾋﾒﾀｲｷﾉｳｷﾖｳ,058,ﾅｶﾞﾊﾏ
8457,ｴﾋﾒﾀｲｷﾉｳｷﾖｳ,071,ｵｽﾞﾒﾂｾ
8463,ﾆｼｳﾜﾉｳｷﾖｳ,001,ﾎﾝﾃﾝ
8463,ﾆｼｳﾜﾉｳｷﾖｳ,002,ﾔﾉｻﾞｷ
8463,ﾆｼｳﾜﾉｳｷﾖｳ,003,ｶﾐﾔﾏ
8463,ﾆｼｳﾜﾉｳｷﾖｳ,005,ﾔﾜﾀﾊﾏ
8463,ﾆｼｳﾜﾉｳｷﾖｳ,012,ﾋﾂﾞﾁ
8463,ﾆｼｳﾜﾉｳｷﾖｳ,020,ﾐｶﾒ
8463,ﾆｼｳﾜﾉｳｷﾖｳ,030,ﾎﾅｲ
8463,ﾆｼｳﾜﾉｳｷﾖｳ,040,ｲｶﾀ
8463,ﾆｼｳﾜﾉｳｷﾖｳ,060,ﾐｻｷ
8477,ﾋｶﾞｼｳﾜﾉｳｷﾖｳ,001,ﾎﾝﾃﾝ
8477,ﾋｶﾞｼｳﾜﾉｳｷﾖｳ,004,ﾚﾝｹﾞ
8477,ﾋｶﾞｼｳﾜﾉｳｷﾖｳ,021,ﾉﾑﾗ
8477,ﾋｶﾞｼｳﾜﾉｳｷﾖｳ,031,ｼﾛｶﾜ
8477,ﾋｶﾞｼｳﾜﾉｳｷﾖｳ,041,ｱｹﾊﾏ
8482,ｴﾋﾒﾐﾅﾐﾉｳｷﾖｳ,001,ﾎﾝｼﾖ
8482,ｴﾋﾒﾐﾅﾐﾉｳｷﾖｳ,201,ﾀﾁﾏﾁﾕｳｵｳ
8482,ｴﾋﾒﾐﾅﾐﾉｳｷﾖｳ,301,ﾐﾏﾁﾖｳ
8482,ｴﾋﾒﾐﾅﾐﾉｳｷﾖｳ,401,ｷﾎｸ
8482,ｴﾋﾒﾐﾅﾐﾉｳｷﾖｳ,451,ﾏﾂﾉ
8482,ｴﾋﾒﾐﾅﾐﾉｳｷﾖｳ,501,ﾂｼﾏ
8482,ｴﾋﾒﾐﾅﾐﾉｳｷﾖｳ,601,ﾐﾅﾐｳﾜ
8482,ｴﾋﾒﾐﾅﾐﾉｳｷﾖｳ,611,ｳﾁｳﾐ
8500,ｴﾋﾒﾁﾕｳｵｳﾉｳｷﾖｳ,001,ﾎﾝｼﾖ
8500,ｴﾋﾒﾁﾕｳｵｳﾉｳｷﾖｳ,005,ﾄﾞｳｺﾞ
8500,ｴﾋﾒﾁﾕｳｵｳﾉｳｷﾖｳ,008,ｲﾀﾞｲ
8500,ｴﾋﾒﾁﾕｳｵｳﾉｳｷﾖｳ,010,ｸﾒ
8500,ｴﾋﾒﾁﾕｳｵｳﾉｳｷﾖｳ,013,ｸﾜﾊﾞﾗ
8500,ｴﾋﾒﾁﾕｳｵｳﾉｳｷﾖｳ,015,ｼﾞﾖｳﾎｸ
8500,ｴﾋﾒﾁﾕｳｵｳﾉｳｷﾖｳ,016,ﾕﾗ
8500,ｴﾋﾒﾁﾕｳｵｳﾉｳｷﾖｳ,018,ｼﾖｳｾｷ
8500,ｴﾋﾒﾁﾕｳｵｳﾉｳｷﾖｳ,019,ﾊﾌﾞ
8500,ｴﾋﾒﾁﾕｳｵｳﾉｳｷﾖｳ,021,ｴﾊﾞﾗ
8500,ｴﾋﾒﾁﾕｳｵｳﾉｳｷﾖｳ,101,ﾎｳｼﾞﾖｳﾁﾕｳｵｳ
8500,ｴﾋﾒﾁﾕｳｵｳﾉｳｷﾖｳ,102,ｱｻﾅﾐ
8500,ｴﾋﾒﾁﾕｳｵｳﾉｳｷﾖｳ,108,ﾎｳｼﾞﾖｳﾐﾅﾐ
8500,ｴﾋﾒﾁﾕｳｵｳﾉｳｷﾖｳ,201,ﾅｶｼﾞﾏ
8500,ｴﾋﾒﾁﾕｳｵｳﾉｳｷﾖｳ,222,ｼｹﾞﾉﾌﾞ
8500,ｴﾋﾒﾁﾕｳｵｳﾉｳｷﾖｳ,231,ﾐｳﾁ
8500,ｴﾋﾒﾁﾕｳｵｳﾉｳｷﾖｳ,301,ｱｿｳ
8500,ｴﾋﾒﾁﾕｳｵｳﾉｳｷﾖｳ,303,ﾄﾍﾞ
8500,ｴﾋﾒﾁﾕｳｵｳﾉｳｷﾖｳ,321,ﾅｶﾔﾏ
8500,ｴﾋﾒﾁﾕｳｵｳﾉｳｷﾖｳ,323,ﾋﾛﾀ
8500,ｴﾋﾒﾁﾕｳｵｳﾉｳｷﾖｳ,331,ﾌﾀﾐ
8500,ｴﾋﾒﾁﾕｳｵｳﾉｳｷﾖｳ,403,ｲﾖﾁﾕｳｵｳ
8500,ｴﾋﾒﾁﾕｳｵｳﾉｳｷﾖｳ,404,ﾐﾅﾐﾔﾏｻｷ
8500,ｴﾋﾒﾁﾕｳｵｳﾉｳｷﾖｳ,411,ﾐﾅﾐｲﾖ
8500,ｴﾋﾒﾁﾕｳｵｳﾉｳｷﾖｳ,501,ｵﾀﾞ
8551,ｺｳﾁｼﾉｳｷﾖｳ,001,ﾎﾝｼﾖ
8551,ｺｳﾁｼﾉｳｷﾖｳ,002,ｵｵﾂ
8551,ｺｳﾁｼﾉｳｷﾖｳ,004,ｹﾗ
8551,ｺｳﾁｼﾉｳｷﾖｳ,007,ﾀｶｽ
8551,ｺｳﾁｼﾉｳｷﾖｳ,010,ｲﾂｸ
8551,ｺｳﾁｼﾉｳｷﾖｳ,013,ﾊﾀﾞ
8551,ｺｳﾁｼﾉｳｷﾖｳ,015,ﾐｶﾂﾞｷ
8551,ｺｳﾁｼﾉｳｷﾖｳ,017,ﾁﾕｳｵｳ
8551,ｺｳﾁｼﾉｳｷﾖｳ,018,ｳｼｵｴ
8551,ｺｳﾁｼﾉｳｷﾖｳ,021,ﾐｻﾄ
8551,ｺｳﾁｼﾉｳｷﾖｳ,023,ﾅｶﾞﾊﾏ
8551,ｺｳﾁｼﾉｳｷﾖｳ,024,ｱｻﾋ
8551,ｺｳﾁｼﾉｳｷﾖｳ,026,ｶﾓﾀﾞ
8551,ｺｳﾁｼﾉｳｷﾖｳ,027,ｱｻｸﾗ
8582,ｺｳﾁｹﾝﾉｳｷﾖｳ,101,ｱｷ
8582,ｺｳﾁｹﾝﾉｳｷﾖｳ,102,ｱｷﾋｶﾞｼ
8582,ｺｳﾁｹﾝﾉｳｷﾖｳ,103,ｱｷｷﾀ
8582,ｺｳﾁｹﾝﾉｳｷﾖｳ,106,ﾄｳﾖｳ
8582,ｺｳﾁｹﾝﾉｳｷﾖｳ,107,ﾑﾛﾄ
8582,ｺｳﾁｹﾝﾉｳｷﾖｳ,108,ｷﾗｶﾞﾜ
8582,ｺｳﾁｹﾝﾉｳｷﾖｳ,109,ﾅﾊﾘ
8582,ｺｳﾁｹﾝﾉｳｷﾖｳ,110,ｷﾀｶﾞﾜ
8582,ｺｳﾁｹﾝﾉｳｷﾖｳ,112,ﾔｽﾀﾞ
8582,ｺｳﾁｹﾝﾉｳｷﾖｳ,114,ｹﾞｲｾｲ
8582,ｺｳﾁｹﾝﾉｳｷﾖｳ,201,ﾉｲﾁ
8582,ｺｳﾁｹﾝﾉｳｷﾖｳ,203,ｶﾎｸ
8582,ｺｳﾁｹﾝﾉｳｷﾖｳ,204,ﾄｻﾔﾏﾀﾞ
8582,ｺｳﾁｹﾝﾉｳｷﾖｳ,303,ｵｺｳ
8582,ｺｳﾁｹﾝﾉｳｷﾖｳ,305,ﾅﾝｺﾞｸﾐﾅﾐ
8582,ｺｳﾁｹﾝﾉｳｷﾖｳ,308,ﾅﾝｺﾞｸｷﾀ
8582,ｺｳﾁｹﾝﾉｳｷﾖｳ,310,ﾄｵﾁ
8582,ｺｳﾁｹﾝﾉｳｷﾖｳ,311,ﾚｲﾎｸ
8582,ｺｳﾁｹﾝﾉｳｷﾖｳ,313,ﾓﾄﾔﾏ
8582,ｺｳﾁｹﾝﾉｳｷﾖｳ,315,ｵｵﾄﾖ
8582,ｺｳﾁｹﾝﾉｳｷﾖｳ,316,ｵｵｶﾜ
8582,ｺｳﾁｹﾝﾉｳｷﾖｳ,401,ﾊﾙﾉ
8582,ｺｳﾁｹﾝﾉｳｷﾖｳ,402,ﾄｻﾉｻﾄ
8582,ｺｳﾁｹﾝﾉｳｷﾖｳ,501,ｻｶﾜ
8582,ｺｳﾁｹﾝﾉｳｷﾖｳ,502,ｱｶﾞﾜ
8582,ｺｳﾁｹﾝﾉｳｷﾖｳ,504,ｺﾞﾎｸ
8582,ｺｳﾁｹﾝﾉｳｷﾖｳ,505,ﾋﾀﾞｶ
8582,ｺｳﾁｹﾝﾉｳｷﾖｳ,506,ﾄｶﾉ
8582,ｺｳﾁｹﾝﾉｳｷﾖｳ,507,ｵﾁ
8582,ｺｳﾁｹﾝﾉｳｷﾖｳ,508,ﾆﾖﾄﾞ
8582,ｺｳﾁｹﾝﾉｳｷﾖｳ,509,ｲﾉ
8582,ｺｳﾁｹﾝﾉｳｷﾖｳ,511,ﾄｻｼ
8582,ｺｳﾁｹﾝﾉｳｷﾖｳ,512,ﾍﾜ
8582,ｺｳﾁｹﾝﾉｳｷﾖｳ,513,ﾆｲ
8582,ｺｳﾁｹﾝﾉｳｷﾖｳ,601,ｼﾏﾝﾄ
8582,ｺｳﾁｹﾝﾉｳｷﾖｳ,602,ｵｷﾂ
8582,ｺｳﾁｹﾝﾉｳｷﾖｳ,603,ｵｵﾉﾐ
8582,ｺｳﾁｹﾝﾉｳｷﾖｳ,604,ﾕｽﾊﾗ
8582,ｺｳﾁｹﾝﾉｳｷﾖｳ,605,ﾋｶﾞｼﾂﾉ
8582,ｺｳﾁｹﾝﾉｳｷﾖｳ,701,ﾅｶﾑﾗ
8582,ｺｳﾁｹﾝﾉｳｷﾖｳ,705,ｽｸﾓ
8582,ｺｳﾁｹﾝﾉｳｷﾖｳ,707,ﾐｻｷ
8582,ｺｳﾁｹﾝﾉｳｷﾖｳ,708,ｻｶﾞ
8582,ｺｳﾁｹﾝﾉｳｷﾖｳ,709,ｵｵｶﾞﾀ
8582,ｺｳﾁｹﾝﾉｳｷﾖｳ,711,ﾄｵﾜ
8582,ｺｳﾁｹﾝﾉｳｷﾖｳ,712,ﾆｼﾄｻ
8582,ｺｳﾁｹﾝﾉｳｷﾖｳ,713,ﾐﾊﾗ
8582,ｺｳﾁｹﾝﾉｳｷﾖｳ,714,ｵｵﾂｷ
8582,ｺｳﾁｹﾝﾉｳｷﾖｳ,801,ﾎﾝｼﾖ
8589,ﾄｻｸﾛｼｵﾉｳｷﾖｳ,001,ﾎﾝｼﾖ
8589,ﾄｻｸﾛｼｵﾉｳｷﾖｳ,002,ｳﾗﾉｳﾁ
8589,ﾄｻｸﾛｼｵﾉｳｷﾖｳ,003,ｱｿｳ
8589,ﾄｻｸﾛｼｵﾉｳｷﾖｳ,004,ｽｻｷ
8589,ﾄｻｸﾛｼｵﾉｳｷﾖｳ,005,ｶﾐﾌﾞﾝ
8589,ﾄｻｸﾛｼｵﾉｳｷﾖｳ,006,ｵｵﾀﾆ
8589,ﾄｻｸﾛｼｵﾉｳｷﾖｳ,008,ｵｵﾉｺﾞｳ
8589,ﾄｻｸﾛｼｵﾉｳｷﾖｳ,011,ﾊﾔﾏ
8589,ﾄｻｸﾛｼｵﾉｳｷﾖｳ,021,ｸﾚ
8589,ﾄｻｸﾛｼｵﾉｳｷﾖｳ,031,ｶﾐﾉｶｴ
8621,ﾑﾅｶﾀﾉｳｷﾖｳ,010,ﾎﾝﾃﾝ
8621,ﾑﾅｶﾀﾉｳｷﾖｳ,012,ｱｶﾏ
8621,ﾑﾅｶﾀﾉｳｷﾖｳ,013,ｶﾄｳ
8621,ﾑﾅｶﾀﾉｳｷﾖｳ,015,ﾄｳｺﾞｳ
8621,ﾑﾅｶﾀﾉｳｷﾖｳ,022,ｶﾐｻｲｺﾞｳ
8621,ﾑﾅｶﾀﾉｳｷﾖｳ,026,ﾌｸﾏ
8621,ﾑﾅｶﾀﾉｳｷﾖｳ,031,ﾂﾔｻﾞｷ
8621,ﾑﾅｶﾀﾉｳｷﾖｳ,041,ﾀｼﾏ
8626,ｶｽﾔﾉｳｷﾖｳ,001,ﾎﾝｼﾖ
8626,ｶｽﾔﾉｳｷﾖｳ,131,ｼﾒ
8626,ｶｽﾔﾉｳｷﾖｳ,135,ｳﾐ
8626,ｶｽﾔﾉｳｷﾖｳ,138,ｽｴ
8626,ｶｽﾔﾉｳｷﾖｳ,140,ﾅｶﾊﾞﾙ
8626,ｶｽﾔﾉｳｷﾖｳ,146,ｵｵｶﾜ
8626,ｶｽﾔﾉｳｷﾖｳ,150,ｻｻｸﾞﾘ
8626,ｶｽﾔﾉｳｷﾖｳ,152,ﾋｻﾔﾏ
8626,ｶｽﾔﾉｳｷﾖｳ,160,ｼﾝｸﾞｳ
8626,ｶｽﾔﾉｳｷﾖｳ,172,ｺｶﾞｲﾝﾀ-
8626,ｶｽﾔﾉｳｷﾖｳ,175,ｺｶﾞ
8632,ﾌｸｵｶｼﾄｳﾌﾞﾉｳｷﾖｳ,001,ﾎﾝﾃﾝ
8632,ﾌｸｵｶｼﾄｳﾌﾞﾉｳｷﾖｳ,010,ﾜｼﾞﾛ
8632,ﾌｸｵｶｼﾄｳﾌﾞﾉｳｷﾖｳ,012,ﾐﾄﾏ
8632,ﾌｸｵｶｼﾄｳﾌﾞﾉｳｷﾖｳ,020,ｶｼｲ
8632,ﾌｸｵｶｼﾄｳﾌﾞﾉｳｷﾖｳ,030,ﾀﾀﾗ
8632,ﾌｸｵｶｼﾄｳﾌﾞﾉｳｷﾖｳ,031,ﾏﾂｻﾞｷ
8632,ﾌｸｵｶｼﾄｳﾌﾞﾉｳｷﾖｳ,040,ﾊｺｻﾞｷ
8632,ﾌｸｵｶｼﾄｳﾌﾞﾉｳｷﾖｳ,050,ﾑｼﾛﾀﾞ
8632,ﾌｸｵｶｼﾄｳﾌﾞﾉｳｷﾖｳ,051,ﾂｷｸﾞﾏ
8632,ﾌｸｵｶｼﾄｳﾌﾞﾉｳｷﾖｳ,052,ｸｳｺｳﾏｴ
8632,ﾌｸｵｶｼﾄｳﾌﾞﾉｳｷﾖｳ,060,ｼｶ
8633,ﾌｸｵｶｼﾉｳｷﾖｳ,001,ﾎﾝﾃﾝ
8633,ﾌｸｵｶｼﾉｳｷﾖｳ,010,ｶﾀｶｽ
8633,ﾌｸｵｶｼﾉｳｷﾖｳ,020,ｲﾀﾂﾞｹ
8633,ﾌｸｵｶｼﾉｳｷﾖｳ,022,ｻﾞﾂｼﾖﾉｸﾏ
8633,ﾌｸｵｶｼﾉｳｷﾖｳ,030,ｵｻ
8633,ﾌｸｵｶｼﾉｳｷﾖｳ,031,ｲｼﾞﾘ
8633,ﾌｸｵｶｼﾉｳｷﾖｳ,040,ﾐﾔｹ
8633,ﾌｸｵｶｼﾉｳｷﾖｳ,050,ﾅﾉｶﾜ
8633,ﾌｸｵｶｼﾉｳｷﾖｳ,060,ﾊﾅﾊﾀ
8633,ﾌｸｵｶｼﾉｳｷﾖｳ,070,ﾋｲｶﾜ
8633,ﾌｸｵｶｼﾉｳｷﾖｳ,080,ﾍﾞﾌ
8633,ﾌｸｵｶｼﾉｳｷﾖｳ,090,ﾊﾗ
8633,ﾌｸｵｶｼﾉｳｷﾖｳ,091,ﾑﾛﾐ
8633,ﾌｸｵｶｼﾉｳｷﾖｳ,092,ﾅﾅｸﾏ
8633,ﾌｸｵｶｼﾉｳｷﾖｳ,100,ﾀｸﾞﾏ
8633,ﾌｸｵｶｼﾉｳｷﾖｳ,110,ｶﾅﾀｹ
8633,ﾌｸｵｶｼﾉｳｷﾖｳ,120,ｲｷ
8633,ﾌｸｵｶｼﾉｳｷﾖｳ,121,ﾄｷﾞﾚ
8633,ﾌｸｵｶｼﾉｳｷﾖｳ,130,ﾒｲﾉﾊﾏ
8633,ﾌｸｵｶｼﾉｳｷﾖｳ,140,ﾉｺ
8633,ﾌｸｵｶｼﾉｳｷﾖｳ,150,ｲﾏｼﾞﾕｸ
8633,ﾌｸｵｶｼﾉｳｷﾖｳ,160,ｲﾏﾂﾞ
8633,ﾌｸｵｶｼﾉｳｷﾖｳ,170,ｽｾﾝｼﾞ
8633,ﾌｸｵｶｼﾉｳｷﾖｳ,180,ﾓﾄｵｶ
8633,ﾌｸｵｶｼﾉｳｷﾖｳ,190,ｷﾀｻﾞｷ
8633,ﾌｸｵｶｼﾉｳｷﾖｳ,210,ｲﾙﾍﾞ
8633,ﾌｸｵｶｼﾉｳｷﾖｳ,220,ﾜｷﾔﾏ
8633,ﾌｸｵｶｼﾉｳｷﾖｳ,230,ｳﾁﾉ
8635,ｲﾄｼﾏﾉｳｷﾖｳ,001,ﾏｴﾊﾞﾙ
8635,ｲﾄｼﾏﾉｳｷﾖｳ,002,ｶﾌﾘ
8635,ｲﾄｼﾏﾉｳｷﾖｳ,003,ﾊﾀｴ
8635,ｲﾄｼﾏﾉｳｷﾖｳ,005,ﾗｲｻﾞﾝ
8635,ｲﾄｼﾏﾉｳｷﾖｳ,006,ｲﾄ
8635,ｲﾄｼﾏﾉｳｷﾖｳ,008,ﾌｸﾖｼ
8635,ｲﾄｼﾏﾉｳｷﾖｳ,009,ｾｲﾌﾞ
8635,ｲﾄｼﾏﾉｳｷﾖｳ,013,ﾋｷﾂ
8635,ｲﾄｼﾏﾉｳｷﾖｳ,014,ｼﾏ
8635,ｲﾄｼﾏﾉｳｷﾖｳ,015,ﾎﾝﾃﾝ
8636,ﾁｸｼﾉｳｷﾖｳ,001,ﾎﾝﾃﾝ
8636,ﾁｸｼﾉｳｷﾖｳ,010,ｵｵﾉｼﾞﾖｳ
8636,ﾁｸｼﾉｳｷﾖｳ,011,ﾔﾏﾀﾞ
8636,ﾁｸｼﾉｳｷﾖｳ,012,ｳｼｸﾋﾞ
8636,ﾁｸｼﾉｳｷﾖｳ,013,ｼﾓｵｵﾘ
8636,ﾁｸｼﾉｳｷﾖｳ,014,ｵｵﾉﾋｶﾞｼ
8636,ﾁｸｼﾉｳｷﾖｳ,020,ﾀﾞｻﾞｲﾌﾁﾕｳｵｳ
8636,ﾁｸｼﾉｳｷﾖｳ,021,ﾀﾞｻﾞｲﾌ
8636,ﾁｸｼﾉｳｷﾖｳ,022,ﾐｽﾞｷ
8636,ﾁｸｼﾉｳｷﾖｳ,023,ｴﾉｷﾃﾞﾗ
8636,ﾁｸｼﾉｳｷﾖｳ,024,ﾑｶｲｻﾞﾉ
8636,ﾁｸｼﾉｳｷﾖｳ,030,ﾌﾂｶｲﾁﾋｶﾞｼ
8636,ﾁｸｼﾉｳｷﾖｳ,031,ﾐｶｻ
8636,ﾁｸｼﾉｳｷﾖｳ,032,ﾔﾏｴ
8636,ﾁｸｼﾉｳｷﾖｳ,033,ﾁｸｼｴｷﾏｴ
8636,ﾁｸｼﾉｳｷﾖｳ,034,ﾔﾏｸﾞﾁ
8636,ﾁｸｼﾉｳｷﾖｳ,035,ﾌﾂｶｲﾁ
8636,ﾁｸｼﾉｳｷﾖｳ,036,ﾊﾘｽﾘ
8636,ﾁｸｼﾉｳｷﾖｳ,037,ﾊﾙﾀﾞ
8636,ﾁｸｼﾉｳｷﾖｳ,038,ｱｼｷ
8636,ﾁｸｼﾉｳｷﾖｳ,040,ｶｽｶﾞ
8636,ﾁｸｼﾉｳｷﾖｳ,041,ﾋｶﾘ
8636,ﾁｸｼﾉｳｷﾖｳ,042,ﾋﾉﾃﾞ
8636,ﾁｸｼﾉｳｷﾖｳ,043,ｵｵﾄﾞｲ
8636,ﾁｸｼﾉｳｷﾖｳ,044,ｶｽｶﾞｼﾔｸｼﾖﾅｲ
8636,ﾁｸｼﾉｳｷﾖｳ,045,ｶｽｶﾞﾐﾅﾐ
8636,ﾁｸｼﾉｳｷﾖｳ,050,ﾅｶｶﾞﾜ
8636,ﾁｸｼﾉｳｷﾖｳ,051,ｱﾝﾄｸ
8636,ﾁｸｼﾉｳｷﾖｳ,052,ﾐﾅﾐﾊﾀ
8636,ﾁｸｼﾉｳｷﾖｳ,053,ｶﾀﾅﾜ
8645,ﾁｸｾﾞﾝｱｻｸﾗﾉｳｷﾖｳ,003,ﾐﾅｷﾞ
8645,ﾁｸｾﾞﾝｱｻｸﾗﾉｳｷﾖｳ,004,ｱﾏｷﾞﾁﾕｳｵｳ
8645,ﾁｸｾﾞﾝｱｻｸﾗﾉｳｷﾖｳ,012,ｱｷﾂﾞｷ
8645,ﾁｸｾﾞﾝｱｻｸﾗﾉｳｷﾖｳ,014,ﾎﾝﾃﾝ
8645,ﾁｸｾﾞﾝｱｻｸﾗﾉｳｷﾖｳ,016,ﾄｳﾎｳ
8645,ﾁｸｾﾞﾝｱｻｸﾗﾉｳｷﾖｳ,017,ﾊｷ
8645,ﾁｸｾﾞﾝｱｻｸﾗﾉｳｷﾖｳ,021,ｱｻｸﾗ
8645,ﾁｸｾﾞﾝｱｻｸﾗﾉｳｷﾖｳ,024,ﾐﾜ
8645,ﾁｸｾﾞﾝｱｻｸﾗﾉｳｷﾖｳ,026,ﾔｽ
8660,ﾌｸｵｶｸﾙﾒｼﾉｳｷﾖｳ,001,ﾎﾝﾃﾝ
8660,ﾌｸｵｶｸﾙﾒｼﾉｳｷﾖｳ,007,ﾁﾕｳｵｳ
8660,ﾌｸｵｶｸﾙﾒｼﾉｳｷﾖｳ,009,ﾅﾝﾌﾞ
8660,ﾌｸｵｶｸﾙﾒｼﾉｳｷﾖｳ,011,ﾎｸﾌﾞ
8660,ﾌｸｵｶｸﾙﾒｼﾉｳｷﾖｳ,014,ﾄｳﾌﾞ
8660,ﾌｸｵｶｸﾙﾒｼﾉｳｷﾖｳ,017,ｾｲﾌﾞ
8660,ﾌｸｵｶｸﾙﾒｼﾉｳｷﾖｳ,104,ﾖｼｲ
8660,ﾌｸｵｶｸﾙﾒｼﾉｳｷﾖｳ,112,ｳｷﾊ
8660,ﾌｸｵｶｸﾙﾒｼﾉｳｷﾖｳ,123,ﾀﾇｼﾏﾙ
8660,ﾌｸｵｶｸﾙﾒｼﾉｳｷﾖｳ,204,ｵｺﾞｵﾘﾁﾕｳｵｳ
8660,ﾌｸｵｶｸﾙﾒｼﾉｳｷﾖｳ,208,ｷﾀﾉﾁﾕｳｵｳ
8660,ﾌｸｵｶｸﾙﾒｼﾉｳｷﾖｳ,211,ﾀﾁｱﾗｲﾁﾕｳｵｳ
8664,ﾐｽﾞﾏﾏﾁﾉｳｷﾖｳ,010,ﾎﾝｼﾖ
8667,ﾌｸｵｶｵｵｷﾉｳｷﾖｳ,001,ｵｵｶﾜ
8667,ﾌｸｵｶｵｵｷﾉｳｷﾖｳ,011,ｼﾞﾖｳｼﾞﾏ
8667,ﾌｸｵｶｵｵｷﾉｳｷﾖｳ,021,ｵｵｷ
8667,ﾌｸｵｶｵｵｷﾉｳｷﾖｳ,030,ﾎﾝﾃﾝ
8668,ﾌｸｵｶﾔﾒﾉｳｷﾖｳ,001,ﾎﾝﾃﾝ
8668,ﾌｸｵｶﾔﾒﾉｳｷﾖｳ,003,ﾔﾒﾋｶﾞｼ
8668,ﾌｸｵｶﾔﾒﾉｳｷﾖｳ,004,ﾔﾒｷﾀ
8668,ﾌｸｵｶﾔﾒﾉｳｷﾖｳ,007,ﾔﾒﾆｼ
8668,ﾌｸｵｶﾔﾒﾉｳｷﾖｳ,011,ﾊｲﾇﾂﾞｶ
8668,ﾌｸｵｶﾔﾒﾉｳｷﾖｳ,013,ﾁｸｺﾞ
8668,ﾌｸｵｶﾔﾒﾉｳｷﾖｳ,019,ﾀﾁﾊﾞﾅ
8668,ﾌｸｵｶﾔﾒﾉｳｷﾖｳ,023,ﾋﾛｶﾜ
8668,ﾌｸｵｶﾔﾒﾉｳｷﾖｳ,026,ﾎｼﾉ
8668,ﾌｸｵｶﾔﾒﾉｳｷﾖｳ,028,ｼﾞﾖｳﾖｳ
8668,ﾌｸｵｶﾔﾒﾉｳｷﾖｳ,030,ﾔﾍﾞ
8668,ﾌｸｵｶﾔﾒﾉｳｷﾖｳ,031,ｸﾛｷ
8680,ﾔﾅｶﾞﾜﾉｳｷﾖｳ,001,ﾎﾝｼﾖ
8680,ﾔﾅｶﾞﾜﾉｳｷﾖｳ,002,ｶﾏﾁ
8680,ﾔﾅｶﾞﾜﾉｳｷﾖｳ,003,ｼﾖｳﾀﾞｲ
8680,ﾔﾅｶﾞﾜﾉｳｷﾖｳ,004,ﾔﾅｶﾞﾜ
8680,ﾔﾅｶﾞﾜﾉｳｷﾖｳ,009,ﾔﾏﾄ
8680,ﾔﾅｶﾞﾜﾉｳｷﾖｳ,011,ｻﾗｶｷﾋﾗｷ
8680,ﾔﾅｶﾞﾜﾉｳｷﾖｳ,012,ﾐﾂﾊｼ
8689,ﾐﾅﾐﾁｸｺﾞﾉｳｷﾖｳ,001,ｵｵﾑﾀ
8689,ﾐﾅﾐﾁｸｺﾞﾉｳｷﾖｳ,103,ｾﾀｶ
8689,ﾐﾅﾐﾁｸｺﾞﾉｳｷﾖｳ,111,ﾎﾝﾃﾝ
8689,ﾐﾅﾐﾁｸｺﾞﾉｳｷﾖｳ,200,ﾔﾏｶﾜ
8689,ﾐﾅﾐﾁｸｺﾞﾉｳｷﾖｳ,305,ﾀｶﾀ
8692,ｷﾀｷﾕｳｼﾕｳﾉｳｷﾖｳ,001,ﾎﾝﾃﾝ
8692,ｷﾀｷﾕｳｼﾕｳﾉｳｷﾖｳ,002,ｵﾘｵ
8692,ｷﾀｷﾕｳｼﾕｳﾉｳｷﾖｳ,004,ｻﾝｶﾞﾓﾘ
8692,ｷﾀｷﾕｳｼﾕｳﾉｳｷﾖｳ,005,ﾔﾊﾀ
8692,ｷﾀｷﾕｳｼﾕｳﾉｳｷﾖｳ,007,ｱﾉｳ
8692,ｷﾀｷﾕｳｼﾕｳﾉｳｷﾖｳ,010,ｶﾂｷ
8692,ｷﾀｷﾕｳｼﾕｳﾉｳｷﾖｳ,011,ｺﾔﾉｾ
8692,ｷﾀｷﾕｳｼﾕｳﾉｳｷﾖｳ,013,ｵｵｸﾗ
8692,ｷﾀｷﾕｳｼﾕｳﾉｳｷﾖｳ,014,ﾜｶﾏﾂ
8692,ｷﾀｷﾕｳｼﾕｳﾉｳｷﾖｳ,101,ｵﾝｶﾞ
8692,ｷﾀｷﾕｳｼﾕｳﾉｳｷﾖｳ,102,ｵｶｶﾞｷ
8692,ｷﾀｷﾕｳｼﾕｳﾉｳｷﾖｳ,106,ﾐｽﾞﾏｷ
8692,ｷﾀｷﾕｳｼﾕｳﾉｳｷﾖｳ,107,ｱｼﾔ
8692,ｷﾀｷﾕｳｼﾕｳﾉｳｷﾖｳ,115,ﾅｶﾏ
8692,ｷﾀｷﾕｳｼﾕｳﾉｳｷﾖｳ,220,ｺｸﾗ
8692,ｷﾀｷﾕｳｼﾕｳﾉｳｷﾖｳ,221,ｲｼﾀﾞ
8692,ｷﾀｷﾕｳｼﾕｳﾉｳｷﾖｳ,230,ﾆｼﾅｶ
8692,ｷﾀｷﾕｳｼﾕｳﾉｳｷﾖｳ,240,ﾋｶﾞｼﾀﾆ
8692,ｷﾀｷﾕｳｼﾕｳﾉｳｷﾖｳ,260,ﾓｼﾞ
8692,ｷﾀｷﾕｳｼﾕｳﾉｳｷﾖｳ,270,ｿﾈ
8694,ﾁﾖｸｱﾝﾉｳｷﾖｳ,005,ﾎﾝｼﾖ
8694,ﾁﾖｸｱﾝﾉｳｷﾖｳ,015,ﾐﾔﾜｶ
8694,ﾁﾖｸｱﾝﾉｳｷﾖｳ,020,ｸﾗﾃ
8701,ﾌｸｵｶｶﾎﾉｳｷﾖｳ,001,ﾎﾝｼﾖ
8701,ﾌｸｵｶｶﾎﾉｳｷﾖｳ,010,ｳｽｲ
8701,ﾌｸｵｶｶﾎﾉｳｷﾖｳ,020,ｹｲｾﾝ
8701,ﾌｸｵｶｶﾎﾉｳｷﾖｳ,030,ﾎﾅﾐ
8701,ﾌｸｵｶｶﾎﾉｳｷﾖｳ,040,ｲﾅﾂｷ
8701,ﾌｸｵｶｶﾎﾉｳｷﾖｳ,050,ｼﾖｳﾅｲ
8701,ﾌｸｵｶｶﾎﾉｳｷﾖｳ,060,ｶｲﾀ
8701,ﾌｸｵｶｶﾎﾉｳｷﾖｳ,070,ｶﾎ
8701,ﾌｸｵｶｶﾎﾉｳｷﾖｳ,080,ﾔﾏﾀﾞ
8701,ﾌｸｵｶｶﾎﾉｳｷﾖｳ,090,ﾁｸﾎ
8701,ﾌｸｵｶｶﾎﾉｳｷﾖｳ,100,ｲｲﾂﾞｶ
8715,ﾀｶﾞﾜﾉｳｷﾖｳ,001,ﾎﾝｼﾖ
8715,ﾀｶﾞﾜﾉｳｷﾖｳ,002,ｵｵﾄｳ
8715,ﾀｶﾞﾜﾉｳｷﾖｳ,003,ｶﾜｻｷ
8715,ﾀｶﾞﾜﾉｳｷﾖｳ,004,ｲﾀ
8715,ﾀｶﾞﾜﾉｳｷﾖｳ,005,ｺﾞﾄｳｼﾞ
8715,ﾀｶﾞﾜﾉｳｷﾖｳ,008,ﾌｸﾁ
8715,ﾀｶﾞﾜﾉｳｷﾖｳ,010,ｲﾄﾀﾞ
8715,ﾀｶﾞﾜﾉｳｷﾖｳ,015,ｿｴﾀﾞ
8715,ﾀｶﾞﾜﾉｳｷﾖｳ,020,ｶﾜﾗ
8715,ﾀｶﾞﾜﾉｳｷﾖｳ,022,ｱｶ
8730,ﾌｸｵｶｹｲﾁｸﾉｳｷﾖｳ,001,ﾂｲｷ
8730,ﾌｸｵｶｹｲﾁｸﾉｳｷﾖｳ,004,ｼｲﾀﾞ
8730,ﾌｸｵｶｹｲﾁｸﾉｳｷﾖｳ,012,ﾌﾞｾﾞﾝ
8730,ﾌｸｵｶｹｲﾁｸﾉｳｷﾖｳ,021,ﾁｸﾄｳ
8730,ﾌｸｵｶｹｲﾁｸﾉｳｷﾖｳ,100,ﾎﾝﾃﾝ
8730,ﾌｸｵｶｹｲﾁｸﾉｳｷﾖｳ,105,ﾕｸﾊｼﾁﾕｳｵｳ
8730,ﾌｸｵｶｹｲﾁｸﾉｳｷﾖｳ,108,ﾕｸﾊｼﾐﾅﾐ
8730,ﾌｸｵｶｹｲﾁｸﾉｳｷﾖｳ,111,ｶﾝﾀﾞ
8730,ﾌｸｵｶｹｲﾁｸﾉｳｷﾖｳ,121,ﾄﾖﾂ
8730,ﾌｸｵｶｹｲﾁｸﾉｳｷﾖｳ,131,ｻｲｶﾞﾜ
8730,ﾌｸｵｶｹｲﾁｸﾉｳｷﾖｳ,141,ﾐﾔｺ
8740,ｻｶﾞｼﾁﾕｳｵｳﾉｳｷﾖｳ,100,ﾎﾝﾃﾝ
8762,ｻｶﾞｹﾝﾉｳｷﾖｳ,001,ﾎﾝｼﾖ
8762,ｻｶﾞｹﾝﾉｳｷﾖｳ,101,ｶﾜｿｴﾁﾕｳｵｳ
8762,ｻｶﾞｹﾝﾉｳｷﾖｳ,106,ﾋｶﾞｼﾖｶ
8762,ｻｶﾞｹﾝﾉｳｷﾖｳ,107,ｸﾎﾞﾀ
8762,ｻｶﾞｹﾝﾉｳｷﾖｳ,109,ﾔﾏﾄﾁﾕｳｵｳ
8762,ｻｶﾞｹﾝﾉｳｷﾖｳ,110,ｶｽｶﾞ
8762,ｻｶﾞｹﾝﾉｳｷﾖｳ,112,ｵｷﾞ
8762,ｻｶﾞｹﾝﾉｳｷﾖｳ,114,ﾐｶﾂｷ
8762,ｻｶﾞｹﾝﾉｳｷﾖｳ,116,ｱｼｶﾘ
8762,ｻｶﾞｹﾝﾉｳｷﾖｳ,117,ｳｼﾂﾞ
8762,ｻｶﾞｹﾝﾉｳｷﾖｳ,118,ﾀｸﾁﾕｳｵｳ
8762,ｻｶﾞｹﾝﾉｳｷﾖｳ,120,ﾀｸｻﾝﾜ
8762,ｻｶﾞｹﾝﾉｳｷﾖｳ,121,ﾀｸｾｲｹｲ
8762,ｻｶﾞｹﾝﾉｳｷﾖｳ,130,ｻｶﾞｼﾕﾒｻｷ
8762,ｻｶﾞｹﾝﾉｳｷﾖｳ,132,ｻｶﾞｼﾅﾝﾌﾞ
8762,ｻｶﾞｹﾝﾉｳｷﾖｳ,135,ｻｶﾞｼｾｲﾌﾞ
8762,ｻｶﾞｹﾝﾉｳｷﾖｳ,137,ｻｶﾞｼﾎｸﾌﾞ
8762,ｻｶﾞｹﾝﾉｳｷﾖｳ,139,ｻｶﾞｼﾄｳﾌﾞ
8762,ｻｶﾞｹﾝﾉｳｷﾖｳ,160,ｻｶﾞｼﾓﾛﾄﾞﾐﾁﾖｳ
8762,ｻｶﾞｹﾝﾉｳｷﾖｳ,170,ｻｶﾞｼﾌｼﾞﾁﾖｳ
8762,ｻｶﾞｹﾝﾉｳｷﾖｳ,301,ﾄｽｷﾀ
8762,ｻｶﾞｹﾝﾉｳｷﾖｳ,305,ﾄｽﾆｼ
8762,ｻｶﾞｹﾝﾉｳｷﾖｳ,306,ｷﾔﾏ
8762,ｻｶﾞｹﾝﾉｳｷﾖｳ,312,ｶﾐﾐﾈ
8762,ｻｶﾞｹﾝﾉｳｷﾖｳ,313,ﾐﾈ
8762,ｻｶﾞｹﾝﾉｳｷﾖｳ,315,ﾐﾔｷ
8762,ｻｶﾞｹﾝﾉｳｷﾖｳ,316,ﾄｽﾐﾅﾐ
8762,ｻｶﾞｹﾝﾉｳｷﾖｳ,321,ｶﾝｻﾞｷ
8762,ｻｶﾞｹﾝﾉｳｷﾖｳ,325,ﾁﾖﾀﾞ
8762,ｻｶﾞｹﾝﾉｳｷﾖｳ,327,ﾖｼﾉｶﾞﾘ
8762,ｻｶﾞｹﾝﾉｳｷﾖｳ,329,ｾﾌﾘ
8762,ｻｶﾞｹﾝﾉｳｷﾖｳ,330,ﾐﾂｾﾞ
8762,ｻｶﾞｹﾝﾉｳｷﾖｳ,701,ﾀｹｵ
8762,ｻｶﾞｹﾝﾉｳｷﾖｳ,704,ﾀｹｵｷﾀ
8762,ｻｶﾞｹﾝﾉｳｷﾖｳ,706,ｶﾜﾉﾎﾞﾘ
8762,ｻｶﾞｹﾝﾉｳｷﾖｳ,708,ﾔﾏｳﾁ
8762,ｻｶﾞｹﾝﾉｳｷﾖｳ,712,ｵｵﾏﾁ
8762,ｻｶﾞｹﾝﾉｳｷﾖｳ,713,ｷｼﾏ
8762,ｻｶﾞｹﾝﾉｳｷﾖｳ,714,ｶｼﾏ
8762,ｻｶﾞｹﾝﾉｳｷﾖｳ,715,ﾉｺﾞﾐ
8762,ｻｶﾞｹﾝﾉｳｷﾖｳ,718,ﾅﾅｳﾗ
8762,ｻｶﾞｹﾝﾉｳｷﾖｳ,721,ﾀﾗ
8762,ｻｶﾞｹﾝﾉｳｷﾖｳ,722,ｵｵｳﾗ
8762,ｻｶﾞｹﾝﾉｳｷﾖｳ,725,ｼｵﾀ
8762,ｻｶﾞｹﾝﾉｳｷﾖｳ,726,ｳﾚｼﾉ
8762,ｻｶﾞｹﾝﾉｳｷﾖｳ,728,ｻｸﾗ
8762,ｻｶﾞｹﾝﾉｳｷﾖｳ,731,ｼﾛｲｼ
8762,ｻｶﾞｹﾝﾉｳｷﾖｳ,735,ﾌｸﾄﾞﾐ
8762,ｻｶﾞｹﾝﾉｳｷﾖｳ,736,ｱﾘｱｹ
8766,ｶﾗﾂﾉｳｷﾖｳ,002,ｶｶﾞﾐﾔﾏ
8766,ｶﾗﾂﾉｳｷﾖｳ,006,ﾔﾏﾓﾄ
8766,ｶﾗﾂﾉｳｷﾖｳ,009,ｶﾗﾂ
8766,ｶﾗﾂﾉｳｷﾖｳ,019,ｶﾗﾂﾁﾕｳｵｳ
8766,ｶﾗﾂﾉｳｷﾖｳ,020,ﾏﾂｳﾗﾄｳﾌﾞ
8766,ｶﾗﾂﾉｳｷﾖｳ,024,ｵｳﾁ
8766,ｶﾗﾂﾉｳｷﾖｳ,027,ﾋｾﾞﾝ
8766,ｶﾗﾂﾉｳｷﾖｳ,029,ｹﾞﾝｶｲ
8766,ｶﾗﾂﾉｳｷﾖｳ,031,ｳﾜﾊﾞｷﾀ
8766,ｶﾗﾂﾉｳｷﾖｳ,100,ﾎﾝｼﾖ
8771,ｲﾏﾘｼﾉｳｷﾖｳ,002,ﾁﾕｳｵｳ
8771,ｲﾏﾘｼﾉｳｷﾖｳ,004,ﾎｸﾌﾞ
8771,ｲﾏﾘｼﾉｳｷﾖｳ,008,ｾｲﾌﾞ
8771,ｲﾏﾘｼﾉｳｷﾖｳ,020,ﾐﾅﾐﾊﾀ
8771,ｲﾏﾘｼﾉｳｷﾖｳ,021,ﾄｳﾌﾞ
8771,ｲﾏﾘｼﾉｳｷﾖｳ,022,ﾆｼｱﾘﾀ
8771,ｲﾏﾘｼﾉｳｷﾖｳ,024,ｱﾘﾀ
8771,ｲﾏﾘｼﾉｳｷﾖｳ,100,ﾎﾝｼﾖ
8794,ﾅｶﾞｻｷｾｲﾋﾉｳｷﾖｳ,003,ﾓｷﾞ
8794,ﾅｶﾞｻｷｾｲﾋﾉｳｷﾖｳ,008,ｻﾝﾜ
8794,ﾅｶﾞｻｷｾｲﾋﾉｳｷﾖｳ,010,ﾐｴ
8794,ﾅｶﾞｻｷｾｲﾋﾉｳｷﾖｳ,021,ｾｲﾋ
8794,ﾅｶﾞｻｷｾｲﾋﾉｳｷﾖｳ,023,ｻｲｶｲ
8794,ﾅｶﾞｻｷｾｲﾋﾉｳｷﾖｳ,027,ｵｵｾﾄ
8794,ﾅｶﾞｻｷｾｲﾋﾉｳｷﾖｳ,100,ﾎﾝﾃﾝ
8794,ﾅｶﾞｻｷｾｲﾋﾉｳｷﾖｳ,201,ﾅｶﾞﾖ
8794,ﾅｶﾞｻｷｾｲﾋﾉｳｷﾖｳ,204,ﾀﾗﾐ
8794,ﾅｶﾞｻｷｾｲﾋﾉｳｷﾖｳ,205,ｷﾝｶｲ
8794,ﾅｶﾞｻｷｾｲﾋﾉｳｷﾖｳ,210,ﾄｷﾞﾂ
8794,ﾅｶﾞｻｷｾｲﾋﾉｳｷﾖｳ,301,ﾋｶﾞｼﾅｶﾞｻｷ
8794,ﾅｶﾞｻｷｾｲﾋﾉｳｷﾖｳ,310,ﾆｼｳﾗｶﾐ
8794,ﾅｶﾞｻｷｾｲﾋﾉｳｷﾖｳ,312,ﾅｶﾞｻｷﾁﾕｳｵｳ
8813,ﾅｶﾞｻｷｹﾝｵｳﾉｳｷﾖｳ,002,ｲｻﾊﾔｷﾀ
8813,ﾅｶﾞｻｷｹﾝｵｳﾉｳｷﾖｳ,003,ｵﾉ
8813,ﾅｶﾞｻｷｹﾝｵｳﾉｳｷﾖｳ,004,ﾏﾂﾔﾏ
8813,ﾅｶﾞｻｷｹﾝｵｳﾉｳｷﾖｳ,006,ﾓﾘﾔﾏ
8813,ﾅｶﾞｻｷｹﾝｵｳﾉｳｷﾖｳ,007,ｲｲﾓﾘｳｷ
8813,ﾅｶﾞｻｷｹﾝｵｳﾉｳｷﾖｳ,017,ﾅｶﾞﾀ
8813,ﾅｶﾞｻｷｹﾝｵｳﾉｳｷﾖｳ,100,ﾎﾝﾃﾝ
8813,ﾅｶﾞｻｷｹﾝｵｳﾉｳｷﾖｳ,200,ｵｵﾑﾗﾁﾕｳｵｳ
8813,ﾅｶﾞｻｷｹﾝｵｳﾉｳｷﾖｳ,202,ｺｵﾘ
8813,ﾅｶﾞｻｷｹﾝｵｳﾉｳｷﾖｳ,207,ﾐｽｽﾞ
8813,ﾅｶﾞｻｷｹﾝｵｳﾉｳｷﾖｳ,210,ｵｵﾑﾗｷﾀ
8813,ﾅｶﾞｻｷｹﾝｵｳﾉｳｷﾖｳ,303,ﾋｶﾞｼｿﾉｷﾞ
8813,ﾅｶﾞｻｷｹﾝｵｳﾉｳｷﾖｳ,304,ｶﾜﾀﾅ
8813,ﾅｶﾞｻｷｹﾝｵｳﾉｳｷﾖｳ,306,ﾊｻﾐ
8813,ﾅｶﾞｻｷｹﾝｵｳﾉｳｷﾖｳ,402,ﾀｶｷ
8813,ﾅｶﾞｻｷｹﾝｵｳﾉｳｷﾖｳ,403,ｺﾅｶﾞｲ
8829,ｼﾏﾊﾞﾗｳﾝｾﾞﾝﾉｳｷﾖｳ,001,ｼﾏﾊﾞﾗ
8829,ｼﾏﾊﾞﾗｳﾝｾﾞﾝﾉｳｷﾖｳ,005,ｱﾘｱｹ
8829,ｼﾏﾊﾞﾗｳﾝｾﾞﾝﾉｳｷﾖｳ,008,ｸﾆﾐ
8829,ｼﾏﾊﾞﾗｳﾝｾﾞﾝﾉｳｷﾖｳ,011,ﾐｽﾞﾎ
8829,ｼﾏﾊﾞﾗｳﾝｾﾞﾝﾉｳｷﾖｳ,014,ｱﾂﾞﾏ
8829,ｼﾏﾊﾞﾗｳﾝｾﾞﾝﾉｳｷﾖｳ,015,ｱｲﾉ
8829,ｼﾏﾊﾞﾗｳﾝｾﾞﾝﾉｳｷﾖｳ,016,ﾁﾁﾞﾜ
8829,ｼﾏﾊﾞﾗｳﾝｾﾞﾝﾉｳｷﾖｳ,017,ｵﾊﾞﾏ
8829,ｼﾏﾊﾞﾗｳﾝｾﾞﾝﾉｳｷﾖｳ,019,ﾐﾅﾐｸｼ
8829,ｼﾏﾊﾞﾗｳﾝｾﾞﾝﾉｳｷﾖｳ,020,ｶﾂﾞｻ
8829,ｼﾏﾊﾞﾗｳﾝｾﾞﾝﾉｳｷﾖｳ,021,ｸﾁﾉﾂ
8829,ｼﾏﾊﾞﾗｳﾝｾﾞﾝﾉｳｷﾖｳ,022,ﾐﾅﾐｱﾘﾏ
8829,ｼﾏﾊﾞﾗｳﾝｾﾞﾝﾉｳｷﾖｳ,023,ｷﾀｱﾘﾏ
8829,ｼﾏﾊﾞﾗｳﾝｾﾞﾝﾉｳｷﾖｳ,024,ﾆｼｱﾘｴ
8829,ｼﾏﾊﾞﾗｳﾝｾﾞﾝﾉｳｷﾖｳ,029,ｱﾘｴ
8829,ｼﾏﾊﾞﾗｳﾝｾﾞﾝﾉｳｷﾖｳ,031,ﾌﾂ
8829,ｼﾏﾊﾞﾗｳﾝｾﾞﾝﾉｳｷﾖｳ,032,ﾌｶｴ
8829,ｼﾏﾊﾞﾗｳﾝｾﾞﾝﾉｳｷﾖｳ,100,ﾎﾝﾃﾝ
8857,ﾅｶﾞｻｷｻｲｶｲﾉｳｷﾖｳ,001,ﾎﾝﾃﾝ
8857,ﾅｶﾞｻｷｻｲｶｲﾉｳｷﾖｳ,009,ﾎｸﾌﾞﾁﾕｳｵｳ
8857,ﾅｶﾞｻｷｻｲｶｲﾉｳｷﾖｳ,010,ｻｾﾎﾞ
8857,ﾅｶﾞｻｷｻｲｶｲﾉｳｷﾖｳ,015,ﾅﾝﾌﾞﾁﾕｳｵｳ
8857,ﾅｶﾞｻｷｻｲｶｲﾉｳｷﾖｳ,016,ﾎｸｼﾖｳ
8857,ﾅｶﾞｻｷｻｲｶｲﾉｳｷﾖｳ,017,ｳｸ
8857,ﾅｶﾞｻｷｻｲｶｲﾉｳｷﾖｳ,018,ｵﾁﾞｶ
8857,ﾅｶﾞｻｷｻｲｶｲﾉｳｷﾖｳ,032,ﾏﾂｳﾗ
8857,ﾅｶﾞｻｷｻｲｶｲﾉｳｷﾖｳ,036,ﾌｸｼﾏ
8857,ﾅｶﾞｻｷｻｲｶｲﾉｳｷﾖｳ,039,ｲｷﾂｷ
8857,ﾅｶﾞｻｷｻｲｶｲﾉｳｷﾖｳ,041,ﾋﾗﾄﾞ
8857,ﾅｶﾞｻｷｻｲｶｲﾉｳｷﾖｳ,043,ﾋﾗﾄﾞﾁﾕｳﾅﾝﾌﾞ
8857,ﾅｶﾞｻｷｻｲｶｲﾉｳｷﾖｳ,044,ｵｵｼﾏ
8893,ｺﾞﾄｳﾉｳｷﾖｳ,001,ﾌｸｴ
8893,ｺﾞﾄｳﾉｳｷﾖｳ,011,ﾄﾐｴ
8893,ｺﾞﾄｳﾉｳｷﾖｳ,017,ｾｲﾌﾞ
8893,ｺﾞﾄｳﾉｳｷﾖｳ,020,ｶﾐｺﾞﾄｳ
8893,ｺﾞﾄｳﾉｳｷﾖｳ,026,ｱﾘｶﾜ
8893,ｺﾞﾄｳﾉｳｷﾖｳ,100,ﾎﾝﾃﾝ
8905,ｲｷｼﾉｳｷﾖｳ,001,ﾎﾝｼﾖ
8905,ｲｷｼﾉｳｷﾖｳ,004,ﾐﾅﾐ
8905,ｲｷｼﾉｳｷﾖｳ,012,ｷﾀ
8906,ﾂｼﾏﾉｳｷﾖｳ,002,ﾂｼﾏ
8906,ﾂｼﾏﾉｳｷﾖｳ,004,ﾅｶﾂｼﾏ
8906,ﾂｼﾏﾉｳｷﾖｳ,007,ｶﾐﾂｼﾏ
8906,ﾂｼﾏﾉｳｷﾖｳ,100,ﾎﾝﾃﾝ
8916,ｸﾏﾓﾄｼﾉｳｷﾖｳ,001,ﾎﾝﾃﾝ
8916,ｸﾏﾓﾄｼﾉｳｷﾖｳ,004,ｷﾀｸﾏﾓﾄ
8916,ｸﾏﾓﾄｼﾉｳｷﾖｳ,005,ﾀﾂﾀﾞ
8916,ｸﾏﾓﾄｼﾉｳｷﾖｳ,006,ｹﾝｸﾞﾝ
8916,ｸﾏﾓﾄｼﾉｳｷﾖｳ,009,ﾅﾝﾌﾞ
8916,ｸﾏﾓﾄｼﾉｳｷﾖｳ,013,ｸﾏﾅﾝ
8916,ｸﾏﾓﾄｼﾉｳｷﾖｳ,014,ﾋﾖｼﾀﾞｲｲﾁ
8916,ｸﾏﾓﾄｼﾉｳｷﾖｳ,015,ﾆｼｸﾏﾓﾄ
8916,ｸﾏﾓﾄｼﾉｳｷﾖｳ,017,ｾｲﾌﾞ
8916,ｸﾏﾓﾄｼﾉｳｷﾖｳ,020,ｺﾄｳ
8916,ｸﾏﾓﾄｼﾉｳｷﾖｳ,021,ｶﾜﾁ
8916,ｸﾏﾓﾄｼﾉｳｷﾖｳ,023,ﾖｼﾉ
8916,ｸﾏﾓﾄｼﾉｳｷﾖｳ,034,ｵﾔﾏﾄｼﾏ
8916,ｸﾏﾓﾄｼﾉｳｷﾖｳ,035,ﾄｳﾌﾞ
8916,ｸﾏﾓﾄｼﾉｳｷﾖｳ,036,ﾎｸﾌﾞ
8916,ｸﾏﾓﾄｼﾉｳｷﾖｳ,038,ｱｷﾀ
8916,ｸﾏﾓﾄｼﾉｳｷﾖｳ,039,ﾃﾝﾒｲ
8916,ｸﾏﾓﾄｼﾉｳｷﾖｳ,040,ﾁﾕｳｵｳ
8926,ﾀﾏﾅﾉｳｷﾖｳ,200,ﾎﾝｼﾖ
8926,ﾀﾏﾅﾉｳｷﾖｳ,210,ｱﾗｵｼｿｳｺﾞｳ
8926,ﾀﾏﾅﾉｳｷﾖｳ,221,ﾅｶﾞｽｿｳｺﾞｳ
8926,ﾀﾏﾅﾉｳｷﾖｳ,235,ﾀｲﾒｲｿｳｺﾞｳ
8926,ﾀﾏﾅﾉｳｷﾖｳ,242,ﾀﾏﾅｷﾀｿｳｺﾞｳ
8926,ﾀﾏﾅﾉｳｷﾖｳ,262,ﾀﾏﾅﾐﾅﾐｿｳｺﾞｳ
8926,ﾀﾏﾅﾉｳｷﾖｳ,263,ﾖｺｼﾏｿｳｺﾞｳ
8926,ﾀﾏﾅﾉｳｷﾖｳ,266,ﾃﾝｽｲｿｳｺﾞｳ
8926,ﾀﾏﾅﾉｳｷﾖｳ,271,ｷﾞﾖｸﾄｳｿｳｺﾞｳ
8926,ﾀﾏﾅﾉｳｷﾖｳ,280,ｷｸｽｲｿｳｺﾞｳ
8926,ﾀﾏﾅﾉｳｷﾖｳ,291,ﾅﾝｶﾝｿｳｺﾞｳ
8926,ﾀﾏﾅﾉｳｷﾖｳ,297,ﾐｶﾜｿｳｺﾞｳ
8941,ｶﾓﾄﾉｳｷﾖｳ,300,ﾎﾝｼﾖ
8941,ｶﾓﾄﾉｳｷﾖｳ,303,ﾔﾏｶﾞ
8941,ｶﾓﾄﾉｳｷﾖｳ,322,ｶﾎｸ
8941,ｶﾓﾄﾉｳｷﾖｳ,332,ｷｸｶ
8941,ｶﾓﾄﾉｳｷﾖｳ,340,ｶﾓﾄﾏﾁ
8941,ｶﾓﾄﾉｳｷﾖｳ,351,ｶｵｳ
8941,ｶﾓﾄﾉｳｷﾖｳ,365,ｳｴｷ
8949,ｷｸﾁﾁｲｷﾉｳｷﾖｳ,400,ｷｸﾁﾁﾕｳｵｳ
8949,ｷｸﾁﾁｲｷﾉｳｷﾖｳ,420,ｼﾁｼﾞﾖｳﾁﾕｳｵｳ
8949,ｷｸﾁﾁｲｷﾉｳｷﾖｳ,430,ｷﾖｸｼﾁﾕｳｵｳ
8949,ｷｸﾁﾁｲｷﾉｳｷﾖｳ,440,ｼｽｲﾁﾕｳｵｳ
8949,ｷｸﾁﾁｲｷﾉｳｷﾖｳ,445,ｺｳｼﾁﾕｳｵｳ
8949,ｷｸﾁﾁｲｷﾉｳｷﾖｳ,450,ﾆｼｺﾞｳｼﾁﾕｳｵｳ
8949,ｷｸﾁﾁｲｷﾉｳｷﾖｳ,460,ｵｵﾂﾞﾁﾕｳｵｳ
8949,ｷｸﾁﾁｲｷﾉｳｷﾖｳ,480,ｷｸﾖｳﾁﾕｳｵｳ
8949,ｷｸﾁﾁｲｷﾉｳｷﾖｳ,490,ﾎﾝｼﾖ
8964,ｱｿﾉｳｷﾖｳ,001,ﾎﾝｼﾖ
8964,ｱｿﾉｳｷﾖｳ,002,ｲﾁﾉﾐﾔﾁﾕｳｵｳ
8964,ｱｿﾉｳｷﾖｳ,016,ｱｿﾐﾅﾐﾁﾕｳｵｳ
8964,ｱｿﾉｳｷﾖｳ,021,ｱｿﾏﾁﾁﾕｳｵｳ
8964,ｱｿﾉｳｷﾖｳ,027,ｵｸﾞﾆｺﾞｳﾁﾕｳｵｳ
8982,ｶﾐﾏｼｷﾉｳｷﾖｳ,001,ﾎﾝｼﾖ
8982,ｶﾐﾏｼｷﾉｳｷﾖｳ,002,ﾐﾌﾈ
8982,ｶﾐﾏｼｷﾉｳｷﾖｳ,005,ｺｳｻ
8982,ｶﾐﾏｼｷﾉｳｷﾖｳ,006,ｶｼﾏ
8982,ｶﾐﾏｼｷﾉｳｷﾖｳ,008,ﾏｼｷ
8982,ｶﾐﾏｼｷﾉｳｷﾖｳ,013,ﾔﾍﾞ
8982,ｶﾐﾏｼｷﾉｳｷﾖｳ,018,ｾｲﾜ
9010,ｸﾏﾓﾄｳｷﾉｳｷﾖｳ,001,ﾎﾝｼﾖ
9010,ｸﾏﾓﾄｳｷﾉｳｷﾖｳ,002,ﾏﾂﾊﾞｾ
9010,ｸﾏﾓﾄｳｷﾉｳｷﾖｳ,007,ｼﾓｷﾀ
9010,ｸﾏﾓﾄｳｷﾉｳｷﾖｳ,009,ﾄﾐｱｲ
9010,ｸﾏﾓﾄｳｷﾉｳｷﾖｳ,012,ｵｶﾞﾜﾏﾁ
9010,ｸﾏﾓﾄｳｷﾉｳｷﾖｳ,017,ｼﾓﾋｶﾞｼ
9010,ｸﾏﾓﾄｳｷﾉｳｷﾖｳ,023,ｳﾄ
9010,ｸﾏﾓﾄｳｷﾉｳｷﾖｳ,030,ﾐｽﾐ
9010,ｸﾏﾓﾄｳｷﾉｳｷﾖｳ,035,ｼﾗﾇﾋ
9017,ﾔﾂｼﾛﾁｲｷﾉｳｷﾖｳ,001,ﾎﾝｼﾖ
9017,ﾔﾂｼﾛﾁｲｷﾉｳｷﾖｳ,006,ﾐﾅﾐ
9017,ﾔﾂｼﾛﾁｲｷﾉｳｷﾖｳ,007,ﾁﾕｳｵｳ
9017,ﾔﾂｼﾛﾁｲｷﾉｳｷﾖｳ,010,ｾｲﾌﾞｿｳｺﾞｳ
9017,ﾔﾂｼﾛﾁｲｷﾉｳｷﾖｳ,012,ﾅﾝﾌﾞｿｳｺﾞｳ
9017,ﾔﾂｼﾛﾁｲｷﾉｳｷﾖｳ,013,ﾄｳﾌﾞｿｳｺﾞｳ
9017,ﾔﾂｼﾛﾁｲｷﾉｳｷﾖｳ,014,ﾘﾕｳﾎｸﾏﾁ
9017,ﾔﾂｼﾛﾁｲｷﾉｳｷﾖｳ,023,ｵｵﾀｺﾞｳ
9017,ﾔﾂｼﾛﾁｲｷﾉｳｷﾖｳ,025,ﾎｸﾌﾞｿｳｺﾞｳ
9043,ｱｼｷﾀﾉｳｷﾖｳ,700,ﾐﾅﾏﾀ
9043,ｱｼｷﾀﾉｳｷﾖｳ,720,ﾎﾝｼﾖ
9048,ｸﾏﾁｲｷﾉｳｷﾖｳ,740,ﾎﾝｼﾖ
9048,ｸﾏﾁｲｷﾉｳｷﾖｳ,753,ﾋﾄﾖｼ
9048,ｸﾏﾁｲｷﾉｳｷﾖｳ,767,ﾆｼｷ
9048,ｸﾏﾁｲｷﾉｳｷﾖｳ,776,ｱｻｷﾞﾘ
9048,ｸﾏﾁｲｷﾉｳｷﾖｳ,787,ｶﾐｸﾏ
9069,ﾎﾝﾄﾞｲﾂﾜﾉｳｷﾖｳ,800,ﾎﾝﾃﾝ
9069,ﾎﾝﾄﾞｲﾂﾜﾉｳｷﾖｳ,804,ﾁﾕｳｵｳ
9069,ﾎﾝﾄﾞｲﾂﾜﾉｳｷﾖｳ,809,ﾎﾝﾄﾞ
9069,ﾎﾝﾄﾞｲﾂﾜﾉｳｷﾖｳ,822,ｲﾂﾜ
9070,ｱﾏｸｻﾉｳｷﾖｳ,816,ﾎﾝｼﾖ
9070,ｱﾏｸｻﾉｳｷﾖｳ,852,ﾆｼ
9070,ｱﾏｸｻﾉｳｷﾖｳ,861,ｳｼﾌﾞｶ
9070,ｱﾏｸｻﾉｳｷﾖｳ,880,ﾁﾕｳｵｳ
9070,ｱﾏｸｻﾉｳｷﾖｳ,914,ﾋｶﾞｼ
9070,ｱﾏｸｻﾉｳｷﾖｳ,920,ｶﾐ
9070,ｱﾏｸｻﾉｳｷﾖｳ,930,ｵｵﾔﾉ
9072,ﾚｲﾎｸﾏﾁﾉｳｷﾖｳ,001,ﾎﾝｼﾖ
9103,ﾍﾞﾂﾌﾟﾋｼﾞﾉｳｷﾖｳ,001,ﾎﾝﾃﾝ
9103,ﾍﾞﾂﾌﾟﾋｼﾞﾉｳｷﾖｳ,003,ﾍﾞﾂﾌﾟｲｼｶﾞｷ
9103,ﾍﾞﾂﾌﾟﾋｼﾞﾉｳｷﾖｳ,011,ﾋｼﾞ
9104,ｵｵｲﾀｹﾝﾉｳｷﾖｳ,101,ﾎﾝﾃﾝ
9104,ｵｵｲﾀｹﾝﾉｳｷﾖｳ,120,ﾌﾞﾝｺﾞﾀｶﾀﾞ
9104,ｵｵｲﾀｹﾝﾉｳｷﾖｳ,140,ｸﾆｻｷ
9104,ｵｵｲﾀｹﾝﾉｳｷﾖｳ,141,ｸﾆﾐ
9104,ｵｵｲﾀｹﾝﾉｳｷﾖｳ,144,ｱｷ
9104,ｵｵｲﾀｹﾝﾉｳｷﾖｳ,160,ﾋﾒｼﾏ
9104,ｵｵｲﾀｹﾝﾉｳｷﾖｳ,180,ｷﾂｷ
9104,ｵｵｲﾀｹﾝﾉｳｷﾖｳ,240,ﾔﾏｶﾞ
9104,ｵｵｲﾀｹﾝﾉｳｷﾖｳ,270,ｵｵｲﾀ
9104,ｵｵｲﾀｹﾝﾉｳｷﾖｳ,273,ｼﾞﾖｳﾄｳ
9104,ｵｵｲﾀｹﾝﾉｳｷﾖｳ,274,ﾀｷｵ
9104,ｵｵｲﾀｹﾝﾉｳｷﾖｳ,275,ﾜｻﾀﾞ
9104,ｵｵｲﾀｹﾝﾉｳｷﾖｳ,278,ﾀﾞｲﾅﾝ
9104,ｵｵｲﾀｹﾝﾉｳｷﾖｳ,284,ﾄｳﾖｳ
9104,ｵｵｲﾀｹﾝﾉｳｷﾖｳ,287,ｻｶﾉｲﾁ
9104,ｵｵｲﾀｹﾝﾉｳｷﾖｳ,340,ｼﾖｳﾅｲ
9104,ｵｵｲﾀｹﾝﾉｳｷﾖｳ,360,ﾕﾌｲﾝ
9104,ｵｵｲﾀｹﾝﾉｳｷﾖｳ,370,ｳｽｷﾁﾕｳｵｳ
9104,ｵｵｲﾀｹﾝﾉｳｷﾖｳ,373,ｻｶﾞﾉｾｷ
9104,ｵｵｲﾀｹﾝﾉｳｷﾖｳ,374,ﾂｸﾐ
9104,ｵｵｲﾀｹﾝﾉｳｷﾖｳ,471,ｺｽﾓｽ
9104,ｵｵｲﾀｹﾝﾉｳｷﾖｳ,478,ｶﾏｴ
9104,ｵｵｲﾀｹﾝﾉｳｷﾖｳ,484,ｻｲｷ
9104,ｵｵｲﾀｹﾝﾉｳｷﾖｳ,488,ﾐﾅﾐ
9104,ｵｵｲﾀｹﾝﾉｳｷﾖｳ,510,ﾉﾂ
9104,ｵｵｲﾀｹﾝﾉｳｷﾖｳ,522,ﾐｴ
9104,ｵｵｲﾀｹﾝﾉｳｷﾖｳ,525,ｵｶﾞﾀ
9104,ｵｵｲﾀｹﾝﾉｳｷﾖｳ,527,ｵｵﾉ
9104,ｵｵｲﾀｹﾝﾉｳｷﾖｳ,540,ﾀｹﾀ
9104,ｵｵｲﾀｹﾝﾉｳｷﾖｳ,542,ｸｼﾞﾕｳ
9104,ｵｵｲﾀｹﾝﾉｳｷﾖｳ,545,ｵｷﾞ
9104,ｵｵｲﾀｹﾝﾉｳｷﾖｳ,560,ｸｽ
9104,ｵｵｲﾀｹﾝﾉｳｷﾖｳ,561,ｺｺﾉｴ
9104,ｵｵｲﾀｹﾝﾉｳｷﾖｳ,570,ﾊﾝﾀﾞｺｳｹﾞﾝ
9104,ｵｵｲﾀｹﾝﾉｳｷﾖｳ,620,ﾋﾀ
9104,ｵｵｲﾀｹﾝﾉｳｷﾖｳ,624,ﾀﾏｶﾞﾜ
9104,ｵｵｲﾀｹﾝﾉｳｷﾖｳ,640,ﾅｶﾂ
9104,ｵｵｲﾀｹﾝﾉｳｷﾖｳ,643,ﾎﾝﾔﾊﾞｹｲ
9104,ｵｵｲﾀｹﾝﾉｳｷﾖｳ,670,ｳｻ
9104,ｵｵｲﾀｹﾝﾉｳｷﾖｳ,690,ｱｼﾞﾑ
9145,ｵｵｲﾀｵｵﾔﾏﾏﾁﾉｳｷﾖｳ,001,ﾎﾝｼﾖ
9169,ﾐﾔｻﾞｷｹﾝﾉｳｷﾖｳ,100,ﾐﾔｻﾞｷﾁﾕｳｵｳ
9169,ﾐﾔｻﾞｷｹﾝﾉｳｷﾖｳ,102,ﾐﾔｻﾞｷ
9169,ﾐﾔｻﾞｷｹﾝﾉｳｷﾖｳ,104,ｵｵﾖﾄﾞ
9169,ﾐﾔｻﾞｷｹﾝﾉｳｷﾖｳ,106,ｲｷﾒ
9169,ﾐﾔｻﾞｷｹﾝﾉｳｷﾖｳ,109,ｽﾐﾖｼ
9169,ﾐﾔｻﾞｷｹﾝﾉｳｷﾖｳ,120,ﾐﾅﾐﾐﾔｻﾞｷ
9169,ﾐﾔｻﾞｷｹﾝﾉｳｷﾖｳ,122,ｱｶｴ
9169,ﾐﾔｻﾞｷｹﾝﾉｳｷﾖｳ,125,ｷﾊﾞﾅ
9169,ﾐﾔｻﾞｷｹﾝﾉｳｷﾖｳ,130,ﾀﾉ
9169,ﾐﾔｻﾞｷｹﾝﾉｳｷﾖｳ,140,ｻﾄﾞﾜﾗ
9169,ﾐﾔｻﾞｷｹﾝﾉｳｷﾖｳ,150,ﾀｶｵｶ
9169,ﾐﾔｻﾞｷｹﾝﾉｳｷﾖｳ,160,ｸﾆﾄﾐ
9169,ﾐﾔｻﾞｷｹﾝﾉｳｷﾖｳ,170,ｱﾔﾁﾖｳ
9169,ﾐﾔｻﾞｷｹﾝﾉｳｷﾖｳ,200,ﾊﾏﾕｳ
9169,ﾐﾔｻﾞｷｹﾝﾉｳｷﾖｳ,201,ﾆﾁﾅﾝ
9169,ﾐﾔｻﾞｷｹﾝﾉｳｷﾖｳ,202,ｳﾄﾞ
9169,ﾐﾔｻﾞｷｹﾝﾉｳｷﾖｳ,203,ﾆﾁﾅﾝﾄｳｺﾞｳ
9169,ﾐﾔｻﾞｷｹﾝﾉｳｷﾖｳ,204,ｵﾋﾞ
9169,ﾐﾔｻﾞｷｹﾝﾉｳｷﾖｳ,205,ｻｶﾀﾆ
9169,ﾐﾔｻﾞｷｹﾝﾉｳｷﾖｳ,206,ﾎｿﾀﾞ
9169,ﾐﾔｻﾞｷｹﾝﾉｳｷﾖｳ,207,ｱｶﾞﾀ
9169,ﾐﾔｻﾞｷｹﾝﾉｳｷﾖｳ,208,ﾆﾁﾅﾝｷﾀｺﾞｳ
9169,ﾐﾔｻﾞｷｹﾝﾉｳｷﾖｳ,209,ﾆﾁﾅﾝﾅﾝｺﾞｳ
9169,ﾐﾔｻﾞｷｹﾝﾉｳｷﾖｳ,210,ｲﾁｷ
9169,ﾐﾔｻﾞｷｹﾝﾉｳｷﾖｳ,211,ｸｼﾏ
9169,ﾐﾔｻﾞｷｹﾝﾉｳｷﾖｳ,212,ｸｼﾏｷﾀｶﾀ
9169,ﾐﾔｻﾞｷｹﾝﾉｳｷﾖｳ,213,ﾎﾝｼﾞﾖｳ
9169,ﾐﾔｻﾞｷｹﾝﾉｳｷﾖｳ,214,ﾄｲ
9169,ﾐﾔｻﾞｷｹﾝﾉｳｷﾖｳ,250,ｸｼﾏｼｵｵﾂｶ
9169,ﾐﾔｻﾞｷｹﾝﾉｳｷﾖｳ,300,ﾐﾔｺﾉｼﾞﾖｳ
9169,ﾐﾔｻﾞｷｹﾝﾉｳｷﾖｳ,301,ﾋﾒｷﾞ
9169,ﾐﾔｻﾞｷｹﾝﾉｳｷﾖｳ,302,ｲｿｲﾁ
9169,ﾐﾔｻﾞｷｹﾝﾉｳｷﾖｳ,303,ｲﾜﾖｼ
9169,ﾐﾔｻﾞｷｹﾝﾉｳｷﾖｳ,304,ｵｷﾐｽﾞ
9169,ﾐﾔｻﾞｷｹﾝﾉｳｷﾖｳ,305,ｼﾜﾁ
9169,ﾐﾔｻﾞｷｹﾝﾉｳｷﾖｳ,306,ｳﾒｷﾀ
9169,ﾐﾔｻﾞｷｹﾝﾉｳｷﾖｳ,307,ﾔｽﾋｻ
9169,ﾐﾔｻﾞｷｹﾝﾉｳｷﾖｳ,308,ｼﾖｳﾅｲ
9169,ﾐﾔｻﾞｷｹﾝﾉｳｷﾖｳ,309,ﾆｼﾀﾞｹ
9169,ﾐﾔｻﾞｷｹﾝﾉｳｷﾖｳ,310,ﾐﾏﾀ
9169,ﾐﾔｻﾞｷｹﾝﾉｳｷﾖｳ,311,ﾔﾏﾉｸﾁ
9169,ﾐﾔｻﾞｷｹﾝﾉｳｷﾖｳ,312,ﾀｶｼﾞﾖｳ
9169,ﾐﾔｻﾞｷｹﾝﾉｳｷﾖｳ,313,ｱﾘﾐｽﾞ
9169,ﾐﾔｻﾞｷｹﾝﾉｳｷﾖｳ,314,ﾔﾏﾀﾞ
9169,ﾐﾔｻﾞｷｹﾝﾉｳｷﾖｳ,315,ﾀｶｻﾞｷ
9169,ﾐﾔｻﾞｷｹﾝﾉｳｷﾖｳ,400,ｺﾊﾞﾔｼ
9169,ﾐﾔｻﾞｷｹﾝﾉｳｷﾖｳ,401,ｺﾊﾞﾔｼﾆｼ
9169,ﾐﾔｻﾞｷｹﾝﾉｳｷﾖｳ,402,ｺﾊﾞﾔｼｷﾀ
9169,ﾐﾔｻﾞｷｹﾝﾉｳｷﾖｳ,403,ｺﾊﾞﾔｼﾁﾕｳｵｳ
9169,ﾐﾔｻﾞｷｹﾝﾉｳｷﾖｳ,404,ﾀｶﾊﾙ
9169,ﾐﾔｻﾞｷｹﾝﾉｳｷﾖｳ,405,ﾉｼﾞﾘ
9169,ﾐﾔｻﾞｷｹﾝﾉｳｷﾖｳ,450,ｴﾋﾞﾉｼ
9169,ﾐﾔｻﾞｷｹﾝﾉｳｷﾖｳ,451,ｲｲﾉ
9169,ﾐﾔｻﾞｷｹﾝﾉｳｷﾖｳ,452,ｶｸﾄｳ
9169,ﾐﾔｻﾞｷｹﾝﾉｳｷﾖｳ,453,ﾏｻｷ
9169,ﾐﾔｻﾞｷｹﾝﾉｳｷﾖｳ,500,ﾀｶﾅﾍﾞ
9169,ﾐﾔｻﾞｷｹﾝﾉｳｷﾖｳ,501,ｼﾝﾄﾐ
9169,ﾐﾔｻﾞｷｹﾝﾉｳｷﾖｳ,502,ｷｼﾞﾖｳ
9169,ﾐﾔｻﾞｷｹﾝﾉｳｷﾖｳ,550,ｶﾜﾐﾅﾐ
9169,ﾐﾔｻﾞｷｹﾝﾉｳｷﾖｳ,551,ﾂﾉ
9169,ﾐﾔｻﾞｷｹﾝﾉｳｷﾖｳ,600,ｻｲﾄ
9169,ﾐﾔｻﾞｷｹﾝﾉｳｷﾖｳ,601,ｻｲﾄﾁﾕｳｵｳ
9169,ﾐﾔｻﾞｷｹﾝﾉｳｷﾖｳ,602,ｻﾝｻﾞｲ
9169,ﾐﾔｻﾞｷｹﾝﾉｳｷﾖｳ,603,ﾆｼﾒﾗ
9169,ﾐﾔｻﾞｷｹﾝﾉｳｷﾖｳ,700,ﾉﾍﾞｵｶ
9169,ﾐﾔｻﾞｷｹﾝﾉｳｷﾖｳ,701,ｲｶﾞﾀ
9169,ﾐﾔｻﾞｷｹﾝﾉｳｷﾖｳ,702,ﾂﾈﾄﾐ
9169,ﾐﾔｻﾞｷｹﾝﾉｳｷﾖｳ,703,ﾋｶﾞｼﾉﾍﾞｵｶ
9169,ﾐﾔｻﾞｷｹﾝﾉｳｷﾖｳ,704,ｵｶﾄﾐ
9169,ﾐﾔｻﾞｷｹﾝﾉｳｷﾖｳ,705,ﾐﾅﾐｶﾀ
9169,ﾐﾔｻﾞｷｹﾝﾉｳｷﾖｳ,706,ﾄｳﾐ
9169,ﾐﾔｻﾞｷｹﾝﾉｳｷﾖｳ,707,ﾉﾍﾞｵｶｷﾀｶﾀ
9169,ﾐﾔｻﾞｷｹﾝﾉｳｷﾖｳ,708,ｷﾀｶﾞﾜ
9169,ﾐﾔｻﾞｷｹﾝﾉｳｷﾖｳ,709,ｷﾀｳﾗ
9169,ﾐﾔｻﾞｷｹﾝﾉｳｷﾖｳ,750,ﾋﾕｳｶﾞﾁﾕｳｵｳ
9169,ﾐﾔｻﾞｷｹﾝﾉｳｷﾖｳ,751,ﾋﾕｳｶﾞ
9169,ﾐﾔｻﾞｷｹﾝﾉｳｷﾖｳ,752,ｲﾜﾜｷ
9169,ﾐﾔｻﾞｷｹﾝﾉｳｷﾖｳ,753,ﾐﾐﾂ
9169,ﾐﾔｻﾞｷｹﾝﾉｳｷﾖｳ,754,ﾋﾁﾔ
9169,ﾐﾔｻﾞｷｹﾝﾉｳｷﾖｳ,755,ｻﾞｲｺｳｼﾞ
9169,ﾐﾔｻﾞｷｹﾝﾉｳｷﾖｳ,756,ｼｵﾐ
9169,ﾐﾔｻﾞｷｹﾝﾉｳｷﾖｳ,757,ｶﾄﾞｶﾞﾜ
9169,ﾐﾔｻﾞｷｹﾝﾉｳｷﾖｳ,758,ﾋﾕｳｶﾞﾄｳｺﾞｳ
9169,ﾐﾔｻﾞｷｹﾝﾉｳｷﾖｳ,759,ﾐｻﾄﾅﾝｺﾞｳ
9169,ﾐﾔｻﾞｷｹﾝﾉｳｷﾖｳ,760,ｻｲｺﾞｳ
9169,ﾐﾔｻﾞｷｹﾝﾉｳｷﾖｳ,761,ﾐｻﾄｷﾀｺﾞｳ
9169,ﾐﾔｻﾞｷｹﾝﾉｳｷﾖｳ,762,ﾓﾛﾂｶ
9169,ﾐﾔｻﾞｷｹﾝﾉｳｷﾖｳ,763,ｼｲﾊﾞ
9169,ﾐﾔｻﾞｷｹﾝﾉｳｷﾖｳ,800,ﾀｶﾁﾎ
9169,ﾐﾔｻﾞｷｹﾝﾉｳｷﾖｳ,801,ｲﾜﾄ
9169,ﾐﾔｻﾞｷｹﾝﾉｳｷﾖｳ,802,ｹﾞﾝﾌﾞｻﾞﾝ
9169,ﾐﾔｻﾞｷｹﾝﾉｳｷﾖｳ,803,ﾋﾉｶｹﾞ
9169,ﾐﾔｻﾞｷｹﾝﾉｳｷﾖｳ,804,ｺﾞｶｾ
9169,ﾐﾔｻﾞｷｹﾝﾉｳｷﾖｳ,900,ﾎﾝﾃﾝ
9229,ｶｺﾞｼﾏﾐﾗｲﾉｳｷﾖｳ,001,ﾎﾝﾃﾝ
9229,ｶｺﾞｼﾏﾐﾗｲﾉｳｷﾖｳ,002,ﾊﾗﾗ
9229,ｶｺﾞｼﾏﾐﾗｲﾉｳｷﾖｳ,011,ｺｵﾘﾓﾄ
9229,ｶｺﾞｼﾏﾐﾗｲﾉｳｷﾖｳ,032,ﾀｶﾞﾐ
9229,ｶｺﾞｼﾏﾐﾗｲﾉｳｷﾖｳ,033,ｺﾔﾏﾀﾞ
9229,ｶｺﾞｼﾏﾐﾗｲﾉｳｷﾖｳ,034,ﾖｼﾉ
9229,ｶｺﾞｼﾏﾐﾗｲﾉｳｷﾖｳ,037,ｲｼｷ
9229,ｶｺﾞｼﾏﾐﾗｲﾉｳｷﾖｳ,103,ﾆｼﾀﾆﾔﾏ
9229,ｶｺﾞｼﾏﾐﾗｲﾉｳｷﾖｳ,105,ﾀﾆﾔﾏｷﾀ
9229,ｶｺﾞｼﾏﾐﾗｲﾉｳｷﾖｳ,108,ｻｸﾗｶﾞｵｶ
9229,ｶｺﾞｼﾏﾐﾗｲﾉｳｷﾖｳ,109,ｻｶﾉｳｴ
9229,ｶｺﾞｼﾏﾐﾗｲﾉｳｷﾖｳ,111,ﾖｼﾀﾞﾐﾅﾐ
9229,ｶｺﾞｼﾏﾐﾗｲﾉｳｷﾖｳ,112,ｻｸﾗｼﾞﾏ
9229,ｶｺﾞｼﾏﾐﾗｲﾉｳｷﾖｳ,114,ﾀﾆﾔﾏ
9229,ｶｺﾞｼﾏﾐﾗｲﾉｳｷﾖｳ,201,ﾀﾆﾔﾏﾄｳﾌﾞ
9251,ｲﾌﾞｽｷﾉｳｷﾖｳ,100,ﾎﾝｼﾖ
9251,ｲﾌﾞｽｷﾉｳｷﾖｳ,106,ｷｲﾚ
9251,ｲﾌﾞｽｷﾉｳｷﾖｳ,107,ﾁﾕｳﾌﾞ
9251,ｲﾌﾞｽｷﾉｳｷﾖｳ,121,ｶｲﾓﾝﾁﾕｳｵｳ
9251,ｲﾌﾞｽｷﾉｳｷﾖｳ,125,ｴｲﾁﾕｳｵｳ
9257,ﾐﾅﾐｻﾂﾏﾉｳｷﾖｳ,001,ﾎﾝｼﾖ
9257,ﾐﾅﾐｻﾂﾏﾉｳｷﾖｳ,101,ｶｾﾀﾞ
9257,ﾐﾅﾐｻﾂﾏﾉｳｷﾖｳ,115,ﾀﾞｲﾘﾕｳ
9257,ﾐﾅﾐｻﾂﾏﾉｳｷﾖｳ,120,ﾏｸﾗｻﾞｷ
9257,ﾐﾅﾐｻﾂﾏﾉｳｷﾖｳ,132,ﾁﾗﾝ
9257,ﾐﾅﾐｻﾂﾏﾉｳｷﾖｳ,141,ｶﾜﾅﾍﾞ
9270,ｻﾂﾏﾋｵｷﾉｳｷﾖｳ,100,ﾎﾝｼﾖ
9270,ｻﾂﾏﾋｵｷﾉｳｷﾖｳ,101,ｸｼｷﾉ
9270,ｻﾂﾏﾋｵｷﾉｳｷﾖｳ,107,ｲﾁｷ
9270,ｻﾂﾏﾋｵｷﾉｳｷﾖｳ,109,ﾋｶﾞｼｲﾁｷ
9270,ｻﾂﾏﾋｵｷﾉｳｷﾖｳ,113,ｲｼﾞﾕｳｲﾝ
9270,ｻﾂﾏﾋｵｷﾉｳｷﾖｳ,118,ﾏﾂﾓﾄ
9270,ｻﾂﾏﾋｵｷﾉｳｷﾖｳ,122,ｺｵﾘﾔﾏ
9270,ｻﾂﾏﾋｵｷﾉｳｷﾖｳ,124,ﾋﾖｼ
9270,ｻﾂﾏﾋｵｷﾉｳｷﾖｳ,126,ﾌｷｱｹﾞ
9270,ｻﾂﾏﾋｵｷﾉｳｷﾖｳ,128,ｷﾝﾎﾟｳ
9296,ｷﾀｻﾂﾏﾉｳｷﾖｳ,001,ﾎﾝｼﾖ
9296,ｷﾀｻﾂﾏﾉｳｷﾖｳ,002,ﾔﾏｻｷ
9296,ｷﾀｻﾂﾏﾉｳｷﾖｳ,005,ﾂﾙﾀﾞ
9296,ｷﾀｻﾂﾏﾉｳｷﾖｳ,007,ﾋﾗｶﾜ
9296,ｷﾀｻﾂﾏﾉｳｷﾖｳ,014,ｻﾂﾏ
9296,ｷﾀｻﾂﾏﾉｳｷﾖｳ,017,ｹﾄﾞｳｲﾝ
9296,ｷﾀｻﾂﾏﾉｳｷﾖｳ,100,ｾﾝﾀﾞｲｿｳｺﾞｳ
9296,ｷﾀｻﾂﾏﾉｳｷﾖｳ,103,ﾐｽﾞﾋｷ
9296,ｷﾀｻﾂﾏﾉｳｷﾖｳ,105,ﾅｶﾞﾄｼ
9296,ｷﾀｻﾂﾏﾉｳｷﾖｳ,107,ﾄｳｺﾞｳ
9296,ｷﾀｻﾂﾏﾉｳｷﾖｳ,108,ﾋﾜｷ
9296,ｷﾀｻﾂﾏﾉｳｷﾖｳ,110,ｺｼｷ
9296,ｷﾀｻﾂﾏﾉｳｷﾖｳ,111,ｲｻｿｳｺﾞｳ
9296,ｷﾀｻﾂﾏﾉｳｷﾖｳ,112,ﾊﾂｷ
9296,ｷﾀｻﾂﾏﾉｳｷﾖｳ,113,ﾋｼｶﾘ
9302,ｶｺﾞｼﾏｲｽﾞﾐﾉｳｷﾖｳ,100,ﾎﾝｼﾖ
9302,ｶｺﾞｼﾏｲｽﾞﾐﾉｳｷﾖｳ,101,ｲｽﾞﾐ
9302,ｶｺﾞｼﾏｲｽﾞﾐﾉｳｷﾖｳ,103,ｺﾒﾉﾂ
9302,ｶｺﾞｼﾏｲｽﾞﾐﾉｳｷﾖｳ,104,ｱｸﾈ
9302,ｶｺﾞｼﾏｲｽﾞﾐﾉｳｷﾖｳ,108,ﾀｶｵﾉ
9302,ｶｺﾞｼﾏｲｽﾞﾐﾉｳｷﾖｳ,110,ﾉﾀﾞ
9302,ｶｺﾞｼﾏｲｽﾞﾐﾉｳｷﾖｳ,111,ｴｳﾁ
9302,ｶｺﾞｼﾏｲｽﾞﾐﾉｳｷﾖｳ,112,ﾐｶｻ
9302,ｶｺﾞｼﾏｲｽﾞﾐﾉｳｷﾖｳ,114,ｱｽﾞﾏ
9302,ｶｺﾞｼﾏｲｽﾞﾐﾉｳｷﾖｳ,116,ﾅｶﾞｼﾏ
9319,ｱｲﾗﾉｳｷﾖｳ,100,ﾎﾝｼﾖ
9319,ｱｲﾗﾉｳｷﾖｳ,101,ｶｼﾞｷ
9319,ｱｲﾗﾉｳｷﾖｳ,105,ｱｲﾗﾁﾖｳ
9319,ｱｲﾗﾉｳｷﾖｳ,111,ｶﾓｳ
9319,ｱｲﾗﾉｳｷﾖｳ,112,ﾐｿﾞﾍﾞ
9319,ｱｲﾗﾉｳｷﾖｳ,116,ﾖｺｶﾞﾜ
9319,ｱｲﾗﾉｳｷﾖｳ,118,ｸﾘﾉ
9319,ｱｲﾗﾉｳｷﾖｳ,121,ﾖｼﾏﾂ
9319,ｱｲﾗﾉｳｷﾖｳ,122,ﾏｷｿﾞﾉ
9319,ｱｲﾗﾉｳｷﾖｳ,123,ﾊﾔﾄ
9319,ｱｲﾗﾉｳｷﾖｳ,128,ｷﾘｼﾏ
9319,ｱｲﾗﾉｳｷﾖｳ,130,ｺｸﾌﾞ
9319,ｱｲﾗﾉｳｷﾖｳ,135,ﾏｷﾉﾊﾗ
9319,ｱｲﾗﾉｳｷﾖｳ,140,ｷﾘｼﾏｼﾔｸｼﾖ
9332,ｿｵｶｺﾞｼﾏﾉｳｷﾖｳ,101,ﾎﾝﾃﾝ
9332,ｿｵｶｺﾞｼﾏﾉｳｷﾖｳ,110,ｷﾎｸ
9332,ｿｵｶｺﾞｼﾏﾉｳｷﾖｳ,114,ﾀｶﾗﾍﾞ
9332,ｿｵｶｺﾞｼﾏﾉｳｷﾖｳ,118,ｽｴﾖｼ
9332,ｿｵｶｺﾞｼﾏﾉｳｷﾖｳ,128,ﾏﾂﾔﾏ
9332,ｿｵｶｺﾞｼﾏﾉｳｷﾖｳ,131,ｼﾌﾞｼ
9332,ｿｵｶｺﾞｼﾏﾉｳｷﾖｳ,137,ｵｵｻｷ
9338,ｱｵｿﾞﾗﾉｳｷﾖｳ,001,ﾎﾝｼﾖ
9341,ｶｺﾞｼﾏｷﾓﾂｷﾉｳｷﾖｳ,100,ﾎﾝｼﾖ
9341,ｶｺﾞｼﾏｷﾓﾂｷﾉｳｷﾖｳ,101,ｵｵｱｲﾗ
9341,ｶｺﾞｼﾏｷﾓﾂｷﾉｳｷﾖｳ,107,ﾄｳﾌﾞ
9341,ｶｺﾞｼﾏｷﾓﾂｷﾉｳｷﾖｳ,112,ﾀﾙﾐｽﾞ
9341,ｶｺﾞｼﾏｷﾓﾂｷﾉｳｷﾖｳ,118,ｸｼﾗ
9341,ｶｺﾞｼﾏｷﾓﾂｷﾉｳｷﾖｳ,121,ﾋｶﾞｼｸｼﾗ
9341,ｶｺﾞｼﾏｷﾓﾂｷﾉｳｷﾖｳ,122,ｳﾁﾉｳﾗ
9341,ｶｺﾞｼﾏｷﾓﾂｷﾉｳｷﾖｳ,124,ﾈｼﾞﾒ
9341,ｶｺﾞｼﾏｷﾓﾂｷﾉｳｷﾖｳ,126,ｵｵﾈｼﾞﾒ
9341,ｶｺﾞｼﾏｷﾓﾂｷﾉｳｷﾖｳ,129,ﾀｼﾛ
9341,ｶｺﾞｼﾏｷﾓﾂｷﾉｳｷﾖｳ,131,ｻﾀ
9341,ｶｺﾞｼﾏｷﾓﾂｷﾉｳｷﾖｳ,140,ｺｳﾔﾏ
9347,ｷﾓﾂｷｱｲﾗﾁﾖｳﾉｳｷﾖｳ,001,ﾎﾝｼﾖ
9353,ﾀﾈﾔｸﾉｳｷﾖｳ,010,ﾎﾝｼﾖ
9353,ﾀﾈﾔｸﾉｳｷﾖｳ,101,ﾅｶﾀﾈ
9353,ﾀﾈﾔｸﾉｳｷﾖｳ,105,ﾐﾅﾐﾀﾈ
9353,ﾀﾈﾔｸﾉｳｷﾖｳ,106,ﾔｸ
9353,ﾀﾈﾔｸﾉｳｷﾖｳ,107,ｶﾐﾔｸ
9363,ｱﾏﾐﾉｳｷﾖｳ,020,ﾎﾝｼﾖ
9363,ｱﾏﾐﾉｳｷﾖｳ,104,ﾀﾂｺﾞｳ
9363,ｱﾏﾐﾉｳｷﾖｳ,106,ｷｶｲ
9363,ｱﾏﾐﾉｳｷﾖｳ,107,ﾄｸﾉｼﾏ
9363,ｱﾏﾐﾉｳｷﾖｳ,109,ｲｾﾝ
9363,ｱﾏﾐﾉｳｷﾖｳ,110,ｱﾏｷﾞ
9363,ｱﾏﾐﾉｳｷﾖｳ,111,ﾜﾄﾞﾏﾘ
9363,ｱﾏﾐﾉｳｷﾖｳ,112,ﾁﾅ
9363,ｱﾏﾐﾉｳｷﾖｳ,113,ﾖﾛﾝ
9375,ｵｷﾅﾜｹﾝﾉｳｷﾖｳ,019,ｸﾆｶﾞﾐ
9375,ｵｷﾅﾜｹﾝﾉｳｷﾖｳ,029,ｵｵｷﾞﾐ
9375,ｵｷﾅﾜｹﾝﾉｳｷﾖｳ,039,ﾋｶﾞｼ
9375,ｵｷﾅﾜｹﾝﾉｳｷﾖｳ,059,ﾊﾈﾁﾞ
9375,ｵｷﾅﾜｹﾝﾉｳｷﾖｳ,069,ｸｼ
9375,ｵｷﾅﾜｹﾝﾉｳｷﾖｳ,079,ﾅｺﾞ
9375,ｵｷﾅﾜｹﾝﾉｳｷﾖｳ,099,ﾅｷｼﾞﾝ
9375,ｵｷﾅﾜｹﾝﾉｳｷﾖｳ,109,ﾓﾄﾌﾞ
9375,ｵｷﾅﾜｹﾝﾉｳｷﾖｳ,129,ｵﾝﾅ
9375,ｵｷﾅﾜｹﾝﾉｳｷﾖｳ,139,ｷﾞﾉｻﾞ
9375,ｵｷﾅﾜｹﾝﾉｳｷﾖｳ,149,ｲｴ
9375,ｵｷﾅﾜｹﾝﾉｳｷﾖｳ,159,ｲﾍﾔ
9375,ｵｷﾅﾜｹﾝﾉｳｷﾖｳ,169,ｲｾﾞﾅ
9375,ｵｷﾅﾜｹﾝﾉｳｷﾖｳ,179,ｷﾝ
9375,ｵｷﾅﾜｹﾝﾉｳｷﾖｳ,209,ｲｼｶﾜ
9375,ｵｷﾅﾜｹﾝﾉｳｷﾖｳ,222,ﾉﾎﾞﾘｶﾜ
9375,ｵｷﾅﾜｹﾝﾉｳｷﾖｳ,229,ﾐｻﾄ
9375,ｵｷﾅﾜｹﾝﾉｳｷﾖｳ,239,ｺｻﾞ
9375,ｵｷﾅﾜｹﾝﾉｳｷﾖｳ,249,ｶﾂﾚﾝ
9375,ｵｷﾅﾜｹﾝﾉｳｷﾖｳ,259,ﾖﾅｼﾛ
9375,ｵｷﾅﾜｹﾝﾉｳｷﾖｳ,269,ｸﾞｼｶﾜ
9375,ｵｷﾅﾜｹﾝﾉｳｷﾖｳ,271,ﾕﾝﾀ
9375,ｵｷﾅﾜｹﾝﾉｳｷﾖｳ,282,ﾁﾔﾀﾝ
9375,ｵｷﾅﾜｹﾝﾉｳｷﾖｳ,289,ｶﾃﾞﾅ
9375,ｵｷﾅﾜｹﾝﾉｳｷﾖｳ,299,ｷﾀﾅｶｸﾞｽｸ
9375,ｵｷﾅﾜｹﾝﾉｳｷﾖｳ,309,ﾅｶｸﾞｽｸ
9375,ｵｷﾅﾜｹﾝﾉｳｷﾖｳ,311,ｶﾞﾈｺ
9375,ｵｷﾅﾜｹﾝﾉｳｷﾖｳ,313,ﾊｺﾞﾛﾓ
9375,ｵｷﾅﾜｹﾝﾉｳｷﾖｳ,315,ﾅｶﾞﾀ
9375,ｵｷﾅﾜｹﾝﾉｳｷﾖｳ,318,ﾌﾃﾝﾏ
9375,ｵｷﾅﾜｹﾝﾉｳｷﾖｳ,329,ｷﾞﾉﾜﾝ
9375,ｵｷﾅﾜｹﾝﾉｳｷﾖｳ,331,ｳﾗｿｴｼﾆｼﾊﾗ
9375,ｵｷﾅﾜｹﾝﾉｳｷﾖｳ,332,ｶﾞｸｴﾝﾄﾞｵﾘ
9375,ｵｷﾅﾜｹﾝﾉｳｷﾖｳ,337,ｺﾜﾝ
9375,ｵｷﾅﾜｹﾝﾉｳｷﾖｳ,349,ｳﾗｿｴ
9375,ｵｷﾅﾜｹﾝﾉｳｷﾖｳ,359,ﾆｼﾊﾗ
9375,ｵｷﾅﾜｹﾝﾉｳｷﾖｳ,401,ｼﾕﾘ
9375,ｵｷﾅﾜｹﾝﾉｳｷﾖｳ,409,ｼﾕﾘｼﾞﾖｳｶﾏﾁ
9375,ｵｷﾅﾜｹﾝﾉｳｷﾖｳ,411,ｺｸﾊﾞ
9375,ｵｷﾅﾜｹﾝﾉｳｷﾖｳ,412,ﾏｶﾋﾞ
9375,ｵｷﾅﾜｹﾝﾉｳｷﾖｳ,417,ｳｴﾏ
9375,ｵｷﾅﾜｹﾝﾉｳｷﾖｳ,429,ﾏﾜｼ
9375,ｵｷﾅﾜｹﾝﾉｳｷﾖｳ,431,ｷﾀｵﾛｸ
9375,ｵｷﾅﾜｹﾝﾉｳｷﾖｳ,432,ｵﾛｸ
9375,ｵｷﾅﾜｹﾝﾉｳｷﾖｳ,439,ﾀｶﾗ
9375,ｵｷﾅﾜｹﾝﾉｳｷﾖｳ,441,ｵﾅｶﾞ
9375,ｵｷﾅﾜｹﾝﾉｳｷﾖｳ,449,ﾄﾐｸﾞｽｸ
9375,ｵｷﾅﾜｹﾝﾉｳｷﾖｳ,450,ｲﾄﾏﾝ
9375,ｵｷﾅﾜｹﾝﾉｳｷﾖｳ,479,ﾐﾜ
9375,ｵｷﾅﾜｹﾝﾉｳｷﾖｳ,509,ｸﾞｼｶﾐ
9375,ｵｷﾅﾜｹﾝﾉｳｷﾖｳ,519,ﾀﾏｸﾞｽｸ
9375,ｵｷﾅﾜｹﾝﾉｳｷﾖｳ,539,ｻｼｷ
9375,ｵｷﾅﾜｹﾝﾉｳｷﾖｳ,549,ﾖﾅﾊﾞﾙ
9375,ｵｷﾅﾜｹﾝﾉｳｷﾖｳ,559,ﾅﾝｼﾞﾖｳ
9375,ｵｷﾅﾜｹﾝﾉｳｷﾖｳ,569,ｺﾁﾝﾀﾞ
9375,ｵｷﾅﾜｹﾝﾉｳｷﾖｳ,571,ﾊｴﾊﾞﾙﾁﾕｳﾌﾞ
9375,ｵｷﾅﾜｹﾝﾉｳｷﾖｳ,573,ﾊｴﾊﾞﾙﾁﾖｳﾔｸﾊﾞ
9375,ｵｷﾅﾜｹﾝﾉｳｷﾖｳ,579,ﾊｴﾊﾞﾙ
9375,ｵｷﾅﾜｹﾝﾉｳｷﾖｳ,589,ﾂｶｻﾞﾝ
9375,ｵｷﾅﾜｹﾝﾉｳｷﾖｳ,599,ｸﾒｼﾞﾏ
9375,ｵｷﾅﾜｹﾝﾉｳｷﾖｳ,619,ﾐﾅﾐﾀﾞｲﾄｳ
9375,ｵｷﾅﾜｹﾝﾉｳｷﾖｳ,629,ｷﾀﾀﾞｲﾄｳ
9375,ｵｷﾅﾜｹﾝﾉｳｷﾖｳ,701,ﾐﾔｺｼﾞﾏ
9375,ｵｷﾅﾜｹﾝﾉｳｷﾖｳ,702,ｸﾞｽｸﾍﾞ
9375,ｵｷﾅﾜｹﾝﾉｳｷﾖｳ,704,ﾀﾗﾏ
9375,ｵｷﾅﾜｹﾝﾉｳｷﾖｳ,749,ﾔｴﾔﾏ
9375,ｵｷﾅﾜｹﾝﾉｳｷﾖｳ,759,ｵｵﾊﾏ
9375,ｵｷﾅﾜｹﾝﾉｳｷﾖｳ,768,ﾖﾅｸﾞﾆ
9375,ｵｷﾅﾜｹﾝﾉｳｷﾖｳ,780,ﾎﾝﾃﾝ
9450,ﾎﾂｶｲﾄﾞｳｼﾝｷﾞﾖﾚﾝ,001,ﾎﾝﾃﾝ
9450,ﾎﾂｶｲﾄﾞｳｼﾝｷﾞﾖﾚﾝ,002,ｵﾀﾙ
9450,ﾎﾂｶｲﾄﾞｳｼﾝｷﾞﾖﾚﾝ,004,ﾊｺﾀﾞﾃ
9450,ﾎﾂｶｲﾄﾞｳｼﾝｷﾞﾖﾚﾝ,007,ｸｼﾛ
9450,ﾎﾂｶｲﾄﾞｳｼﾝｷﾞﾖﾚﾝ,008,ﾈﾑﾛ
9450,ﾎﾂｶｲﾄﾞｳｼﾝｷﾞﾖﾚﾝ,009,ｷﾀﾐ
9450,ﾎﾂｶｲﾄﾞｳｼﾝｷﾞﾖﾚﾝ,010,ﾜﾂｶﾅｲ
9461,ﾋｶﾞｼﾆﾎﾝｼﾝｷﾞﾖﾚﾝ,001,ﾎﾝﾃﾝ
9461,ﾋｶﾞｼﾆﾎﾝｼﾝｷﾞﾖﾚﾝ,010,ﾄｳｷﾖｳ
9461,ﾋｶﾞｼﾆﾎﾝｼﾝｷﾞﾖﾚﾝ,030,ﾌｸｼﾏ
9461,ﾋｶﾞｼﾆﾎﾝｼﾝｷﾞﾖﾚﾝ,060,ｲﾊﾞﾗｷ
9461,ﾋｶﾞｼﾆﾎﾝｼﾝｷﾞﾖﾚﾝ,100,ｱｵﾓﾘ
9461,ﾋｶﾞｼﾆﾎﾝｼﾝｷﾞﾖﾚﾝ,200,ｲﾜﾃ
9461,ﾋｶﾞｼﾆﾎﾝｼﾝｷﾞﾖﾚﾝ,220,ｵｵﾌﾅﾄ
9461,ﾋｶﾞｼﾆﾎﾝｼﾝｷﾞﾖﾚﾝ,230,ｶﾏｲｼｵｵﾂﾁ
9461,ﾋｶﾞｼﾆﾎﾝｼﾝｷﾞﾖﾚﾝ,250,ﾐﾔｺﾔﾏﾀﾞ
9461,ﾋｶﾞｼﾆﾎﾝｼﾝｷﾞﾖﾚﾝ,290,ｷﾀｻﾝﾘｸ
9461,ﾋｶﾞｼﾆﾎﾝｼﾝｷﾞﾖﾚﾝ,300,ﾆｲｶﾞﾀ
9461,ﾋｶﾞｼﾆﾎﾝｼﾝｷﾞﾖﾚﾝ,400,ﾄﾔﾏ
9461,ﾋｶﾞｼﾆﾎﾝｼﾝｷﾞﾖﾚﾝ,430,ﾐﾔｷﾞ
9461,ﾋｶﾞｼﾆﾎﾝｼﾝｷﾞﾖﾚﾝ,500,ｲｼｶﾜ
9461,ﾋｶﾞｼﾆﾎﾝｼﾝｷﾞﾖﾚﾝ,600,ﾌｸｲ
9461,ﾋｶﾞｼﾆﾎﾝｼﾝｷﾞﾖﾚﾝ,700,ｼｽﾞｵｶ
9461,ﾋｶﾞｼﾆﾎﾝｼﾝｷﾞﾖﾚﾝ,800,ｱｲﾁ
9461,ﾋｶﾞｼﾆﾎﾝｼﾝｷﾞﾖﾚﾝ,900,ﾐｴ
9461,ﾋｶﾞｼﾆﾎﾝｼﾝｷﾞﾖﾚﾝ,910,ｲｾﾄﾊﾞ
9461,ﾋｶﾞｼﾆﾎﾝｼﾝｷﾞﾖﾚﾝ,940,ｵﾜｾ
9475,ｷﾖｳﾄﾌｼﾝｷﾞﾖﾚﾝ,001,ﾎﾝｼﾖ
9477,ﾅｷﾞｻｼﾝｷﾞﾖﾚﾝ,001,ﾎﾝﾃﾝ
9477,ﾅｷﾞｻｼﾝｷﾞﾖﾚﾝ,100,ﾎﾞｳｾﾞ
9477,ﾅｷﾞｻｼﾝｷﾞﾖﾚﾝ,180,ﾀｼﾞﾏ
9477,ﾅｷﾞｻｼﾝｷﾞﾖﾚﾝ,510,ﾜｶﾔﾏ
9481,ｼﾞｴｲｴﾌｼﾏﾈｷﾞﾖｷﾖｳ,001,ﾎﾝｼﾖ
9483,ﾋﾛｼﾏｹﾝｼﾝｷﾞﾖﾚﾝ,001,ﾎﾝﾃﾝ
9483,ﾋﾛｼﾏｹﾝｼﾝｷﾞﾖﾚﾝ,002,ﾌｸﾔﾏ
9483,ﾋﾛｼﾏｹﾝｼﾝｷﾞﾖﾚﾝ,035,ﾋﾛｼﾏﾆｼ
9483,ﾋﾛｼﾏｹﾝｼﾝｷﾞﾖﾚﾝ,040,ﾁﾞｺﾞｾﾞﾝ
9483,ﾋﾛｼﾏｹﾝｼﾝｷﾞﾖﾚﾝ,095,ｴﾉｳ
9483,ﾋﾛｼﾏｹﾝｼﾝｷﾞﾖﾚﾝ,125,ｵﾝﾄﾞ
9483,ﾋﾛｼﾏｹﾝｼﾝｷﾞﾖﾚﾝ,225,ｵﾉﾐﾁ
9484,ﾔﾏｸﾞﾁｹﾝｷﾞﾖｷﾖｳ,001,ﾎﾝﾃﾝ
9484,ﾔﾏｸﾞﾁｹﾝｷﾞﾖｷﾖｳ,175,ﾔﾅｲﾐﾅﾄ
9484,ﾔﾏｸﾞﾁｹﾝｷﾞﾖｷﾖｳ,315,ｼﾕｳﾅﾝ
9484,ﾔﾏｸﾞﾁｹﾝｷﾞﾖｷﾖｳ,510,ｳﾍﾞﾐｻｷ
9484,ﾔﾏｸﾞﾁｹﾝｷﾞﾖｷﾖｳ,815,ﾅｶﾞﾄ
9484,ﾔﾏｸﾞﾁｹﾝｷﾞﾖｷﾖｳ,930,ﾊｷﾞ
9485,ﾄｸｼﾏｹﾝｼﾝｷﾞﾖﾚﾝ,001,ﾎﾝｼﾖ
9486,ﾆｼﾆﾎﾝｼﾝｷﾞﾖﾚﾝ,001,ﾎﾝﾃﾝ
9486,ﾆｼﾆﾎﾝｼﾝｷﾞﾖﾚﾝ,400,ﾄﾂﾄﾘ
9486,ﾆｼﾆﾎﾝｼﾝｷﾞﾖﾚﾝ,500,ｺｳﾁ
9486,ﾆｼﾆﾎﾝｼﾝｷﾞﾖﾚﾝ,520,ﾑﾛﾄ
9486,ﾆｼﾆﾎﾝｼﾝｷﾞﾖﾚﾝ,550,ｽｸﾓﾜﾝ
9487,ｴﾋﾒｹﾝｼﾝｷﾞﾖﾚﾝ,001,ﾎﾝｼﾖ
9487,ｴﾋﾒｹﾝｼﾝｷﾞﾖﾚﾝ,004,ｳﾜｼﾞﾏ
9489,ｷﾕｳｼﾕｳｼﾝｷﾞﾖﾚﾝ,001,ﾎﾝﾃﾝ
9489,ｷﾕｳｼﾕｳｼﾝｷﾞﾖﾚﾝ,002,ｻｶﾞﾄｳｶﾂ
9489,ｷﾕｳｼﾕｳｼﾝｷﾞﾖﾚﾝ,003,ｱﾘｱｹ
9489,ｷﾕｳｼﾕｳｼﾝｷﾞﾖﾚﾝ,004,ﾅｶﾞｻｷﾄｳｶﾂ
9489,ｷﾕｳｼﾕｳｼﾝｷﾞﾖﾚﾝ,005,ﾐﾔｻﾞｷﾄｳｶﾂ
9489,ｷﾕｳｼﾕｳｼﾝｷﾞﾖﾚﾝ,006,ｶｺﾞｼﾏﾄｳｶﾂ
9489,ｷﾕｳｼﾕｳｼﾝｷﾞﾖﾚﾝ,007,ｵｷﾅﾜﾄｳｶﾂ
9489,ｷﾕｳｼﾕｳｼﾝｷﾞﾖﾚﾝ,125,ｷﾀｳﾗ
9489,ｷﾕｳｼﾕｳｼﾝｷﾞﾖﾚﾝ,127,ｲｵﾘｶﾞﾜ
9489,ｷﾕｳｼﾕｳｼﾝｷﾞﾖﾚﾝ,133,ﾅﾝｺﾞｳ
9489,ｷﾕｳｼﾕｳｼﾝｷﾞﾖﾚﾝ,500,ｶﾗﾂ
9489,ｷﾕｳｼﾕｳｼﾝｷﾞﾖﾚﾝ,505,ﾐﾅﾐｶﾜｿｴ
9493,ｵｵｲﾀｹﾝｷﾞﾖｷﾖｳ,001,ﾎﾝﾃﾝ
9900,ﾕｳﾁﾖ,008,ｾﾞﾛｾﾞﾛﾊﾁ
9900,ﾕｳﾁﾖ,018,ｾﾞﾛｲﾁﾊﾁ
9900,ﾕｳﾁﾖ,019,ｾﾞﾛｲﾁｷﾕｳ
9900,ﾕｳﾁﾖ,028,ｾﾞﾛﾆﾊﾁ
9900,ﾕｳﾁﾖ,029,ｾﾞﾛﾆｷﾕｳ
9900,ﾕｳﾁﾖ,038,ｾﾞﾛｻﾝﾊﾁ
9900,ﾕｳﾁﾖ,039,ｾﾞﾛｻﾝｷﾕｳ
9900,ﾕｳﾁﾖ,048,ｾﾞﾛﾖﾝﾊﾁ
9900,ﾕｳﾁﾖ,049,ｾﾞﾛﾖﾝｷﾕｳ
9900,ﾕｳﾁﾖ,058,ｾﾞﾛｺﾞﾊﾁ
9900,ﾕｳﾁﾖ,059,ｾﾞﾛｺﾞｷﾕｳ
9900,ﾕｳﾁﾖ,068,ｾﾞﾛﾛｸﾊﾁ
9900,ﾕｳﾁﾖ,069,ｾﾞﾛﾛｸｷﾕｳ
9900,ﾕｳﾁﾖ,078,ｾﾞﾛﾅﾅﾊﾁ
9900,ﾕｳﾁﾖ,079,ｾﾞﾛﾅﾅｷﾕｳ
9900,ﾕｳﾁﾖ,088,ｾﾞﾛﾊﾁﾊﾁ
9900,ﾕｳﾁﾖ,089,ｾﾞﾛﾊﾁｷﾕｳ
9900,ﾕｳﾁﾖ,098,ｾﾞﾛｷﾕｳﾊﾁ
9900,ﾕｳﾁﾖ,099,ｾﾞﾛｷﾕｳｷﾕｳ
9900,ﾕｳﾁﾖ,108,ｲﾁｾﾞﾛﾊﾁ
9900,ﾕｳﾁﾖ,109,ｲﾁｾﾞﾛｷﾕｳ
9900,ﾕｳﾁﾖ,118,ｲﾁｲﾁﾊﾁ
9900,ﾕｳﾁﾖ,119,ｲﾁｲﾁｷﾕｳ
9900,ﾕｳﾁﾖ,128,ｲﾁﾆﾊﾁ
9900,ﾕｳﾁﾖ,129,ｲﾁﾆｷﾕｳ
9900,ﾕｳﾁﾖ,138,ｲﾁｻﾝﾊﾁ
9900,ﾕｳﾁﾖ,139,ｲﾁｻﾝｷﾕｳ
9900,ﾕｳﾁﾖ,148,ｲﾁﾖﾝﾊﾁ
9900,ﾕｳﾁﾖ,149,ｲﾁﾖﾝｷﾕｳ
9900,ﾕｳﾁﾖ,159,ｲﾁｺﾞｷﾕｳ
9900,ﾕｳﾁﾖ,169,ｲﾁﾛｸｷﾕｳ
9900,ﾕｳﾁﾖ,179,ｲﾁﾅﾅｷﾕｳ
9900,ﾕｳﾁﾖ,189,ｲﾁﾊﾁｷﾕｳ
9900,ﾕｳﾁﾖ,199,ｲﾁｷﾕｳｷﾕｳ
9900,ﾕｳﾁﾖ,208,ﾆｾﾞﾛﾊﾁ
9900,ﾕｳﾁﾖ,209,ﾆｾﾞﾛｷﾕｳ
9900,ﾕｳﾁﾖ,218,ﾆｲﾁﾊﾁ
9900,ﾕｳﾁﾖ,219,ﾆｲﾁｷﾕｳ
9900,ﾕｳﾁﾖ,228,ﾆﾆﾊﾁ
9900,ﾕｳﾁﾖ,229,ﾆﾆｷﾕｳ
9900,ﾕｳﾁﾖ,238,ﾆｻﾝﾊﾁ
9900,ﾕｳﾁﾖ,239,ﾆｻﾝｷﾕｳ
9900,ﾕｳﾁﾖ,248,ﾆﾖﾝﾊﾁ
9900,ﾕｳﾁﾖ,249,ﾆﾖﾝｷﾕｳ
9900,ﾕｳﾁﾖ,259,ﾆｺﾞｷﾕｳ
9900,ﾕｳﾁﾖ,269,ﾆﾛｸｷﾕｳ
9900,ﾕｳﾁﾖ,279,ﾆﾅﾅｷﾕｳ
9900,ﾕｳﾁﾖ,289,ﾆﾊﾁｷﾕｳ
9900,ﾕｳﾁﾖ,318,ｻﾝｲﾁﾊﾁ
9900,ﾕｳﾁﾖ,328,ｻﾝﾆﾊﾁ
9900,ﾕｳﾁﾖ,338,ｻﾝｻﾝﾊﾁ
9900,ﾕｳﾁﾖ,408,ﾖﾝｾﾞﾛﾊﾁ
9900,ﾕｳﾁﾖ,418,ﾖﾝｲﾁﾊﾁ
9900,ﾕｳﾁﾖ,428,ﾖﾝﾆﾊﾁ
9900,ﾕｳﾁﾖ,438,ﾖﾝｻﾝﾊﾁ
9900,ﾕｳﾁﾖ,448,ﾖﾝﾖﾝﾊﾁ
9900,ﾕｳﾁﾖ,458,ﾖﾝｺﾞﾊﾁ
9900,ﾕｳﾁﾖ,468,ﾖﾝﾛｸﾊﾁ
9900,ﾕｳﾁﾖ,478,ﾖﾝﾅﾅﾊﾁ
9900,ﾕｳﾁﾖ,518,ｺﾞｲﾁﾊﾁ
9900,ﾕｳﾁﾖ,528,ｺﾞﾆﾊﾁ
9900,ﾕｳﾁﾖ,538,ｺﾞｻﾝﾊﾁ
9900,ﾕｳﾁﾖ,548,ｺﾞﾖﾝﾊﾁ
9900,ﾕｳﾁﾖ,558,ｺﾞｺﾞﾊﾁ
9900,ﾕｳﾁﾖ,618,ﾛｸｲﾁﾊﾁ
9900,ﾕｳﾁﾖ,628,ﾛｸﾆﾊﾁ
9900,ﾕｳﾁﾖ,638,ﾛｸｻﾝﾊﾁ
9900,ﾕｳﾁﾖ,648,ﾛｸﾖﾝﾊﾁ
9900,ﾕｳﾁﾖ,708,ﾅﾅｾﾞﾛﾊﾁ
9900,ﾕｳﾁﾖ,718,ﾅﾅｲﾁﾊﾁ
9900,ﾕｳﾁﾖ,728,ﾅﾅﾆﾊﾁ
9900,ﾕｳﾁﾖ,738,ﾅﾅｻﾝﾊﾁ
9900,ﾕｳﾁﾖ,748,ﾅﾅﾖﾝﾊﾁ
9900,ﾕｳﾁﾖ,758,ﾅﾅｺﾞﾊﾁ
9900,ﾕｳﾁﾖ,768,ﾅﾅﾛｸﾊﾁ
9900,ﾕｳﾁﾖ,778,ﾅﾅﾅﾅﾊﾁ
9900,ﾕｳﾁﾖ,788,ﾅﾅﾊﾁﾊﾁ
9900,ﾕｳﾁﾖ,798,ﾅﾅｷﾕｳﾊﾁ
9900,ﾕｳﾁﾖ,818,ﾊﾁｲﾁﾊﾁ
9900,ﾕｳﾁﾖ,828,ﾊﾁﾆﾊﾁ
9900,ﾕｳﾁﾖ,838,ﾊﾁｻﾝﾊﾁ
9900,ﾕｳﾁﾖ,848,ﾊﾁﾖﾝﾊﾁ
9900,ﾕｳﾁﾖ,858,ﾊﾁｺﾞﾊﾁ
9900,ﾕｳﾁﾖ,868,ﾊﾁﾛｸﾊﾁ
9900,ﾕｳﾁﾖ,908,ｷﾕｳｾﾞﾛﾊﾁ
9900,ﾕｳﾁﾖ,918,ｷﾕｳｲﾁﾊﾁ
9900,ﾕｳﾁﾖ,928,ｷﾕｳﾆﾊﾁ
9900,ﾕｳﾁﾖ,938,ｷﾕｳｻﾝﾊﾁ
9900,ﾕｳﾁﾖ,948,ｷﾕｳﾖﾝﾊﾁ
9900,ﾕｳﾁﾖ,958,ｷﾕｳｺﾞﾊﾁ
9900,ﾕｳﾁﾖ,968,ｷﾕｳﾛｸﾊﾁ
9900,ﾕｳﾁﾖ,978,ｷﾕｳﾅﾅﾊﾁ
9900,ﾕｳﾁﾖ,988,ｷﾕｳﾊﾁﾊﾁ
9900,ﾕｳﾁﾖ,998,ｷﾕｳｷﾕｳﾊﾁ
